sample_index,evaluation_index,current_strategy,candidate_strategy,action,switched,reason_code,decision_margin,decision_threshold,reason
47,0,tree_classifier,tree_classifier,stay,False,hedge_same_leader,0.0,0.015,Stay because the current strategy remains the highest-weight Hedge expert.
95,1,tree_classifier,gaussian_nb,switch,True,warmup_leader,,0.015,Switch after warmup because cumulative reward leader differs from the starting strategy: gaussian_nb.
95,1,gaussian_nb,tree_classifier,stay,False,hedge_margin_too_small,0.0,0.015,"Stay because candidate Hedge weight advantage is too small: margin=0.0000, threshold=0.0150."
143,2,gaussian_nb,gaussian_nb,stay,False,hedge_same_leader,0.0,0.015,Stay because the current strategy remains the highest-weight Hedge expert.
191,3,gaussian_nb,pa_classifier,switch,True,hedge_weight_advantage,0.5295968513138382,0.015,Switch because candidate Hedge weight exceeds current weight beyond the switch threshold: 0.5533 - 0.0237 = 0.5296 >= 0.0150.
239,4,pa_classifier,pa_classifier,stay,False,hedge_same_leader,0.0,0.015,Stay because the current strategy remains the highest-weight Hedge expert.
287,5,pa_classifier,pa_classifier,stay,False,hedge_same_leader,0.0,0.015,Stay because the current strategy remains the highest-weight Hedge expert.
335,6,pa_classifier,pa_classifier,stay,False,hedge_same_leader,0.0,0.015,Stay because the current strategy remains the highest-weight Hedge expert.
383,7,pa_classifier,pa_classifier,stay,False,hedge_same_leader,0.0,0.015,Stay because the current strategy remains the highest-weight Hedge expert.
431,8,pa_classifier,pa_classifier,stay,False,hedge_same_leader,0.0,0.015,Stay because the current strategy remains the highest-weight Hedge expert.
479,9,pa_classifier,pa_classifier,stay,False,hedge_same_leader,0.0,0.015,Stay because the current strategy remains the highest-weight Hedge expert.
527,10,pa_classifier,pa_classifier,stay,False,hedge_same_leader,0.0,0.015,Stay because the current strategy remains the highest-weight Hedge expert.
575,11,pa_classifier,pa_classifier,stay,False,hedge_same_leader,0.0,0.015,Stay because the current strategy remains the highest-weight Hedge expert.
623,12,pa_classifier,pa_classifier,stay,False,hedge_same_leader,0.0,0.015,Stay because the current strategy remains the highest-weight Hedge expert.
671,13,pa_classifier,pa_classifier,stay,False,hedge_same_leader,0.0,0.015,Stay because the current strategy remains the highest-weight Hedge expert.
719,14,pa_classifier,pa_classifier,stay,False,hedge_same_leader,0.0,0.015,Stay because the current strategy remains the highest-weight Hedge expert.
767,15,pa_classifier,pa_classifier,stay,False,hedge_same_leader,0.0,0.015,Stay because the current strategy remains the highest-weight Hedge expert.
815,16,pa_classifier,pa_classifier,stay,False,hedge_same_leader,0.0,0.015,Stay because the current strategy remains the highest-weight Hedge expert.
863,17,pa_classifier,pa_classifier,stay,False,hedge_same_leader,0.0,0.015,Stay because the current strategy remains the highest-weight Hedge expert.
911,18,pa_classifier,pa_classifier,stay,False,hedge_same_leader,0.0,0.015,Stay because the current strategy remains the highest-weight Hedge expert.
959,19,pa_classifier,pa_classifier,stay,False,hedge_same_leader,0.0,0.015,Stay because the current strategy remains the highest-weight Hedge expert.
1007,20,pa_classifier,pa_classifier,stay,False,hedge_same_leader,0.0,0.015,Stay because the current strategy remains the highest-weight Hedge expert.
1055,21,pa_classifier,pa_classifier,stay,False,hedge_same_leader,0.0,0.015,Stay because the current strategy remains the highest-weight Hedge expert.
1103,22,pa_classifier,pa_classifier,stay,False,hedge_same_leader,0.0,0.015,Stay because the current strategy remains the highest-weight Hedge expert.
1151,23,pa_classifier,pa_classifier,stay,False,hedge_same_leader,0.0,0.015,Stay because the current strategy remains the highest-weight Hedge expert.
1199,24,pa_classifier,pa_classifier,stay,False,hedge_same_leader,0.0,0.015,Stay because the current strategy remains the highest-weight Hedge expert.
1247,25,pa_classifier,pa_classifier,stay,False,hedge_same_leader,0.0,0.015,Stay because the current strategy remains the highest-weight Hedge expert.
1295,26,pa_classifier,pa_classifier,stay,False,hedge_same_leader,0.0,0.015,Stay because the current strategy remains the highest-weight Hedge expert.
1343,27,pa_classifier,pa_classifier,stay,False,hedge_same_leader,0.0,0.015,Stay because the current strategy remains the highest-weight Hedge expert.
1391,28,pa_classifier,pa_classifier,stay,False,hedge_same_leader,0.0,0.015,Stay because the current strategy remains the highest-weight Hedge expert.
1439,29,pa_classifier,pa_classifier,stay,False,hedge_same_leader,0.0,0.015,Stay because the current strategy remains the highest-weight Hedge expert.
1487,30,pa_classifier,pa_classifier,stay,False,hedge_same_leader,0.0,0.015,Stay because the current strategy remains the highest-weight Hedge expert.
1535,31,pa_classifier,pa_classifier,stay,False,hedge_same_leader,0.0,0.015,Stay because the current strategy remains the highest-weight Hedge expert.
1583,32,pa_classifier,pa_classifier,stay,False,hedge_same_leader,0.0,0.015,Stay because the current strategy remains the highest-weight Hedge expert.
1631,33,pa_classifier,pa_classifier,stay,False,hedge_same_leader,0.0,0.015,Stay because the current strategy remains the highest-weight Hedge expert.
1679,34,pa_classifier,pa_classifier,stay,False,hedge_same_leader,0.0,0.015,Stay because the current strategy remains the highest-weight Hedge expert.
1727,35,pa_classifier,pa_classifier,stay,False,hedge_same_leader,0.0,0.015,Stay because the current strategy remains the highest-weight Hedge expert.
1775,36,pa_classifier,pa_classifier,stay,False,hedge_same_leader,0.0,0.015,Stay because the current strategy remains the highest-weight Hedge expert.
1823,37,pa_classifier,pa_classifier,stay,False,hedge_same_leader,0.0,0.015,Stay because the current strategy remains the highest-weight Hedge expert.
1871,38,pa_classifier,pa_classifier,stay,False,hedge_same_leader,0.0,0.015,Stay because the current strategy remains the highest-weight Hedge expert.
1919,39,pa_classifier,pa_classifier,stay,False,hedge_same_leader,0.0,0.015,Stay because the current strategy remains the highest-weight Hedge expert.
1967,40,pa_classifier,pa_classifier,stay,False,hedge_same_leader,0.0,0.015,Stay because the current strategy remains the highest-weight Hedge expert.
2015,41,pa_classifier,pa_classifier,stay,False,hedge_same_leader,0.0,0.015,Stay because the current strategy remains the highest-weight Hedge expert.
2063,42,pa_classifier,pa_classifier,stay,False,hedge_same_leader,0.0,0.015,Stay because the current strategy remains the highest-weight Hedge expert.
2111,43,pa_classifier,pa_classifier,stay,False,hedge_same_leader,0.0,0.015,Stay because the current strategy remains the highest-weight Hedge expert.
2159,44,pa_classifier,softmax_lr_0_05,stay,False,hedge_margin_too_small,nan,0.015,"Stay because candidate Hedge weight advantage is too small: margin=nan, threshold=0.0150."
2207,45,pa_classifier,softmax_lr_0_05,stay,False,hedge_margin_too_small,nan,0.015,"Stay because candidate Hedge weight advantage is too small: margin=nan, threshold=0.0150."
2255,46,pa_classifier,tree_classifier,stay,False,hedge_margin_too_small,nan,0.015,"Stay because candidate Hedge weight advantage is too small: margin=nan, threshold=0.0150."
2303,47,pa_classifier,tree_classifier,stay,False,hedge_margin_too_small,nan,0.015,"Stay because candidate Hedge weight advantage is too small: margin=nan, threshold=0.0150."
2351,48,pa_classifier,gaussian_nb,stay,False,hedge_margin_too_small,nan,0.015,"Stay because candidate Hedge weight advantage is too small: margin=nan, threshold=0.0150."
2399,49,pa_classifier,gaussian_nb,stay,False,hedge_margin_too_small,nan,0.015,"Stay because candidate Hedge weight advantage is too small: margin=nan, threshold=0.0150."
2447,50,pa_classifier,gaussian_nb,stay,False,hedge_margin_too_small,nan,0.015,"Stay because candidate Hedge weight advantage is too small: margin=nan, threshold=0.0150."
2495,51,pa_classifier,gaussian_nb,stay,False,hedge_margin_too_small,nan,0.015,"Stay because candidate Hedge weight advantage is too small: margin=nan, threshold=0.0150."
2543,52,pa_classifier,gaussian_nb,stay,False,hedge_margin_too_small,nan,0.015,"Stay because candidate Hedge weight advantage is too small: margin=nan, threshold=0.0150."
2591,53,pa_classifier,gaussian_nb,stay,False,hedge_margin_too_small,nan,0.015,"Stay because candidate Hedge weight advantage is too small: margin=nan, threshold=0.0150."
2639,54,pa_classifier,gaussian_nb,stay,False,hedge_margin_too_small,nan,0.015,"Stay because candidate Hedge weight advantage is too small: margin=nan, threshold=0.0150."
2687,55,pa_classifier,gaussian_nb,stay,False,hedge_margin_too_small,nan,0.015,"Stay because candidate Hedge weight advantage is too small: margin=nan, threshold=0.0150."
2735,56,pa_classifier,gaussian_nb,stay,False,hedge_margin_too_small,nan,0.015,"Stay because candidate Hedge weight advantage is too small: margin=nan, threshold=0.0150."
2783,57,pa_classifier,gaussian_nb,stay,False,hedge_margin_too_small,nan,0.015,"Stay because candidate Hedge weight advantage is too small: margin=nan, threshold=0.0150."
2831,58,pa_classifier,gaussian_nb,stay,False,hedge_margin_too_small,nan,0.015,"Stay because candidate Hedge weight advantage is too small: margin=nan, threshold=0.0150."
2879,59,pa_classifier,gaussian_nb,stay,False,hedge_margin_too_small,nan,0.015,"Stay because candidate Hedge weight advantage is too small: margin=nan, threshold=0.0150."
2927,60,pa_classifier,gaussian_nb,stay,False,hedge_margin_too_small,nan,0.015,"Stay because candidate Hedge weight advantage is too small: margin=nan, threshold=0.0150."
2975,61,pa_classifier,gaussian_nb,stay,False,hedge_margin_too_small,nan,0.015,"Stay because candidate Hedge weight advantage is too small: margin=nan, threshold=0.0150."
3023,62,pa_classifier,gaussian_nb,stay,False,hedge_margin_too_small,nan,0.015,"Stay because candidate Hedge weight advantage is too small: margin=nan, threshold=0.0150."
3071,63,pa_classifier,gaussian_nb,stay,False,hedge_margin_too_small,nan,0.015,"Stay because candidate Hedge weight advantage is too small: margin=nan, threshold=0.0150."
3119,64,pa_classifier,gaussian_nb,stay,False,hedge_margin_too_small,nan,0.015,"Stay because candidate Hedge weight advantage is too small: margin=nan, threshold=0.0150."
3167,65,pa_classifier,gaussian_nb,stay,False,hedge_margin_too_small,nan,0.015,"Stay because candidate Hedge weight advantage is too small: margin=nan, threshold=0.0150."
3215,66,pa_classifier,gaussian_nb,stay,False,hedge_margin_too_small,nan,0.015,"Stay because candidate Hedge weight advantage is too small: margin=nan, threshold=0.0150."
3263,67,pa_classifier,gaussian_nb,stay,False,hedge_margin_too_small,nan,0.015,"Stay because candidate Hedge weight advantage is too small: margin=nan, threshold=0.0150."
3311,68,pa_classifier,gaussian_nb,stay,False,hedge_margin_too_small,nan,0.015,"Stay because candidate Hedge weight advantage is too small: margin=nan, threshold=0.0150."
3359,69,pa_classifier,gaussian_nb,stay,False,hedge_margin_too_small,nan,0.015,"Stay because candidate Hedge weight advantage is too small: margin=nan, threshold=0.0150."
3407,70,pa_classifier,gaussian_nb,stay,False,hedge_margin_too_small,nan,0.015,"Stay because candidate Hedge weight advantage is too small: margin=nan, threshold=0.0150."
3455,71,pa_classifier,gaussian_nb,stay,False,hedge_margin_too_small,nan,0.015,"Stay because candidate Hedge weight advantage is too small: margin=nan, threshold=0.0150."
3503,72,pa_classifier,gaussian_nb,stay,False,hedge_margin_too_small,nan,0.015,"Stay because candidate Hedge weight advantage is too small: margin=nan, threshold=0.0150."
3551,73,pa_classifier,gaussian_nb,stay,False,hedge_margin_too_small,nan,0.015,"Stay because candidate Hedge weight advantage is too small: margin=nan, threshold=0.0150."
3599,74,pa_classifier,gaussian_nb,stay,False,hedge_margin_too_small,nan,0.015,"Stay because candidate Hedge weight advantage is too small: margin=nan, threshold=0.0150."
3647,75,pa_classifier,gaussian_nb,stay,False,hedge_margin_too_small,nan,0.015,"Stay because candidate Hedge weight advantage is too small: margin=nan, threshold=0.0150."
3695,76,pa_classifier,gaussian_nb,stay,False,hedge_margin_too_small,nan,0.015,"Stay because candidate Hedge weight advantage is too small: margin=nan, threshold=0.0150."
3743,77,pa_classifier,gaussian_nb,stay,False,hedge_margin_too_small,nan,0.015,"Stay because candidate Hedge weight advantage is too small: margin=nan, threshold=0.0150."
3791,78,pa_classifier,gaussian_nb,stay,False,hedge_margin_too_small,nan,0.015,"Stay because candidate Hedge weight advantage is too small: margin=nan, threshold=0.0150."
3839,79,pa_classifier,gaussian_nb,stay,False,hedge_margin_too_small,nan,0.015,"Stay because candidate Hedge weight advantage is too small: margin=nan, threshold=0.0150."
3887,80,pa_classifier,gaussian_nb,stay,False,hedge_margin_too_small,nan,0.015,"Stay because candidate Hedge weight advantage is too small: margin=nan, threshold=0.0150."
3935,81,pa_classifier,gaussian_nb,stay,False,hedge_margin_too_small,nan,0.015,"Stay because candidate Hedge weight advantage is too small: margin=nan, threshold=0.0150."
3983,82,pa_classifier,gaussian_nb,stay,False,hedge_margin_too_small,nan,0.015,"Stay because candidate Hedge weight advantage is too small: margin=nan, threshold=0.0150."
4031,83,pa_classifier,gaussian_nb,stay,False,hedge_margin_too_small,nan,0.015,"Stay because candidate Hedge weight advantage is too small: margin=nan, threshold=0.0150."
4079,84,pa_classifier,gaussian_nb,stay,False,hedge_margin_too_small,nan,0.015,"Stay because candidate Hedge weight advantage is too small: margin=nan, threshold=0.0150."
4127,85,pa_classifier,gaussian_nb,stay,False,hedge_margin_too_small,nan,0.015,"Stay because candidate Hedge weight advantage is too small: margin=nan, threshold=0.0150."
4175,86,pa_classifier,gaussian_nb,stay,False,hedge_margin_too_small,nan,0.015,"Stay because candidate Hedge weight advantage is too small: margin=nan, threshold=0.0150."
4223,87,pa_classifier,gaussian_nb,stay,False,hedge_margin_too_small,nan,0.015,"Stay because candidate Hedge weight advantage is too small: margin=nan, threshold=0.0150."
4271,88,pa_classifier,gaussian_nb,stay,False,hedge_margin_too_small,nan,0.015,"Stay because candidate Hedge weight advantage is too small: margin=nan, threshold=0.0150."
4319,89,pa_classifier,gaussian_nb,stay,False,hedge_margin_too_small,nan,0.015,"Stay because candidate Hedge weight advantage is too small: margin=nan, threshold=0.0150."
4367,90,pa_classifier,gaussian_nb,stay,False,hedge_margin_too_small,nan,0.015,"Stay because candidate Hedge weight advantage is too small: margin=nan, threshold=0.0150."
4415,91,pa_classifier,gaussian_nb,stay,False,hedge_margin_too_small,nan,0.015,"Stay because candidate Hedge weight advantage is too small: margin=nan, threshold=0.0150."
4463,92,pa_classifier,gaussian_nb,stay,False,hedge_margin_too_small,nan,0.015,"Stay because candidate Hedge weight advantage is too small: margin=nan, threshold=0.0150."
4511,93,pa_classifier,gaussian_nb,stay,False,hedge_margin_too_small,nan,0.015,"Stay because candidate Hedge weight advantage is too small: margin=nan, threshold=0.0150."
4559,94,pa_classifier,gaussian_nb,stay,False,hedge_margin_too_small,nan,0.015,"Stay because candidate Hedge weight advantage is too small: margin=nan, threshold=0.0150."
4607,95,pa_classifier,gaussian_nb,stay,False,hedge_margin_too_small,nan,0.015,"Stay because candidate Hedge weight advantage is too small: margin=nan, threshold=0.0150."
4655,96,pa_classifier,gaussian_nb,stay,False,hedge_margin_too_small,nan,0.015,"Stay because candidate Hedge weight advantage is too small: margin=nan, threshold=0.0150."
4703,97,pa_classifier,gaussian_nb,stay,False,hedge_margin_too_small,nan,0.015,"Stay because candidate Hedge weight advantage is too small: margin=nan, threshold=0.0150."
4751,98,pa_classifier,gaussian_nb,stay,False,hedge_margin_too_small,nan,0.015,"Stay because candidate Hedge weight advantage is too small: margin=nan, threshold=0.0150."
4799,99,pa_classifier,gaussian_nb,stay,False,hedge_margin_too_small,nan,0.015,"Stay because candidate Hedge weight advantage is too small: margin=nan, threshold=0.0150."
4847,100,pa_classifier,gaussian_nb,stay,False,hedge_margin_too_small,nan,0.015,"Stay because candidate Hedge weight advantage is too small: margin=nan, threshold=0.0150."
4895,101,pa_classifier,gaussian_nb,stay,False,hedge_margin_too_small,nan,0.015,"Stay because candidate Hedge weight advantage is too small: margin=nan, threshold=0.0150."
4943,102,pa_classifier,gaussian_nb,stay,False,hedge_margin_too_small,nan,0.015,"Stay because candidate Hedge weight advantage is too small: margin=nan, threshold=0.0150."
4991,103,pa_classifier,gaussian_nb,stay,False,hedge_margin_too_small,nan,0.015,"Stay because candidate Hedge weight advantage is too small: margin=nan, threshold=0.0150."
5039,104,pa_classifier,gaussian_nb,stay,False,hedge_margin_too_small,nan,0.015,"Stay because candidate Hedge weight advantage is too small: margin=nan, threshold=0.0150."
5087,105,pa_classifier,gaussian_nb,stay,False,hedge_margin_too_small,nan,0.015,"Stay because candidate Hedge weight advantage is too small: margin=nan, threshold=0.0150."
5135,106,pa_classifier,gaussian_nb,stay,False,hedge_margin_too_small,nan,0.015,"Stay because candidate Hedge weight advantage is too small: margin=nan, threshold=0.0150."
5183,107,pa_classifier,gaussian_nb,stay,False,hedge_margin_too_small,nan,0.015,"Stay because candidate Hedge weight advantage is too small: margin=nan, threshold=0.0150."
5231,108,pa_classifier,gaussian_nb,stay,False,hedge_margin_too_small,nan,0.015,"Stay because candidate Hedge weight advantage is too small: margin=nan, threshold=0.0150."
5279,109,pa_classifier,gaussian_nb,stay,False,hedge_margin_too_small,nan,0.015,"Stay because candidate Hedge weight advantage is too small: margin=nan, threshold=0.0150."
5327,110,pa_classifier,gaussian_nb,stay,False,hedge_margin_too_small,nan,0.015,"Stay because candidate Hedge weight advantage is too small: margin=nan, threshold=0.0150."
5375,111,pa_classifier,gaussian_nb,stay,False,hedge_margin_too_small,nan,0.015,"Stay because candidate Hedge weight advantage is too small: margin=nan, threshold=0.0150."
5423,112,pa_classifier,gaussian_nb,stay,False,hedge_margin_too_small,nan,0.015,"Stay because candidate Hedge weight advantage is too small: margin=nan, threshold=0.0150."
5471,113,pa_classifier,gaussian_nb,stay,False,hedge_margin_too_small,nan,0.015,"Stay because candidate Hedge weight advantage is too small: margin=nan, threshold=0.0150."
5519,114,pa_classifier,gaussian_nb,stay,False,hedge_margin_too_small,nan,0.015,"Stay because candidate Hedge weight advantage is too small: margin=nan, threshold=0.0150."
5567,115,pa_classifier,gaussian_nb,stay,False,hedge_margin_too_small,nan,0.015,"Stay because candidate Hedge weight advantage is too small: margin=nan, threshold=0.0150."
5615,116,pa_classifier,gaussian_nb,stay,False,hedge_margin_too_small,nan,0.015,"Stay because candidate Hedge weight advantage is too small: margin=nan, threshold=0.0150."
5663,117,pa_classifier,gaussian_nb,stay,False,hedge_margin_too_small,nan,0.015,"Stay because candidate Hedge weight advantage is too small: margin=nan, threshold=0.0150."
5711,118,pa_classifier,gaussian_nb,stay,False,hedge_margin_too_small,nan,0.015,"Stay because candidate Hedge weight advantage is too small: margin=nan, threshold=0.0150."
5759,119,pa_classifier,gaussian_nb,stay,False,hedge_margin_too_small,nan,0.015,"Stay because candidate Hedge weight advantage is too small: margin=nan, threshold=0.0150."
5807,120,pa_classifier,gaussian_nb,stay,False,hedge_margin_too_small,nan,0.015,"Stay because candidate Hedge weight advantage is too small: margin=nan, threshold=0.0150."
5855,121,pa_classifier,gaussian_nb,stay,False,hedge_margin_too_small,nan,0.015,"Stay because candidate Hedge weight advantage is too small: margin=nan, threshold=0.0150."
5903,122,pa_classifier,gaussian_nb,stay,False,hedge_margin_too_small,nan,0.015,"Stay because candidate Hedge weight advantage is too small: margin=nan, threshold=0.0150."
5951,123,pa_classifier,gaussian_nb,stay,False,hedge_margin_too_small,nan,0.015,"Stay because candidate Hedge weight advantage is too small: margin=nan, threshold=0.0150."
5999,124,pa_classifier,gaussian_nb,stay,False,hedge_margin_too_small,nan,0.015,"Stay because candidate Hedge weight advantage is too small: margin=nan, threshold=0.0150."
6047,125,pa_classifier,gaussian_nb,stay,False,hedge_margin_too_small,nan,0.015,"Stay because candidate Hedge weight advantage is too small: margin=nan, threshold=0.0150."
6095,126,pa_classifier,gaussian_nb,stay,False,hedge_margin_too_small,nan,0.015,"Stay because candidate Hedge weight advantage is too small: margin=nan, threshold=0.0150."
6143,127,pa_classifier,gaussian_nb,stay,False,hedge_margin_too_small,nan,0.015,"Stay because candidate Hedge weight advantage is too small: margin=nan, threshold=0.0150."
6191,128,pa_classifier,gaussian_nb,stay,False,hedge_margin_too_small,nan,0.015,"Stay because candidate Hedge weight advantage is too small: margin=nan, threshold=0.0150."
6239,129,pa_classifier,gaussian_nb,stay,False,hedge_margin_too_small,nan,0.015,"Stay because candidate Hedge weight advantage is too small: margin=nan, threshold=0.0150."
6287,130,pa_classifier,gaussian_nb,stay,False,hedge_margin_too_small,nan,0.015,"Stay because candidate Hedge weight advantage is too small: margin=nan, threshold=0.0150."
6335,131,pa_classifier,gaussian_nb,stay,False,hedge_margin_too_small,nan,0.015,"Stay because candidate Hedge weight advantage is too small: margin=nan, threshold=0.0150."
6383,132,pa_classifier,gaussian_nb,stay,False,hedge_margin_too_small,nan,0.015,"Stay because candidate Hedge weight advantage is too small: margin=nan, threshold=0.0150."
6431,133,pa_classifier,gaussian_nb,stay,False,hedge_margin_too_small,nan,0.015,"Stay because candidate Hedge weight advantage is too small: margin=nan, threshold=0.0150."
6479,134,pa_classifier,gaussian_nb,stay,False,hedge_margin_too_small,nan,0.015,"Stay because candidate Hedge weight advantage is too small: margin=nan, threshold=0.0150."
6527,135,pa_classifier,gaussian_nb,stay,False,hedge_margin_too_small,nan,0.015,"Stay because candidate Hedge weight advantage is too small: margin=nan, threshold=0.0150."
6575,136,pa_classifier,gaussian_nb,stay,False,hedge_margin_too_small,nan,0.015,"Stay because candidate Hedge weight advantage is too small: margin=nan, threshold=0.0150."
6623,137,pa_classifier,gaussian_nb,stay,False,hedge_margin_too_small,nan,0.015,"Stay because candidate Hedge weight advantage is too small: margin=nan, threshold=0.0150."
6671,138,pa_classifier,gaussian_nb,stay,False,hedge_margin_too_small,nan,0.015,"Stay because candidate Hedge weight advantage is too small: margin=nan, threshold=0.0150."
6719,139,pa_classifier,gaussian_nb,stay,False,hedge_margin_too_small,nan,0.015,"Stay because candidate Hedge weight advantage is too small: margin=nan, threshold=0.0150."
6767,140,pa_classifier,gaussian_nb,stay,False,hedge_margin_too_small,nan,0.015,"Stay because candidate Hedge weight advantage is too small: margin=nan, threshold=0.0150."
6815,141,pa_classifier,gaussian_nb,stay,False,hedge_margin_too_small,nan,0.015,"Stay because candidate Hedge weight advantage is too small: margin=nan, threshold=0.0150."
6863,142,pa_classifier,gaussian_nb,stay,False,hedge_margin_too_small,nan,0.015,"Stay because candidate Hedge weight advantage is too small: margin=nan, threshold=0.0150."
6911,143,pa_classifier,gaussian_nb,stay,False,hedge_margin_too_small,nan,0.015,"Stay because candidate Hedge weight advantage is too small: margin=nan, threshold=0.0150."
6959,144,pa_classifier,gaussian_nb,stay,False,hedge_margin_too_small,nan,0.015,"Stay because candidate Hedge weight advantage is too small: margin=nan, threshold=0.0150."
7007,145,pa_classifier,gaussian_nb,stay,False,hedge_margin_too_small,nan,0.015,"Stay because candidate Hedge weight advantage is too small: margin=nan, threshold=0.0150."
7055,146,pa_classifier,gaussian_nb,stay,False,hedge_margin_too_small,nan,0.015,"Stay because candidate Hedge weight advantage is too small: margin=nan, threshold=0.0150."
7103,147,pa_classifier,gaussian_nb,stay,False,hedge_margin_too_small,nan,0.015,"Stay because candidate Hedge weight advantage is too small: margin=nan, threshold=0.0150."
7151,148,pa_classifier,gaussian_nb,stay,False,hedge_margin_too_small,nan,0.015,"Stay because candidate Hedge weight advantage is too small: margin=nan, threshold=0.0150."
7199,149,pa_classifier,gaussian_nb,stay,False,hedge_margin_too_small,nan,0.015,"Stay because candidate Hedge weight advantage is too small: margin=nan, threshold=0.0150."
7247,150,pa_classifier,gaussian_nb,stay,False,hedge_margin_too_small,nan,0.015,"Stay because candidate Hedge weight advantage is too small: margin=nan, threshold=0.0150."
7295,151,pa_classifier,gaussian_nb,stay,False,hedge_margin_too_small,nan,0.015,"Stay because candidate Hedge weight advantage is too small: margin=nan, threshold=0.0150."
7343,152,pa_classifier,gaussian_nb,stay,False,hedge_margin_too_small,nan,0.015,"Stay because candidate Hedge weight advantage is too small: margin=nan, threshold=0.0150."
7391,153,pa_classifier,gaussian_nb,stay,False,hedge_margin_too_small,nan,0.015,"Stay because candidate Hedge weight advantage is too small: margin=nan, threshold=0.0150."
7439,154,pa_classifier,gaussian_nb,stay,False,hedge_margin_too_small,nan,0.015,"Stay because candidate Hedge weight advantage is too small: margin=nan, threshold=0.0150."
7487,155,pa_classifier,gaussian_nb,stay,False,hedge_margin_too_small,nan,0.015,"Stay because candidate Hedge weight advantage is too small: margin=nan, threshold=0.0150."
7535,156,pa_classifier,gaussian_nb,stay,False,hedge_margin_too_small,nan,0.015,"Stay because candidate Hedge weight advantage is too small: margin=nan, threshold=0.0150."
7583,157,pa_classifier,gaussian_nb,stay,False,hedge_margin_too_small,nan,0.015,"Stay because candidate Hedge weight advantage is too small: margin=nan, threshold=0.0150."
7631,158,pa_classifier,gaussian_nb,stay,False,hedge_margin_too_small,nan,0.015,"Stay because candidate Hedge weight advantage is too small: margin=nan, threshold=0.0150."
7679,159,pa_classifier,gaussian_nb,stay,False,hedge_margin_too_small,nan,0.015,"Stay because candidate Hedge weight advantage is too small: margin=nan, threshold=0.0150."
7727,160,pa_classifier,gaussian_nb,stay,False,hedge_margin_too_small,nan,0.015,"Stay because candidate Hedge weight advantage is too small: margin=nan, threshold=0.0150."
7775,161,pa_classifier,gaussian_nb,stay,False,hedge_margin_too_small,nan,0.015,"Stay because candidate Hedge weight advantage is too small: margin=nan, threshold=0.0150."
7823,162,pa_classifier,gaussian_nb,stay,False,hedge_margin_too_small,nan,0.015,"Stay because candidate Hedge weight advantage is too small: margin=nan, threshold=0.0150."
7871,163,pa_classifier,gaussian_nb,stay,False,hedge_margin_too_small,nan,0.015,"Stay because candidate Hedge weight advantage is too small: margin=nan, threshold=0.0150."
7919,164,pa_classifier,gaussian_nb,stay,False,hedge_margin_too_small,nan,0.015,"Stay because candidate Hedge weight advantage is too small: margin=nan, threshold=0.0150."
7967,165,pa_classifier,gaussian_nb,stay,False,hedge_margin_too_small,nan,0.015,"Stay because candidate Hedge weight advantage is too small: margin=nan, threshold=0.0150."
8015,166,pa_classifier,gaussian_nb,stay,False,hedge_margin_too_small,nan,0.015,"Stay because candidate Hedge weight advantage is too small: margin=nan, threshold=0.0150."
8063,167,pa_classifier,gaussian_nb,stay,False,hedge_margin_too_small,nan,0.015,"Stay because candidate Hedge weight advantage is too small: margin=nan, threshold=0.0150."
8111,168,pa_classifier,gaussian_nb,stay,False,hedge_margin_too_small,nan,0.015,"Stay because candidate Hedge weight advantage is too small: margin=nan, threshold=0.0150."
8159,169,pa_classifier,gaussian_nb,stay,False,hedge_margin_too_small,nan,0.015,"Stay because candidate Hedge weight advantage is too small: margin=nan, threshold=0.0150."
8207,170,pa_classifier,gaussian_nb,stay,False,hedge_margin_too_small,nan,0.015,"Stay because candidate Hedge weight advantage is too small: margin=nan, threshold=0.0150."
8255,171,pa_classifier,gaussian_nb,stay,False,hedge_margin_too_small,nan,0.015,"Stay because candidate Hedge weight advantage is too small: margin=nan, threshold=0.0150."
8303,172,pa_classifier,gaussian_nb,stay,False,hedge_margin_too_small,nan,0.015,"Stay because candidate Hedge weight advantage is too small: margin=nan, threshold=0.0150."
8351,173,pa_classifier,gaussian_nb,stay,False,hedge_margin_too_small,nan,0.015,"Stay because candidate Hedge weight advantage is too small: margin=nan, threshold=0.0150."
8399,174,pa_classifier,gaussian_nb,stay,False,hedge_margin_too_small,nan,0.015,"Stay because candidate Hedge weight advantage is too small: margin=nan, threshold=0.0150."
8447,175,pa_classifier,gaussian_nb,stay,False,hedge_margin_too_small,nan,0.015,"Stay because candidate Hedge weight advantage is too small: margin=nan, threshold=0.0150."
8495,176,pa_classifier,gaussian_nb,stay,False,hedge_margin_too_small,nan,0.015,"Stay because candidate Hedge weight advantage is too small: margin=nan, threshold=0.0150."
8543,177,pa_classifier,gaussian_nb,stay,False,hedge_margin_too_small,nan,0.015,"Stay because candidate Hedge weight advantage is too small: margin=nan, threshold=0.0150."
8591,178,pa_classifier,gaussian_nb,stay,False,hedge_margin_too_small,nan,0.015,"Stay because candidate Hedge weight advantage is too small: margin=nan, threshold=0.0150."
8639,179,pa_classifier,gaussian_nb,stay,False,hedge_margin_too_small,nan,0.015,"Stay because candidate Hedge weight advantage is too small: margin=nan, threshold=0.0150."
8687,180,pa_classifier,gaussian_nb,stay,False,hedge_margin_too_small,nan,0.015,"Stay because candidate Hedge weight advantage is too small: margin=nan, threshold=0.0150."
8735,181,pa_classifier,gaussian_nb,stay,False,hedge_margin_too_small,nan,0.015,"Stay because candidate Hedge weight advantage is too small: margin=nan, threshold=0.0150."
8783,182,pa_classifier,gaussian_nb,stay,False,hedge_margin_too_small,nan,0.015,"Stay because candidate Hedge weight advantage is too small: margin=nan, threshold=0.0150."
8831,183,pa_classifier,gaussian_nb,stay,False,hedge_margin_too_small,nan,0.015,"Stay because candidate Hedge weight advantage is too small: margin=nan, threshold=0.0150."
8879,184,pa_classifier,gaussian_nb,stay,False,hedge_margin_too_small,nan,0.015,"Stay because candidate Hedge weight advantage is too small: margin=nan, threshold=0.0150."
8927,185,pa_classifier,gaussian_nb,stay,False,hedge_margin_too_small,nan,0.015,"Stay because candidate Hedge weight advantage is too small: margin=nan, threshold=0.0150."
8975,186,pa_classifier,gaussian_nb,stay,False,hedge_margin_too_small,nan,0.015,"Stay because candidate Hedge weight advantage is too small: margin=nan, threshold=0.0150."
9023,187,pa_classifier,gaussian_nb,stay,False,hedge_margin_too_small,nan,0.015,"Stay because candidate Hedge weight advantage is too small: margin=nan, threshold=0.0150."
9071,188,pa_classifier,gaussian_nb,stay,False,hedge_margin_too_small,nan,0.015,"Stay because candidate Hedge weight advantage is too small: margin=nan, threshold=0.0150."
9119,189,pa_classifier,gaussian_nb,stay,False,hedge_margin_too_small,nan,0.015,"Stay because candidate Hedge weight advantage is too small: margin=nan, threshold=0.0150."
9167,190,pa_classifier,gaussian_nb,stay,False,hedge_margin_too_small,nan,0.015,"Stay because candidate Hedge weight advantage is too small: margin=nan, threshold=0.0150."
9215,191,pa_classifier,gaussian_nb,stay,False,hedge_margin_too_small,nan,0.015,"Stay because candidate Hedge weight advantage is too small: margin=nan, threshold=0.0150."
9263,192,pa_classifier,gaussian_nb,stay,False,hedge_margin_too_small,nan,0.015,"Stay because candidate Hedge weight advantage is too small: margin=nan, threshold=0.0150."
9311,193,pa_classifier,gaussian_nb,stay,False,hedge_margin_too_small,nan,0.015,"Stay because candidate Hedge weight advantage is too small: margin=nan, threshold=0.0150."
9359,194,pa_classifier,gaussian_nb,stay,False,hedge_margin_too_small,nan,0.015,"Stay because candidate Hedge weight advantage is too small: margin=nan, threshold=0.0150."
9407,195,pa_classifier,gaussian_nb,stay,False,hedge_margin_too_small,nan,0.015,"Stay because candidate Hedge weight advantage is too small: margin=nan, threshold=0.0150."
9455,196,pa_classifier,gaussian_nb,stay,False,hedge_margin_too_small,nan,0.015,"Stay because candidate Hedge weight advantage is too small: margin=nan, threshold=0.0150."
9503,197,pa_classifier,gaussian_nb,stay,False,hedge_margin_too_small,nan,0.015,"Stay because candidate Hedge weight advantage is too small: margin=nan, threshold=0.0150."
9551,198,pa_classifier,gaussian_nb,stay,False,hedge_margin_too_small,nan,0.015,"Stay because candidate Hedge weight advantage is too small: margin=nan, threshold=0.0150."
9599,199,pa_classifier,gaussian_nb,stay,False,hedge_margin_too_small,nan,0.015,"Stay because candidate Hedge weight advantage is too small: margin=nan, threshold=0.0150."
9647,200,pa_classifier,gaussian_nb,stay,False,hedge_margin_too_small,nan,0.015,"Stay because candidate Hedge weight advantage is too small: margin=nan, threshold=0.0150."
9695,201,pa_classifier,gaussian_nb,stay,False,hedge_margin_too_small,nan,0.015,"Stay because candidate Hedge weight advantage is too small: margin=nan, threshold=0.0150."
9743,202,pa_classifier,gaussian_nb,stay,False,hedge_margin_too_small,nan,0.015,"Stay because candidate Hedge weight advantage is too small: margin=nan, threshold=0.0150."
9791,203,pa_classifier,gaussian_nb,stay,False,hedge_margin_too_small,nan,0.015,"Stay because candidate Hedge weight advantage is too small: margin=nan, threshold=0.0150."
9839,204,pa_classifier,gaussian_nb,stay,False,hedge_margin_too_small,nan,0.015,"Stay because candidate Hedge weight advantage is too small: margin=nan, threshold=0.0150."
9887,205,pa_classifier,gaussian_nb,stay,False,hedge_margin_too_small,nan,0.015,"Stay because candidate Hedge weight advantage is too small: margin=nan, threshold=0.0150."
9935,206,pa_classifier,gaussian_nb,stay,False,hedge_margin_too_small,nan,0.015,"Stay because candidate Hedge weight advantage is too small: margin=nan, threshold=0.0150."
9983,207,pa_classifier,gaussian_nb,stay,False,hedge_margin_too_small,nan,0.015,"Stay because candidate Hedge weight advantage is too small: margin=nan, threshold=0.0150."
10031,208,pa_classifier,gaussian_nb,stay,False,hedge_margin_too_small,nan,0.015,"Stay because candidate Hedge weight advantage is too small: margin=nan, threshold=0.0150."
10079,209,pa_classifier,gaussian_nb,stay,False,hedge_margin_too_small,nan,0.015,"Stay because candidate Hedge weight advantage is too small: margin=nan, threshold=0.0150."
10127,210,pa_classifier,gaussian_nb,stay,False,hedge_margin_too_small,nan,0.015,"Stay because candidate Hedge weight advantage is too small: margin=nan, threshold=0.0150."
10175,211,pa_classifier,gaussian_nb,stay,False,hedge_margin_too_small,nan,0.015,"Stay because candidate Hedge weight advantage is too small: margin=nan, threshold=0.0150."
10223,212,pa_classifier,gaussian_nb,stay,False,hedge_margin_too_small,nan,0.015,"Stay because candidate Hedge weight advantage is too small: margin=nan, threshold=0.0150."
10271,213,pa_classifier,gaussian_nb,stay,False,hedge_margin_too_small,nan,0.015,"Stay because candidate Hedge weight advantage is too small: margin=nan, threshold=0.0150."
10319,214,pa_classifier,gaussian_nb,stay,False,hedge_margin_too_small,nan,0.015,"Stay because candidate Hedge weight advantage is too small: margin=nan, threshold=0.0150."
10367,215,pa_classifier,gaussian_nb,stay,False,hedge_margin_too_small,nan,0.015,"Stay because candidate Hedge weight advantage is too small: margin=nan, threshold=0.0150."
10415,216,pa_classifier,gaussian_nb,stay,False,hedge_margin_too_small,nan,0.015,"Stay because candidate Hedge weight advantage is too small: margin=nan, threshold=0.0150."
10463,217,pa_classifier,gaussian_nb,stay,False,hedge_margin_too_small,nan,0.015,"Stay because candidate Hedge weight advantage is too small: margin=nan, threshold=0.0150."
10511,218,pa_classifier,gaussian_nb,stay,False,hedge_margin_too_small,nan,0.015,"Stay because candidate Hedge weight advantage is too small: margin=nan, threshold=0.0150."
10559,219,pa_classifier,gaussian_nb,stay,False,hedge_margin_too_small,nan,0.015,"Stay because candidate Hedge weight advantage is too small: margin=nan, threshold=0.0150."
10607,220,pa_classifier,gaussian_nb,stay,False,hedge_margin_too_small,nan,0.015,"Stay because candidate Hedge weight advantage is too small: margin=nan, threshold=0.0150."
10655,221,pa_classifier,gaussian_nb,stay,False,hedge_margin_too_small,nan,0.015,"Stay because candidate Hedge weight advantage is too small: margin=nan, threshold=0.0150."
10703,222,pa_classifier,gaussian_nb,stay,False,hedge_margin_too_small,nan,0.015,"Stay because candidate Hedge weight advantage is too small: margin=nan, threshold=0.0150."
10751,223,pa_classifier,gaussian_nb,stay,False,hedge_margin_too_small,nan,0.015,"Stay because candidate Hedge weight advantage is too small: margin=nan, threshold=0.0150."
10799,224,pa_classifier,gaussian_nb,stay,False,hedge_margin_too_small,nan,0.015,"Stay because candidate Hedge weight advantage is too small: margin=nan, threshold=0.0150."
10847,225,pa_classifier,gaussian_nb,stay,False,hedge_margin_too_small,nan,0.015,"Stay because candidate Hedge weight advantage is too small: margin=nan, threshold=0.0150."
10895,226,pa_classifier,gaussian_nb,stay,False,hedge_margin_too_small,nan,0.015,"Stay because candidate Hedge weight advantage is too small: margin=nan, threshold=0.0150."
10943,227,pa_classifier,gaussian_nb,stay,False,hedge_margin_too_small,nan,0.015,"Stay because candidate Hedge weight advantage is too small: margin=nan, threshold=0.0150."
10991,228,pa_classifier,gaussian_nb,stay,False,hedge_margin_too_small,nan,0.015,"Stay because candidate Hedge weight advantage is too small: margin=nan, threshold=0.0150."
11039,229,pa_classifier,gaussian_nb,stay,False,hedge_margin_too_small,nan,0.015,"Stay because candidate Hedge weight advantage is too small: margin=nan, threshold=0.0150."
11087,230,pa_classifier,gaussian_nb,stay,False,hedge_margin_too_small,nan,0.015,"Stay because candidate Hedge weight advantage is too small: margin=nan, threshold=0.0150."
11135,231,pa_classifier,gaussian_nb,stay,False,hedge_margin_too_small,nan,0.015,"Stay because candidate Hedge weight advantage is too small: margin=nan, threshold=0.0150."
11183,232,pa_classifier,gaussian_nb,stay,False,hedge_margin_too_small,nan,0.015,"Stay because candidate Hedge weight advantage is too small: margin=nan, threshold=0.0150."
11231,233,pa_classifier,gaussian_nb,stay,False,hedge_margin_too_small,nan,0.015,"Stay because candidate Hedge weight advantage is too small: margin=nan, threshold=0.0150."
11279,234,pa_classifier,gaussian_nb,stay,False,hedge_margin_too_small,nan,0.015,"Stay because candidate Hedge weight advantage is too small: margin=nan, threshold=0.0150."
11327,235,pa_classifier,gaussian_nb,stay,False,hedge_margin_too_small,nan,0.015,"Stay because candidate Hedge weight advantage is too small: margin=nan, threshold=0.0150."
11375,236,pa_classifier,gaussian_nb,stay,False,hedge_margin_too_small,nan,0.015,"Stay because candidate Hedge weight advantage is too small: margin=nan, threshold=0.0150."
11423,237,pa_classifier,gaussian_nb,stay,False,hedge_margin_too_small,nan,0.015,"Stay because candidate Hedge weight advantage is too small: margin=nan, threshold=0.0150."
11471,238,pa_classifier,gaussian_nb,stay,False,hedge_margin_too_small,nan,0.015,"Stay because candidate Hedge weight advantage is too small: margin=nan, threshold=0.0150."
11519,239,pa_classifier,gaussian_nb,stay,False,hedge_margin_too_small,nan,0.015,"Stay because candidate Hedge weight advantage is too small: margin=nan, threshold=0.0150."
11567,240,pa_classifier,gaussian_nb,stay,False,hedge_margin_too_small,nan,0.015,"Stay because candidate Hedge weight advantage is too small: margin=nan, threshold=0.0150."
11615,241,pa_classifier,gaussian_nb,stay,False,hedge_margin_too_small,nan,0.015,"Stay because candidate Hedge weight advantage is too small: margin=nan, threshold=0.0150."
11663,242,pa_classifier,gaussian_nb,stay,False,hedge_margin_too_small,nan,0.015,"Stay because candidate Hedge weight advantage is too small: margin=nan, threshold=0.0150."
11711,243,pa_classifier,gaussian_nb,stay,False,hedge_margin_too_small,nan,0.015,"Stay because candidate Hedge weight advantage is too small: margin=nan, threshold=0.0150."
11759,244,pa_classifier,gaussian_nb,stay,False,hedge_margin_too_small,nan,0.015,"Stay because candidate Hedge weight advantage is too small: margin=nan, threshold=0.0150."
11807,245,pa_classifier,gaussian_nb,stay,False,hedge_margin_too_small,nan,0.015,"Stay because candidate Hedge weight advantage is too small: margin=nan, threshold=0.0150."
11855,246,pa_classifier,gaussian_nb,stay,False,hedge_margin_too_small,nan,0.015,"Stay because candidate Hedge weight advantage is too small: margin=nan, threshold=0.0150."
11903,247,pa_classifier,gaussian_nb,stay,False,hedge_margin_too_small,nan,0.015,"Stay because candidate Hedge weight advantage is too small: margin=nan, threshold=0.0150."
11951,248,pa_classifier,gaussian_nb,stay,False,hedge_margin_too_small,nan,0.015,"Stay because candidate Hedge weight advantage is too small: margin=nan, threshold=0.0150."
11999,249,pa_classifier,gaussian_nb,stay,False,hedge_margin_too_small,nan,0.015,"Stay because candidate Hedge weight advantage is too small: margin=nan, threshold=0.0150."
12047,250,pa_classifier,gaussian_nb,stay,False,hedge_margin_too_small,nan,0.015,"Stay because candidate Hedge weight advantage is too small: margin=nan, threshold=0.0150."
12095,251,pa_classifier,gaussian_nb,stay,False,hedge_margin_too_small,nan,0.015,"Stay because candidate Hedge weight advantage is too small: margin=nan, threshold=0.0150."
12143,252,pa_classifier,gaussian_nb,stay,False,hedge_margin_too_small,nan,0.015,"Stay because candidate Hedge weight advantage is too small: margin=nan, threshold=0.0150."
12191,253,pa_classifier,gaussian_nb,stay,False,hedge_margin_too_small,nan,0.015,"Stay because candidate Hedge weight advantage is too small: margin=nan, threshold=0.0150."
12239,254,pa_classifier,gaussian_nb,stay,False,hedge_margin_too_small,nan,0.015,"Stay because candidate Hedge weight advantage is too small: margin=nan, threshold=0.0150."
12287,255,pa_classifier,gaussian_nb,stay,False,hedge_margin_too_small,nan,0.015,"Stay because candidate Hedge weight advantage is too small: margin=nan, threshold=0.0150."
12335,256,pa_classifier,gaussian_nb,stay,False,hedge_margin_too_small,nan,0.015,"Stay because candidate Hedge weight advantage is too small: margin=nan, threshold=0.0150."
12383,257,pa_classifier,gaussian_nb,stay,False,hedge_margin_too_small,nan,0.015,"Stay because candidate Hedge weight advantage is too small: margin=nan, threshold=0.0150."
12431,258,pa_classifier,gaussian_nb,stay,False,hedge_margin_too_small,nan,0.015,"Stay because candidate Hedge weight advantage is too small: margin=nan, threshold=0.0150."
12479,259,pa_classifier,gaussian_nb,stay,False,hedge_margin_too_small,nan,0.015,"Stay because candidate Hedge weight advantage is too small: margin=nan, threshold=0.0150."
12527,260,pa_classifier,gaussian_nb,stay,False,hedge_margin_too_small,nan,0.015,"Stay because candidate Hedge weight advantage is too small: margin=nan, threshold=0.0150."
12575,261,pa_classifier,gaussian_nb,stay,False,hedge_margin_too_small,nan,0.015,"Stay because candidate Hedge weight advantage is too small: margin=nan, threshold=0.0150."
12623,262,pa_classifier,gaussian_nb,stay,False,hedge_margin_too_small,nan,0.015,"Stay because candidate Hedge weight advantage is too small: margin=nan, threshold=0.0150."
12671,263,pa_classifier,gaussian_nb,stay,False,hedge_margin_too_small,nan,0.015,"Stay because candidate Hedge weight advantage is too small: margin=nan, threshold=0.0150."
12719,264,pa_classifier,gaussian_nb,stay,False,hedge_margin_too_small,nan,0.015,"Stay because candidate Hedge weight advantage is too small: margin=nan, threshold=0.0150."
12767,265,pa_classifier,gaussian_nb,stay,False,hedge_margin_too_small,nan,0.015,"Stay because candidate Hedge weight advantage is too small: margin=nan, threshold=0.0150."
12815,266,pa_classifier,gaussian_nb,stay,False,hedge_margin_too_small,nan,0.015,"Stay because candidate Hedge weight advantage is too small: margin=nan, threshold=0.0150."
12863,267,pa_classifier,gaussian_nb,stay,False,hedge_margin_too_small,nan,0.015,"Stay because candidate Hedge weight advantage is too small: margin=nan, threshold=0.0150."
12911,268,pa_classifier,gaussian_nb,stay,False,hedge_margin_too_small,nan,0.015,"Stay because candidate Hedge weight advantage is too small: margin=nan, threshold=0.0150."
12959,269,pa_classifier,gaussian_nb,stay,False,hedge_margin_too_small,nan,0.015,"Stay because candidate Hedge weight advantage is too small: margin=nan, threshold=0.0150."
13007,270,pa_classifier,gaussian_nb,stay,False,hedge_margin_too_small,nan,0.015,"Stay because candidate Hedge weight advantage is too small: margin=nan, threshold=0.0150."
13055,271,pa_classifier,gaussian_nb,stay,False,hedge_margin_too_small,nan,0.015,"Stay because candidate Hedge weight advantage is too small: margin=nan, threshold=0.0150."
13103,272,pa_classifier,gaussian_nb,stay,False,hedge_margin_too_small,nan,0.015,"Stay because candidate Hedge weight advantage is too small: margin=nan, threshold=0.0150."
13151,273,pa_classifier,gaussian_nb,stay,False,hedge_margin_too_small,nan,0.015,"Stay because candidate Hedge weight advantage is too small: margin=nan, threshold=0.0150."
13199,274,pa_classifier,gaussian_nb,stay,False,hedge_margin_too_small,nan,0.015,"Stay because candidate Hedge weight advantage is too small: margin=nan, threshold=0.0150."
13247,275,pa_classifier,gaussian_nb,stay,False,hedge_margin_too_small,nan,0.015,"Stay because candidate Hedge weight advantage is too small: margin=nan, threshold=0.0150."
13295,276,pa_classifier,gaussian_nb,stay,False,hedge_margin_too_small,nan,0.015,"Stay because candidate Hedge weight advantage is too small: margin=nan, threshold=0.0150."
13343,277,pa_classifier,gaussian_nb,stay,False,hedge_margin_too_small,nan,0.015,"Stay because candidate Hedge weight advantage is too small: margin=nan, threshold=0.0150."
13391,278,pa_classifier,gaussian_nb,stay,False,hedge_margin_too_small,nan,0.015,"Stay because candidate Hedge weight advantage is too small: margin=nan, threshold=0.0150."
13439,279,pa_classifier,gaussian_nb,stay,False,hedge_margin_too_small,nan,0.015,"Stay because candidate Hedge weight advantage is too small: margin=nan, threshold=0.0150."
13487,280,pa_classifier,gaussian_nb,stay,False,hedge_margin_too_small,nan,0.015,"Stay because candidate Hedge weight advantage is too small: margin=nan, threshold=0.0150."
13535,281,pa_classifier,gaussian_nb,stay,False,hedge_margin_too_small,nan,0.015,"Stay because candidate Hedge weight advantage is too small: margin=nan, threshold=0.0150."
13583,282,pa_classifier,gaussian_nb,stay,False,hedge_margin_too_small,nan,0.015,"Stay because candidate Hedge weight advantage is too small: margin=nan, threshold=0.0150."
13631,283,pa_classifier,gaussian_nb,stay,False,hedge_margin_too_small,nan,0.015,"Stay because candidate Hedge weight advantage is too small: margin=nan, threshold=0.0150."
13679,284,pa_classifier,gaussian_nb,stay,False,hedge_margin_too_small,nan,0.015,"Stay because candidate Hedge weight advantage is too small: margin=nan, threshold=0.0150."
13727,285,pa_classifier,gaussian_nb,stay,False,hedge_margin_too_small,nan,0.015,"Stay because candidate Hedge weight advantage is too small: margin=nan, threshold=0.0150."
13775,286,pa_classifier,gaussian_nb,stay,False,hedge_margin_too_small,nan,0.015,"Stay because candidate Hedge weight advantage is too small: margin=nan, threshold=0.0150."
13823,287,pa_classifier,gaussian_nb,stay,False,hedge_margin_too_small,nan,0.015,"Stay because candidate Hedge weight advantage is too small: margin=nan, threshold=0.0150."
13871,288,pa_classifier,gaussian_nb,stay,False,hedge_margin_too_small,nan,0.015,"Stay because candidate Hedge weight advantage is too small: margin=nan, threshold=0.0150."
13919,289,pa_classifier,gaussian_nb,stay,False,hedge_margin_too_small,nan,0.015,"Stay because candidate Hedge weight advantage is too small: margin=nan, threshold=0.0150."
13967,290,pa_classifier,gaussian_nb,stay,False,hedge_margin_too_small,nan,0.015,"Stay because candidate Hedge weight advantage is too small: margin=nan, threshold=0.0150."
14015,291,pa_classifier,gaussian_nb,stay,False,hedge_margin_too_small,nan,0.015,"Stay because candidate Hedge weight advantage is too small: margin=nan, threshold=0.0150."
14063,292,pa_classifier,gaussian_nb,stay,False,hedge_margin_too_small,nan,0.015,"Stay because candidate Hedge weight advantage is too small: margin=nan, threshold=0.0150."
14111,293,pa_classifier,gaussian_nb,stay,False,hedge_margin_too_small,nan,0.015,"Stay because candidate Hedge weight advantage is too small: margin=nan, threshold=0.0150."
14159,294,pa_classifier,gaussian_nb,stay,False,hedge_margin_too_small,nan,0.015,"Stay because candidate Hedge weight advantage is too small: margin=nan, threshold=0.0150."
14207,295,pa_classifier,gaussian_nb,stay,False,hedge_margin_too_small,nan,0.015,"Stay because candidate Hedge weight advantage is too small: margin=nan, threshold=0.0150."
14255,296,pa_classifier,gaussian_nb,stay,False,hedge_margin_too_small,nan,0.015,"Stay because candidate Hedge weight advantage is too small: margin=nan, threshold=0.0150."
14303,297,pa_classifier,gaussian_nb,stay,False,hedge_margin_too_small,nan,0.015,"Stay because candidate Hedge weight advantage is too small: margin=nan, threshold=0.0150."
14351,298,pa_classifier,gaussian_nb,stay,False,hedge_margin_too_small,nan,0.015,"Stay because candidate Hedge weight advantage is too small: margin=nan, threshold=0.0150."
14399,299,pa_classifier,gaussian_nb,stay,False,hedge_margin_too_small,nan,0.015,"Stay because candidate Hedge weight advantage is too small: margin=nan, threshold=0.0150."
14447,300,pa_classifier,gaussian_nb,stay,False,hedge_margin_too_small,nan,0.015,"Stay because candidate Hedge weight advantage is too small: margin=nan, threshold=0.0150."
14495,301,pa_classifier,gaussian_nb,stay,False,hedge_margin_too_small,nan,0.015,"Stay because candidate Hedge weight advantage is too small: margin=nan, threshold=0.0150."
14543,302,pa_classifier,gaussian_nb,stay,False,hedge_margin_too_small,nan,0.015,"Stay because candidate Hedge weight advantage is too small: margin=nan, threshold=0.0150."
14591,303,pa_classifier,gaussian_nb,stay,False,hedge_margin_too_small,nan,0.015,"Stay because candidate Hedge weight advantage is too small: margin=nan, threshold=0.0150."
14639,304,pa_classifier,gaussian_nb,stay,False,hedge_margin_too_small,nan,0.015,"Stay because candidate Hedge weight advantage is too small: margin=nan, threshold=0.0150."
14687,305,pa_classifier,gaussian_nb,stay,False,hedge_margin_too_small,nan,0.015,"Stay because candidate Hedge weight advantage is too small: margin=nan, threshold=0.0150."
14735,306,pa_classifier,gaussian_nb,stay,False,hedge_margin_too_small,nan,0.015,"Stay because candidate Hedge weight advantage is too small: margin=nan, threshold=0.0150."
14783,307,pa_classifier,gaussian_nb,stay,False,hedge_margin_too_small,nan,0.015,"Stay because candidate Hedge weight advantage is too small: margin=nan, threshold=0.0150."
14831,308,pa_classifier,gaussian_nb,stay,False,hedge_margin_too_small,nan,0.015,"Stay because candidate Hedge weight advantage is too small: margin=nan, threshold=0.0150."
14879,309,pa_classifier,gaussian_nb,stay,False,hedge_margin_too_small,nan,0.015,"Stay because candidate Hedge weight advantage is too small: margin=nan, threshold=0.0150."
14927,310,pa_classifier,gaussian_nb,stay,False,hedge_margin_too_small,nan,0.015,"Stay because candidate Hedge weight advantage is too small: margin=nan, threshold=0.0150."
14975,311,pa_classifier,gaussian_nb,stay,False,hedge_margin_too_small,nan,0.015,"Stay because candidate Hedge weight advantage is too small: margin=nan, threshold=0.0150."
15023,312,pa_classifier,gaussian_nb,stay,False,hedge_margin_too_small,nan,0.015,"Stay because candidate Hedge weight advantage is too small: margin=nan, threshold=0.0150."
15071,313,pa_classifier,gaussian_nb,stay,False,hedge_margin_too_small,nan,0.015,"Stay because candidate Hedge weight advantage is too small: margin=nan, threshold=0.0150."
15119,314,pa_classifier,gaussian_nb,stay,False,hedge_margin_too_small,nan,0.015,"Stay because candidate Hedge weight advantage is too small: margin=nan, threshold=0.0150."
15167,315,pa_classifier,gaussian_nb,stay,False,hedge_margin_too_small,nan,0.015,"Stay because candidate Hedge weight advantage is too small: margin=nan, threshold=0.0150."
15215,316,pa_classifier,gaussian_nb,stay,False,hedge_margin_too_small,nan,0.015,"Stay because candidate Hedge weight advantage is too small: margin=nan, threshold=0.0150."
15263,317,pa_classifier,gaussian_nb,stay,False,hedge_margin_too_small,nan,0.015,"Stay because candidate Hedge weight advantage is too small: margin=nan, threshold=0.0150."
15311,318,pa_classifier,gaussian_nb,stay,False,hedge_margin_too_small,nan,0.015,"Stay because candidate Hedge weight advantage is too small: margin=nan, threshold=0.0150."
15359,319,pa_classifier,gaussian_nb,stay,False,hedge_margin_too_small,nan,0.015,"Stay because candidate Hedge weight advantage is too small: margin=nan, threshold=0.0150."
15407,320,pa_classifier,gaussian_nb,stay,False,hedge_margin_too_small,nan,0.015,"Stay because candidate Hedge weight advantage is too small: margin=nan, threshold=0.0150."
15455,321,pa_classifier,gaussian_nb,stay,False,hedge_margin_too_small,nan,0.015,"Stay because candidate Hedge weight advantage is too small: margin=nan, threshold=0.0150."
15503,322,pa_classifier,gaussian_nb,stay,False,hedge_margin_too_small,nan,0.015,"Stay because candidate Hedge weight advantage is too small: margin=nan, threshold=0.0150."
15551,323,pa_classifier,gaussian_nb,stay,False,hedge_margin_too_small,nan,0.015,"Stay because candidate Hedge weight advantage is too small: margin=nan, threshold=0.0150."
15599,324,pa_classifier,gaussian_nb,stay,False,hedge_margin_too_small,nan,0.015,"Stay because candidate Hedge weight advantage is too small: margin=nan, threshold=0.0150."
15647,325,pa_classifier,gaussian_nb,stay,False,hedge_margin_too_small,nan,0.015,"Stay because candidate Hedge weight advantage is too small: margin=nan, threshold=0.0150."
15695,326,pa_classifier,gaussian_nb,stay,False,hedge_margin_too_small,nan,0.015,"Stay because candidate Hedge weight advantage is too small: margin=nan, threshold=0.0150."
15743,327,pa_classifier,gaussian_nb,stay,False,hedge_margin_too_small,nan,0.015,"Stay because candidate Hedge weight advantage is too small: margin=nan, threshold=0.0150."
15791,328,pa_classifier,gaussian_nb,stay,False,hedge_margin_too_small,nan,0.015,"Stay because candidate Hedge weight advantage is too small: margin=nan, threshold=0.0150."
15839,329,pa_classifier,gaussian_nb,stay,False,hedge_margin_too_small,nan,0.015,"Stay because candidate Hedge weight advantage is too small: margin=nan, threshold=0.0150."
15887,330,pa_classifier,gaussian_nb,stay,False,hedge_margin_too_small,nan,0.015,"Stay because candidate Hedge weight advantage is too small: margin=nan, threshold=0.0150."
15935,331,pa_classifier,gaussian_nb,stay,False,hedge_margin_too_small,nan,0.015,"Stay because candidate Hedge weight advantage is too small: margin=nan, threshold=0.0150."
15983,332,pa_classifier,gaussian_nb,stay,False,hedge_margin_too_small,nan,0.015,"Stay because candidate Hedge weight advantage is too small: margin=nan, threshold=0.0150."
16031,333,pa_classifier,gaussian_nb,stay,False,hedge_margin_too_small,nan,0.015,"Stay because candidate Hedge weight advantage is too small: margin=nan, threshold=0.0150."
16079,334,pa_classifier,gaussian_nb,stay,False,hedge_margin_too_small,nan,0.015,"Stay because candidate Hedge weight advantage is too small: margin=nan, threshold=0.0150."
16127,335,pa_classifier,gaussian_nb,stay,False,hedge_margin_too_small,nan,0.015,"Stay because candidate Hedge weight advantage is too small: margin=nan, threshold=0.0150."
16175,336,pa_classifier,gaussian_nb,stay,False,hedge_margin_too_small,nan,0.015,"Stay because candidate Hedge weight advantage is too small: margin=nan, threshold=0.0150."
16223,337,pa_classifier,gaussian_nb,stay,False,hedge_margin_too_small,nan,0.015,"Stay because candidate Hedge weight advantage is too small: margin=nan, threshold=0.0150."
16271,338,pa_classifier,gaussian_nb,stay,False,hedge_margin_too_small,nan,0.015,"Stay because candidate Hedge weight advantage is too small: margin=nan, threshold=0.0150."
16319,339,pa_classifier,gaussian_nb,stay,False,hedge_margin_too_small,nan,0.015,"Stay because candidate Hedge weight advantage is too small: margin=nan, threshold=0.0150."
16367,340,pa_classifier,gaussian_nb,stay,False,hedge_margin_too_small,nan,0.015,"Stay because candidate Hedge weight advantage is too small: margin=nan, threshold=0.0150."
16415,341,pa_classifier,gaussian_nb,stay,False,hedge_margin_too_small,nan,0.015,"Stay because candidate Hedge weight advantage is too small: margin=nan, threshold=0.0150."
16463,342,pa_classifier,gaussian_nb,stay,False,hedge_margin_too_small,nan,0.015,"Stay because candidate Hedge weight advantage is too small: margin=nan, threshold=0.0150."
16511,343,pa_classifier,gaussian_nb,stay,False,hedge_margin_too_small,nan,0.015,"Stay because candidate Hedge weight advantage is too small: margin=nan, threshold=0.0150."
16559,344,pa_classifier,gaussian_nb,stay,False,hedge_margin_too_small,nan,0.015,"Stay because candidate Hedge weight advantage is too small: margin=nan, threshold=0.0150."
16607,345,pa_classifier,gaussian_nb,stay,False,hedge_margin_too_small,nan,0.015,"Stay because candidate Hedge weight advantage is too small: margin=nan, threshold=0.0150."
16655,346,pa_classifier,gaussian_nb,stay,False,hedge_margin_too_small,nan,0.015,"Stay because candidate Hedge weight advantage is too small: margin=nan, threshold=0.0150."
16703,347,pa_classifier,gaussian_nb,stay,False,hedge_margin_too_small,nan,0.015,"Stay because candidate Hedge weight advantage is too small: margin=nan, threshold=0.0150."
16751,348,pa_classifier,gaussian_nb,stay,False,hedge_margin_too_small,nan,0.015,"Stay because candidate Hedge weight advantage is too small: margin=nan, threshold=0.0150."
16799,349,pa_classifier,gaussian_nb,stay,False,hedge_margin_too_small,nan,0.015,"Stay because candidate Hedge weight advantage is too small: margin=nan, threshold=0.0150."
16847,350,pa_classifier,gaussian_nb,stay,False,hedge_margin_too_small,nan,0.015,"Stay because candidate Hedge weight advantage is too small: margin=nan, threshold=0.0150."
16895,351,pa_classifier,gaussian_nb,stay,False,hedge_margin_too_small,nan,0.015,"Stay because candidate Hedge weight advantage is too small: margin=nan, threshold=0.0150."
16943,352,pa_classifier,gaussian_nb,stay,False,hedge_margin_too_small,nan,0.015,"Stay because candidate Hedge weight advantage is too small: margin=nan, threshold=0.0150."
16991,353,pa_classifier,gaussian_nb,stay,False,hedge_margin_too_small,nan,0.015,"Stay because candidate Hedge weight advantage is too small: margin=nan, threshold=0.0150."
17039,354,pa_classifier,gaussian_nb,stay,False,hedge_margin_too_small,nan,0.015,"Stay because candidate Hedge weight advantage is too small: margin=nan, threshold=0.0150."
17087,355,pa_classifier,gaussian_nb,stay,False,hedge_margin_too_small,nan,0.015,"Stay because candidate Hedge weight advantage is too small: margin=nan, threshold=0.0150."
17135,356,pa_classifier,gaussian_nb,stay,False,hedge_margin_too_small,nan,0.015,"Stay because candidate Hedge weight advantage is too small: margin=nan, threshold=0.0150."
17183,357,pa_classifier,gaussian_nb,stay,False,hedge_margin_too_small,nan,0.015,"Stay because candidate Hedge weight advantage is too small: margin=nan, threshold=0.0150."
17231,358,pa_classifier,gaussian_nb,stay,False,hedge_margin_too_small,nan,0.015,"Stay because candidate Hedge weight advantage is too small: margin=nan, threshold=0.0150."
17279,359,pa_classifier,gaussian_nb,stay,False,hedge_margin_too_small,nan,0.015,"Stay because candidate Hedge weight advantage is too small: margin=nan, threshold=0.0150."
17327,360,pa_classifier,gaussian_nb,stay,False,hedge_margin_too_small,nan,0.015,"Stay because candidate Hedge weight advantage is too small: margin=nan, threshold=0.0150."
17375,361,pa_classifier,gaussian_nb,stay,False,hedge_margin_too_small,nan,0.015,"Stay because candidate Hedge weight advantage is too small: margin=nan, threshold=0.0150."
17423,362,pa_classifier,gaussian_nb,stay,False,hedge_margin_too_small,nan,0.015,"Stay because candidate Hedge weight advantage is too small: margin=nan, threshold=0.0150."
17471,363,pa_classifier,gaussian_nb,stay,False,hedge_margin_too_small,nan,0.015,"Stay because candidate Hedge weight advantage is too small: margin=nan, threshold=0.0150."
17519,364,pa_classifier,gaussian_nb,stay,False,hedge_margin_too_small,nan,0.015,"Stay because candidate Hedge weight advantage is too small: margin=nan, threshold=0.0150."
17567,365,pa_classifier,gaussian_nb,stay,False,hedge_margin_too_small,nan,0.015,"Stay because candidate Hedge weight advantage is too small: margin=nan, threshold=0.0150."
17615,366,pa_classifier,gaussian_nb,stay,False,hedge_margin_too_small,nan,0.015,"Stay because candidate Hedge weight advantage is too small: margin=nan, threshold=0.0150."
17663,367,pa_classifier,gaussian_nb,stay,False,hedge_margin_too_small,nan,0.015,"Stay because candidate Hedge weight advantage is too small: margin=nan, threshold=0.0150."
17711,368,pa_classifier,gaussian_nb,stay,False,hedge_margin_too_small,nan,0.015,"Stay because candidate Hedge weight advantage is too small: margin=nan, threshold=0.0150."
17759,369,pa_classifier,gaussian_nb,stay,False,hedge_margin_too_small,nan,0.015,"Stay because candidate Hedge weight advantage is too small: margin=nan, threshold=0.0150."
17807,370,pa_classifier,gaussian_nb,stay,False,hedge_margin_too_small,nan,0.015,"Stay because candidate Hedge weight advantage is too small: margin=nan, threshold=0.0150."
17855,371,pa_classifier,gaussian_nb,stay,False,hedge_margin_too_small,nan,0.015,"Stay because candidate Hedge weight advantage is too small: margin=nan, threshold=0.0150."
17903,372,pa_classifier,gaussian_nb,stay,False,hedge_margin_too_small,nan,0.015,"Stay because candidate Hedge weight advantage is too small: margin=nan, threshold=0.0150."
17951,373,pa_classifier,gaussian_nb,stay,False,hedge_margin_too_small,nan,0.015,"Stay because candidate Hedge weight advantage is too small: margin=nan, threshold=0.0150."
17999,374,pa_classifier,gaussian_nb,stay,False,hedge_margin_too_small,nan,0.015,"Stay because candidate Hedge weight advantage is too small: margin=nan, threshold=0.0150."
18047,375,pa_classifier,gaussian_nb,stay,False,hedge_margin_too_small,nan,0.015,"Stay because candidate Hedge weight advantage is too small: margin=nan, threshold=0.0150."
18095,376,pa_classifier,gaussian_nb,stay,False,hedge_margin_too_small,nan,0.015,"Stay because candidate Hedge weight advantage is too small: margin=nan, threshold=0.0150."
18143,377,pa_classifier,gaussian_nb,stay,False,hedge_margin_too_small,nan,0.015,"Stay because candidate Hedge weight advantage is too small: margin=nan, threshold=0.0150."
18191,378,pa_classifier,gaussian_nb,stay,False,hedge_margin_too_small,nan,0.015,"Stay because candidate Hedge weight advantage is too small: margin=nan, threshold=0.0150."
18239,379,pa_classifier,gaussian_nb,stay,False,hedge_margin_too_small,nan,0.015,"Stay because candidate Hedge weight advantage is too small: margin=nan, threshold=0.0150."
18287,380,pa_classifier,gaussian_nb,stay,False,hedge_margin_too_small,nan,0.015,"Stay because candidate Hedge weight advantage is too small: margin=nan, threshold=0.0150."
18335,381,pa_classifier,gaussian_nb,stay,False,hedge_margin_too_small,nan,0.015,"Stay because candidate Hedge weight advantage is too small: margin=nan, threshold=0.0150."
18383,382,pa_classifier,gaussian_nb,stay,False,hedge_margin_too_small,nan,0.015,"Stay because candidate Hedge weight advantage is too small: margin=nan, threshold=0.0150."
18431,383,pa_classifier,gaussian_nb,stay,False,hedge_margin_too_small,nan,0.015,"Stay because candidate Hedge weight advantage is too small: margin=nan, threshold=0.0150."
18479,384,pa_classifier,gaussian_nb,stay,False,hedge_margin_too_small,nan,0.015,"Stay because candidate Hedge weight advantage is too small: margin=nan, threshold=0.0150."
18527,385,pa_classifier,gaussian_nb,stay,False,hedge_margin_too_small,nan,0.015,"Stay because candidate Hedge weight advantage is too small: margin=nan, threshold=0.0150."
18575,386,pa_classifier,gaussian_nb,stay,False,hedge_margin_too_small,nan,0.015,"Stay because candidate Hedge weight advantage is too small: margin=nan, threshold=0.0150."
18623,387,pa_classifier,gaussian_nb,stay,False,hedge_margin_too_small,nan,0.015,"Stay because candidate Hedge weight advantage is too small: margin=nan, threshold=0.0150."
18671,388,pa_classifier,gaussian_nb,stay,False,hedge_margin_too_small,nan,0.015,"Stay because candidate Hedge weight advantage is too small: margin=nan, threshold=0.0150."
18719,389,pa_classifier,gaussian_nb,stay,False,hedge_margin_too_small,nan,0.015,"Stay because candidate Hedge weight advantage is too small: margin=nan, threshold=0.0150."
18767,390,pa_classifier,gaussian_nb,stay,False,hedge_margin_too_small,nan,0.015,"Stay because candidate Hedge weight advantage is too small: margin=nan, threshold=0.0150."
18815,391,pa_classifier,gaussian_nb,stay,False,hedge_margin_too_small,nan,0.015,"Stay because candidate Hedge weight advantage is too small: margin=nan, threshold=0.0150."
18863,392,pa_classifier,gaussian_nb,stay,False,hedge_margin_too_small,nan,0.015,"Stay because candidate Hedge weight advantage is too small: margin=nan, threshold=0.0150."
18911,393,pa_classifier,gaussian_nb,stay,False,hedge_margin_too_small,nan,0.015,"Stay because candidate Hedge weight advantage is too small: margin=nan, threshold=0.0150."
18959,394,pa_classifier,gaussian_nb,stay,False,hedge_margin_too_small,nan,0.015,"Stay because candidate Hedge weight advantage is too small: margin=nan, threshold=0.0150."
19007,395,pa_classifier,gaussian_nb,stay,False,hedge_margin_too_small,nan,0.015,"Stay because candidate Hedge weight advantage is too small: margin=nan, threshold=0.0150."
19055,396,pa_classifier,gaussian_nb,stay,False,hedge_margin_too_small,nan,0.015,"Stay because candidate Hedge weight advantage is too small: margin=nan, threshold=0.0150."
19103,397,pa_classifier,gaussian_nb,stay,False,hedge_margin_too_small,nan,0.015,"Stay because candidate Hedge weight advantage is too small: margin=nan, threshold=0.0150."
19151,398,pa_classifier,gaussian_nb,stay,False,hedge_margin_too_small,nan,0.015,"Stay because candidate Hedge weight advantage is too small: margin=nan, threshold=0.0150."
19199,399,pa_classifier,gaussian_nb,stay,False,hedge_margin_too_small,nan,0.015,"Stay because candidate Hedge weight advantage is too small: margin=nan, threshold=0.0150."
19247,400,pa_classifier,gaussian_nb,stay,False,hedge_margin_too_small,nan,0.015,"Stay because candidate Hedge weight advantage is too small: margin=nan, threshold=0.0150."
19295,401,pa_classifier,gaussian_nb,stay,False,hedge_margin_too_small,nan,0.015,"Stay because candidate Hedge weight advantage is too small: margin=nan, threshold=0.0150."
19343,402,pa_classifier,gaussian_nb,stay,False,hedge_margin_too_small,nan,0.015,"Stay because candidate Hedge weight advantage is too small: margin=nan, threshold=0.0150."
19391,403,pa_classifier,gaussian_nb,stay,False,hedge_margin_too_small,nan,0.015,"Stay because candidate Hedge weight advantage is too small: margin=nan, threshold=0.0150."
19439,404,pa_classifier,gaussian_nb,stay,False,hedge_margin_too_small,nan,0.015,"Stay because candidate Hedge weight advantage is too small: margin=nan, threshold=0.0150."
19487,405,pa_classifier,gaussian_nb,stay,False,hedge_margin_too_small,nan,0.015,"Stay because candidate Hedge weight advantage is too small: margin=nan, threshold=0.0150."
19535,406,pa_classifier,gaussian_nb,stay,False,hedge_margin_too_small,nan,0.015,"Stay because candidate Hedge weight advantage is too small: margin=nan, threshold=0.0150."
19583,407,pa_classifier,gaussian_nb,stay,False,hedge_margin_too_small,nan,0.015,"Stay because candidate Hedge weight advantage is too small: margin=nan, threshold=0.0150."
19631,408,pa_classifier,gaussian_nb,stay,False,hedge_margin_too_small,nan,0.015,"Stay because candidate Hedge weight advantage is too small: margin=nan, threshold=0.0150."
19679,409,pa_classifier,gaussian_nb,stay,False,hedge_margin_too_small,nan,0.015,"Stay because candidate Hedge weight advantage is too small: margin=nan, threshold=0.0150."
19727,410,pa_classifier,gaussian_nb,stay,False,hedge_margin_too_small,nan,0.015,"Stay because candidate Hedge weight advantage is too small: margin=nan, threshold=0.0150."
19775,411,pa_classifier,gaussian_nb,stay,False,hedge_margin_too_small,nan,0.015,"Stay because candidate Hedge weight advantage is too small: margin=nan, threshold=0.0150."
19823,412,pa_classifier,gaussian_nb,stay,False,hedge_margin_too_small,nan,0.015,"Stay because candidate Hedge weight advantage is too small: margin=nan, threshold=0.0150."
19871,413,pa_classifier,gaussian_nb,stay,False,hedge_margin_too_small,nan,0.015,"Stay because candidate Hedge weight advantage is too small: margin=nan, threshold=0.0150."
19919,414,pa_classifier,gaussian_nb,stay,False,hedge_margin_too_small,nan,0.015,"Stay because candidate Hedge weight advantage is too small: margin=nan, threshold=0.0150."
19967,415,pa_classifier,gaussian_nb,stay,False,hedge_margin_too_small,nan,0.015,"Stay because candidate Hedge weight advantage is too small: margin=nan, threshold=0.0150."
20015,416,pa_classifier,gaussian_nb,stay,False,hedge_margin_too_small,nan,0.015,"Stay because candidate Hedge weight advantage is too small: margin=nan, threshold=0.0150."
20063,417,pa_classifier,gaussian_nb,stay,False,hedge_margin_too_small,nan,0.015,"Stay because candidate Hedge weight advantage is too small: margin=nan, threshold=0.0150."
20111,418,pa_classifier,gaussian_nb,stay,False,hedge_margin_too_small,nan,0.015,"Stay because candidate Hedge weight advantage is too small: margin=nan, threshold=0.0150."
20159,419,pa_classifier,gaussian_nb,stay,False,hedge_margin_too_small,nan,0.015,"Stay because candidate Hedge weight advantage is too small: margin=nan, threshold=0.0150."
20207,420,pa_classifier,gaussian_nb,stay,False,hedge_margin_too_small,nan,0.015,"Stay because candidate Hedge weight advantage is too small: margin=nan, threshold=0.0150."
20255,421,pa_classifier,gaussian_nb,stay,False,hedge_margin_too_small,nan,0.015,"Stay because candidate Hedge weight advantage is too small: margin=nan, threshold=0.0150."
20303,422,pa_classifier,gaussian_nb,stay,False,hedge_margin_too_small,nan,0.015,"Stay because candidate Hedge weight advantage is too small: margin=nan, threshold=0.0150."
20351,423,pa_classifier,gaussian_nb,stay,False,hedge_margin_too_small,nan,0.015,"Stay because candidate Hedge weight advantage is too small: margin=nan, threshold=0.0150."
20399,424,pa_classifier,gaussian_nb,stay,False,hedge_margin_too_small,nan,0.015,"Stay because candidate Hedge weight advantage is too small: margin=nan, threshold=0.0150."
20447,425,pa_classifier,gaussian_nb,stay,False,hedge_margin_too_small,nan,0.015,"Stay because candidate Hedge weight advantage is too small: margin=nan, threshold=0.0150."
20495,426,pa_classifier,gaussian_nb,stay,False,hedge_margin_too_small,nan,0.015,"Stay because candidate Hedge weight advantage is too small: margin=nan, threshold=0.0150."
20543,427,pa_classifier,gaussian_nb,stay,False,hedge_margin_too_small,nan,0.015,"Stay because candidate Hedge weight advantage is too small: margin=nan, threshold=0.0150."
20591,428,pa_classifier,gaussian_nb,stay,False,hedge_margin_too_small,nan,0.015,"Stay because candidate Hedge weight advantage is too small: margin=nan, threshold=0.0150."
20639,429,pa_classifier,gaussian_nb,stay,False,hedge_margin_too_small,nan,0.015,"Stay because candidate Hedge weight advantage is too small: margin=nan, threshold=0.0150."
20687,430,pa_classifier,gaussian_nb,stay,False,hedge_margin_too_small,nan,0.015,"Stay because candidate Hedge weight advantage is too small: margin=nan, threshold=0.0150."
20735,431,pa_classifier,gaussian_nb,stay,False,hedge_margin_too_small,nan,0.015,"Stay because candidate Hedge weight advantage is too small: margin=nan, threshold=0.0150."
20783,432,pa_classifier,gaussian_nb,stay,False,hedge_margin_too_small,nan,0.015,"Stay because candidate Hedge weight advantage is too small: margin=nan, threshold=0.0150."
20831,433,pa_classifier,gaussian_nb,stay,False,hedge_margin_too_small,nan,0.015,"Stay because candidate Hedge weight advantage is too small: margin=nan, threshold=0.0150."
20879,434,pa_classifier,gaussian_nb,stay,False,hedge_margin_too_small,nan,0.015,"Stay because candidate Hedge weight advantage is too small: margin=nan, threshold=0.0150."
20927,435,pa_classifier,gaussian_nb,stay,False,hedge_margin_too_small,nan,0.015,"Stay because candidate Hedge weight advantage is too small: margin=nan, threshold=0.0150."
20975,436,pa_classifier,gaussian_nb,stay,False,hedge_margin_too_small,nan,0.015,"Stay because candidate Hedge weight advantage is too small: margin=nan, threshold=0.0150."
21023,437,pa_classifier,gaussian_nb,stay,False,hedge_margin_too_small,nan,0.015,"Stay because candidate Hedge weight advantage is too small: margin=nan, threshold=0.0150."
21071,438,pa_classifier,gaussian_nb,stay,False,hedge_margin_too_small,nan,0.015,"Stay because candidate Hedge weight advantage is too small: margin=nan, threshold=0.0150."
21119,439,pa_classifier,gaussian_nb,stay,False,hedge_margin_too_small,nan,0.015,"Stay because candidate Hedge weight advantage is too small: margin=nan, threshold=0.0150."
21167,440,pa_classifier,gaussian_nb,stay,False,hedge_margin_too_small,nan,0.015,"Stay because candidate Hedge weight advantage is too small: margin=nan, threshold=0.0150."
21215,441,pa_classifier,gaussian_nb,stay,False,hedge_margin_too_small,nan,0.015,"Stay because candidate Hedge weight advantage is too small: margin=nan, threshold=0.0150."
21263,442,pa_classifier,gaussian_nb,stay,False,hedge_margin_too_small,nan,0.015,"Stay because candidate Hedge weight advantage is too small: margin=nan, threshold=0.0150."
21311,443,pa_classifier,gaussian_nb,stay,False,hedge_margin_too_small,nan,0.015,"Stay because candidate Hedge weight advantage is too small: margin=nan, threshold=0.0150."
21359,444,pa_classifier,gaussian_nb,stay,False,hedge_margin_too_small,nan,0.015,"Stay because candidate Hedge weight advantage is too small: margin=nan, threshold=0.0150."
21407,445,pa_classifier,gaussian_nb,stay,False,hedge_margin_too_small,nan,0.015,"Stay because candidate Hedge weight advantage is too small: margin=nan, threshold=0.0150."
21455,446,pa_classifier,gaussian_nb,stay,False,hedge_margin_too_small,nan,0.015,"Stay because candidate Hedge weight advantage is too small: margin=nan, threshold=0.0150."
21503,447,pa_classifier,gaussian_nb,stay,False,hedge_margin_too_small,nan,0.015,"Stay because candidate Hedge weight advantage is too small: margin=nan, threshold=0.0150."
21551,448,pa_classifier,gaussian_nb,stay,False,hedge_margin_too_small,nan,0.015,"Stay because candidate Hedge weight advantage is too small: margin=nan, threshold=0.0150."
21599,449,pa_classifier,gaussian_nb,stay,False,hedge_margin_too_small,nan,0.015,"Stay because candidate Hedge weight advantage is too small: margin=nan, threshold=0.0150."
21647,450,pa_classifier,gaussian_nb,stay,False,hedge_margin_too_small,nan,0.015,"Stay because candidate Hedge weight advantage is too small: margin=nan, threshold=0.0150."
21695,451,pa_classifier,gaussian_nb,stay,False,hedge_margin_too_small,nan,0.015,"Stay because candidate Hedge weight advantage is too small: margin=nan, threshold=0.0150."
21743,452,pa_classifier,gaussian_nb,stay,False,hedge_margin_too_small,nan,0.015,"Stay because candidate Hedge weight advantage is too small: margin=nan, threshold=0.0150."
21791,453,pa_classifier,gaussian_nb,stay,False,hedge_margin_too_small,nan,0.015,"Stay because candidate Hedge weight advantage is too small: margin=nan, threshold=0.0150."
21839,454,pa_classifier,gaussian_nb,stay,False,hedge_margin_too_small,nan,0.015,"Stay because candidate Hedge weight advantage is too small: margin=nan, threshold=0.0150."
21887,455,pa_classifier,gaussian_nb,stay,False,hedge_margin_too_small,nan,0.015,"Stay because candidate Hedge weight advantage is too small: margin=nan, threshold=0.0150."
21935,456,pa_classifier,gaussian_nb,stay,False,hedge_margin_too_small,nan,0.015,"Stay because candidate Hedge weight advantage is too small: margin=nan, threshold=0.0150."
21983,457,pa_classifier,gaussian_nb,stay,False,hedge_margin_too_small,nan,0.015,"Stay because candidate Hedge weight advantage is too small: margin=nan, threshold=0.0150."
22031,458,pa_classifier,gaussian_nb,stay,False,hedge_margin_too_small,nan,0.015,"Stay because candidate Hedge weight advantage is too small: margin=nan, threshold=0.0150."
22079,459,pa_classifier,gaussian_nb,stay,False,hedge_margin_too_small,nan,0.015,"Stay because candidate Hedge weight advantage is too small: margin=nan, threshold=0.0150."
22127,460,pa_classifier,gaussian_nb,stay,False,hedge_margin_too_small,nan,0.015,"Stay because candidate Hedge weight advantage is too small: margin=nan, threshold=0.0150."
22175,461,pa_classifier,gaussian_nb,stay,False,hedge_margin_too_small,nan,0.015,"Stay because candidate Hedge weight advantage is too small: margin=nan, threshold=0.0150."
22223,462,pa_classifier,gaussian_nb,stay,False,hedge_margin_too_small,nan,0.015,"Stay because candidate Hedge weight advantage is too small: margin=nan, threshold=0.0150."
22271,463,pa_classifier,gaussian_nb,stay,False,hedge_margin_too_small,nan,0.015,"Stay because candidate Hedge weight advantage is too small: margin=nan, threshold=0.0150."
22319,464,pa_classifier,gaussian_nb,stay,False,hedge_margin_too_small,nan,0.015,"Stay because candidate Hedge weight advantage is too small: margin=nan, threshold=0.0150."
22367,465,pa_classifier,gaussian_nb,stay,False,hedge_margin_too_small,nan,0.015,"Stay because candidate Hedge weight advantage is too small: margin=nan, threshold=0.0150."
22415,466,pa_classifier,gaussian_nb,stay,False,hedge_margin_too_small,nan,0.015,"Stay because candidate Hedge weight advantage is too small: margin=nan, threshold=0.0150."
22463,467,pa_classifier,gaussian_nb,stay,False,hedge_margin_too_small,nan,0.015,"Stay because candidate Hedge weight advantage is too small: margin=nan, threshold=0.0150."
22511,468,pa_classifier,gaussian_nb,stay,False,hedge_margin_too_small,nan,0.015,"Stay because candidate Hedge weight advantage is too small: margin=nan, threshold=0.0150."
22559,469,pa_classifier,gaussian_nb,stay,False,hedge_margin_too_small,nan,0.015,"Stay because candidate Hedge weight advantage is too small: margin=nan, threshold=0.0150."
22607,470,pa_classifier,gaussian_nb,stay,False,hedge_margin_too_small,nan,0.015,"Stay because candidate Hedge weight advantage is too small: margin=nan, threshold=0.0150."
22655,471,pa_classifier,gaussian_nb,stay,False,hedge_margin_too_small,nan,0.015,"Stay because candidate Hedge weight advantage is too small: margin=nan, threshold=0.0150."
22703,472,pa_classifier,gaussian_nb,stay,False,hedge_margin_too_small,nan,0.015,"Stay because candidate Hedge weight advantage is too small: margin=nan, threshold=0.0150."
22751,473,pa_classifier,gaussian_nb,stay,False,hedge_margin_too_small,nan,0.015,"Stay because candidate Hedge weight advantage is too small: margin=nan, threshold=0.0150."
22799,474,pa_classifier,gaussian_nb,stay,False,hedge_margin_too_small,nan,0.015,"Stay because candidate Hedge weight advantage is too small: margin=nan, threshold=0.0150."
22847,475,pa_classifier,gaussian_nb,stay,False,hedge_margin_too_small,nan,0.015,"Stay because candidate Hedge weight advantage is too small: margin=nan, threshold=0.0150."
22895,476,pa_classifier,gaussian_nb,stay,False,hedge_margin_too_small,nan,0.015,"Stay because candidate Hedge weight advantage is too small: margin=nan, threshold=0.0150."
22943,477,pa_classifier,gaussian_nb,stay,False,hedge_margin_too_small,nan,0.015,"Stay because candidate Hedge weight advantage is too small: margin=nan, threshold=0.0150."
22991,478,pa_classifier,gaussian_nb,stay,False,hedge_margin_too_small,nan,0.015,"Stay because candidate Hedge weight advantage is too small: margin=nan, threshold=0.0150."
23039,479,pa_classifier,gaussian_nb,stay,False,hedge_margin_too_small,nan,0.015,"Stay because candidate Hedge weight advantage is too small: margin=nan, threshold=0.0150."
23087,480,pa_classifier,gaussian_nb,stay,False,hedge_margin_too_small,nan,0.015,"Stay because candidate Hedge weight advantage is too small: margin=nan, threshold=0.0150."
23135,481,pa_classifier,gaussian_nb,stay,False,hedge_margin_too_small,nan,0.015,"Stay because candidate Hedge weight advantage is too small: margin=nan, threshold=0.0150."
23183,482,pa_classifier,gaussian_nb,stay,False,hedge_margin_too_small,nan,0.015,"Stay because candidate Hedge weight advantage is too small: margin=nan, threshold=0.0150."
23231,483,pa_classifier,gaussian_nb,stay,False,hedge_margin_too_small,nan,0.015,"Stay because candidate Hedge weight advantage is too small: margin=nan, threshold=0.0150."
23279,484,pa_classifier,gaussian_nb,stay,False,hedge_margin_too_small,nan,0.015,"Stay because candidate Hedge weight advantage is too small: margin=nan, threshold=0.0150."
23327,485,pa_classifier,gaussian_nb,stay,False,hedge_margin_too_small,nan,0.015,"Stay because candidate Hedge weight advantage is too small: margin=nan, threshold=0.0150."
23375,486,pa_classifier,gaussian_nb,stay,False,hedge_margin_too_small,nan,0.015,"Stay because candidate Hedge weight advantage is too small: margin=nan, threshold=0.0150."
23423,487,pa_classifier,gaussian_nb,stay,False,hedge_margin_too_small,nan,0.015,"Stay because candidate Hedge weight advantage is too small: margin=nan, threshold=0.0150."
23471,488,pa_classifier,gaussian_nb,stay,False,hedge_margin_too_small,nan,0.015,"Stay because candidate Hedge weight advantage is too small: margin=nan, threshold=0.0150."
23519,489,pa_classifier,gaussian_nb,stay,False,hedge_margin_too_small,nan,0.015,"Stay because candidate Hedge weight advantage is too small: margin=nan, threshold=0.0150."
23567,490,pa_classifier,gaussian_nb,stay,False,hedge_margin_too_small,nan,0.015,"Stay because candidate Hedge weight advantage is too small: margin=nan, threshold=0.0150."
23615,491,pa_classifier,gaussian_nb,stay,False,hedge_margin_too_small,nan,0.015,"Stay because candidate Hedge weight advantage is too small: margin=nan, threshold=0.0150."
23663,492,pa_classifier,gaussian_nb,stay,False,hedge_margin_too_small,nan,0.015,"Stay because candidate Hedge weight advantage is too small: margin=nan, threshold=0.0150."
23711,493,pa_classifier,gaussian_nb,stay,False,hedge_margin_too_small,nan,0.015,"Stay because candidate Hedge weight advantage is too small: margin=nan, threshold=0.0150."
23759,494,pa_classifier,gaussian_nb,stay,False,hedge_margin_too_small,nan,0.015,"Stay because candidate Hedge weight advantage is too small: margin=nan, threshold=0.0150."
23807,495,pa_classifier,gaussian_nb,stay,False,hedge_margin_too_small,nan,0.015,"Stay because candidate Hedge weight advantage is too small: margin=nan, threshold=0.0150."
23855,496,pa_classifier,gaussian_nb,stay,False,hedge_margin_too_small,nan,0.015,"Stay because candidate Hedge weight advantage is too small: margin=nan, threshold=0.0150."
23903,497,pa_classifier,gaussian_nb,stay,False,hedge_margin_too_small,nan,0.015,"Stay because candidate Hedge weight advantage is too small: margin=nan, threshold=0.0150."
23951,498,pa_classifier,gaussian_nb,stay,False,hedge_margin_too_small,nan,0.015,"Stay because candidate Hedge weight advantage is too small: margin=nan, threshold=0.0150."
23999,499,pa_classifier,gaussian_nb,stay,False,hedge_margin_too_small,nan,0.015,"Stay because candidate Hedge weight advantage is too small: margin=nan, threshold=0.0150."
24047,500,pa_classifier,gaussian_nb,stay,False,hedge_margin_too_small,nan,0.015,"Stay because candidate Hedge weight advantage is too small: margin=nan, threshold=0.0150."
24095,501,pa_classifier,gaussian_nb,stay,False,hedge_margin_too_small,nan,0.015,"Stay because candidate Hedge weight advantage is too small: margin=nan, threshold=0.0150."
24143,502,pa_classifier,gaussian_nb,stay,False,hedge_margin_too_small,nan,0.015,"Stay because candidate Hedge weight advantage is too small: margin=nan, threshold=0.0150."
24191,503,pa_classifier,gaussian_nb,stay,False,hedge_margin_too_small,nan,0.015,"Stay because candidate Hedge weight advantage is too small: margin=nan, threshold=0.0150."
24239,504,pa_classifier,gaussian_nb,stay,False,hedge_margin_too_small,nan,0.015,"Stay because candidate Hedge weight advantage is too small: margin=nan, threshold=0.0150."
24287,505,pa_classifier,gaussian_nb,stay,False,hedge_margin_too_small,nan,0.015,"Stay because candidate Hedge weight advantage is too small: margin=nan, threshold=0.0150."
24335,506,pa_classifier,gaussian_nb,stay,False,hedge_margin_too_small,nan,0.015,"Stay because candidate Hedge weight advantage is too small: margin=nan, threshold=0.0150."
24383,507,pa_classifier,gaussian_nb,stay,False,hedge_margin_too_small,nan,0.015,"Stay because candidate Hedge weight advantage is too small: margin=nan, threshold=0.0150."
24431,508,pa_classifier,gaussian_nb,stay,False,hedge_margin_too_small,nan,0.015,"Stay because candidate Hedge weight advantage is too small: margin=nan, threshold=0.0150."
24479,509,pa_classifier,gaussian_nb,stay,False,hedge_margin_too_small,nan,0.015,"Stay because candidate Hedge weight advantage is too small: margin=nan, threshold=0.0150."
24527,510,pa_classifier,gaussian_nb,stay,False,hedge_margin_too_small,nan,0.015,"Stay because candidate Hedge weight advantage is too small: margin=nan, threshold=0.0150."
24575,511,pa_classifier,gaussian_nb,stay,False,hedge_margin_too_small,nan,0.015,"Stay because candidate Hedge weight advantage is too small: margin=nan, threshold=0.0150."
24623,512,pa_classifier,gaussian_nb,stay,False,hedge_margin_too_small,nan,0.015,"Stay because candidate Hedge weight advantage is too small: margin=nan, threshold=0.0150."
24671,513,pa_classifier,gaussian_nb,stay,False,hedge_margin_too_small,nan,0.015,"Stay because candidate Hedge weight advantage is too small: margin=nan, threshold=0.0150."
24719,514,pa_classifier,gaussian_nb,stay,False,hedge_margin_too_small,nan,0.015,"Stay because candidate Hedge weight advantage is too small: margin=nan, threshold=0.0150."
24767,515,pa_classifier,gaussian_nb,stay,False,hedge_margin_too_small,nan,0.015,"Stay because candidate Hedge weight advantage is too small: margin=nan, threshold=0.0150."
24815,516,pa_classifier,gaussian_nb,stay,False,hedge_margin_too_small,nan,0.015,"Stay because candidate Hedge weight advantage is too small: margin=nan, threshold=0.0150."
24863,517,pa_classifier,gaussian_nb,stay,False,hedge_margin_too_small,nan,0.015,"Stay because candidate Hedge weight advantage is too small: margin=nan, threshold=0.0150."
24911,518,pa_classifier,gaussian_nb,stay,False,hedge_margin_too_small,nan,0.015,"Stay because candidate Hedge weight advantage is too small: margin=nan, threshold=0.0150."
24959,519,pa_classifier,gaussian_nb,stay,False,hedge_margin_too_small,nan,0.015,"Stay because candidate Hedge weight advantage is too small: margin=nan, threshold=0.0150."
25007,520,pa_classifier,gaussian_nb,stay,False,hedge_margin_too_small,nan,0.015,"Stay because candidate Hedge weight advantage is too small: margin=nan, threshold=0.0150."
25055,521,pa_classifier,gaussian_nb,stay,False,hedge_margin_too_small,nan,0.015,"Stay because candidate Hedge weight advantage is too small: margin=nan, threshold=0.0150."
25103,522,pa_classifier,gaussian_nb,stay,False,hedge_margin_too_small,nan,0.015,"Stay because candidate Hedge weight advantage is too small: margin=nan, threshold=0.0150."
25151,523,pa_classifier,gaussian_nb,stay,False,hedge_margin_too_small,nan,0.015,"Stay because candidate Hedge weight advantage is too small: margin=nan, threshold=0.0150."
25199,524,pa_classifier,gaussian_nb,stay,False,hedge_margin_too_small,nan,0.015,"Stay because candidate Hedge weight advantage is too small: margin=nan, threshold=0.0150."
25247,525,pa_classifier,gaussian_nb,stay,False,hedge_margin_too_small,nan,0.015,"Stay because candidate Hedge weight advantage is too small: margin=nan, threshold=0.0150."
25295,526,pa_classifier,gaussian_nb,stay,False,hedge_margin_too_small,nan,0.015,"Stay because candidate Hedge weight advantage is too small: margin=nan, threshold=0.0150."
25343,527,pa_classifier,gaussian_nb,stay,False,hedge_margin_too_small,nan,0.015,"Stay because candidate Hedge weight advantage is too small: margin=nan, threshold=0.0150."
25391,528,pa_classifier,gaussian_nb,stay,False,hedge_margin_too_small,nan,0.015,"Stay because candidate Hedge weight advantage is too small: margin=nan, threshold=0.0150."
25439,529,pa_classifier,gaussian_nb,stay,False,hedge_margin_too_small,nan,0.015,"Stay because candidate Hedge weight advantage is too small: margin=nan, threshold=0.0150."
25487,530,pa_classifier,gaussian_nb,stay,False,hedge_margin_too_small,nan,0.015,"Stay because candidate Hedge weight advantage is too small: margin=nan, threshold=0.0150."
25535,531,pa_classifier,gaussian_nb,stay,False,hedge_margin_too_small,nan,0.015,"Stay because candidate Hedge weight advantage is too small: margin=nan, threshold=0.0150."
25583,532,pa_classifier,gaussian_nb,stay,False,hedge_margin_too_small,nan,0.015,"Stay because candidate Hedge weight advantage is too small: margin=nan, threshold=0.0150."
25631,533,pa_classifier,gaussian_nb,stay,False,hedge_margin_too_small,nan,0.015,"Stay because candidate Hedge weight advantage is too small: margin=nan, threshold=0.0150."
25679,534,pa_classifier,gaussian_nb,stay,False,hedge_margin_too_small,nan,0.015,"Stay because candidate Hedge weight advantage is too small: margin=nan, threshold=0.0150."
25727,535,pa_classifier,gaussian_nb,stay,False,hedge_margin_too_small,nan,0.015,"Stay because candidate Hedge weight advantage is too small: margin=nan, threshold=0.0150."
25775,536,pa_classifier,gaussian_nb,stay,False,hedge_margin_too_small,nan,0.015,"Stay because candidate Hedge weight advantage is too small: margin=nan, threshold=0.0150."
25823,537,pa_classifier,gaussian_nb,stay,False,hedge_margin_too_small,nan,0.015,"Stay because candidate Hedge weight advantage is too small: margin=nan, threshold=0.0150."
25871,538,pa_classifier,gaussian_nb,stay,False,hedge_margin_too_small,nan,0.015,"Stay because candidate Hedge weight advantage is too small: margin=nan, threshold=0.0150."
25919,539,pa_classifier,gaussian_nb,stay,False,hedge_margin_too_small,nan,0.015,"Stay because candidate Hedge weight advantage is too small: margin=nan, threshold=0.0150."
25967,540,pa_classifier,gaussian_nb,stay,False,hedge_margin_too_small,nan,0.015,"Stay because candidate Hedge weight advantage is too small: margin=nan, threshold=0.0150."
26015,541,pa_classifier,gaussian_nb,stay,False,hedge_margin_too_small,nan,0.015,"Stay because candidate Hedge weight advantage is too small: margin=nan, threshold=0.0150."
26063,542,pa_classifier,gaussian_nb,stay,False,hedge_margin_too_small,nan,0.015,"Stay because candidate Hedge weight advantage is too small: margin=nan, threshold=0.0150."
26111,543,pa_classifier,gaussian_nb,stay,False,hedge_margin_too_small,nan,0.015,"Stay because candidate Hedge weight advantage is too small: margin=nan, threshold=0.0150."
26159,544,pa_classifier,gaussian_nb,stay,False,hedge_margin_too_small,nan,0.015,"Stay because candidate Hedge weight advantage is too small: margin=nan, threshold=0.0150."
26207,545,pa_classifier,gaussian_nb,stay,False,hedge_margin_too_small,nan,0.015,"Stay because candidate Hedge weight advantage is too small: margin=nan, threshold=0.0150."
26255,546,pa_classifier,gaussian_nb,stay,False,hedge_margin_too_small,nan,0.015,"Stay because candidate Hedge weight advantage is too small: margin=nan, threshold=0.0150."
26303,547,pa_classifier,gaussian_nb,stay,False,hedge_margin_too_small,nan,0.015,"Stay because candidate Hedge weight advantage is too small: margin=nan, threshold=0.0150."
26351,548,pa_classifier,gaussian_nb,stay,False,hedge_margin_too_small,nan,0.015,"Stay because candidate Hedge weight advantage is too small: margin=nan, threshold=0.0150."
26399,549,pa_classifier,gaussian_nb,stay,False,hedge_margin_too_small,nan,0.015,"Stay because candidate Hedge weight advantage is too small: margin=nan, threshold=0.0150."
26447,550,pa_classifier,gaussian_nb,stay,False,hedge_margin_too_small,nan,0.015,"Stay because candidate Hedge weight advantage is too small: margin=nan, threshold=0.0150."
26495,551,pa_classifier,gaussian_nb,stay,False,hedge_margin_too_small,nan,0.015,"Stay because candidate Hedge weight advantage is too small: margin=nan, threshold=0.0150."
26543,552,pa_classifier,gaussian_nb,stay,False,hedge_margin_too_small,nan,0.015,"Stay because candidate Hedge weight advantage is too small: margin=nan, threshold=0.0150."
26591,553,pa_classifier,gaussian_nb,stay,False,hedge_margin_too_small,nan,0.015,"Stay because candidate Hedge weight advantage is too small: margin=nan, threshold=0.0150."
26639,554,pa_classifier,gaussian_nb,stay,False,hedge_margin_too_small,nan,0.015,"Stay because candidate Hedge weight advantage is too small: margin=nan, threshold=0.0150."
26687,555,pa_classifier,gaussian_nb,stay,False,hedge_margin_too_small,nan,0.015,"Stay because candidate Hedge weight advantage is too small: margin=nan, threshold=0.0150."
26735,556,pa_classifier,gaussian_nb,stay,False,hedge_margin_too_small,nan,0.015,"Stay because candidate Hedge weight advantage is too small: margin=nan, threshold=0.0150."
26783,557,pa_classifier,gaussian_nb,stay,False,hedge_margin_too_small,nan,0.015,"Stay because candidate Hedge weight advantage is too small: margin=nan, threshold=0.0150."
26831,558,pa_classifier,gaussian_nb,stay,False,hedge_margin_too_small,nan,0.015,"Stay because candidate Hedge weight advantage is too small: margin=nan, threshold=0.0150."
26879,559,pa_classifier,gaussian_nb,stay,False,hedge_margin_too_small,nan,0.015,"Stay because candidate Hedge weight advantage is too small: margin=nan, threshold=0.0150."
26927,560,pa_classifier,gaussian_nb,stay,False,hedge_margin_too_small,nan,0.015,"Stay because candidate Hedge weight advantage is too small: margin=nan, threshold=0.0150."
26975,561,pa_classifier,gaussian_nb,stay,False,hedge_margin_too_small,nan,0.015,"Stay because candidate Hedge weight advantage is too small: margin=nan, threshold=0.0150."
27023,562,pa_classifier,gaussian_nb,stay,False,hedge_margin_too_small,nan,0.015,"Stay because candidate Hedge weight advantage is too small: margin=nan, threshold=0.0150."
27071,563,pa_classifier,gaussian_nb,stay,False,hedge_margin_too_small,nan,0.015,"Stay because candidate Hedge weight advantage is too small: margin=nan, threshold=0.0150."
27119,564,pa_classifier,gaussian_nb,stay,False,hedge_margin_too_small,nan,0.015,"Stay because candidate Hedge weight advantage is too small: margin=nan, threshold=0.0150."
27167,565,pa_classifier,gaussian_nb,stay,False,hedge_margin_too_small,nan,0.015,"Stay because candidate Hedge weight advantage is too small: margin=nan, threshold=0.0150."
27215,566,pa_classifier,gaussian_nb,stay,False,hedge_margin_too_small,nan,0.015,"Stay because candidate Hedge weight advantage is too small: margin=nan, threshold=0.0150."
27263,567,pa_classifier,gaussian_nb,stay,False,hedge_margin_too_small,nan,0.015,"Stay because candidate Hedge weight advantage is too small: margin=nan, threshold=0.0150."
27311,568,pa_classifier,gaussian_nb,stay,False,hedge_margin_too_small,nan,0.015,"Stay because candidate Hedge weight advantage is too small: margin=nan, threshold=0.0150."
27359,569,pa_classifier,gaussian_nb,stay,False,hedge_margin_too_small,nan,0.015,"Stay because candidate Hedge weight advantage is too small: margin=nan, threshold=0.0150."
27407,570,pa_classifier,gaussian_nb,stay,False,hedge_margin_too_small,nan,0.015,"Stay because candidate Hedge weight advantage is too small: margin=nan, threshold=0.0150."
27455,571,pa_classifier,gaussian_nb,stay,False,hedge_margin_too_small,nan,0.015,"Stay because candidate Hedge weight advantage is too small: margin=nan, threshold=0.0150."
27503,572,pa_classifier,gaussian_nb,stay,False,hedge_margin_too_small,nan,0.015,"Stay because candidate Hedge weight advantage is too small: margin=nan, threshold=0.0150."
27551,573,pa_classifier,gaussian_nb,stay,False,hedge_margin_too_small,nan,0.015,"Stay because candidate Hedge weight advantage is too small: margin=nan, threshold=0.0150."
27599,574,pa_classifier,gaussian_nb,stay,False,hedge_margin_too_small,nan,0.015,"Stay because candidate Hedge weight advantage is too small: margin=nan, threshold=0.0150."
27647,575,pa_classifier,gaussian_nb,stay,False,hedge_margin_too_small,nan,0.015,"Stay because candidate Hedge weight advantage is too small: margin=nan, threshold=0.0150."
27695,576,pa_classifier,gaussian_nb,stay,False,hedge_margin_too_small,nan,0.015,"Stay because candidate Hedge weight advantage is too small: margin=nan, threshold=0.0150."
27743,577,pa_classifier,gaussian_nb,stay,False,hedge_margin_too_small,nan,0.015,"Stay because candidate Hedge weight advantage is too small: margin=nan, threshold=0.0150."
27791,578,pa_classifier,gaussian_nb,stay,False,hedge_margin_too_small,nan,0.015,"Stay because candidate Hedge weight advantage is too small: margin=nan, threshold=0.0150."
27839,579,pa_classifier,gaussian_nb,stay,False,hedge_margin_too_small,nan,0.015,"Stay because candidate Hedge weight advantage is too small: margin=nan, threshold=0.0150."
27887,580,pa_classifier,gaussian_nb,stay,False,hedge_margin_too_small,nan,0.015,"Stay because candidate Hedge weight advantage is too small: margin=nan, threshold=0.0150."
27935,581,pa_classifier,gaussian_nb,stay,False,hedge_margin_too_small,nan,0.015,"Stay because candidate Hedge weight advantage is too small: margin=nan, threshold=0.0150."
27983,582,pa_classifier,gaussian_nb,stay,False,hedge_margin_too_small,nan,0.015,"Stay because candidate Hedge weight advantage is too small: margin=nan, threshold=0.0150."
28031,583,pa_classifier,gaussian_nb,stay,False,hedge_margin_too_small,nan,0.015,"Stay because candidate Hedge weight advantage is too small: margin=nan, threshold=0.0150."
28079,584,pa_classifier,gaussian_nb,stay,False,hedge_margin_too_small,nan,0.015,"Stay because candidate Hedge weight advantage is too small: margin=nan, threshold=0.0150."
28127,585,pa_classifier,gaussian_nb,stay,False,hedge_margin_too_small,nan,0.015,"Stay because candidate Hedge weight advantage is too small: margin=nan, threshold=0.0150."
28175,586,pa_classifier,gaussian_nb,stay,False,hedge_margin_too_small,nan,0.015,"Stay because candidate Hedge weight advantage is too small: margin=nan, threshold=0.0150."
28223,587,pa_classifier,gaussian_nb,stay,False,hedge_margin_too_small,nan,0.015,"Stay because candidate Hedge weight advantage is too small: margin=nan, threshold=0.0150."
28271,588,pa_classifier,gaussian_nb,stay,False,hedge_margin_too_small,nan,0.015,"Stay because candidate Hedge weight advantage is too small: margin=nan, threshold=0.0150."
28319,589,pa_classifier,gaussian_nb,stay,False,hedge_margin_too_small,nan,0.015,"Stay because candidate Hedge weight advantage is too small: margin=nan, threshold=0.0150."
28367,590,pa_classifier,gaussian_nb,stay,False,hedge_margin_too_small,nan,0.015,"Stay because candidate Hedge weight advantage is too small: margin=nan, threshold=0.0150."
28415,591,pa_classifier,gaussian_nb,stay,False,hedge_margin_too_small,nan,0.015,"Stay because candidate Hedge weight advantage is too small: margin=nan, threshold=0.0150."
28463,592,pa_classifier,gaussian_nb,stay,False,hedge_margin_too_small,nan,0.015,"Stay because candidate Hedge weight advantage is too small: margin=nan, threshold=0.0150."
28511,593,pa_classifier,gaussian_nb,stay,False,hedge_margin_too_small,nan,0.015,"Stay because candidate Hedge weight advantage is too small: margin=nan, threshold=0.0150."
28559,594,pa_classifier,gaussian_nb,stay,False,hedge_margin_too_small,nan,0.015,"Stay because candidate Hedge weight advantage is too small: margin=nan, threshold=0.0150."
28607,595,pa_classifier,gaussian_nb,stay,False,hedge_margin_too_small,nan,0.015,"Stay because candidate Hedge weight advantage is too small: margin=nan, threshold=0.0150."
28655,596,pa_classifier,gaussian_nb,stay,False,hedge_margin_too_small,nan,0.015,"Stay because candidate Hedge weight advantage is too small: margin=nan, threshold=0.0150."
28703,597,pa_classifier,gaussian_nb,stay,False,hedge_margin_too_small,nan,0.015,"Stay because candidate Hedge weight advantage is too small: margin=nan, threshold=0.0150."
28751,598,pa_classifier,gaussian_nb,stay,False,hedge_margin_too_small,nan,0.015,"Stay because candidate Hedge weight advantage is too small: margin=nan, threshold=0.0150."
28799,599,pa_classifier,gaussian_nb,stay,False,hedge_margin_too_small,nan,0.015,"Stay because candidate Hedge weight advantage is too small: margin=nan, threshold=0.0150."
28847,600,pa_classifier,gaussian_nb,stay,False,hedge_margin_too_small,nan,0.015,"Stay because candidate Hedge weight advantage is too small: margin=nan, threshold=0.0150."
28895,601,pa_classifier,gaussian_nb,stay,False,hedge_margin_too_small,nan,0.015,"Stay because candidate Hedge weight advantage is too small: margin=nan, threshold=0.0150."
28943,602,pa_classifier,gaussian_nb,stay,False,hedge_margin_too_small,nan,0.015,"Stay because candidate Hedge weight advantage is too small: margin=nan, threshold=0.0150."
28991,603,pa_classifier,gaussian_nb,stay,False,hedge_margin_too_small,nan,0.015,"Stay because candidate Hedge weight advantage is too small: margin=nan, threshold=0.0150."
29039,604,pa_classifier,gaussian_nb,stay,False,hedge_margin_too_small,nan,0.015,"Stay because candidate Hedge weight advantage is too small: margin=nan, threshold=0.0150."
29087,605,pa_classifier,gaussian_nb,stay,False,hedge_margin_too_small,nan,0.015,"Stay because candidate Hedge weight advantage is too small: margin=nan, threshold=0.0150."
29135,606,pa_classifier,gaussian_nb,stay,False,hedge_margin_too_small,nan,0.015,"Stay because candidate Hedge weight advantage is too small: margin=nan, threshold=0.0150."
29183,607,pa_classifier,gaussian_nb,stay,False,hedge_margin_too_small,nan,0.015,"Stay because candidate Hedge weight advantage is too small: margin=nan, threshold=0.0150."
29231,608,pa_classifier,gaussian_nb,stay,False,hedge_margin_too_small,nan,0.015,"Stay because candidate Hedge weight advantage is too small: margin=nan, threshold=0.0150."
29279,609,pa_classifier,gaussian_nb,stay,False,hedge_margin_too_small,nan,0.015,"Stay because candidate Hedge weight advantage is too small: margin=nan, threshold=0.0150."
29327,610,pa_classifier,gaussian_nb,stay,False,hedge_margin_too_small,nan,0.015,"Stay because candidate Hedge weight advantage is too small: margin=nan, threshold=0.0150."
29375,611,pa_classifier,gaussian_nb,stay,False,hedge_margin_too_small,nan,0.015,"Stay because candidate Hedge weight advantage is too small: margin=nan, threshold=0.0150."
29423,612,pa_classifier,gaussian_nb,stay,False,hedge_margin_too_small,nan,0.015,"Stay because candidate Hedge weight advantage is too small: margin=nan, threshold=0.0150."
29471,613,pa_classifier,gaussian_nb,stay,False,hedge_margin_too_small,nan,0.015,"Stay because candidate Hedge weight advantage is too small: margin=nan, threshold=0.0150."
29519,614,pa_classifier,gaussian_nb,stay,False,hedge_margin_too_small,nan,0.015,"Stay because candidate Hedge weight advantage is too small: margin=nan, threshold=0.0150."
29567,615,pa_classifier,gaussian_nb,stay,False,hedge_margin_too_small,nan,0.015,"Stay because candidate Hedge weight advantage is too small: margin=nan, threshold=0.0150."
29615,616,pa_classifier,gaussian_nb,stay,False,hedge_margin_too_small,nan,0.015,"Stay because candidate Hedge weight advantage is too small: margin=nan, threshold=0.0150."
29663,617,pa_classifier,gaussian_nb,stay,False,hedge_margin_too_small,nan,0.015,"Stay because candidate Hedge weight advantage is too small: margin=nan, threshold=0.0150."
29711,618,pa_classifier,gaussian_nb,stay,False,hedge_margin_too_small,nan,0.015,"Stay because candidate Hedge weight advantage is too small: margin=nan, threshold=0.0150."
29759,619,pa_classifier,gaussian_nb,stay,False,hedge_margin_too_small,nan,0.015,"Stay because candidate Hedge weight advantage is too small: margin=nan, threshold=0.0150."
29807,620,pa_classifier,gaussian_nb,stay,False,hedge_margin_too_small,nan,0.015,"Stay because candidate Hedge weight advantage is too small: margin=nan, threshold=0.0150."
29855,621,pa_classifier,gaussian_nb,stay,False,hedge_margin_too_small,nan,0.015,"Stay because candidate Hedge weight advantage is too small: margin=nan, threshold=0.0150."
29903,622,pa_classifier,gaussian_nb,stay,False,hedge_margin_too_small,nan,0.015,"Stay because candidate Hedge weight advantage is too small: margin=nan, threshold=0.0150."
29951,623,pa_classifier,gaussian_nb,stay,False,hedge_margin_too_small,nan,0.015,"Stay because candidate Hedge weight advantage is too small: margin=nan, threshold=0.0150."
29999,624,pa_classifier,gaussian_nb,stay,False,hedge_margin_too_small,nan,0.015,"Stay because candidate Hedge weight advantage is too small: margin=nan, threshold=0.0150."
30047,625,pa_classifier,gaussian_nb,stay,False,hedge_margin_too_small,nan,0.015,"Stay because candidate Hedge weight advantage is too small: margin=nan, threshold=0.0150."
30095,626,pa_classifier,gaussian_nb,stay,False,hedge_margin_too_small,nan,0.015,"Stay because candidate Hedge weight advantage is too small: margin=nan, threshold=0.0150."
30143,627,pa_classifier,gaussian_nb,stay,False,hedge_margin_too_small,nan,0.015,"Stay because candidate Hedge weight advantage is too small: margin=nan, threshold=0.0150."
30191,628,pa_classifier,gaussian_nb,stay,False,hedge_margin_too_small,nan,0.015,"Stay because candidate Hedge weight advantage is too small: margin=nan, threshold=0.0150."
30239,629,pa_classifier,gaussian_nb,stay,False,hedge_margin_too_small,nan,0.015,"Stay because candidate Hedge weight advantage is too small: margin=nan, threshold=0.0150."
30287,630,pa_classifier,gaussian_nb,stay,False,hedge_margin_too_small,nan,0.015,"Stay because candidate Hedge weight advantage is too small: margin=nan, threshold=0.0150."
30335,631,pa_classifier,gaussian_nb,stay,False,hedge_margin_too_small,nan,0.015,"Stay because candidate Hedge weight advantage is too small: margin=nan, threshold=0.0150."
30383,632,pa_classifier,gaussian_nb,stay,False,hedge_margin_too_small,nan,0.015,"Stay because candidate Hedge weight advantage is too small: margin=nan, threshold=0.0150."
30431,633,pa_classifier,gaussian_nb,stay,False,hedge_margin_too_small,nan,0.015,"Stay because candidate Hedge weight advantage is too small: margin=nan, threshold=0.0150."
30479,634,pa_classifier,gaussian_nb,stay,False,hedge_margin_too_small,nan,0.015,"Stay because candidate Hedge weight advantage is too small: margin=nan, threshold=0.0150."
30527,635,pa_classifier,gaussian_nb,stay,False,hedge_margin_too_small,nan,0.015,"Stay because candidate Hedge weight advantage is too small: margin=nan, threshold=0.0150."
30575,636,pa_classifier,gaussian_nb,stay,False,hedge_margin_too_small,nan,0.015,"Stay because candidate Hedge weight advantage is too small: margin=nan, threshold=0.0150."
30623,637,pa_classifier,gaussian_nb,stay,False,hedge_margin_too_small,nan,0.015,"Stay because candidate Hedge weight advantage is too small: margin=nan, threshold=0.0150."
30671,638,pa_classifier,gaussian_nb,stay,False,hedge_margin_too_small,nan,0.015,"Stay because candidate Hedge weight advantage is too small: margin=nan, threshold=0.0150."
30719,639,pa_classifier,gaussian_nb,stay,False,hedge_margin_too_small,nan,0.015,"Stay because candidate Hedge weight advantage is too small: margin=nan, threshold=0.0150."
30767,640,pa_classifier,gaussian_nb,stay,False,hedge_margin_too_small,nan,0.015,"Stay because candidate Hedge weight advantage is too small: margin=nan, threshold=0.0150."
30815,641,pa_classifier,gaussian_nb,stay,False,hedge_margin_too_small,nan,0.015,"Stay because candidate Hedge weight advantage is too small: margin=nan, threshold=0.0150."
30863,642,pa_classifier,gaussian_nb,stay,False,hedge_margin_too_small,nan,0.015,"Stay because candidate Hedge weight advantage is too small: margin=nan, threshold=0.0150."
30911,643,pa_classifier,gaussian_nb,stay,False,hedge_margin_too_small,nan,0.015,"Stay because candidate Hedge weight advantage is too small: margin=nan, threshold=0.0150."
30959,644,pa_classifier,gaussian_nb,stay,False,hedge_margin_too_small,nan,0.015,"Stay because candidate Hedge weight advantage is too small: margin=nan, threshold=0.0150."
31007,645,pa_classifier,gaussian_nb,stay,False,hedge_margin_too_small,nan,0.015,"Stay because candidate Hedge weight advantage is too small: margin=nan, threshold=0.0150."
31055,646,pa_classifier,gaussian_nb,stay,False,hedge_margin_too_small,nan,0.015,"Stay because candidate Hedge weight advantage is too small: margin=nan, threshold=0.0150."
31103,647,pa_classifier,gaussian_nb,stay,False,hedge_margin_too_small,nan,0.015,"Stay because candidate Hedge weight advantage is too small: margin=nan, threshold=0.0150."
31151,648,pa_classifier,gaussian_nb,stay,False,hedge_margin_too_small,nan,0.015,"Stay because candidate Hedge weight advantage is too small: margin=nan, threshold=0.0150."
31199,649,pa_classifier,gaussian_nb,stay,False,hedge_margin_too_small,nan,0.015,"Stay because candidate Hedge weight advantage is too small: margin=nan, threshold=0.0150."
31247,650,pa_classifier,gaussian_nb,stay,False,hedge_margin_too_small,nan,0.015,"Stay because candidate Hedge weight advantage is too small: margin=nan, threshold=0.0150."
31295,651,pa_classifier,gaussian_nb,stay,False,hedge_margin_too_small,nan,0.015,"Stay because candidate Hedge weight advantage is too small: margin=nan, threshold=0.0150."
31343,652,pa_classifier,gaussian_nb,stay,False,hedge_margin_too_small,nan,0.015,"Stay because candidate Hedge weight advantage is too small: margin=nan, threshold=0.0150."
31391,653,pa_classifier,gaussian_nb,stay,False,hedge_margin_too_small,nan,0.015,"Stay because candidate Hedge weight advantage is too small: margin=nan, threshold=0.0150."
31439,654,pa_classifier,gaussian_nb,stay,False,hedge_margin_too_small,nan,0.015,"Stay because candidate Hedge weight advantage is too small: margin=nan, threshold=0.0150."
31487,655,pa_classifier,gaussian_nb,stay,False,hedge_margin_too_small,nan,0.015,"Stay because candidate Hedge weight advantage is too small: margin=nan, threshold=0.0150."
31535,656,pa_classifier,gaussian_nb,stay,False,hedge_margin_too_small,nan,0.015,"Stay because candidate Hedge weight advantage is too small: margin=nan, threshold=0.0150."
31583,657,pa_classifier,gaussian_nb,stay,False,hedge_margin_too_small,nan,0.015,"Stay because candidate Hedge weight advantage is too small: margin=nan, threshold=0.0150."
31631,658,pa_classifier,gaussian_nb,stay,False,hedge_margin_too_small,nan,0.015,"Stay because candidate Hedge weight advantage is too small: margin=nan, threshold=0.0150."
31679,659,pa_classifier,gaussian_nb,stay,False,hedge_margin_too_small,nan,0.015,"Stay because candidate Hedge weight advantage is too small: margin=nan, threshold=0.0150."
31727,660,pa_classifier,gaussian_nb,stay,False,hedge_margin_too_small,nan,0.015,"Stay because candidate Hedge weight advantage is too small: margin=nan, threshold=0.0150."
31775,661,pa_classifier,gaussian_nb,stay,False,hedge_margin_too_small,nan,0.015,"Stay because candidate Hedge weight advantage is too small: margin=nan, threshold=0.0150."
31823,662,pa_classifier,gaussian_nb,stay,False,hedge_margin_too_small,nan,0.015,"Stay because candidate Hedge weight advantage is too small: margin=nan, threshold=0.0150."
31871,663,pa_classifier,gaussian_nb,stay,False,hedge_margin_too_small,nan,0.015,"Stay because candidate Hedge weight advantage is too small: margin=nan, threshold=0.0150."
31919,664,pa_classifier,gaussian_nb,stay,False,hedge_margin_too_small,nan,0.015,"Stay because candidate Hedge weight advantage is too small: margin=nan, threshold=0.0150."
31967,665,pa_classifier,gaussian_nb,stay,False,hedge_margin_too_small,nan,0.015,"Stay because candidate Hedge weight advantage is too small: margin=nan, threshold=0.0150."
32015,666,pa_classifier,gaussian_nb,stay,False,hedge_margin_too_small,nan,0.015,"Stay because candidate Hedge weight advantage is too small: margin=nan, threshold=0.0150."
32063,667,pa_classifier,gaussian_nb,stay,False,hedge_margin_too_small,nan,0.015,"Stay because candidate Hedge weight advantage is too small: margin=nan, threshold=0.0150."
32111,668,pa_classifier,gaussian_nb,stay,False,hedge_margin_too_small,nan,0.015,"Stay because candidate Hedge weight advantage is too small: margin=nan, threshold=0.0150."
32159,669,pa_classifier,gaussian_nb,stay,False,hedge_margin_too_small,nan,0.015,"Stay because candidate Hedge weight advantage is too small: margin=nan, threshold=0.0150."
32207,670,pa_classifier,gaussian_nb,stay,False,hedge_margin_too_small,nan,0.015,"Stay because candidate Hedge weight advantage is too small: margin=nan, threshold=0.0150."
32255,671,pa_classifier,gaussian_nb,stay,False,hedge_margin_too_small,nan,0.015,"Stay because candidate Hedge weight advantage is too small: margin=nan, threshold=0.0150."
32303,672,pa_classifier,gaussian_nb,stay,False,hedge_margin_too_small,nan,0.015,"Stay because candidate Hedge weight advantage is too small: margin=nan, threshold=0.0150."
32351,673,pa_classifier,gaussian_nb,stay,False,hedge_margin_too_small,nan,0.015,"Stay because candidate Hedge weight advantage is too small: margin=nan, threshold=0.0150."
32399,674,pa_classifier,gaussian_nb,stay,False,hedge_margin_too_small,nan,0.015,"Stay because candidate Hedge weight advantage is too small: margin=nan, threshold=0.0150."
32447,675,pa_classifier,gaussian_nb,stay,False,hedge_margin_too_small,nan,0.015,"Stay because candidate Hedge weight advantage is too small: margin=nan, threshold=0.0150."
32495,676,pa_classifier,gaussian_nb,stay,False,hedge_margin_too_small,nan,0.015,"Stay because candidate Hedge weight advantage is too small: margin=nan, threshold=0.0150."
32543,677,pa_classifier,gaussian_nb,stay,False,hedge_margin_too_small,nan,0.015,"Stay because candidate Hedge weight advantage is too small: margin=nan, threshold=0.0150."
32591,678,pa_classifier,gaussian_nb,stay,False,hedge_margin_too_small,nan,0.015,"Stay because candidate Hedge weight advantage is too small: margin=nan, threshold=0.0150."
32639,679,pa_classifier,gaussian_nb,stay,False,hedge_margin_too_small,nan,0.015,"Stay because candidate Hedge weight advantage is too small: margin=nan, threshold=0.0150."
32687,680,pa_classifier,gaussian_nb,stay,False,hedge_margin_too_small,nan,0.015,"Stay because candidate Hedge weight advantage is too small: margin=nan, threshold=0.0150."
32735,681,pa_classifier,gaussian_nb,stay,False,hedge_margin_too_small,nan,0.015,"Stay because candidate Hedge weight advantage is too small: margin=nan, threshold=0.0150."
32783,682,pa_classifier,gaussian_nb,stay,False,hedge_margin_too_small,nan,0.015,"Stay because candidate Hedge weight advantage is too small: margin=nan, threshold=0.0150."
32831,683,pa_classifier,gaussian_nb,stay,False,hedge_margin_too_small,nan,0.015,"Stay because candidate Hedge weight advantage is too small: margin=nan, threshold=0.0150."
32879,684,pa_classifier,gaussian_nb,stay,False,hedge_margin_too_small,nan,0.015,"Stay because candidate Hedge weight advantage is too small: margin=nan, threshold=0.0150."
32927,685,pa_classifier,gaussian_nb,stay,False,hedge_margin_too_small,nan,0.015,"Stay because candidate Hedge weight advantage is too small: margin=nan, threshold=0.0150."
32975,686,pa_classifier,gaussian_nb,stay,False,hedge_margin_too_small,nan,0.015,"Stay because candidate Hedge weight advantage is too small: margin=nan, threshold=0.0150."
33023,687,pa_classifier,gaussian_nb,stay,False,hedge_margin_too_small,nan,0.015,"Stay because candidate Hedge weight advantage is too small: margin=nan, threshold=0.0150."
33071,688,pa_classifier,gaussian_nb,stay,False,hedge_margin_too_small,nan,0.015,"Stay because candidate Hedge weight advantage is too small: margin=nan, threshold=0.0150."
33119,689,pa_classifier,gaussian_nb,stay,False,hedge_margin_too_small,nan,0.015,"Stay because candidate Hedge weight advantage is too small: margin=nan, threshold=0.0150."
33167,690,pa_classifier,gaussian_nb,stay,False,hedge_margin_too_small,nan,0.015,"Stay because candidate Hedge weight advantage is too small: margin=nan, threshold=0.0150."
33215,691,pa_classifier,gaussian_nb,stay,False,hedge_margin_too_small,nan,0.015,"Stay because candidate Hedge weight advantage is too small: margin=nan, threshold=0.0150."
33263,692,pa_classifier,gaussian_nb,stay,False,hedge_margin_too_small,nan,0.015,"Stay because candidate Hedge weight advantage is too small: margin=nan, threshold=0.0150."
33311,693,pa_classifier,gaussian_nb,stay,False,hedge_margin_too_small,nan,0.015,"Stay because candidate Hedge weight advantage is too small: margin=nan, threshold=0.0150."
33359,694,pa_classifier,gaussian_nb,stay,False,hedge_margin_too_small,nan,0.015,"Stay because candidate Hedge weight advantage is too small: margin=nan, threshold=0.0150."
33407,695,pa_classifier,gaussian_nb,stay,False,hedge_margin_too_small,nan,0.015,"Stay because candidate Hedge weight advantage is too small: margin=nan, threshold=0.0150."
33455,696,pa_classifier,gaussian_nb,stay,False,hedge_margin_too_small,nan,0.015,"Stay because candidate Hedge weight advantage is too small: margin=nan, threshold=0.0150."
33503,697,pa_classifier,gaussian_nb,stay,False,hedge_margin_too_small,nan,0.015,"Stay because candidate Hedge weight advantage is too small: margin=nan, threshold=0.0150."
33551,698,pa_classifier,gaussian_nb,stay,False,hedge_margin_too_small,nan,0.015,"Stay because candidate Hedge weight advantage is too small: margin=nan, threshold=0.0150."
33599,699,pa_classifier,gaussian_nb,stay,False,hedge_margin_too_small,nan,0.015,"Stay because candidate Hedge weight advantage is too small: margin=nan, threshold=0.0150."
33647,700,pa_classifier,gaussian_nb,stay,False,hedge_margin_too_small,nan,0.015,"Stay because candidate Hedge weight advantage is too small: margin=nan, threshold=0.0150."
33695,701,pa_classifier,gaussian_nb,stay,False,hedge_margin_too_small,nan,0.015,"Stay because candidate Hedge weight advantage is too small: margin=nan, threshold=0.0150."
33743,702,pa_classifier,gaussian_nb,stay,False,hedge_margin_too_small,nan,0.015,"Stay because candidate Hedge weight advantage is too small: margin=nan, threshold=0.0150."
33791,703,pa_classifier,gaussian_nb,stay,False,hedge_margin_too_small,nan,0.015,"Stay because candidate Hedge weight advantage is too small: margin=nan, threshold=0.0150."
33839,704,pa_classifier,gaussian_nb,stay,False,hedge_margin_too_small,nan,0.015,"Stay because candidate Hedge weight advantage is too small: margin=nan, threshold=0.0150."
33887,705,pa_classifier,gaussian_nb,stay,False,hedge_margin_too_small,nan,0.015,"Stay because candidate Hedge weight advantage is too small: margin=nan, threshold=0.0150."
33935,706,pa_classifier,gaussian_nb,stay,False,hedge_margin_too_small,nan,0.015,"Stay because candidate Hedge weight advantage is too small: margin=nan, threshold=0.0150."
33983,707,pa_classifier,gaussian_nb,stay,False,hedge_margin_too_small,nan,0.015,"Stay because candidate Hedge weight advantage is too small: margin=nan, threshold=0.0150."
34031,708,pa_classifier,gaussian_nb,stay,False,hedge_margin_too_small,nan,0.015,"Stay because candidate Hedge weight advantage is too small: margin=nan, threshold=0.0150."
34079,709,pa_classifier,gaussian_nb,stay,False,hedge_margin_too_small,nan,0.015,"Stay because candidate Hedge weight advantage is too small: margin=nan, threshold=0.0150."
34127,710,pa_classifier,gaussian_nb,stay,False,hedge_margin_too_small,nan,0.015,"Stay because candidate Hedge weight advantage is too small: margin=nan, threshold=0.0150."
34175,711,pa_classifier,gaussian_nb,stay,False,hedge_margin_too_small,nan,0.015,"Stay because candidate Hedge weight advantage is too small: margin=nan, threshold=0.0150."
34223,712,pa_classifier,gaussian_nb,stay,False,hedge_margin_too_small,nan,0.015,"Stay because candidate Hedge weight advantage is too small: margin=nan, threshold=0.0150."
34271,713,pa_classifier,gaussian_nb,stay,False,hedge_margin_too_small,nan,0.015,"Stay because candidate Hedge weight advantage is too small: margin=nan, threshold=0.0150."
34319,714,pa_classifier,gaussian_nb,stay,False,hedge_margin_too_small,nan,0.015,"Stay because candidate Hedge weight advantage is too small: margin=nan, threshold=0.0150."
34367,715,pa_classifier,gaussian_nb,stay,False,hedge_margin_too_small,nan,0.015,"Stay because candidate Hedge weight advantage is too small: margin=nan, threshold=0.0150."
34415,716,pa_classifier,gaussian_nb,stay,False,hedge_margin_too_small,nan,0.015,"Stay because candidate Hedge weight advantage is too small: margin=nan, threshold=0.0150."
34463,717,pa_classifier,gaussian_nb,stay,False,hedge_margin_too_small,nan,0.015,"Stay because candidate Hedge weight advantage is too small: margin=nan, threshold=0.0150."
34511,718,pa_classifier,gaussian_nb,stay,False,hedge_margin_too_small,nan,0.015,"Stay because candidate Hedge weight advantage is too small: margin=nan, threshold=0.0150."
34559,719,pa_classifier,gaussian_nb,stay,False,hedge_margin_too_small,nan,0.015,"Stay because candidate Hedge weight advantage is too small: margin=nan, threshold=0.0150."
34607,720,pa_classifier,gaussian_nb,stay,False,hedge_margin_too_small,nan,0.015,"Stay because candidate Hedge weight advantage is too small: margin=nan, threshold=0.0150."
34655,721,pa_classifier,gaussian_nb,stay,False,hedge_margin_too_small,nan,0.015,"Stay because candidate Hedge weight advantage is too small: margin=nan, threshold=0.0150."
34703,722,pa_classifier,gaussian_nb,stay,False,hedge_margin_too_small,nan,0.015,"Stay because candidate Hedge weight advantage is too small: margin=nan, threshold=0.0150."
34751,723,pa_classifier,gaussian_nb,stay,False,hedge_margin_too_small,nan,0.015,"Stay because candidate Hedge weight advantage is too small: margin=nan, threshold=0.0150."
34799,724,pa_classifier,gaussian_nb,stay,False,hedge_margin_too_small,nan,0.015,"Stay because candidate Hedge weight advantage is too small: margin=nan, threshold=0.0150."
34847,725,pa_classifier,gaussian_nb,stay,False,hedge_margin_too_small,nan,0.015,"Stay because candidate Hedge weight advantage is too small: margin=nan, threshold=0.0150."
34895,726,pa_classifier,gaussian_nb,stay,False,hedge_margin_too_small,nan,0.015,"Stay because candidate Hedge weight advantage is too small: margin=nan, threshold=0.0150."
34943,727,pa_classifier,gaussian_nb,stay,False,hedge_margin_too_small,nan,0.015,"Stay because candidate Hedge weight advantage is too small: margin=nan, threshold=0.0150."
34991,728,pa_classifier,gaussian_nb,stay,False,hedge_margin_too_small,nan,0.015,"Stay because candidate Hedge weight advantage is too small: margin=nan, threshold=0.0150."
35039,729,pa_classifier,gaussian_nb,stay,False,hedge_margin_too_small,nan,0.015,"Stay because candidate Hedge weight advantage is too small: margin=nan, threshold=0.0150."
35087,730,pa_classifier,gaussian_nb,stay,False,hedge_margin_too_small,nan,0.015,"Stay because candidate Hedge weight advantage is too small: margin=nan, threshold=0.0150."
35135,731,pa_classifier,gaussian_nb,stay,False,hedge_margin_too_small,nan,0.015,"Stay because candidate Hedge weight advantage is too small: margin=nan, threshold=0.0150."
35183,732,pa_classifier,gaussian_nb,stay,False,hedge_margin_too_small,nan,0.015,"Stay because candidate Hedge weight advantage is too small: margin=nan, threshold=0.0150."
35231,733,pa_classifier,gaussian_nb,stay,False,hedge_margin_too_small,nan,0.015,"Stay because candidate Hedge weight advantage is too small: margin=nan, threshold=0.0150."
35279,734,pa_classifier,gaussian_nb,stay,False,hedge_margin_too_small,nan,0.015,"Stay because candidate Hedge weight advantage is too small: margin=nan, threshold=0.0150."
35327,735,pa_classifier,gaussian_nb,stay,False,hedge_margin_too_small,nan,0.015,"Stay because candidate Hedge weight advantage is too small: margin=nan, threshold=0.0150."
35375,736,pa_classifier,gaussian_nb,stay,False,hedge_margin_too_small,nan,0.015,"Stay because candidate Hedge weight advantage is too small: margin=nan, threshold=0.0150."
35423,737,pa_classifier,gaussian_nb,stay,False,hedge_margin_too_small,nan,0.015,"Stay because candidate Hedge weight advantage is too small: margin=nan, threshold=0.0150."
35471,738,pa_classifier,gaussian_nb,stay,False,hedge_margin_too_small,nan,0.015,"Stay because candidate Hedge weight advantage is too small: margin=nan, threshold=0.0150."
35519,739,pa_classifier,gaussian_nb,stay,False,hedge_margin_too_small,nan,0.015,"Stay because candidate Hedge weight advantage is too small: margin=nan, threshold=0.0150."
35567,740,pa_classifier,gaussian_nb,stay,False,hedge_margin_too_small,nan,0.015,"Stay because candidate Hedge weight advantage is too small: margin=nan, threshold=0.0150."
35615,741,pa_classifier,gaussian_nb,stay,False,hedge_margin_too_small,nan,0.015,"Stay because candidate Hedge weight advantage is too small: margin=nan, threshold=0.0150."
35663,742,pa_classifier,gaussian_nb,stay,False,hedge_margin_too_small,nan,0.015,"Stay because candidate Hedge weight advantage is too small: margin=nan, threshold=0.0150."
35711,743,pa_classifier,gaussian_nb,stay,False,hedge_margin_too_small,nan,0.015,"Stay because candidate Hedge weight advantage is too small: margin=nan, threshold=0.0150."
35759,744,pa_classifier,gaussian_nb,stay,False,hedge_margin_too_small,nan,0.015,"Stay because candidate Hedge weight advantage is too small: margin=nan, threshold=0.0150."
35807,745,pa_classifier,gaussian_nb,stay,False,hedge_margin_too_small,nan,0.015,"Stay because candidate Hedge weight advantage is too small: margin=nan, threshold=0.0150."
35855,746,pa_classifier,gaussian_nb,stay,False,hedge_margin_too_small,nan,0.015,"Stay because candidate Hedge weight advantage is too small: margin=nan, threshold=0.0150."
35903,747,pa_classifier,gaussian_nb,stay,False,hedge_margin_too_small,nan,0.015,"Stay because candidate Hedge weight advantage is too small: margin=nan, threshold=0.0150."
35951,748,pa_classifier,gaussian_nb,stay,False,hedge_margin_too_small,nan,0.015,"Stay because candidate Hedge weight advantage is too small: margin=nan, threshold=0.0150."
35999,749,pa_classifier,gaussian_nb,stay,False,hedge_margin_too_small,nan,0.015,"Stay because candidate Hedge weight advantage is too small: margin=nan, threshold=0.0150."
36047,750,pa_classifier,gaussian_nb,stay,False,hedge_margin_too_small,nan,0.015,"Stay because candidate Hedge weight advantage is too small: margin=nan, threshold=0.0150."
36095,751,pa_classifier,gaussian_nb,stay,False,hedge_margin_too_small,nan,0.015,"Stay because candidate Hedge weight advantage is too small: margin=nan, threshold=0.0150."
36143,752,pa_classifier,gaussian_nb,stay,False,hedge_margin_too_small,nan,0.015,"Stay because candidate Hedge weight advantage is too small: margin=nan, threshold=0.0150."
36191,753,pa_classifier,gaussian_nb,stay,False,hedge_margin_too_small,nan,0.015,"Stay because candidate Hedge weight advantage is too small: margin=nan, threshold=0.0150."
36239,754,pa_classifier,gaussian_nb,stay,False,hedge_margin_too_small,nan,0.015,"Stay because candidate Hedge weight advantage is too small: margin=nan, threshold=0.0150."
36287,755,pa_classifier,gaussian_nb,stay,False,hedge_margin_too_small,nan,0.015,"Stay because candidate Hedge weight advantage is too small: margin=nan, threshold=0.0150."
36335,756,pa_classifier,gaussian_nb,stay,False,hedge_margin_too_small,nan,0.015,"Stay because candidate Hedge weight advantage is too small: margin=nan, threshold=0.0150."
36383,757,pa_classifier,gaussian_nb,stay,False,hedge_margin_too_small,nan,0.015,"Stay because candidate Hedge weight advantage is too small: margin=nan, threshold=0.0150."
36431,758,pa_classifier,gaussian_nb,stay,False,hedge_margin_too_small,nan,0.015,"Stay because candidate Hedge weight advantage is too small: margin=nan, threshold=0.0150."
36479,759,pa_classifier,gaussian_nb,stay,False,hedge_margin_too_small,nan,0.015,"Stay because candidate Hedge weight advantage is too small: margin=nan, threshold=0.0150."
36527,760,pa_classifier,gaussian_nb,stay,False,hedge_margin_too_small,nan,0.015,"Stay because candidate Hedge weight advantage is too small: margin=nan, threshold=0.0150."
36575,761,pa_classifier,gaussian_nb,stay,False,hedge_margin_too_small,nan,0.015,"Stay because candidate Hedge weight advantage is too small: margin=nan, threshold=0.0150."
36623,762,pa_classifier,gaussian_nb,stay,False,hedge_margin_too_small,nan,0.015,"Stay because candidate Hedge weight advantage is too small: margin=nan, threshold=0.0150."
36671,763,pa_classifier,gaussian_nb,stay,False,hedge_margin_too_small,nan,0.015,"Stay because candidate Hedge weight advantage is too small: margin=nan, threshold=0.0150."
36719,764,pa_classifier,gaussian_nb,stay,False,hedge_margin_too_small,nan,0.015,"Stay because candidate Hedge weight advantage is too small: margin=nan, threshold=0.0150."
36767,765,pa_classifier,gaussian_nb,stay,False,hedge_margin_too_small,nan,0.015,"Stay because candidate Hedge weight advantage is too small: margin=nan, threshold=0.0150."
36815,766,pa_classifier,gaussian_nb,stay,False,hedge_margin_too_small,nan,0.015,"Stay because candidate Hedge weight advantage is too small: margin=nan, threshold=0.0150."
36863,767,pa_classifier,gaussian_nb,stay,False,hedge_margin_too_small,nan,0.015,"Stay because candidate Hedge weight advantage is too small: margin=nan, threshold=0.0150."
36911,768,pa_classifier,gaussian_nb,stay,False,hedge_margin_too_small,nan,0.015,"Stay because candidate Hedge weight advantage is too small: margin=nan, threshold=0.0150."
36959,769,pa_classifier,gaussian_nb,stay,False,hedge_margin_too_small,nan,0.015,"Stay because candidate Hedge weight advantage is too small: margin=nan, threshold=0.0150."
37007,770,pa_classifier,gaussian_nb,stay,False,hedge_margin_too_small,nan,0.015,"Stay because candidate Hedge weight advantage is too small: margin=nan, threshold=0.0150."
37055,771,pa_classifier,gaussian_nb,stay,False,hedge_margin_too_small,nan,0.015,"Stay because candidate Hedge weight advantage is too small: margin=nan, threshold=0.0150."
37103,772,pa_classifier,gaussian_nb,stay,False,hedge_margin_too_small,nan,0.015,"Stay because candidate Hedge weight advantage is too small: margin=nan, threshold=0.0150."
37151,773,pa_classifier,gaussian_nb,stay,False,hedge_margin_too_small,nan,0.015,"Stay because candidate Hedge weight advantage is too small: margin=nan, threshold=0.0150."
37199,774,pa_classifier,gaussian_nb,stay,False,hedge_margin_too_small,nan,0.015,"Stay because candidate Hedge weight advantage is too small: margin=nan, threshold=0.0150."
37247,775,pa_classifier,gaussian_nb,stay,False,hedge_margin_too_small,nan,0.015,"Stay because candidate Hedge weight advantage is too small: margin=nan, threshold=0.0150."
37295,776,pa_classifier,gaussian_nb,stay,False,hedge_margin_too_small,nan,0.015,"Stay because candidate Hedge weight advantage is too small: margin=nan, threshold=0.0150."
37343,777,pa_classifier,gaussian_nb,stay,False,hedge_margin_too_small,nan,0.015,"Stay because candidate Hedge weight advantage is too small: margin=nan, threshold=0.0150."
37391,778,pa_classifier,gaussian_nb,stay,False,hedge_margin_too_small,nan,0.015,"Stay because candidate Hedge weight advantage is too small: margin=nan, threshold=0.0150."
37439,779,pa_classifier,gaussian_nb,stay,False,hedge_margin_too_small,nan,0.015,"Stay because candidate Hedge weight advantage is too small: margin=nan, threshold=0.0150."
37487,780,pa_classifier,gaussian_nb,stay,False,hedge_margin_too_small,nan,0.015,"Stay because candidate Hedge weight advantage is too small: margin=nan, threshold=0.0150."
37535,781,pa_classifier,gaussian_nb,stay,False,hedge_margin_too_small,nan,0.015,"Stay because candidate Hedge weight advantage is too small: margin=nan, threshold=0.0150."
37583,782,pa_classifier,gaussian_nb,stay,False,hedge_margin_too_small,nan,0.015,"Stay because candidate Hedge weight advantage is too small: margin=nan, threshold=0.0150."
37631,783,pa_classifier,gaussian_nb,stay,False,hedge_margin_too_small,nan,0.015,"Stay because candidate Hedge weight advantage is too small: margin=nan, threshold=0.0150."
37679,784,pa_classifier,gaussian_nb,stay,False,hedge_margin_too_small,nan,0.015,"Stay because candidate Hedge weight advantage is too small: margin=nan, threshold=0.0150."
37727,785,pa_classifier,gaussian_nb,stay,False,hedge_margin_too_small,nan,0.015,"Stay because candidate Hedge weight advantage is too small: margin=nan, threshold=0.0150."
37775,786,pa_classifier,gaussian_nb,stay,False,hedge_margin_too_small,nan,0.015,"Stay because candidate Hedge weight advantage is too small: margin=nan, threshold=0.0150."
37823,787,pa_classifier,gaussian_nb,stay,False,hedge_margin_too_small,nan,0.015,"Stay because candidate Hedge weight advantage is too small: margin=nan, threshold=0.0150."
37871,788,pa_classifier,gaussian_nb,stay,False,hedge_margin_too_small,nan,0.015,"Stay because candidate Hedge weight advantage is too small: margin=nan, threshold=0.0150."
37919,789,pa_classifier,gaussian_nb,stay,False,hedge_margin_too_small,nan,0.015,"Stay because candidate Hedge weight advantage is too small: margin=nan, threshold=0.0150."
37967,790,pa_classifier,gaussian_nb,stay,False,hedge_margin_too_small,nan,0.015,"Stay because candidate Hedge weight advantage is too small: margin=nan, threshold=0.0150."
38015,791,pa_classifier,gaussian_nb,stay,False,hedge_margin_too_small,nan,0.015,"Stay because candidate Hedge weight advantage is too small: margin=nan, threshold=0.0150."
38063,792,pa_classifier,gaussian_nb,stay,False,hedge_margin_too_small,nan,0.015,"Stay because candidate Hedge weight advantage is too small: margin=nan, threshold=0.0150."
38111,793,pa_classifier,gaussian_nb,stay,False,hedge_margin_too_small,nan,0.015,"Stay because candidate Hedge weight advantage is too small: margin=nan, threshold=0.0150."
38159,794,pa_classifier,gaussian_nb,stay,False,hedge_margin_too_small,nan,0.015,"Stay because candidate Hedge weight advantage is too small: margin=nan, threshold=0.0150."
38207,795,pa_classifier,gaussian_nb,stay,False,hedge_margin_too_small,nan,0.015,"Stay because candidate Hedge weight advantage is too small: margin=nan, threshold=0.0150."
38255,796,pa_classifier,gaussian_nb,stay,False,hedge_margin_too_small,nan,0.015,"Stay because candidate Hedge weight advantage is too small: margin=nan, threshold=0.0150."
38303,797,pa_classifier,gaussian_nb,stay,False,hedge_margin_too_small,nan,0.015,"Stay because candidate Hedge weight advantage is too small: margin=nan, threshold=0.0150."
38351,798,pa_classifier,gaussian_nb,stay,False,hedge_margin_too_small,nan,0.015,"Stay because candidate Hedge weight advantage is too small: margin=nan, threshold=0.0150."
38399,799,pa_classifier,gaussian_nb,stay,False,hedge_margin_too_small,nan,0.015,"Stay because candidate Hedge weight advantage is too small: margin=nan, threshold=0.0150."
38447,800,pa_classifier,gaussian_nb,stay,False,hedge_margin_too_small,nan,0.015,"Stay because candidate Hedge weight advantage is too small: margin=nan, threshold=0.0150."
38495,801,pa_classifier,gaussian_nb,stay,False,hedge_margin_too_small,nan,0.015,"Stay because candidate Hedge weight advantage is too small: margin=nan, threshold=0.0150."
38543,802,pa_classifier,gaussian_nb,stay,False,hedge_margin_too_small,nan,0.015,"Stay because candidate Hedge weight advantage is too small: margin=nan, threshold=0.0150."
38591,803,pa_classifier,gaussian_nb,stay,False,hedge_margin_too_small,nan,0.015,"Stay because candidate Hedge weight advantage is too small: margin=nan, threshold=0.0150."
38639,804,pa_classifier,gaussian_nb,stay,False,hedge_margin_too_small,nan,0.015,"Stay because candidate Hedge weight advantage is too small: margin=nan, threshold=0.0150."
38687,805,pa_classifier,gaussian_nb,stay,False,hedge_margin_too_small,nan,0.015,"Stay because candidate Hedge weight advantage is too small: margin=nan, threshold=0.0150."
38735,806,pa_classifier,gaussian_nb,stay,False,hedge_margin_too_small,nan,0.015,"Stay because candidate Hedge weight advantage is too small: margin=nan, threshold=0.0150."
38783,807,pa_classifier,gaussian_nb,stay,False,hedge_margin_too_small,nan,0.015,"Stay because candidate Hedge weight advantage is too small: margin=nan, threshold=0.0150."
38831,808,pa_classifier,gaussian_nb,stay,False,hedge_margin_too_small,nan,0.015,"Stay because candidate Hedge weight advantage is too small: margin=nan, threshold=0.0150."
38879,809,pa_classifier,gaussian_nb,stay,False,hedge_margin_too_small,nan,0.015,"Stay because candidate Hedge weight advantage is too small: margin=nan, threshold=0.0150."
38927,810,pa_classifier,gaussian_nb,stay,False,hedge_margin_too_small,nan,0.015,"Stay because candidate Hedge weight advantage is too small: margin=nan, threshold=0.0150."
38975,811,pa_classifier,gaussian_nb,stay,False,hedge_margin_too_small,nan,0.015,"Stay because candidate Hedge weight advantage is too small: margin=nan, threshold=0.0150."
39023,812,pa_classifier,gaussian_nb,stay,False,hedge_margin_too_small,nan,0.015,"Stay because candidate Hedge weight advantage is too small: margin=nan, threshold=0.0150."
39071,813,pa_classifier,gaussian_nb,stay,False,hedge_margin_too_small,nan,0.015,"Stay because candidate Hedge weight advantage is too small: margin=nan, threshold=0.0150."
39119,814,pa_classifier,gaussian_nb,stay,False,hedge_margin_too_small,nan,0.015,"Stay because candidate Hedge weight advantage is too small: margin=nan, threshold=0.0150."
39167,815,pa_classifier,gaussian_nb,stay,False,hedge_margin_too_small,nan,0.015,"Stay because candidate Hedge weight advantage is too small: margin=nan, threshold=0.0150."
39215,816,pa_classifier,gaussian_nb,stay,False,hedge_margin_too_small,nan,0.015,"Stay because candidate Hedge weight advantage is too small: margin=nan, threshold=0.0150."
39263,817,pa_classifier,gaussian_nb,stay,False,hedge_margin_too_small,nan,0.015,"Stay because candidate Hedge weight advantage is too small: margin=nan, threshold=0.0150."
39311,818,pa_classifier,gaussian_nb,stay,False,hedge_margin_too_small,nan,0.015,"Stay because candidate Hedge weight advantage is too small: margin=nan, threshold=0.0150."
39359,819,pa_classifier,gaussian_nb,stay,False,hedge_margin_too_small,nan,0.015,"Stay because candidate Hedge weight advantage is too small: margin=nan, threshold=0.0150."
39407,820,pa_classifier,gaussian_nb,stay,False,hedge_margin_too_small,nan,0.015,"Stay because candidate Hedge weight advantage is too small: margin=nan, threshold=0.0150."
39455,821,pa_classifier,gaussian_nb,stay,False,hedge_margin_too_small,nan,0.015,"Stay because candidate Hedge weight advantage is too small: margin=nan, threshold=0.0150."
39503,822,pa_classifier,gaussian_nb,stay,False,hedge_margin_too_small,nan,0.015,"Stay because candidate Hedge weight advantage is too small: margin=nan, threshold=0.0150."
39551,823,pa_classifier,gaussian_nb,stay,False,hedge_margin_too_small,nan,0.015,"Stay because candidate Hedge weight advantage is too small: margin=nan, threshold=0.0150."
39599,824,pa_classifier,gaussian_nb,stay,False,hedge_margin_too_small,nan,0.015,"Stay because candidate Hedge weight advantage is too small: margin=nan, threshold=0.0150."
39647,825,pa_classifier,gaussian_nb,stay,False,hedge_margin_too_small,nan,0.015,"Stay because candidate Hedge weight advantage is too small: margin=nan, threshold=0.0150."
39695,826,pa_classifier,gaussian_nb,stay,False,hedge_margin_too_small,nan,0.015,"Stay because candidate Hedge weight advantage is too small: margin=nan, threshold=0.0150."
39743,827,pa_classifier,gaussian_nb,stay,False,hedge_margin_too_small,nan,0.015,"Stay because candidate Hedge weight advantage is too small: margin=nan, threshold=0.0150."
39791,828,pa_classifier,gaussian_nb,stay,False,hedge_margin_too_small,nan,0.015,"Stay because candidate Hedge weight advantage is too small: margin=nan, threshold=0.0150."
39839,829,pa_classifier,gaussian_nb,stay,False,hedge_margin_too_small,nan,0.015,"Stay because candidate Hedge weight advantage is too small: margin=nan, threshold=0.0150."
39887,830,pa_classifier,gaussian_nb,stay,False,hedge_margin_too_small,nan,0.015,"Stay because candidate Hedge weight advantage is too small: margin=nan, threshold=0.0150."
39935,831,pa_classifier,gaussian_nb,stay,False,hedge_margin_too_small,nan,0.015,"Stay because candidate Hedge weight advantage is too small: margin=nan, threshold=0.0150."
39983,832,pa_classifier,gaussian_nb,stay,False,hedge_margin_too_small,nan,0.015,"Stay because candidate Hedge weight advantage is too small: margin=nan, threshold=0.0150."
40031,833,pa_classifier,gaussian_nb,stay,False,hedge_margin_too_small,nan,0.015,"Stay because candidate Hedge weight advantage is too small: margin=nan, threshold=0.0150."
40079,834,pa_classifier,gaussian_nb,stay,False,hedge_margin_too_small,nan,0.015,"Stay because candidate Hedge weight advantage is too small: margin=nan, threshold=0.0150."
40127,835,pa_classifier,gaussian_nb,stay,False,hedge_margin_too_small,nan,0.015,"Stay because candidate Hedge weight advantage is too small: margin=nan, threshold=0.0150."
40175,836,pa_classifier,gaussian_nb,stay,False,hedge_margin_too_small,nan,0.015,"Stay because candidate Hedge weight advantage is too small: margin=nan, threshold=0.0150."
40223,837,pa_classifier,gaussian_nb,stay,False,hedge_margin_too_small,nan,0.015,"Stay because candidate Hedge weight advantage is too small: margin=nan, threshold=0.0150."
40271,838,pa_classifier,gaussian_nb,stay,False,hedge_margin_too_small,nan,0.015,"Stay because candidate Hedge weight advantage is too small: margin=nan, threshold=0.0150."
40319,839,pa_classifier,gaussian_nb,stay,False,hedge_margin_too_small,nan,0.015,"Stay because candidate Hedge weight advantage is too small: margin=nan, threshold=0.0150."
40367,840,pa_classifier,gaussian_nb,stay,False,hedge_margin_too_small,nan,0.015,"Stay because candidate Hedge weight advantage is too small: margin=nan, threshold=0.0150."
40415,841,pa_classifier,gaussian_nb,stay,False,hedge_margin_too_small,nan,0.015,"Stay because candidate Hedge weight advantage is too small: margin=nan, threshold=0.0150."
40463,842,pa_classifier,gaussian_nb,stay,False,hedge_margin_too_small,nan,0.015,"Stay because candidate Hedge weight advantage is too small: margin=nan, threshold=0.0150."
40511,843,pa_classifier,gaussian_nb,stay,False,hedge_margin_too_small,nan,0.015,"Stay because candidate Hedge weight advantage is too small: margin=nan, threshold=0.0150."
40559,844,pa_classifier,gaussian_nb,stay,False,hedge_margin_too_small,nan,0.015,"Stay because candidate Hedge weight advantage is too small: margin=nan, threshold=0.0150."
40607,845,pa_classifier,gaussian_nb,stay,False,hedge_margin_too_small,nan,0.015,"Stay because candidate Hedge weight advantage is too small: margin=nan, threshold=0.0150."
40655,846,pa_classifier,gaussian_nb,stay,False,hedge_margin_too_small,nan,0.015,"Stay because candidate Hedge weight advantage is too small: margin=nan, threshold=0.0150."
40703,847,pa_classifier,gaussian_nb,stay,False,hedge_margin_too_small,nan,0.015,"Stay because candidate Hedge weight advantage is too small: margin=nan, threshold=0.0150."
40751,848,pa_classifier,gaussian_nb,stay,False,hedge_margin_too_small,nan,0.015,"Stay because candidate Hedge weight advantage is too small: margin=nan, threshold=0.0150."
40799,849,pa_classifier,gaussian_nb,stay,False,hedge_margin_too_small,nan,0.015,"Stay because candidate Hedge weight advantage is too small: margin=nan, threshold=0.0150."
40847,850,pa_classifier,gaussian_nb,stay,False,hedge_margin_too_small,nan,0.015,"Stay because candidate Hedge weight advantage is too small: margin=nan, threshold=0.0150."
40895,851,pa_classifier,gaussian_nb,stay,False,hedge_margin_too_small,nan,0.015,"Stay because candidate Hedge weight advantage is too small: margin=nan, threshold=0.0150."
40943,852,pa_classifier,gaussian_nb,stay,False,hedge_margin_too_small,nan,0.015,"Stay because candidate Hedge weight advantage is too small: margin=nan, threshold=0.0150."
40991,853,pa_classifier,gaussian_nb,stay,False,hedge_margin_too_small,nan,0.015,"Stay because candidate Hedge weight advantage is too small: margin=nan, threshold=0.0150."
41039,854,pa_classifier,gaussian_nb,stay,False,hedge_margin_too_small,nan,0.015,"Stay because candidate Hedge weight advantage is too small: margin=nan, threshold=0.0150."
41087,855,pa_classifier,gaussian_nb,stay,False,hedge_margin_too_small,nan,0.015,"Stay because candidate Hedge weight advantage is too small: margin=nan, threshold=0.0150."
41135,856,pa_classifier,gaussian_nb,stay,False,hedge_margin_too_small,nan,0.015,"Stay because candidate Hedge weight advantage is too small: margin=nan, threshold=0.0150."
41183,857,pa_classifier,gaussian_nb,stay,False,hedge_margin_too_small,nan,0.015,"Stay because candidate Hedge weight advantage is too small: margin=nan, threshold=0.0150."
41231,858,pa_classifier,gaussian_nb,stay,False,hedge_margin_too_small,nan,0.015,"Stay because candidate Hedge weight advantage is too small: margin=nan, threshold=0.0150."
41279,859,pa_classifier,gaussian_nb,stay,False,hedge_margin_too_small,nan,0.015,"Stay because candidate Hedge weight advantage is too small: margin=nan, threshold=0.0150."
41327,860,pa_classifier,gaussian_nb,stay,False,hedge_margin_too_small,nan,0.015,"Stay because candidate Hedge weight advantage is too small: margin=nan, threshold=0.0150."
41375,861,pa_classifier,gaussian_nb,stay,False,hedge_margin_too_small,nan,0.015,"Stay because candidate Hedge weight advantage is too small: margin=nan, threshold=0.0150."
41423,862,pa_classifier,gaussian_nb,stay,False,hedge_margin_too_small,nan,0.015,"Stay because candidate Hedge weight advantage is too small: margin=nan, threshold=0.0150."
41471,863,pa_classifier,gaussian_nb,stay,False,hedge_margin_too_small,nan,0.015,"Stay because candidate Hedge weight advantage is too small: margin=nan, threshold=0.0150."
41519,864,pa_classifier,gaussian_nb,stay,False,hedge_margin_too_small,nan,0.015,"Stay because candidate Hedge weight advantage is too small: margin=nan, threshold=0.0150."
41567,865,pa_classifier,gaussian_nb,stay,False,hedge_margin_too_small,nan,0.015,"Stay because candidate Hedge weight advantage is too small: margin=nan, threshold=0.0150."
41615,866,pa_classifier,gaussian_nb,stay,False,hedge_margin_too_small,nan,0.015,"Stay because candidate Hedge weight advantage is too small: margin=nan, threshold=0.0150."
41663,867,pa_classifier,gaussian_nb,stay,False,hedge_margin_too_small,nan,0.015,"Stay because candidate Hedge weight advantage is too small: margin=nan, threshold=0.0150."
41711,868,pa_classifier,gaussian_nb,stay,False,hedge_margin_too_small,nan,0.015,"Stay because candidate Hedge weight advantage is too small: margin=nan, threshold=0.0150."
41759,869,pa_classifier,gaussian_nb,stay,False,hedge_margin_too_small,nan,0.015,"Stay because candidate Hedge weight advantage is too small: margin=nan, threshold=0.0150."
41807,870,pa_classifier,gaussian_nb,stay,False,hedge_margin_too_small,nan,0.015,"Stay because candidate Hedge weight advantage is too small: margin=nan, threshold=0.0150."
41855,871,pa_classifier,gaussian_nb,stay,False,hedge_margin_too_small,nan,0.015,"Stay because candidate Hedge weight advantage is too small: margin=nan, threshold=0.0150."
41903,872,pa_classifier,gaussian_nb,stay,False,hedge_margin_too_small,nan,0.015,"Stay because candidate Hedge weight advantage is too small: margin=nan, threshold=0.0150."
41951,873,pa_classifier,gaussian_nb,stay,False,hedge_margin_too_small,nan,0.015,"Stay because candidate Hedge weight advantage is too small: margin=nan, threshold=0.0150."
41999,874,pa_classifier,gaussian_nb,stay,False,hedge_margin_too_small,nan,0.015,"Stay because candidate Hedge weight advantage is too small: margin=nan, threshold=0.0150."
42047,875,pa_classifier,gaussian_nb,stay,False,hedge_margin_too_small,nan,0.015,"Stay because candidate Hedge weight advantage is too small: margin=nan, threshold=0.0150."
42095,876,pa_classifier,gaussian_nb,stay,False,hedge_margin_too_small,nan,0.015,"Stay because candidate Hedge weight advantage is too small: margin=nan, threshold=0.0150."
42143,877,pa_classifier,gaussian_nb,stay,False,hedge_margin_too_small,nan,0.015,"Stay because candidate Hedge weight advantage is too small: margin=nan, threshold=0.0150."
42191,878,pa_classifier,gaussian_nb,stay,False,hedge_margin_too_small,nan,0.015,"Stay because candidate Hedge weight advantage is too small: margin=nan, threshold=0.0150."
42239,879,pa_classifier,gaussian_nb,stay,False,hedge_margin_too_small,nan,0.015,"Stay because candidate Hedge weight advantage is too small: margin=nan, threshold=0.0150."
42287,880,pa_classifier,gaussian_nb,stay,False,hedge_margin_too_small,nan,0.015,"Stay because candidate Hedge weight advantage is too small: margin=nan, threshold=0.0150."
42335,881,pa_classifier,gaussian_nb,stay,False,hedge_margin_too_small,nan,0.015,"Stay because candidate Hedge weight advantage is too small: margin=nan, threshold=0.0150."
42383,882,pa_classifier,gaussian_nb,stay,False,hedge_margin_too_small,nan,0.015,"Stay because candidate Hedge weight advantage is too small: margin=nan, threshold=0.0150."
42431,883,pa_classifier,gaussian_nb,stay,False,hedge_margin_too_small,nan,0.015,"Stay because candidate Hedge weight advantage is too small: margin=nan, threshold=0.0150."
42479,884,pa_classifier,gaussian_nb,stay,False,hedge_margin_too_small,nan,0.015,"Stay because candidate Hedge weight advantage is too small: margin=nan, threshold=0.0150."
42527,885,pa_classifier,gaussian_nb,stay,False,hedge_margin_too_small,nan,0.015,"Stay because candidate Hedge weight advantage is too small: margin=nan, threshold=0.0150."
42575,886,pa_classifier,gaussian_nb,stay,False,hedge_margin_too_small,nan,0.015,"Stay because candidate Hedge weight advantage is too small: margin=nan, threshold=0.0150."
42623,887,pa_classifier,gaussian_nb,stay,False,hedge_margin_too_small,nan,0.015,"Stay because candidate Hedge weight advantage is too small: margin=nan, threshold=0.0150."
42671,888,pa_classifier,gaussian_nb,stay,False,hedge_margin_too_small,nan,0.015,"Stay because candidate Hedge weight advantage is too small: margin=nan, threshold=0.0150."
42719,889,pa_classifier,gaussian_nb,stay,False,hedge_margin_too_small,nan,0.015,"Stay because candidate Hedge weight advantage is too small: margin=nan, threshold=0.0150."
42767,890,pa_classifier,gaussian_nb,stay,False,hedge_margin_too_small,nan,0.015,"Stay because candidate Hedge weight advantage is too small: margin=nan, threshold=0.0150."
42815,891,pa_classifier,gaussian_nb,stay,False,hedge_margin_too_small,nan,0.015,"Stay because candidate Hedge weight advantage is too small: margin=nan, threshold=0.0150."
42863,892,pa_classifier,gaussian_nb,stay,False,hedge_margin_too_small,nan,0.015,"Stay because candidate Hedge weight advantage is too small: margin=nan, threshold=0.0150."
42911,893,pa_classifier,gaussian_nb,stay,False,hedge_margin_too_small,nan,0.015,"Stay because candidate Hedge weight advantage is too small: margin=nan, threshold=0.0150."
42959,894,pa_classifier,gaussian_nb,stay,False,hedge_margin_too_small,nan,0.015,"Stay because candidate Hedge weight advantage is too small: margin=nan, threshold=0.0150."
43007,895,pa_classifier,gaussian_nb,stay,False,hedge_margin_too_small,nan,0.015,"Stay because candidate Hedge weight advantage is too small: margin=nan, threshold=0.0150."
43055,896,pa_classifier,gaussian_nb,stay,False,hedge_margin_too_small,nan,0.015,"Stay because candidate Hedge weight advantage is too small: margin=nan, threshold=0.0150."
43103,897,pa_classifier,gaussian_nb,stay,False,hedge_margin_too_small,nan,0.015,"Stay because candidate Hedge weight advantage is too small: margin=nan, threshold=0.0150."
43151,898,pa_classifier,gaussian_nb,stay,False,hedge_margin_too_small,nan,0.015,"Stay because candidate Hedge weight advantage is too small: margin=nan, threshold=0.0150."
43199,899,pa_classifier,gaussian_nb,stay,False,hedge_margin_too_small,nan,0.015,"Stay because candidate Hedge weight advantage is too small: margin=nan, threshold=0.0150."
43247,900,pa_classifier,gaussian_nb,stay,False,hedge_margin_too_small,nan,0.015,"Stay because candidate Hedge weight advantage is too small: margin=nan, threshold=0.0150."
43295,901,pa_classifier,gaussian_nb,stay,False,hedge_margin_too_small,nan,0.015,"Stay because candidate Hedge weight advantage is too small: margin=nan, threshold=0.0150."
43343,902,pa_classifier,gaussian_nb,stay,False,hedge_margin_too_small,nan,0.015,"Stay because candidate Hedge weight advantage is too small: margin=nan, threshold=0.0150."
43391,903,pa_classifier,gaussian_nb,stay,False,hedge_margin_too_small,nan,0.015,"Stay because candidate Hedge weight advantage is too small: margin=nan, threshold=0.0150."
43439,904,pa_classifier,gaussian_nb,stay,False,hedge_margin_too_small,nan,0.015,"Stay because candidate Hedge weight advantage is too small: margin=nan, threshold=0.0150."
43487,905,pa_classifier,gaussian_nb,stay,False,hedge_margin_too_small,nan,0.015,"Stay because candidate Hedge weight advantage is too small: margin=nan, threshold=0.0150."
43535,906,pa_classifier,gaussian_nb,stay,False,hedge_margin_too_small,nan,0.015,"Stay because candidate Hedge weight advantage is too small: margin=nan, threshold=0.0150."
43583,907,pa_classifier,gaussian_nb,stay,False,hedge_margin_too_small,nan,0.015,"Stay because candidate Hedge weight advantage is too small: margin=nan, threshold=0.0150."
43631,908,pa_classifier,gaussian_nb,stay,False,hedge_margin_too_small,nan,0.015,"Stay because candidate Hedge weight advantage is too small: margin=nan, threshold=0.0150."
43679,909,pa_classifier,gaussian_nb,stay,False,hedge_margin_too_small,nan,0.015,"Stay because candidate Hedge weight advantage is too small: margin=nan, threshold=0.0150."
43727,910,pa_classifier,gaussian_nb,stay,False,hedge_margin_too_small,nan,0.015,"Stay because candidate Hedge weight advantage is too small: margin=nan, threshold=0.0150."
43775,911,pa_classifier,gaussian_nb,stay,False,hedge_margin_too_small,nan,0.015,"Stay because candidate Hedge weight advantage is too small: margin=nan, threshold=0.0150."
43823,912,pa_classifier,gaussian_nb,stay,False,hedge_margin_too_small,nan,0.015,"Stay because candidate Hedge weight advantage is too small: margin=nan, threshold=0.0150."
43871,913,pa_classifier,gaussian_nb,stay,False,hedge_margin_too_small,nan,0.015,"Stay because candidate Hedge weight advantage is too small: margin=nan, threshold=0.0150."
43919,914,pa_classifier,gaussian_nb,stay,False,hedge_margin_too_small,nan,0.015,"Stay because candidate Hedge weight advantage is too small: margin=nan, threshold=0.0150."
43967,915,pa_classifier,gaussian_nb,stay,False,hedge_margin_too_small,nan,0.015,"Stay because candidate Hedge weight advantage is too small: margin=nan, threshold=0.0150."
44015,916,pa_classifier,gaussian_nb,stay,False,hedge_margin_too_small,nan,0.015,"Stay because candidate Hedge weight advantage is too small: margin=nan, threshold=0.0150."
44063,917,pa_classifier,gaussian_nb,stay,False,hedge_margin_too_small,nan,0.015,"Stay because candidate Hedge weight advantage is too small: margin=nan, threshold=0.0150."
44111,918,pa_classifier,gaussian_nb,stay,False,hedge_margin_too_small,nan,0.015,"Stay because candidate Hedge weight advantage is too small: margin=nan, threshold=0.0150."
44159,919,pa_classifier,gaussian_nb,stay,False,hedge_margin_too_small,nan,0.015,"Stay because candidate Hedge weight advantage is too small: margin=nan, threshold=0.0150."
44207,920,pa_classifier,gaussian_nb,stay,False,hedge_margin_too_small,nan,0.015,"Stay because candidate Hedge weight advantage is too small: margin=nan, threshold=0.0150."
44255,921,pa_classifier,gaussian_nb,stay,False,hedge_margin_too_small,nan,0.015,"Stay because candidate Hedge weight advantage is too small: margin=nan, threshold=0.0150."
44303,922,pa_classifier,gaussian_nb,stay,False,hedge_margin_too_small,nan,0.015,"Stay because candidate Hedge weight advantage is too small: margin=nan, threshold=0.0150."
44351,923,pa_classifier,gaussian_nb,stay,False,hedge_margin_too_small,nan,0.015,"Stay because candidate Hedge weight advantage is too small: margin=nan, threshold=0.0150."
44399,924,pa_classifier,gaussian_nb,stay,False,hedge_margin_too_small,nan,0.015,"Stay because candidate Hedge weight advantage is too small: margin=nan, threshold=0.0150."
44447,925,pa_classifier,gaussian_nb,stay,False,hedge_margin_too_small,nan,0.015,"Stay because candidate Hedge weight advantage is too small: margin=nan, threshold=0.0150."
44495,926,pa_classifier,gaussian_nb,stay,False,hedge_margin_too_small,nan,0.015,"Stay because candidate Hedge weight advantage is too small: margin=nan, threshold=0.0150."
44543,927,pa_classifier,gaussian_nb,stay,False,hedge_margin_too_small,nan,0.015,"Stay because candidate Hedge weight advantage is too small: margin=nan, threshold=0.0150."
44591,928,pa_classifier,gaussian_nb,stay,False,hedge_margin_too_small,nan,0.015,"Stay because candidate Hedge weight advantage is too small: margin=nan, threshold=0.0150."
44639,929,pa_classifier,gaussian_nb,stay,False,hedge_margin_too_small,nan,0.015,"Stay because candidate Hedge weight advantage is too small: margin=nan, threshold=0.0150."
44687,930,pa_classifier,gaussian_nb,stay,False,hedge_margin_too_small,nan,0.015,"Stay because candidate Hedge weight advantage is too small: margin=nan, threshold=0.0150."
44735,931,pa_classifier,gaussian_nb,stay,False,hedge_margin_too_small,nan,0.015,"Stay because candidate Hedge weight advantage is too small: margin=nan, threshold=0.0150."
44783,932,pa_classifier,gaussian_nb,stay,False,hedge_margin_too_small,nan,0.015,"Stay because candidate Hedge weight advantage is too small: margin=nan, threshold=0.0150."
44831,933,pa_classifier,gaussian_nb,stay,False,hedge_margin_too_small,nan,0.015,"Stay because candidate Hedge weight advantage is too small: margin=nan, threshold=0.0150."
44879,934,pa_classifier,gaussian_nb,stay,False,hedge_margin_too_small,nan,0.015,"Stay because candidate Hedge weight advantage is too small: margin=nan, threshold=0.0150."
44927,935,pa_classifier,gaussian_nb,stay,False,hedge_margin_too_small,nan,0.015,"Stay because candidate Hedge weight advantage is too small: margin=nan, threshold=0.0150."
44975,936,pa_classifier,gaussian_nb,stay,False,hedge_margin_too_small,nan,0.015,"Stay because candidate Hedge weight advantage is too small: margin=nan, threshold=0.0150."
45023,937,pa_classifier,gaussian_nb,stay,False,hedge_margin_too_small,nan,0.015,"Stay because candidate Hedge weight advantage is too small: margin=nan, threshold=0.0150."
45071,938,pa_classifier,gaussian_nb,stay,False,hedge_margin_too_small,nan,0.015,"Stay because candidate Hedge weight advantage is too small: margin=nan, threshold=0.0150."
45119,939,pa_classifier,gaussian_nb,stay,False,hedge_margin_too_small,nan,0.015,"Stay because candidate Hedge weight advantage is too small: margin=nan, threshold=0.0150."
45167,940,pa_classifier,gaussian_nb,stay,False,hedge_margin_too_small,nan,0.015,"Stay because candidate Hedge weight advantage is too small: margin=nan, threshold=0.0150."
45215,941,pa_classifier,gaussian_nb,stay,False,hedge_margin_too_small,nan,0.015,"Stay because candidate Hedge weight advantage is too small: margin=nan, threshold=0.0150."
45263,942,pa_classifier,gaussian_nb,stay,False,hedge_margin_too_small,nan,0.015,"Stay because candidate Hedge weight advantage is too small: margin=nan, threshold=0.0150."
45311,943,pa_classifier,gaussian_nb,stay,False,hedge_margin_too_small,nan,0.015,"Stay because candidate Hedge weight advantage is too small: margin=nan, threshold=0.0150."
