sample_index,evaluation_index,current_strategy,candidate_strategy,action,switched,reason_code,decision_margin,decision_threshold,reason
127,0,sgd_lr_0_0005,sgd_lr_0_001,stay,False,fixed_share_margin_too_small,0.004227475618836907,0.01,"Stay because the recovered Fixed-Share candidate is still too close to the incumbent: margin=0.0042, threshold=0.0100."
255,1,sgd_lr_0_0005,sgd_lr_0_0001,switch,True,fixed_share_warmup_leader,,0.01,Switch after warmup because the cumulative reward leader differs from the starting strategy: sgd_lr_0_0001.
255,1,sgd_lr_0_0001,sgd_lr_0_0001,stay,False,fixed_share_same_leader,0.0,0.01,Stay because the current strategy remains the highest-weight Fixed-Share expert.
383,2,sgd_lr_0_0001,sgd_lr_0_0001,stay,False,fixed_share_same_leader,0.0,0.01,Stay because the current strategy remains the highest-weight Fixed-Share expert.
511,3,sgd_lr_0_0001,sgd_lr_0_0001,stay,False,fixed_share_same_leader,0.0,0.01,Stay because the current strategy remains the highest-weight Fixed-Share expert.
639,4,sgd_lr_0_0001,sgd_lr_0_001,switch,True,fixed_share_weight_advantage,0.054048323892714856,0.01,Switch because Fixed-Share reallocated enough weight to the candidate expert: 0.3612 - 0.3072 = 0.0540 >= 0.0100.
767,5,sgd_lr_0_001,sgd_lr_0_0005,switch,True,fixed_share_weight_advantage,0.014719138987596136,0.01,Switch because Fixed-Share reallocated enough weight to the candidate expert: 0.3449 - 0.3302 = 0.0147 >= 0.0100.
895,6,sgd_lr_0_0005,sgd_lr_0_0005,stay,False,fixed_share_same_leader,0.0,0.01,Stay because the current strategy remains the highest-weight Fixed-Share expert.
1023,7,sgd_lr_0_0005,sgd_lr_0_001,switch,True,fixed_share_weight_advantage,0.023646572015883105,0.01,Switch because Fixed-Share reallocated enough weight to the candidate expert: 0.3557 - 0.3320 = 0.0236 >= 0.0100.
1151,8,sgd_lr_0_001,sgd_lr_0_001,stay,False,fixed_share_same_leader,0.0,0.01,Stay because the current strategy remains the highest-weight Fixed-Share expert.
1279,9,sgd_lr_0_001,sgd_lr_0_001,stay,False,fixed_share_same_leader,0.0,0.01,Stay because the current strategy remains the highest-weight Fixed-Share expert.
1407,10,sgd_lr_0_001,sgd_lr_0_001,stay,False,fixed_share_same_leader,0.0,0.01,Stay because the current strategy remains the highest-weight Fixed-Share expert.
1535,11,sgd_lr_0_001,sgd_lr_0_001,stay,False,fixed_share_same_leader,0.0,0.01,Stay because the current strategy remains the highest-weight Fixed-Share expert.
1663,12,sgd_lr_0_001,sgd_lr_0_001,stay,False,fixed_share_same_leader,0.0,0.01,Stay because the current strategy remains the highest-weight Fixed-Share expert.
1791,13,sgd_lr_0_001,sgd_lr_0_001,stay,False,fixed_share_same_leader,0.0,0.01,Stay because the current strategy remains the highest-weight Fixed-Share expert.
1919,14,sgd_lr_0_001,sgd_lr_0_0005,switch,True,fixed_share_weight_advantage,0.16348027053846065,0.01,Switch because Fixed-Share reallocated enough weight to the candidate expert: 0.4168 - 0.2533 = 0.1635 >= 0.0100.
2047,15,sgd_lr_0_0005,sgd_lr_0_0005,stay,False,fixed_share_same_leader,0.0,0.01,Stay because the current strategy remains the highest-weight Fixed-Share expert.
2175,16,sgd_lr_0_0005,sgd_lr_0_001,switch,True,fixed_share_weight_advantage,0.028265446055296628,0.01,Switch because Fixed-Share reallocated enough weight to the candidate expert: 0.3811 - 0.3528 = 0.0283 >= 0.0100.
2303,17,sgd_lr_0_001,sgd_lr_0_0001,stay,False,fixed_share_margin_too_small,0.0019770940297718087,0.01,"Stay because the recovered Fixed-Share candidate is still too close to the incumbent: margin=0.0020, threshold=0.0100."
2431,18,sgd_lr_0_001,sgd_lr_0_001,stay,False,fixed_share_same_leader,0.0,0.01,Stay because the current strategy remains the highest-weight Fixed-Share expert.
2559,19,sgd_lr_0_001,sgd_lr_0_0001,switch,True,fixed_share_weight_advantage,0.11033139946879589,0.01,Switch because Fixed-Share reallocated enough weight to the candidate expert: 0.3955 - 0.2852 = 0.1103 >= 0.0100.
2687,20,sgd_lr_0_0001,sgd_lr_0_0001,stay,False,fixed_share_same_leader,0.0,0.01,Stay because the current strategy remains the highest-weight Fixed-Share expert.
2815,21,sgd_lr_0_0001,sgd_lr_0_0001,stay,False,fixed_share_same_leader,0.0,0.01,Stay because the current strategy remains the highest-weight Fixed-Share expert.
2943,22,sgd_lr_0_0001,sgd_lr_0_0001,stay,False,fixed_share_same_leader,0.0,0.01,Stay because the current strategy remains the highest-weight Fixed-Share expert.
3071,23,sgd_lr_0_0001,sgd_lr_0_0001,stay,False,fixed_share_same_leader,0.0,0.01,Stay because the current strategy remains the highest-weight Fixed-Share expert.
3199,24,sgd_lr_0_0001,sgd_lr_0_0001,stay,False,fixed_share_same_leader,0.0,0.01,Stay because the current strategy remains the highest-weight Fixed-Share expert.
3327,25,sgd_lr_0_0001,sgd_lr_0_001,switch,True,fixed_share_weight_advantage,0.013654061583139754,0.01,Switch because Fixed-Share reallocated enough weight to the candidate expert: 0.3418 - 0.3282 = 0.0137 >= 0.0100.
3455,26,sgd_lr_0_001,sgd_lr_0_001,stay,False,fixed_share_same_leader,0.0,0.01,Stay because the current strategy remains the highest-weight Fixed-Share expert.
3583,27,sgd_lr_0_001,sgd_lr_0_001,stay,False,fixed_share_same_leader,0.0,0.01,Stay because the current strategy remains the highest-weight Fixed-Share expert.
3711,28,sgd_lr_0_001,sgd_lr_0_001,stay,False,fixed_share_same_leader,0.0,0.01,Stay because the current strategy remains the highest-weight Fixed-Share expert.
3839,29,sgd_lr_0_001,sgd_lr_0_001,stay,False,fixed_share_same_leader,0.0,0.01,Stay because the current strategy remains the highest-weight Fixed-Share expert.
3967,30,sgd_lr_0_001,sgd_lr_0_001,stay,False,fixed_share_same_leader,0.0,0.01,Stay because the current strategy remains the highest-weight Fixed-Share expert.
4095,31,sgd_lr_0_001,sgd_lr_0_001,stay,False,fixed_share_same_leader,0.0,0.01,Stay because the current strategy remains the highest-weight Fixed-Share expert.
4223,32,sgd_lr_0_001,sgd_lr_0_001,stay,False,fixed_share_same_leader,0.0,0.01,Stay because the current strategy remains the highest-weight Fixed-Share expert.
4351,33,sgd_lr_0_001,sgd_lr_0_0001,switch,True,fixed_share_weight_advantage,0.01036923431184672,0.01,Switch because Fixed-Share reallocated enough weight to the candidate expert: 0.3392 - 0.3288 = 0.0104 >= 0.0100.
4479,34,sgd_lr_0_0001,sgd_lr_0_001,switch,True,fixed_share_weight_advantage,0.01028216355360323,0.01,Switch because Fixed-Share reallocated enough weight to the candidate expert: 0.3395 - 0.3292 = 0.0103 >= 0.0100.
4607,35,sgd_lr_0_001,sgd_lr_0_001,stay,False,fixed_share_same_leader,0.0,0.01,Stay because the current strategy remains the highest-weight Fixed-Share expert.
4735,36,sgd_lr_0_001,sgd_lr_0_0005,stay,False,fixed_share_margin_too_small,0.002952582911111057,0.01,"Stay because the recovered Fixed-Share candidate is still too close to the incumbent: margin=0.0030, threshold=0.0100."
4863,37,sgd_lr_0_001,sgd_lr_0_0001,switch,True,fixed_share_weight_advantage,0.03410263474245412,0.01,Switch because Fixed-Share reallocated enough weight to the candidate expert: 0.3534 - 0.3193 = 0.0341 >= 0.0100.
4991,38,sgd_lr_0_0001,sgd_lr_0_0001,stay,False,fixed_share_same_leader,0.0,0.01,Stay because the current strategy remains the highest-weight Fixed-Share expert.
5119,39,sgd_lr_0_0001,sgd_lr_0_001,switch,True,fixed_share_weight_advantage,0.06310714697063174,0.01,Switch because Fixed-Share reallocated enough weight to the candidate expert: 0.3573 - 0.2942 = 0.0631 >= 0.0100.
5247,40,sgd_lr_0_001,sgd_lr_0_0005,stay,False,fixed_share_margin_too_small,0.005046618976793427,0.01,"Stay because the recovered Fixed-Share candidate is still too close to the incumbent: margin=0.0050, threshold=0.0100."
5375,41,sgd_lr_0_001,sgd_lr_0_001,stay,False,fixed_share_same_leader,0.0,0.01,Stay because the current strategy remains the highest-weight Fixed-Share expert.
5503,42,sgd_lr_0_001,sgd_lr_0_0001,switch,True,fixed_share_weight_advantage,0.0752516731977419,0.01,Switch because Fixed-Share reallocated enough weight to the candidate expert: 0.3750 - 0.2997 = 0.0753 >= 0.0100.
5631,43,sgd_lr_0_0001,sgd_lr_0_001,switch,True,fixed_share_weight_advantage,0.06740751479451634,0.01,Switch because Fixed-Share reallocated enough weight to the candidate expert: 0.3681 - 0.3007 = 0.0674 >= 0.0100.
5759,44,sgd_lr_0_001,sgd_lr_0_0001,switch,True,fixed_share_weight_advantage,0.0240117257145675,0.01,Switch because Fixed-Share reallocated enough weight to the candidate expert: 0.3456 - 0.3216 = 0.0240 >= 0.0100.
5887,45,sgd_lr_0_0001,sgd_lr_0_001,switch,True,fixed_share_weight_advantage,0.050491141691807795,0.01,Switch because Fixed-Share reallocated enough weight to the candidate expert: 0.3594 - 0.3089 = 0.0505 >= 0.0100.
6015,46,sgd_lr_0_001,sgd_lr_0_001,stay,False,fixed_share_same_leader,0.0,0.01,Stay because the current strategy remains the highest-weight Fixed-Share expert.
6143,47,sgd_lr_0_001,sgd_lr_0_001,stay,False,fixed_share_same_leader,0.0,0.01,Stay because the current strategy remains the highest-weight Fixed-Share expert.
6271,48,sgd_lr_0_001,sgd_lr_0_001,stay,False,fixed_share_same_leader,0.0,0.01,Stay because the current strategy remains the highest-weight Fixed-Share expert.
6399,49,sgd_lr_0_001,sgd_lr_0_0005,stay,False,fixed_share_margin_too_small,0.0014070149801298504,0.01,"Stay because the recovered Fixed-Share candidate is still too close to the incumbent: margin=0.0014, threshold=0.0100."
6527,50,sgd_lr_0_001,sgd_lr_0_001,stay,False,fixed_share_same_leader,0.0,0.01,Stay because the current strategy remains the highest-weight Fixed-Share expert.
6655,51,sgd_lr_0_001,sgd_lr_0_0001,switch,True,fixed_share_weight_advantage,0.13680461067149535,0.01,Switch because Fixed-Share reallocated enough weight to the candidate expert: 0.4112 - 0.2744 = 0.1368 >= 0.0100.
6783,52,sgd_lr_0_0001,sgd_lr_0_0001,stay,False,fixed_share_same_leader,0.0,0.01,Stay because the current strategy remains the highest-weight Fixed-Share expert.
6911,53,sgd_lr_0_0001,sgd_lr_0_001,switch,True,fixed_share_weight_advantage,0.02071071667691421,0.01,Switch because Fixed-Share reallocated enough weight to the candidate expert: 0.3430 - 0.3223 = 0.0207 >= 0.0100.
7039,54,sgd_lr_0_001,sgd_lr_0_001,stay,False,fixed_share_same_leader,0.0,0.01,Stay because the current strategy remains the highest-weight Fixed-Share expert.
7167,55,sgd_lr_0_001,sgd_lr_0_0001,switch,True,fixed_share_weight_advantage,0.053429262888302964,0.01,Switch because Fixed-Share reallocated enough weight to the candidate expert: 0.3655 - 0.3121 = 0.0534 >= 0.0100.
7295,56,sgd_lr_0_0001,sgd_lr_0_0001,stay,False,fixed_share_same_leader,0.0,0.01,Stay because the current strategy remains the highest-weight Fixed-Share expert.
7423,57,sgd_lr_0_0001,sgd_lr_0_0001,stay,False,fixed_share_same_leader,0.0,0.01,Stay because the current strategy remains the highest-weight Fixed-Share expert.
7551,58,sgd_lr_0_0001,sgd_lr_0_001,switch,True,fixed_share_weight_advantage,0.034449831065387515,0.01,Switch because Fixed-Share reallocated enough weight to the candidate expert: 0.3506 - 0.3162 = 0.0344 >= 0.0100.
7679,59,sgd_lr_0_001,sgd_lr_0_0001,switch,True,fixed_share_weight_advantage,0.017855074576044405,0.01,Switch because Fixed-Share reallocated enough weight to the candidate expert: 0.3428 - 0.3250 = 0.0179 >= 0.0100.
7807,60,sgd_lr_0_0001,sgd_lr_0_001,switch,True,fixed_share_weight_advantage,0.037175037111894904,0.01,Switch because Fixed-Share reallocated enough weight to the candidate expert: 0.3500 - 0.3128 = 0.0372 >= 0.0100.
7935,61,sgd_lr_0_001,sgd_lr_0_0001,switch,True,fixed_share_weight_advantage,0.013672121805465065,0.01,Switch because Fixed-Share reallocated enough weight to the candidate expert: 0.3392 - 0.3255 = 0.0137 >= 0.0100.
8063,62,sgd_lr_0_0001,sgd_lr_0_001,switch,True,fixed_share_weight_advantage,0.035340337381121356,0.01,Switch because Fixed-Share reallocated enough weight to the candidate expert: 0.3531 - 0.3178 = 0.0353 >= 0.0100.
8191,63,sgd_lr_0_001,sgd_lr_0_0001,switch,True,fixed_share_weight_advantage,0.045397644586151475,0.01,Switch because Fixed-Share reallocated enough weight to the candidate expert: 0.3597 - 0.3143 = 0.0454 >= 0.0100.
8319,64,sgd_lr_0_0001,sgd_lr_0_0005,stay,False,fixed_share_margin_too_small,0.005593051648822955,0.01,"Stay because the recovered Fixed-Share candidate is still too close to the incumbent: margin=0.0056, threshold=0.0100."
8447,65,sgd_lr_0_0001,sgd_lr_0_0001,stay,False,fixed_share_same_leader,0.0,0.01,Stay because the current strategy remains the highest-weight Fixed-Share expert.
8575,66,sgd_lr_0_0001,sgd_lr_0_0001,stay,False,fixed_share_same_leader,0.0,0.01,Stay because the current strategy remains the highest-weight Fixed-Share expert.
8703,67,sgd_lr_0_0001,sgd_lr_0_0001,stay,False,fixed_share_same_leader,0.0,0.01,Stay because the current strategy remains the highest-weight Fixed-Share expert.
8831,68,sgd_lr_0_0001,sgd_lr_0_0001,stay,False,fixed_share_same_leader,0.0,0.01,Stay because the current strategy remains the highest-weight Fixed-Share expert.
8959,69,sgd_lr_0_0001,sgd_lr_0_0005,switch,True,fixed_share_weight_advantage,0.08676282951015302,0.01,Switch because Fixed-Share reallocated enough weight to the candidate expert: 0.3748 - 0.2881 = 0.0868 >= 0.0100.
9087,70,sgd_lr_0_0005,sgd_lr_0_001,switch,True,fixed_share_weight_advantage,0.03669404869169163,0.01,Switch because Fixed-Share reallocated enough weight to the candidate expert: 0.3899 - 0.3532 = 0.0367 >= 0.0100.
9215,71,sgd_lr_0_001,sgd_lr_0_0001,switch,True,fixed_share_weight_advantage,0.02330261964766195,0.01,Switch because Fixed-Share reallocated enough weight to the candidate expert: 0.3418 - 0.3185 = 0.0233 >= 0.0100.
9343,72,sgd_lr_0_0001,sgd_lr_0_0005,stay,False,fixed_share_margin_too_small,0.005958881027161356,0.01,"Stay because the recovered Fixed-Share candidate is still too close to the incumbent: margin=0.0060, threshold=0.0100."
9471,73,sgd_lr_0_0001,sgd_lr_0_001,switch,True,fixed_share_weight_advantage,0.04562184423990712,0.01,Switch because Fixed-Share reallocated enough weight to the candidate expert: 0.3584 - 0.3127 = 0.0456 >= 0.0100.
9599,74,sgd_lr_0_001,sgd_lr_0_0001,switch,True,fixed_share_weight_advantage,0.03727005985213777,0.01,Switch because Fixed-Share reallocated enough weight to the candidate expert: 0.3544 - 0.3171 = 0.0373 >= 0.0100.
9727,75,sgd_lr_0_0001,sgd_lr_0_0005,stay,False,fixed_share_margin_too_small,0.0032355701387496993,0.01,"Stay because the recovered Fixed-Share candidate is still too close to the incumbent: margin=0.0032, threshold=0.0100."
9855,76,sgd_lr_0_0001,sgd_lr_0_001,switch,True,fixed_share_weight_advantage,0.0582980192363321,0.01,Switch because Fixed-Share reallocated enough weight to the candidate expert: 0.3629 - 0.3046 = 0.0583 >= 0.0100.
9983,77,sgd_lr_0_001,sgd_lr_0_0001,switch,True,fixed_share_weight_advantage,0.01345081504476553,0.01,Switch because Fixed-Share reallocated enough weight to the candidate expert: 0.3433 - 0.3298 = 0.0135 >= 0.0100.
10111,78,sgd_lr_0_0001,sgd_lr_0_0005,stay,False,fixed_share_margin_too_small,0.002832003666374372,0.01,"Stay because the recovered Fixed-Share candidate is still too close to the incumbent: margin=0.0028, threshold=0.0100."
10239,79,sgd_lr_0_0001,sgd_lr_0_0001,stay,False,fixed_share_same_leader,0.0,0.01,Stay because the current strategy remains the highest-weight Fixed-Share expert.
10367,80,sgd_lr_0_0001,sgd_lr_0_0001,stay,False,fixed_share_same_leader,0.0,0.01,Stay because the current strategy remains the highest-weight Fixed-Share expert.
10495,81,sgd_lr_0_0001,sgd_lr_0_0001,stay,False,fixed_share_same_leader,0.0,0.01,Stay because the current strategy remains the highest-weight Fixed-Share expert.
10623,82,sgd_lr_0_0001,sgd_lr_0_0001,stay,False,fixed_share_same_leader,0.0,0.01,Stay because the current strategy remains the highest-weight Fixed-Share expert.
10751,83,sgd_lr_0_0001,sgd_lr_0_0001,stay,False,fixed_share_same_leader,0.0,0.01,Stay because the current strategy remains the highest-weight Fixed-Share expert.
10879,84,sgd_lr_0_0001,sgd_lr_0_0001,stay,False,fixed_share_same_leader,0.0,0.01,Stay because the current strategy remains the highest-weight Fixed-Share expert.
11007,85,sgd_lr_0_0001,sgd_lr_0_001,switch,True,fixed_share_weight_advantage,0.024538456164559352,0.01,Switch because Fixed-Share reallocated enough weight to the candidate expert: 0.3448 - 0.3203 = 0.0245 >= 0.0100.
11135,86,sgd_lr_0_001,sgd_lr_0_0001,stay,False,fixed_share_margin_too_small,0.0015620290450841234,0.01,"Stay because the recovered Fixed-Share candidate is still too close to the incumbent: margin=0.0016, threshold=0.0100."
11263,87,sgd_lr_0_001,sgd_lr_0_0001,switch,True,fixed_share_weight_advantage,0.022450356621135148,0.01,Switch because Fixed-Share reallocated enough weight to the candidate expert: 0.3444 - 0.3219 = 0.0225 >= 0.0100.
11391,88,sgd_lr_0_0001,sgd_lr_0_001,stay,False,fixed_share_margin_too_small,0.002673538657085306,0.01,"Stay because the recovered Fixed-Share candidate is still too close to the incumbent: margin=0.0027, threshold=0.0100."
11519,89,sgd_lr_0_0001,sgd_lr_0_0005,stay,False,fixed_share_margin_too_small,0.0028873422091267864,0.01,"Stay because the recovered Fixed-Share candidate is still too close to the incumbent: margin=0.0029, threshold=0.0100."
11647,90,sgd_lr_0_0001,sgd_lr_0_001,stay,False,fixed_share_margin_too_small,0.009964004090964818,0.01,"Stay because the recovered Fixed-Share candidate is still too close to the incumbent: margin=0.0100, threshold=0.0100."
11775,91,sgd_lr_0_0001,sgd_lr_0_001,switch,True,fixed_share_weight_advantage,0.21042078353880905,0.01,Switch because Fixed-Share reallocated enough weight to the candidate expert: 0.4352 - 0.2248 = 0.2104 >= 0.0100.
11903,92,sgd_lr_0_001,sgd_lr_0_0005,stay,False,fixed_share_margin_too_small,0.0011791588303263212,0.01,"Stay because the recovered Fixed-Share candidate is still too close to the incumbent: margin=0.0012, threshold=0.0100."
12031,93,sgd_lr_0_001,sgd_lr_0_0001,switch,True,fixed_share_weight_advantage,0.022282603719229854,0.01,Switch because Fixed-Share reallocated enough weight to the candidate expert: 0.3453 - 0.3230 = 0.0223 >= 0.0100.
12159,94,sgd_lr_0_0001,sgd_lr_0_0001,stay,False,fixed_share_same_leader,0.0,0.01,Stay because the current strategy remains the highest-weight Fixed-Share expert.
12287,95,sgd_lr_0_0001,sgd_lr_0_0001,stay,False,fixed_share_same_leader,0.0,0.01,Stay because the current strategy remains the highest-weight Fixed-Share expert.
12415,96,sgd_lr_0_0001,sgd_lr_0_0001,stay,False,fixed_share_same_leader,0.0,0.01,Stay because the current strategy remains the highest-weight Fixed-Share expert.
12543,97,sgd_lr_0_0001,sgd_lr_0_0001,stay,False,fixed_share_same_leader,0.0,0.01,Stay because the current strategy remains the highest-weight Fixed-Share expert.
12671,98,sgd_lr_0_0001,sgd_lr_0_0001,stay,False,fixed_share_same_leader,0.0,0.01,Stay because the current strategy remains the highest-weight Fixed-Share expert.
12799,99,sgd_lr_0_0001,sgd_lr_0_001,switch,True,fixed_share_weight_advantage,0.02696694666678945,0.01,Switch because Fixed-Share reallocated enough weight to the candidate expert: 0.3435 - 0.3165 = 0.0270 >= 0.0100.
12927,100,sgd_lr_0_001,sgd_lr_0_001,stay,False,fixed_share_same_leader,0.0,0.01,Stay because the current strategy remains the highest-weight Fixed-Share expert.
13055,101,sgd_lr_0_001,sgd_lr_0_001,stay,False,fixed_share_same_leader,0.0,0.01,Stay because the current strategy remains the highest-weight Fixed-Share expert.
13183,102,sgd_lr_0_001,sgd_lr_0_0001,switch,True,fixed_share_weight_advantage,0.03184766516141119,0.01,Switch because Fixed-Share reallocated enough weight to the candidate expert: 0.3534 - 0.3216 = 0.0318 >= 0.0100.
13311,103,sgd_lr_0_0001,sgd_lr_0_001,switch,True,fixed_share_weight_advantage,0.023893579218852545,0.01,Switch because Fixed-Share reallocated enough weight to the candidate expert: 0.3485 - 0.3246 = 0.0239 >= 0.0100.
13439,104,sgd_lr_0_001,sgd_lr_0_0001,stay,False,fixed_share_margin_too_small,0.0034506422617806565,0.01,"Stay because the recovered Fixed-Share candidate is still too close to the incumbent: margin=0.0035, threshold=0.0100."
13567,105,sgd_lr_0_001,sgd_lr_0_0005,switch,True,fixed_share_weight_advantage,0.017058543272210347,0.01,Switch because Fixed-Share reallocated enough weight to the candidate expert: 0.3399 - 0.3228 = 0.0171 >= 0.0100.
13695,106,sgd_lr_0_0005,sgd_lr_0_0001,stay,False,fixed_share_margin_too_small,0.008214760548608036,0.01,"Stay because the recovered Fixed-Share candidate is still too close to the incumbent: margin=0.0082, threshold=0.0100."
13823,107,sgd_lr_0_0005,sgd_lr_0_0001,stay,False,fixed_share_margin_too_small,0.008823753619943975,0.01,"Stay because the recovered Fixed-Share candidate is still too close to the incumbent: margin=0.0088, threshold=0.0100."
13951,108,sgd_lr_0_0005,sgd_lr_0_0001,switch,True,fixed_share_weight_advantage,0.07560211912083675,0.01,Switch because Fixed-Share reallocated enough weight to the candidate expert: 0.3908 - 0.3152 = 0.0756 >= 0.0100.
14079,109,sgd_lr_0_0001,sgd_lr_0_0001,stay,False,fixed_share_same_leader,0.0,0.01,Stay because the current strategy remains the highest-weight Fixed-Share expert.
14207,110,sgd_lr_0_0001,sgd_lr_0_001,stay,False,fixed_share_margin_too_small,0.0032936521063313684,0.01,"Stay because the recovered Fixed-Share candidate is still too close to the incumbent: margin=0.0033, threshold=0.0100."
14335,111,sgd_lr_0_0001,sgd_lr_0_0001,stay,False,fixed_share_same_leader,0.0,0.01,Stay because the current strategy remains the highest-weight Fixed-Share expert.
14463,112,sgd_lr_0_0001,sgd_lr_0_001,switch,True,fixed_share_weight_advantage,0.03589379931978204,0.01,Switch because Fixed-Share reallocated enough weight to the candidate expert: 0.3541 - 0.3182 = 0.0359 >= 0.0100.
14591,113,sgd_lr_0_001,sgd_lr_0_001,stay,False,fixed_share_same_leader,0.0,0.01,Stay because the current strategy remains the highest-weight Fixed-Share expert.
14719,114,sgd_lr_0_001,sgd_lr_0_0001,stay,False,fixed_share_margin_too_small,0.00213211645705208,0.01,"Stay because the recovered Fixed-Share candidate is still too close to the incumbent: margin=0.0021, threshold=0.0100."
14847,115,sgd_lr_0_001,sgd_lr_0_001,stay,False,fixed_share_same_leader,0.0,0.01,Stay because the current strategy remains the highest-weight Fixed-Share expert.
14975,116,sgd_lr_0_001,sgd_lr_0_0001,switch,True,fixed_share_weight_advantage,0.12078837539344267,0.01,Switch because Fixed-Share reallocated enough weight to the candidate expert: 0.3985 - 0.2777 = 0.1208 >= 0.0100.
15103,117,sgd_lr_0_0001,sgd_lr_0_001,switch,True,fixed_share_weight_advantage,0.05233405539651792,0.01,Switch because Fixed-Share reallocated enough weight to the candidate expert: 0.3585 - 0.3061 = 0.0523 >= 0.0100.
15231,118,sgd_lr_0_001,sgd_lr_0_0001,switch,True,fixed_share_weight_advantage,0.013481072245761727,0.01,Switch because Fixed-Share reallocated enough weight to the candidate expert: 0.3385 - 0.3251 = 0.0135 >= 0.0100.
15359,119,sgd_lr_0_0001,sgd_lr_0_0001,stay,False,fixed_share_same_leader,0.0,0.01,Stay because the current strategy remains the highest-weight Fixed-Share expert.
15487,120,sgd_lr_0_0001,sgd_lr_0_0001,stay,False,fixed_share_same_leader,0.0,0.01,Stay because the current strategy remains the highest-weight Fixed-Share expert.
15615,121,sgd_lr_0_0001,sgd_lr_0_001,switch,True,fixed_share_weight_advantage,0.029527348781435647,0.01,Switch because Fixed-Share reallocated enough weight to the candidate expert: 0.3532 - 0.3237 = 0.0295 >= 0.0100.
15743,122,sgd_lr_0_001,sgd_lr_0_0005,switch,True,fixed_share_weight_advantage,0.09822965580580062,0.01,Switch because Fixed-Share reallocated enough weight to the candidate expert: 0.3886 - 0.2904 = 0.0982 >= 0.0100.
15871,123,sgd_lr_0_0005,sgd_lr_0_001,switch,True,fixed_share_weight_advantage,0.09842081592842195,0.01,Switch because Fixed-Share reallocated enough weight to the candidate expert: 0.4209 - 0.3224 = 0.0984 >= 0.0100.
15999,124,sgd_lr_0_001,sgd_lr_0_0001,stay,False,fixed_share_margin_too_small,0.0012948395582499383,0.01,"Stay because the recovered Fixed-Share candidate is still too close to the incumbent: margin=0.0013, threshold=0.0100."
16127,125,sgd_lr_0_001,sgd_lr_0_0001,switch,True,fixed_share_weight_advantage,0.03871222273283309,0.01,Switch because Fixed-Share reallocated enough weight to the candidate expert: 0.3552 - 0.3165 = 0.0387 >= 0.0100.
16255,126,sgd_lr_0_0001,sgd_lr_0_0001,stay,False,fixed_share_same_leader,0.0,0.01,Stay because the current strategy remains the highest-weight Fixed-Share expert.
16383,127,sgd_lr_0_0001,sgd_lr_0_0001,stay,False,fixed_share_same_leader,0.0,0.01,Stay because the current strategy remains the highest-weight Fixed-Share expert.
16511,128,sgd_lr_0_0001,sgd_lr_0_001,switch,True,fixed_share_weight_advantage,0.037443462789581106,0.01,Switch because Fixed-Share reallocated enough weight to the candidate expert: 0.3507 - 0.3133 = 0.0374 >= 0.0100.
16639,129,sgd_lr_0_001,sgd_lr_0_001,stay,False,fixed_share_same_leader,0.0,0.01,Stay because the current strategy remains the highest-weight Fixed-Share expert.
16767,130,sgd_lr_0_001,sgd_lr_0_001,stay,False,fixed_share_same_leader,0.0,0.01,Stay because the current strategy remains the highest-weight Fixed-Share expert.
16895,131,sgd_lr_0_001,sgd_lr_0_001,stay,False,fixed_share_same_leader,0.0,0.01,Stay because the current strategy remains the highest-weight Fixed-Share expert.
17023,132,sgd_lr_0_001,sgd_lr_0_001,stay,False,fixed_share_same_leader,0.0,0.01,Stay because the current strategy remains the highest-weight Fixed-Share expert.
17151,133,sgd_lr_0_001,sgd_lr_0_0005,stay,False,fixed_share_margin_too_small,0.0001299077428908446,0.01,"Stay because the recovered Fixed-Share candidate is still too close to the incumbent: margin=0.0001, threshold=0.0100."
17279,134,sgd_lr_0_001,sgd_lr_0_001,stay,False,fixed_share_same_leader,0.0,0.01,Stay because the current strategy remains the highest-weight Fixed-Share expert.
17407,135,sgd_lr_0_001,sgd_lr_0_001,stay,False,fixed_share_same_leader,0.0,0.01,Stay because the current strategy remains the highest-weight Fixed-Share expert.
17535,136,sgd_lr_0_001,sgd_lr_0_001,stay,False,fixed_share_same_leader,0.0,0.01,Stay because the current strategy remains the highest-weight Fixed-Share expert.
17663,137,sgd_lr_0_001,sgd_lr_0_0005,switch,True,fixed_share_weight_advantage,0.015412281223328161,0.01,Switch because Fixed-Share reallocated enough weight to the candidate expert: 0.3468 - 0.3313 = 0.0154 >= 0.0100.
17791,138,sgd_lr_0_0005,sgd_lr_0_0001,switch,True,fixed_share_weight_advantage,0.02355977947361282,0.01,Switch because Fixed-Share reallocated enough weight to the candidate expert: 0.3576 - 0.3341 = 0.0236 >= 0.0100.
17919,139,sgd_lr_0_0001,sgd_lr_0_0001,stay,False,fixed_share_same_leader,0.0,0.01,Stay because the current strategy remains the highest-weight Fixed-Share expert.
18047,140,sgd_lr_0_0001,sgd_lr_0_001,switch,True,fixed_share_weight_advantage,0.021051164788739862,0.01,Switch because Fixed-Share reallocated enough weight to the candidate expert: 0.3424 - 0.3214 = 0.0211 >= 0.0100.
18175,141,sgd_lr_0_001,sgd_lr_0_0001,switch,True,fixed_share_weight_advantage,0.020215031025237307,0.01,Switch because Fixed-Share reallocated enough weight to the candidate expert: 0.3437 - 0.3234 = 0.0202 >= 0.0100.
18303,142,sgd_lr_0_0001,sgd_lr_0_001,switch,True,fixed_share_weight_advantage,0.038352234827846055,0.01,Switch because Fixed-Share reallocated enough weight to the candidate expert: 0.3529 - 0.3145 = 0.0384 >= 0.0100.
18431,143,sgd_lr_0_001,sgd_lr_0_001,stay,False,fixed_share_same_leader,0.0,0.01,Stay because the current strategy remains the highest-weight Fixed-Share expert.
18559,144,sgd_lr_0_001,sgd_lr_0_001,stay,False,fixed_share_same_leader,0.0,0.01,Stay because the current strategy remains the highest-weight Fixed-Share expert.
18687,145,sgd_lr_0_001,sgd_lr_0_0005,switch,True,fixed_share_weight_advantage,0.026767950160824283,0.01,Switch because Fixed-Share reallocated enough weight to the candidate expert: 0.3580 - 0.3313 = 0.0268 >= 0.0100.
18815,146,sgd_lr_0_0005,sgd_lr_0_001,stay,False,fixed_share_margin_too_small,0.005461650779011951,0.01,"Stay because the recovered Fixed-Share candidate is still too close to the incumbent: margin=0.0055, threshold=0.0100."
18943,147,sgd_lr_0_0005,sgd_lr_0_0005,stay,False,fixed_share_same_leader,0.0,0.01,Stay because the current strategy remains the highest-weight Fixed-Share expert.
19071,148,sgd_lr_0_0005,sgd_lr_0_001,switch,True,fixed_share_weight_advantage,0.02067140992186761,0.01,Switch because Fixed-Share reallocated enough weight to the candidate expert: 0.3547 - 0.3340 = 0.0207 >= 0.0100.
19199,149,sgd_lr_0_001,sgd_lr_0_001,stay,False,fixed_share_same_leader,0.0,0.01,Stay because the current strategy remains the highest-weight Fixed-Share expert.
19327,150,sgd_lr_0_001,sgd_lr_0_001,stay,False,fixed_share_same_leader,0.0,0.01,Stay because the current strategy remains the highest-weight Fixed-Share expert.
19455,151,sgd_lr_0_001,sgd_lr_0_0001,switch,True,fixed_share_weight_advantage,0.08737349151665913,0.01,Switch because Fixed-Share reallocated enough weight to the candidate expert: 0.3790 - 0.2917 = 0.0874 >= 0.0100.
19583,152,sgd_lr_0_0001,sgd_lr_0_0001,stay,False,fixed_share_same_leader,0.0,0.01,Stay because the current strategy remains the highest-weight Fixed-Share expert.
19711,153,sgd_lr_0_0001,sgd_lr_0_0001,stay,False,fixed_share_same_leader,0.0,0.01,Stay because the current strategy remains the highest-weight Fixed-Share expert.
19839,154,sgd_lr_0_0001,sgd_lr_0_0001,stay,False,fixed_share_same_leader,0.0,0.01,Stay because the current strategy remains the highest-weight Fixed-Share expert.
19967,155,sgd_lr_0_0001,sgd_lr_0_0001,stay,False,fixed_share_same_leader,0.0,0.01,Stay because the current strategy remains the highest-weight Fixed-Share expert.
20095,156,sgd_lr_0_0001,sgd_lr_0_001,switch,True,fixed_share_weight_advantage,0.06047937007477533,0.01,Switch because Fixed-Share reallocated enough weight to the candidate expert: 0.3655 - 0.3051 = 0.0605 >= 0.0100.
20223,157,sgd_lr_0_001,sgd_lr_0_001,stay,False,fixed_share_same_leader,0.0,0.01,Stay because the current strategy remains the highest-weight Fixed-Share expert.
20351,158,sgd_lr_0_001,sgd_lr_0_0001,switch,True,fixed_share_weight_advantage,0.022505607596627897,0.01,Switch because Fixed-Share reallocated enough weight to the candidate expert: 0.3449 - 0.3224 = 0.0225 >= 0.0100.
20479,159,sgd_lr_0_0001,sgd_lr_0_0001,stay,False,fixed_share_same_leader,0.0,0.01,Stay because the current strategy remains the highest-weight Fixed-Share expert.
20607,160,sgd_lr_0_0001,sgd_lr_0_001,switch,True,fixed_share_weight_advantage,0.05446794871067889,0.01,Switch because Fixed-Share reallocated enough weight to the candidate expert: 0.3647 - 0.3102 = 0.0545 >= 0.0100.
20735,161,sgd_lr_0_001,sgd_lr_0_001,stay,False,fixed_share_same_leader,0.0,0.01,Stay because the current strategy remains the highest-weight Fixed-Share expert.
20863,162,sgd_lr_0_001,sgd_lr_0_001,stay,False,fixed_share_same_leader,0.0,0.01,Stay because the current strategy remains the highest-weight Fixed-Share expert.
20991,163,sgd_lr_0_001,sgd_lr_0_0001,switch,True,fixed_share_weight_advantage,0.05444510757494109,0.01,Switch because Fixed-Share reallocated enough weight to the candidate expert: 0.3617 - 0.3073 = 0.0544 >= 0.0100.
21119,164,sgd_lr_0_0001,sgd_lr_0_0005,switch,True,fixed_share_weight_advantage,0.016646808312698547,0.01,Switch because Fixed-Share reallocated enough weight to the candidate expert: 0.3395 - 0.3229 = 0.0166 >= 0.0100.
21247,165,sgd_lr_0_0005,sgd_lr_0_0001,stay,False,fixed_share_margin_too_small,0.0026228775701637175,0.01,"Stay because the recovered Fixed-Share candidate is still too close to the incumbent: margin=0.0026, threshold=0.0100."
21375,166,sgd_lr_0_0005,sgd_lr_0_0001,stay,False,fixed_share_margin_too_small,0.00485155995197839,0.01,"Stay because the recovered Fixed-Share candidate is still too close to the incumbent: margin=0.0049, threshold=0.0100."
21503,167,sgd_lr_0_0005,sgd_lr_0_0001,switch,True,fixed_share_weight_advantage,0.027770749393511707,0.01,Switch because Fixed-Share reallocated enough weight to the candidate expert: 0.3543 - 0.3265 = 0.0278 >= 0.0100.
21631,168,sgd_lr_0_0001,sgd_lr_0_0001,stay,False,fixed_share_same_leader,0.0,0.01,Stay because the current strategy remains the highest-weight Fixed-Share expert.
21759,169,sgd_lr_0_0001,sgd_lr_0_0001,stay,False,fixed_share_same_leader,0.0,0.01,Stay because the current strategy remains the highest-weight Fixed-Share expert.
21887,170,sgd_lr_0_0001,sgd_lr_0_0005,switch,True,fixed_share_weight_advantage,0.01002838505607112,0.01,Switch because Fixed-Share reallocated enough weight to the candidate expert: 0.3371 - 0.3271 = 0.0100 >= 0.0100.
22015,171,sgd_lr_0_0005,sgd_lr_0_001,switch,True,fixed_share_weight_advantage,0.04285850938797281,0.01,Switch because Fixed-Share reallocated enough weight to the candidate expert: 0.3833 - 0.3404 = 0.0429 >= 0.0100.
22143,172,sgd_lr_0_001,sgd_lr_0_001,stay,False,fixed_share_same_leader,0.0,0.01,Stay because the current strategy remains the highest-weight Fixed-Share expert.
22271,173,sgd_lr_0_001,sgd_lr_0_0001,switch,True,fixed_share_weight_advantage,0.14377762101411484,0.01,Switch because Fixed-Share reallocated enough weight to the candidate expert: 0.4340 - 0.2902 = 0.1438 >= 0.0100.
22399,174,sgd_lr_0_0001,sgd_lr_0_0001,stay,False,fixed_share_same_leader,0.0,0.01,Stay because the current strategy remains the highest-weight Fixed-Share expert.
22527,175,sgd_lr_0_0001,sgd_lr_0_001,switch,True,fixed_share_weight_advantage,0.01844133004689419,0.01,Switch because Fixed-Share reallocated enough weight to the candidate expert: 0.3429 - 0.3244 = 0.0184 >= 0.0100.
22655,176,sgd_lr_0_001,sgd_lr_0_001,stay,False,fixed_share_same_leader,0.0,0.01,Stay because the current strategy remains the highest-weight Fixed-Share expert.
22783,177,sgd_lr_0_001,sgd_lr_0_001,stay,False,fixed_share_same_leader,0.0,0.01,Stay because the current strategy remains the highest-weight Fixed-Share expert.
22911,178,sgd_lr_0_001,sgd_lr_0_001,stay,False,fixed_share_same_leader,0.0,0.01,Stay because the current strategy remains the highest-weight Fixed-Share expert.
23039,179,sgd_lr_0_001,sgd_lr_0_001,stay,False,fixed_share_same_leader,0.0,0.01,Stay because the current strategy remains the highest-weight Fixed-Share expert.
23167,180,sgd_lr_0_001,sgd_lr_0_0001,switch,True,fixed_share_weight_advantage,0.022502257624762267,0.01,Switch because Fixed-Share reallocated enough weight to the candidate expert: 0.3458 - 0.3233 = 0.0225 >= 0.0100.
23295,181,sgd_lr_0_0001,sgd_lr_0_001,switch,True,fixed_share_weight_advantage,0.017445010834256813,0.01,Switch because Fixed-Share reallocated enough weight to the candidate expert: 0.3454 - 0.3279 = 0.0174 >= 0.0100.
23423,182,sgd_lr_0_001,sgd_lr_0_001,stay,False,fixed_share_same_leader,0.0,0.01,Stay because the current strategy remains the highest-weight Fixed-Share expert.
23551,183,sgd_lr_0_001,sgd_lr_0_001,stay,False,fixed_share_same_leader,0.0,0.01,Stay because the current strategy remains the highest-weight Fixed-Share expert.
23679,184,sgd_lr_0_001,sgd_lr_0_001,stay,False,fixed_share_same_leader,0.0,0.01,Stay because the current strategy remains the highest-weight Fixed-Share expert.
23807,185,sgd_lr_0_001,sgd_lr_0_001,stay,False,fixed_share_same_leader,0.0,0.01,Stay because the current strategy remains the highest-weight Fixed-Share expert.
23935,186,sgd_lr_0_001,sgd_lr_0_0001,stay,False,fixed_share_margin_too_small,0.008118533074014944,0.01,"Stay because the recovered Fixed-Share candidate is still too close to the incumbent: margin=0.0081, threshold=0.0100."
24063,187,sgd_lr_0_001,sgd_lr_0_0001,switch,True,fixed_share_weight_advantage,0.015409572763289525,0.01,Switch because Fixed-Share reallocated enough weight to the candidate expert: 0.3448 - 0.3294 = 0.0154 >= 0.0100.
24191,188,sgd_lr_0_0001,sgd_lr_0_0001,stay,False,fixed_share_same_leader,0.0,0.01,Stay because the current strategy remains the highest-weight Fixed-Share expert.
24319,189,sgd_lr_0_0001,sgd_lr_0_0001,stay,False,fixed_share_same_leader,0.0,0.01,Stay because the current strategy remains the highest-weight Fixed-Share expert.
24447,190,sgd_lr_0_0001,sgd_lr_0_0001,stay,False,fixed_share_same_leader,0.0,0.01,Stay because the current strategy remains the highest-weight Fixed-Share expert.
24575,191,sgd_lr_0_0001,sgd_lr_0_0001,stay,False,fixed_share_same_leader,0.0,0.01,Stay because the current strategy remains the highest-weight Fixed-Share expert.
24703,192,sgd_lr_0_0001,sgd_lr_0_001,switch,True,fixed_share_weight_advantage,0.0483453619290482,0.01,Switch because Fixed-Share reallocated enough weight to the candidate expert: 0.3597 - 0.3113 = 0.0483 >= 0.0100.
24831,193,sgd_lr_0_001,sgd_lr_0_0001,stay,False,fixed_share_margin_too_small,0.003957662078434121,0.01,"Stay because the recovered Fixed-Share candidate is still too close to the incumbent: margin=0.0040, threshold=0.0100."
24959,194,sgd_lr_0_001,sgd_lr_0_0001,switch,True,fixed_share_weight_advantage,0.010704723669059946,0.01,Switch because Fixed-Share reallocated enough weight to the candidate expert: 0.3394 - 0.3287 = 0.0107 >= 0.0100.
25087,195,sgd_lr_0_0001,sgd_lr_0_0001,stay,False,fixed_share_same_leader,0.0,0.01,Stay because the current strategy remains the highest-weight Fixed-Share expert.
25215,196,sgd_lr_0_0001,sgd_lr_0_0001,stay,False,fixed_share_same_leader,0.0,0.01,Stay because the current strategy remains the highest-weight Fixed-Share expert.
25343,197,sgd_lr_0_0001,sgd_lr_0_001,switch,True,fixed_share_weight_advantage,0.03323051811274297,0.01,Switch because Fixed-Share reallocated enough weight to the candidate expert: 0.3458 - 0.3126 = 0.0332 >= 0.0100.
25471,198,sgd_lr_0_001,sgd_lr_0_0001,switch,True,fixed_share_weight_advantage,0.055023395485240156,0.01,Switch because Fixed-Share reallocated enough weight to the candidate expert: 0.3720 - 0.3170 = 0.0550 >= 0.0100.
25599,199,sgd_lr_0_0001,sgd_lr_0_0001,stay,False,fixed_share_same_leader,0.0,0.01,Stay because the current strategy remains the highest-weight Fixed-Share expert.
25727,200,sgd_lr_0_0001,sgd_lr_0_001,switch,True,fixed_share_weight_advantage,0.11797424275692314,0.01,Switch because Fixed-Share reallocated enough weight to the candidate expert: 0.3845 - 0.2665 = 0.1180 >= 0.0100.
25855,201,sgd_lr_0_001,sgd_lr_0_001,stay,False,fixed_share_same_leader,0.0,0.01,Stay because the current strategy remains the highest-weight Fixed-Share expert.
25983,202,sgd_lr_0_001,sgd_lr_0_0001,switch,True,fixed_share_weight_advantage,0.011969544159121215,0.01,Switch because Fixed-Share reallocated enough weight to the candidate expert: 0.3388 - 0.3268 = 0.0120 >= 0.0100.
26111,203,sgd_lr_0_0001,sgd_lr_0_001,switch,True,fixed_share_weight_advantage,0.11667774716894286,0.01,Switch because Fixed-Share reallocated enough weight to the candidate expert: 0.3805 - 0.2639 = 0.1167 >= 0.0100.
26239,204,sgd_lr_0_001,sgd_lr_0_001,stay,False,fixed_share_same_leader,0.0,0.01,Stay because the current strategy remains the highest-weight Fixed-Share expert.
26367,205,sgd_lr_0_001,sgd_lr_0_001,stay,False,fixed_share_same_leader,0.0,0.01,Stay because the current strategy remains the highest-weight Fixed-Share expert.
26495,206,sgd_lr_0_001,sgd_lr_0_0001,switch,True,fixed_share_weight_advantage,0.01833632283500064,0.01,Switch because Fixed-Share reallocated enough weight to the candidate expert: 0.3449 - 0.3266 = 0.0183 >= 0.0100.
26623,207,sgd_lr_0_0001,sgd_lr_0_0001,stay,False,fixed_share_same_leader,0.0,0.01,Stay because the current strategy remains the highest-weight Fixed-Share expert.
26751,208,sgd_lr_0_0001,sgd_lr_0_0001,stay,False,fixed_share_same_leader,0.0,0.01,Stay because the current strategy remains the highest-weight Fixed-Share expert.
26879,209,sgd_lr_0_0001,sgd_lr_0_0005,stay,False,fixed_share_margin_too_small,0.0037939859752523786,0.01,"Stay because the recovered Fixed-Share candidate is still too close to the incumbent: margin=0.0038, threshold=0.0100."
27007,210,sgd_lr_0_0001,sgd_lr_0_001,switch,True,fixed_share_weight_advantage,0.034758578820984265,0.01,Switch because Fixed-Share reallocated enough weight to the candidate expert: 0.3517 - 0.3170 = 0.0348 >= 0.0100.
27135,211,sgd_lr_0_001,sgd_lr_0_001,stay,False,fixed_share_same_leader,0.0,0.01,Stay because the current strategy remains the highest-weight Fixed-Share expert.
27263,212,sgd_lr_0_001,sgd_lr_0_001,stay,False,fixed_share_same_leader,0.0,0.01,Stay because the current strategy remains the highest-weight Fixed-Share expert.
27391,213,sgd_lr_0_001,sgd_lr_0_0001,switch,True,fixed_share_weight_advantage,0.34282891644721186,0.01,Switch because Fixed-Share reallocated enough weight to the candidate expert: 0.5518 - 0.2090 = 0.3428 >= 0.0100.
27519,214,sgd_lr_0_0001,sgd_lr_0_0001,stay,False,fixed_share_same_leader,0.0,0.01,Stay because the current strategy remains the highest-weight Fixed-Share expert.
27647,215,sgd_lr_0_0001,sgd_lr_0_0001,stay,False,fixed_share_same_leader,0.0,0.01,Stay because the current strategy remains the highest-weight Fixed-Share expert.
27775,216,sgd_lr_0_0001,sgd_lr_0_001,switch,True,fixed_share_weight_advantage,0.09934065534765851,0.01,Switch because Fixed-Share reallocated enough weight to the candidate expert: 0.3767 - 0.2774 = 0.0993 >= 0.0100.
27903,217,sgd_lr_0_001,sgd_lr_0_0001,switch,True,fixed_share_weight_advantage,0.015388020651952272,0.01,Switch because Fixed-Share reallocated enough weight to the candidate expert: 0.3401 - 0.3247 = 0.0154 >= 0.0100.
28031,218,sgd_lr_0_0001,sgd_lr_0_0001,stay,False,fixed_share_same_leader,0.0,0.01,Stay because the current strategy remains the highest-weight Fixed-Share expert.
28159,219,sgd_lr_0_0001,sgd_lr_0_0001,stay,False,fixed_share_same_leader,0.0,0.01,Stay because the current strategy remains the highest-weight Fixed-Share expert.
28287,220,sgd_lr_0_0001,sgd_lr_0_001,switch,True,fixed_share_weight_advantage,0.05737932227951148,0.01,Switch because Fixed-Share reallocated enough weight to the candidate expert: 0.3587 - 0.3013 = 0.0574 >= 0.0100.
28415,221,sgd_lr_0_001,sgd_lr_0_0001,switch,True,fixed_share_weight_advantage,0.1816499651627571,0.01,Switch because Fixed-Share reallocated enough weight to the candidate expert: 0.4433 - 0.2617 = 0.1816 >= 0.0100.
28543,222,sgd_lr_0_0001,sgd_lr_0_0005,stay,False,fixed_share_margin_too_small,0.009706157706279306,0.01,"Stay because the recovered Fixed-Share candidate is still too close to the incumbent: margin=0.0097, threshold=0.0100."
28671,223,sgd_lr_0_0001,sgd_lr_0_0001,stay,False,fixed_share_same_leader,0.0,0.01,Stay because the current strategy remains the highest-weight Fixed-Share expert.
28799,224,sgd_lr_0_0001,sgd_lr_0_0005,switch,True,fixed_share_weight_advantage,0.024204097702289262,0.01,Switch because Fixed-Share reallocated enough weight to the candidate expert: 0.3416 - 0.3174 = 0.0242 >= 0.0100.
28927,225,sgd_lr_0_0005,sgd_lr_0_001,switch,True,fixed_share_weight_advantage,0.026573179865975405,0.01,Switch because Fixed-Share reallocated enough weight to the candidate expert: 0.3606 - 0.3341 = 0.0266 >= 0.0100.
29055,226,sgd_lr_0_001,sgd_lr_0_001,stay,False,fixed_share_same_leader,0.0,0.01,Stay because the current strategy remains the highest-weight Fixed-Share expert.
29183,227,sgd_lr_0_001,sgd_lr_0_001,stay,False,fixed_share_same_leader,0.0,0.01,Stay because the current strategy remains the highest-weight Fixed-Share expert.
29311,228,sgd_lr_0_001,sgd_lr_0_0001,switch,True,fixed_share_weight_advantage,0.11947396593096604,0.01,Switch because Fixed-Share reallocated enough weight to the candidate expert: 0.4128 - 0.2933 = 0.1195 >= 0.0100.
29439,229,sgd_lr_0_0001,sgd_lr_0_0001,stay,False,fixed_share_same_leader,0.0,0.01,Stay because the current strategy remains the highest-weight Fixed-Share expert.
29567,230,sgd_lr_0_0001,sgd_lr_0_0001,stay,False,fixed_share_same_leader,0.0,0.01,Stay because the current strategy remains the highest-weight Fixed-Share expert.
29695,231,sgd_lr_0_0001,sgd_lr_0_001,stay,False,fixed_share_margin_too_small,0.001075817856288186,0.01,"Stay because the recovered Fixed-Share candidate is still too close to the incumbent: margin=0.0011, threshold=0.0100."
29823,232,sgd_lr_0_0001,sgd_lr_0_001,switch,True,fixed_share_weight_advantage,0.021691527778654796,0.01,Switch because Fixed-Share reallocated enough weight to the candidate expert: 0.3434 - 0.3217 = 0.0217 >= 0.0100.
29951,233,sgd_lr_0_001,sgd_lr_0_001,stay,False,fixed_share_same_leader,0.0,0.01,Stay because the current strategy remains the highest-weight Fixed-Share expert.
30079,234,sgd_lr_0_001,sgd_lr_0_0001,switch,True,fixed_share_weight_advantage,0.05108854967207799,0.01,Switch because Fixed-Share reallocated enough weight to the candidate expert: 0.3608 - 0.3097 = 0.0511 >= 0.0100.
30207,235,sgd_lr_0_0001,sgd_lr_0_001,switch,True,fixed_share_weight_advantage,0.010258029487262066,0.01,Switch because Fixed-Share reallocated enough weight to the candidate expert: 0.3397 - 0.3294 = 0.0103 >= 0.0100.
30335,236,sgd_lr_0_001,sgd_lr_0_0001,switch,True,fixed_share_weight_advantage,0.03629299406970926,0.01,Switch because Fixed-Share reallocated enough weight to the candidate expert: 0.3551 - 0.3188 = 0.0363 >= 0.0100.
30463,237,sgd_lr_0_0001,sgd_lr_0_001,switch,True,fixed_share_weight_advantage,0.04347197724607693,0.01,Switch because Fixed-Share reallocated enough weight to the candidate expert: 0.3525 - 0.3090 = 0.0435 >= 0.0100.
30591,238,sgd_lr_0_001,sgd_lr_0_001,stay,False,fixed_share_same_leader,0.0,0.01,Stay because the current strategy remains the highest-weight Fixed-Share expert.
30719,239,sgd_lr_0_001,sgd_lr_0_001,stay,False,fixed_share_same_leader,0.0,0.01,Stay because the current strategy remains the highest-weight Fixed-Share expert.
30847,240,sgd_lr_0_001,sgd_lr_0_001,stay,False,fixed_share_same_leader,0.0,0.01,Stay because the current strategy remains the highest-weight Fixed-Share expert.
30975,241,sgd_lr_0_001,sgd_lr_0_001,stay,False,fixed_share_same_leader,0.0,0.01,Stay because the current strategy remains the highest-weight Fixed-Share expert.
31103,242,sgd_lr_0_001,sgd_lr_0_001,stay,False,fixed_share_same_leader,0.0,0.01,Stay because the current strategy remains the highest-weight Fixed-Share expert.
31231,243,sgd_lr_0_001,sgd_lr_0_0005,stay,False,fixed_share_margin_too_small,0.004110070822265444,0.01,"Stay because the recovered Fixed-Share candidate is still too close to the incumbent: margin=0.0041, threshold=0.0100."
31359,244,sgd_lr_0_001,sgd_lr_0_0001,switch,True,fixed_share_weight_advantage,0.013479788437480322,0.01,Switch because Fixed-Share reallocated enough weight to the candidate expert: 0.3400 - 0.3265 = 0.0135 >= 0.0100.
31487,245,sgd_lr_0_0001,sgd_lr_0_0001,stay,False,fixed_share_same_leader,0.0,0.01,Stay because the current strategy remains the highest-weight Fixed-Share expert.
31615,246,sgd_lr_0_0001,sgd_lr_0_0001,stay,False,fixed_share_same_leader,0.0,0.01,Stay because the current strategy remains the highest-weight Fixed-Share expert.
31743,247,sgd_lr_0_0001,sgd_lr_0_001,switch,True,fixed_share_weight_advantage,0.013072146625865422,0.01,Switch because Fixed-Share reallocated enough weight to the candidate expert: 0.3417 - 0.3286 = 0.0131 >= 0.0100.
31871,248,sgd_lr_0_001,sgd_lr_0_001,stay,False,fixed_share_same_leader,0.0,0.01,Stay because the current strategy remains the highest-weight Fixed-Share expert.
31999,249,sgd_lr_0_001,sgd_lr_0_0001,switch,True,fixed_share_weight_advantage,0.02887574721145514,0.01,Switch because Fixed-Share reallocated enough weight to the candidate expert: 0.3482 - 0.3193 = 0.0289 >= 0.0100.
32127,250,sgd_lr_0_0001,sgd_lr_0_0001,stay,False,fixed_share_same_leader,0.0,0.01,Stay because the current strategy remains the highest-weight Fixed-Share expert.
32255,251,sgd_lr_0_0001,sgd_lr_0_0001,stay,False,fixed_share_same_leader,0.0,0.01,Stay because the current strategy remains the highest-weight Fixed-Share expert.
32383,252,sgd_lr_0_0001,sgd_lr_0_001,switch,True,fixed_share_weight_advantage,0.029309667587768207,0.01,Switch because Fixed-Share reallocated enough weight to the candidate expert: 0.3452 - 0.3159 = 0.0293 >= 0.0100.
32511,253,sgd_lr_0_001,sgd_lr_0_001,stay,False,fixed_share_same_leader,0.0,0.01,Stay because the current strategy remains the highest-weight Fixed-Share expert.
32639,254,sgd_lr_0_001,sgd_lr_0_001,stay,False,fixed_share_same_leader,0.0,0.01,Stay because the current strategy remains the highest-weight Fixed-Share expert.
32767,255,sgd_lr_0_001,sgd_lr_0_001,stay,False,fixed_share_same_leader,0.0,0.01,Stay because the current strategy remains the highest-weight Fixed-Share expert.
32895,256,sgd_lr_0_001,sgd_lr_0_0005,switch,True,fixed_share_weight_advantage,0.01948395694417998,0.01,Switch because Fixed-Share reallocated enough weight to the candidate expert: 0.3413 - 0.3218 = 0.0195 >= 0.0100.
33023,257,sgd_lr_0_0005,sgd_lr_0_0005,stay,False,fixed_share_same_leader,0.0,0.01,Stay because the current strategy remains the highest-weight Fixed-Share expert.
33151,258,sgd_lr_0_0005,sgd_lr_0_0001,stay,False,fixed_share_margin_too_small,0.009773482583065096,0.01,"Stay because the recovered Fixed-Share candidate is still too close to the incumbent: margin=0.0098, threshold=0.0100."
33279,259,sgd_lr_0_0005,sgd_lr_0_0001,stay,False,fixed_share_margin_too_small,0.005062557573160986,0.01,"Stay because the recovered Fixed-Share candidate is still too close to the incumbent: margin=0.0051, threshold=0.0100."
33407,260,sgd_lr_0_0005,sgd_lr_0_001,switch,True,fixed_share_weight_advantage,0.015408949236688674,0.01,Switch because Fixed-Share reallocated enough weight to the candidate expert: 0.3458 - 0.3303 = 0.0154 >= 0.0100.
33535,261,sgd_lr_0_001,sgd_lr_0_0001,switch,True,fixed_share_weight_advantage,0.03407494501495695,0.01,Switch because Fixed-Share reallocated enough weight to the candidate expert: 0.3531 - 0.3190 = 0.0341 >= 0.0100.
33663,262,sgd_lr_0_0001,sgd_lr_0_001,stay,False,fixed_share_margin_too_small,0.0062935012371825305,0.01,"Stay because the recovered Fixed-Share candidate is still too close to the incumbent: margin=0.0063, threshold=0.0100."
33791,263,sgd_lr_0_0001,sgd_lr_0_0001,stay,False,fixed_share_same_leader,0.0,0.01,Stay because the current strategy remains the highest-weight Fixed-Share expert.
33919,264,sgd_lr_0_0001,sgd_lr_0_0001,stay,False,fixed_share_same_leader,0.0,0.01,Stay because the current strategy remains the highest-weight Fixed-Share expert.
34047,265,sgd_lr_0_0001,sgd_lr_0_0001,stay,False,fixed_share_same_leader,0.0,0.01,Stay because the current strategy remains the highest-weight Fixed-Share expert.
34175,266,sgd_lr_0_0001,sgd_lr_0_0001,stay,False,fixed_share_same_leader,0.0,0.01,Stay because the current strategy remains the highest-weight Fixed-Share expert.
34303,267,sgd_lr_0_0001,sgd_lr_0_0001,stay,False,fixed_share_same_leader,0.0,0.01,Stay because the current strategy remains the highest-weight Fixed-Share expert.
34431,268,sgd_lr_0_0001,sgd_lr_0_0001,stay,False,fixed_share_same_leader,0.0,0.01,Stay because the current strategy remains the highest-weight Fixed-Share expert.
34559,269,sgd_lr_0_0001,sgd_lr_0_0001,stay,False,fixed_share_same_leader,0.0,0.01,Stay because the current strategy remains the highest-weight Fixed-Share expert.
34687,270,sgd_lr_0_0001,sgd_lr_0_0001,stay,False,fixed_share_same_leader,0.0,0.01,Stay because the current strategy remains the highest-weight Fixed-Share expert.
34815,271,sgd_lr_0_0001,sgd_lr_0_0001,stay,False,fixed_share_same_leader,0.0,0.01,Stay because the current strategy remains the highest-weight Fixed-Share expert.
34943,272,sgd_lr_0_0001,sgd_lr_0_0001,stay,False,fixed_share_same_leader,0.0,0.01,Stay because the current strategy remains the highest-weight Fixed-Share expert.
35071,273,sgd_lr_0_0001,sgd_lr_0_0001,stay,False,fixed_share_same_leader,0.0,0.01,Stay because the current strategy remains the highest-weight Fixed-Share expert.
35199,274,sgd_lr_0_0001,sgd_lr_0_0001,stay,False,fixed_share_same_leader,0.0,0.01,Stay because the current strategy remains the highest-weight Fixed-Share expert.
35327,275,sgd_lr_0_0001,sgd_lr_0_0001,stay,False,fixed_share_same_leader,0.0,0.01,Stay because the current strategy remains the highest-weight Fixed-Share expert.
35455,276,sgd_lr_0_0001,sgd_lr_0_0001,stay,False,fixed_share_same_leader,0.0,0.01,Stay because the current strategy remains the highest-weight Fixed-Share expert.
35583,277,sgd_lr_0_0001,sgd_lr_0_0001,stay,False,fixed_share_same_leader,0.0,0.01,Stay because the current strategy remains the highest-weight Fixed-Share expert.
35711,278,sgd_lr_0_0001,sgd_lr_0_0001,stay,False,fixed_share_same_leader,0.0,0.01,Stay because the current strategy remains the highest-weight Fixed-Share expert.
35839,279,sgd_lr_0_0001,sgd_lr_0_0001,stay,False,fixed_share_same_leader,0.0,0.01,Stay because the current strategy remains the highest-weight Fixed-Share expert.
35967,280,sgd_lr_0_0001,sgd_lr_0_0001,stay,False,fixed_share_same_leader,0.0,0.01,Stay because the current strategy remains the highest-weight Fixed-Share expert.
36095,281,sgd_lr_0_0001,sgd_lr_0_0001,stay,False,fixed_share_same_leader,0.0,0.01,Stay because the current strategy remains the highest-weight Fixed-Share expert.
36223,282,sgd_lr_0_0001,sgd_lr_0_0001,stay,False,fixed_share_same_leader,0.0,0.01,Stay because the current strategy remains the highest-weight Fixed-Share expert.
36351,283,sgd_lr_0_0001,sgd_lr_0_0001,stay,False,fixed_share_same_leader,0.0,0.01,Stay because the current strategy remains the highest-weight Fixed-Share expert.
36479,284,sgd_lr_0_0001,sgd_lr_0_0001,stay,False,fixed_share_same_leader,0.0,0.01,Stay because the current strategy remains the highest-weight Fixed-Share expert.
36607,285,sgd_lr_0_0001,sgd_lr_0_0001,stay,False,fixed_share_same_leader,0.0,0.01,Stay because the current strategy remains the highest-weight Fixed-Share expert.
36735,286,sgd_lr_0_0001,sgd_lr_0_0001,stay,False,fixed_share_same_leader,0.0,0.01,Stay because the current strategy remains the highest-weight Fixed-Share expert.
36863,287,sgd_lr_0_0001,sgd_lr_0_0001,stay,False,fixed_share_same_leader,0.0,0.01,Stay because the current strategy remains the highest-weight Fixed-Share expert.
36991,288,sgd_lr_0_0001,sgd_lr_0_0001,stay,False,fixed_share_same_leader,0.0,0.01,Stay because the current strategy remains the highest-weight Fixed-Share expert.
37119,289,sgd_lr_0_0001,sgd_lr_0_0001,stay,False,fixed_share_same_leader,0.0,0.01,Stay because the current strategy remains the highest-weight Fixed-Share expert.
37247,290,sgd_lr_0_0001,sgd_lr_0_0001,stay,False,fixed_share_same_leader,0.0,0.01,Stay because the current strategy remains the highest-weight Fixed-Share expert.
37375,291,sgd_lr_0_0001,sgd_lr_0_0001,stay,False,fixed_share_same_leader,0.0,0.01,Stay because the current strategy remains the highest-weight Fixed-Share expert.
37503,292,sgd_lr_0_0001,sgd_lr_0_0001,stay,False,fixed_share_same_leader,0.0,0.01,Stay because the current strategy remains the highest-weight Fixed-Share expert.
37631,293,sgd_lr_0_0001,sgd_lr_0_0001,stay,False,fixed_share_same_leader,0.0,0.01,Stay because the current strategy remains the highest-weight Fixed-Share expert.
37759,294,sgd_lr_0_0001,sgd_lr_0_0001,stay,False,fixed_share_same_leader,0.0,0.01,Stay because the current strategy remains the highest-weight Fixed-Share expert.
37887,295,sgd_lr_0_0001,sgd_lr_0_0001,stay,False,fixed_share_same_leader,0.0,0.01,Stay because the current strategy remains the highest-weight Fixed-Share expert.
38015,296,sgd_lr_0_0001,sgd_lr_0_0001,stay,False,fixed_share_same_leader,0.0,0.01,Stay because the current strategy remains the highest-weight Fixed-Share expert.
38143,297,sgd_lr_0_0001,sgd_lr_0_0001,stay,False,fixed_share_same_leader,0.0,0.01,Stay because the current strategy remains the highest-weight Fixed-Share expert.
38271,298,sgd_lr_0_0001,sgd_lr_0_0001,stay,False,fixed_share_same_leader,0.0,0.01,Stay because the current strategy remains the highest-weight Fixed-Share expert.
38399,299,sgd_lr_0_0001,sgd_lr_0_0001,stay,False,fixed_share_same_leader,0.0,0.01,Stay because the current strategy remains the highest-weight Fixed-Share expert.
38527,300,sgd_lr_0_0001,sgd_lr_0_0001,stay,False,fixed_share_same_leader,0.0,0.01,Stay because the current strategy remains the highest-weight Fixed-Share expert.
38655,301,sgd_lr_0_0001,sgd_lr_0_0001,stay,False,fixed_share_same_leader,0.0,0.01,Stay because the current strategy remains the highest-weight Fixed-Share expert.
38783,302,sgd_lr_0_0001,sgd_lr_0_0001,stay,False,fixed_share_same_leader,0.0,0.01,Stay because the current strategy remains the highest-weight Fixed-Share expert.
38911,303,sgd_lr_0_0001,sgd_lr_0_0001,stay,False,fixed_share_same_leader,0.0,0.01,Stay because the current strategy remains the highest-weight Fixed-Share expert.
39039,304,sgd_lr_0_0001,sgd_lr_0_0001,stay,False,fixed_share_same_leader,0.0,0.01,Stay because the current strategy remains the highest-weight Fixed-Share expert.
39167,305,sgd_lr_0_0001,sgd_lr_0_0001,stay,False,fixed_share_same_leader,0.0,0.01,Stay because the current strategy remains the highest-weight Fixed-Share expert.
39295,306,sgd_lr_0_0001,sgd_lr_0_0001,stay,False,fixed_share_same_leader,0.0,0.01,Stay because the current strategy remains the highest-weight Fixed-Share expert.
39423,307,sgd_lr_0_0001,sgd_lr_0_0001,stay,False,fixed_share_same_leader,0.0,0.01,Stay because the current strategy remains the highest-weight Fixed-Share expert.
39551,308,sgd_lr_0_0001,sgd_lr_0_0001,stay,False,fixed_share_same_leader,0.0,0.01,Stay because the current strategy remains the highest-weight Fixed-Share expert.
39679,309,sgd_lr_0_0001,sgd_lr_0_0001,stay,False,fixed_share_same_leader,0.0,0.01,Stay because the current strategy remains the highest-weight Fixed-Share expert.
39807,310,sgd_lr_0_0001,sgd_lr_0_0001,stay,False,fixed_share_same_leader,0.0,0.01,Stay because the current strategy remains the highest-weight Fixed-Share expert.
39935,311,sgd_lr_0_0001,sgd_lr_0_0001,stay,False,fixed_share_same_leader,0.0,0.01,Stay because the current strategy remains the highest-weight Fixed-Share expert.
40063,312,sgd_lr_0_0001,sgd_lr_0_0001,stay,False,fixed_share_same_leader,0.0,0.01,Stay because the current strategy remains the highest-weight Fixed-Share expert.
40191,313,sgd_lr_0_0001,sgd_lr_0_0001,stay,False,fixed_share_same_leader,0.0,0.01,Stay because the current strategy remains the highest-weight Fixed-Share expert.
40319,314,sgd_lr_0_0001,sgd_lr_0_0001,stay,False,fixed_share_same_leader,0.0,0.01,Stay because the current strategy remains the highest-weight Fixed-Share expert.
40447,315,sgd_lr_0_0001,sgd_lr_0_0001,stay,False,fixed_share_same_leader,0.0,0.01,Stay because the current strategy remains the highest-weight Fixed-Share expert.
40575,316,sgd_lr_0_0001,sgd_lr_0_0001,stay,False,fixed_share_same_leader,0.0,0.01,Stay because the current strategy remains the highest-weight Fixed-Share expert.
40703,317,sgd_lr_0_0001,sgd_lr_0_0001,stay,False,fixed_share_same_leader,0.0,0.01,Stay because the current strategy remains the highest-weight Fixed-Share expert.
40831,318,sgd_lr_0_0001,sgd_lr_0_0001,stay,False,fixed_share_same_leader,0.0,0.01,Stay because the current strategy remains the highest-weight Fixed-Share expert.
40959,319,sgd_lr_0_0001,sgd_lr_0_0001,stay,False,fixed_share_same_leader,0.0,0.01,Stay because the current strategy remains the highest-weight Fixed-Share expert.
41087,320,sgd_lr_0_0001,sgd_lr_0_0001,stay,False,fixed_share_same_leader,0.0,0.01,Stay because the current strategy remains the highest-weight Fixed-Share expert.
41215,321,sgd_lr_0_0001,sgd_lr_0_0001,stay,False,fixed_share_same_leader,0.0,0.01,Stay because the current strategy remains the highest-weight Fixed-Share expert.
41343,322,sgd_lr_0_0001,sgd_lr_0_0001,stay,False,fixed_share_same_leader,0.0,0.01,Stay because the current strategy remains the highest-weight Fixed-Share expert.
41471,323,sgd_lr_0_0001,sgd_lr_0_0001,stay,False,fixed_share_same_leader,0.0,0.01,Stay because the current strategy remains the highest-weight Fixed-Share expert.
41599,324,sgd_lr_0_0001,sgd_lr_0_0001,stay,False,fixed_share_same_leader,0.0,0.01,Stay because the current strategy remains the highest-weight Fixed-Share expert.
41727,325,sgd_lr_0_0001,sgd_lr_0_0001,stay,False,fixed_share_same_leader,0.0,0.01,Stay because the current strategy remains the highest-weight Fixed-Share expert.
41855,326,sgd_lr_0_0001,sgd_lr_0_0001,stay,False,fixed_share_same_leader,0.0,0.01,Stay because the current strategy remains the highest-weight Fixed-Share expert.
41983,327,sgd_lr_0_0001,sgd_lr_0_0001,stay,False,fixed_share_same_leader,0.0,0.01,Stay because the current strategy remains the highest-weight Fixed-Share expert.
42111,328,sgd_lr_0_0001,sgd_lr_0_0001,stay,False,fixed_share_same_leader,0.0,0.01,Stay because the current strategy remains the highest-weight Fixed-Share expert.
42239,329,sgd_lr_0_0001,sgd_lr_0_0001,stay,False,fixed_share_same_leader,0.0,0.01,Stay because the current strategy remains the highest-weight Fixed-Share expert.
42367,330,sgd_lr_0_0001,sgd_lr_0_0001,stay,False,fixed_share_same_leader,0.0,0.01,Stay because the current strategy remains the highest-weight Fixed-Share expert.
42495,331,sgd_lr_0_0001,sgd_lr_0_0001,stay,False,fixed_share_same_leader,0.0,0.01,Stay because the current strategy remains the highest-weight Fixed-Share expert.
42623,332,sgd_lr_0_0001,sgd_lr_0_0001,stay,False,fixed_share_same_leader,0.0,0.01,Stay because the current strategy remains the highest-weight Fixed-Share expert.
42751,333,sgd_lr_0_0001,sgd_lr_0_0001,stay,False,fixed_share_same_leader,0.0,0.01,Stay because the current strategy remains the highest-weight Fixed-Share expert.
42879,334,sgd_lr_0_0001,sgd_lr_0_0001,stay,False,fixed_share_same_leader,0.0,0.01,Stay because the current strategy remains the highest-weight Fixed-Share expert.
43007,335,sgd_lr_0_0001,sgd_lr_0_0001,stay,False,fixed_share_same_leader,0.0,0.01,Stay because the current strategy remains the highest-weight Fixed-Share expert.
43135,336,sgd_lr_0_0001,sgd_lr_0_0001,stay,False,fixed_share_same_leader,0.0,0.01,Stay because the current strategy remains the highest-weight Fixed-Share expert.
43263,337,sgd_lr_0_0001,sgd_lr_0_0001,stay,False,fixed_share_same_leader,0.0,0.01,Stay because the current strategy remains the highest-weight Fixed-Share expert.
43391,338,sgd_lr_0_0001,sgd_lr_0_0001,stay,False,fixed_share_same_leader,0.0,0.01,Stay because the current strategy remains the highest-weight Fixed-Share expert.
43519,339,sgd_lr_0_0001,sgd_lr_0_0001,stay,False,fixed_share_same_leader,0.0,0.01,Stay because the current strategy remains the highest-weight Fixed-Share expert.
43647,340,sgd_lr_0_0001,sgd_lr_0_0001,stay,False,fixed_share_same_leader,0.0,0.01,Stay because the current strategy remains the highest-weight Fixed-Share expert.
43775,341,sgd_lr_0_0001,sgd_lr_0_0001,stay,False,fixed_share_same_leader,0.0,0.01,Stay because the current strategy remains the highest-weight Fixed-Share expert.
43903,342,sgd_lr_0_0001,sgd_lr_0_0001,stay,False,fixed_share_same_leader,0.0,0.01,Stay because the current strategy remains the highest-weight Fixed-Share expert.
44031,343,sgd_lr_0_0001,sgd_lr_0_0001,stay,False,fixed_share_same_leader,0.0,0.01,Stay because the current strategy remains the highest-weight Fixed-Share expert.
44159,344,sgd_lr_0_0001,sgd_lr_0_0001,stay,False,fixed_share_same_leader,0.0,0.01,Stay because the current strategy remains the highest-weight Fixed-Share expert.
44287,345,sgd_lr_0_0001,sgd_lr_0_0001,stay,False,fixed_share_same_leader,0.0,0.01,Stay because the current strategy remains the highest-weight Fixed-Share expert.
44415,346,sgd_lr_0_0001,sgd_lr_0_0001,stay,False,fixed_share_same_leader,0.0,0.01,Stay because the current strategy remains the highest-weight Fixed-Share expert.
44543,347,sgd_lr_0_0001,sgd_lr_0_0001,stay,False,fixed_share_same_leader,0.0,0.01,Stay because the current strategy remains the highest-weight Fixed-Share expert.
44671,348,sgd_lr_0_0001,sgd_lr_0_0001,stay,False,fixed_share_same_leader,0.0,0.01,Stay because the current strategy remains the highest-weight Fixed-Share expert.
44799,349,sgd_lr_0_0001,sgd_lr_0_0001,stay,False,fixed_share_same_leader,0.0,0.01,Stay because the current strategy remains the highest-weight Fixed-Share expert.
44927,350,sgd_lr_0_0001,sgd_lr_0_0001,stay,False,fixed_share_same_leader,0.0,0.01,Stay because the current strategy remains the highest-weight Fixed-Share expert.
45055,351,sgd_lr_0_0001,sgd_lr_0_0001,stay,False,fixed_share_same_leader,0.0,0.01,Stay because the current strategy remains the highest-weight Fixed-Share expert.
45183,352,sgd_lr_0_0001,sgd_lr_0_0001,stay,False,fixed_share_same_leader,0.0,0.01,Stay because the current strategy remains the highest-weight Fixed-Share expert.
45311,353,sgd_lr_0_0001,sgd_lr_0_0001,stay,False,fixed_share_same_leader,0.0,0.01,Stay because the current strategy remains the highest-weight Fixed-Share expert.
45439,354,sgd_lr_0_0001,sgd_lr_0_0001,stay,False,fixed_share_same_leader,0.0,0.01,Stay because the current strategy remains the highest-weight Fixed-Share expert.
45567,355,sgd_lr_0_0001,sgd_lr_0_0001,stay,False,fixed_share_same_leader,0.0,0.01,Stay because the current strategy remains the highest-weight Fixed-Share expert.
45695,356,sgd_lr_0_0001,sgd_lr_0_0001,stay,False,fixed_share_same_leader,0.0,0.01,Stay because the current strategy remains the highest-weight Fixed-Share expert.
45823,357,sgd_lr_0_0001,sgd_lr_0_0001,stay,False,fixed_share_same_leader,0.0,0.01,Stay because the current strategy remains the highest-weight Fixed-Share expert.
45951,358,sgd_lr_0_0001,sgd_lr_0_0001,stay,False,fixed_share_same_leader,0.0,0.01,Stay because the current strategy remains the highest-weight Fixed-Share expert.
46079,359,sgd_lr_0_0001,sgd_lr_0_0001,stay,False,fixed_share_same_leader,0.0,0.01,Stay because the current strategy remains the highest-weight Fixed-Share expert.
46207,360,sgd_lr_0_0001,sgd_lr_0_0001,stay,False,fixed_share_same_leader,0.0,0.01,Stay because the current strategy remains the highest-weight Fixed-Share expert.
46335,361,sgd_lr_0_0001,sgd_lr_0_0001,stay,False,fixed_share_same_leader,0.0,0.01,Stay because the current strategy remains the highest-weight Fixed-Share expert.
46463,362,sgd_lr_0_0001,sgd_lr_0_0001,stay,False,fixed_share_same_leader,0.0,0.01,Stay because the current strategy remains the highest-weight Fixed-Share expert.
46591,363,sgd_lr_0_0001,sgd_lr_0_0001,stay,False,fixed_share_same_leader,0.0,0.01,Stay because the current strategy remains the highest-weight Fixed-Share expert.
46719,364,sgd_lr_0_0001,sgd_lr_0_0001,stay,False,fixed_share_same_leader,0.0,0.01,Stay because the current strategy remains the highest-weight Fixed-Share expert.
46847,365,sgd_lr_0_0001,sgd_lr_0_0001,stay,False,fixed_share_same_leader,0.0,0.01,Stay because the current strategy remains the highest-weight Fixed-Share expert.
46975,366,sgd_lr_0_0001,sgd_lr_0_0001,stay,False,fixed_share_same_leader,0.0,0.01,Stay because the current strategy remains the highest-weight Fixed-Share expert.
47103,367,sgd_lr_0_0001,sgd_lr_0_0001,stay,False,fixed_share_same_leader,0.0,0.01,Stay because the current strategy remains the highest-weight Fixed-Share expert.
47231,368,sgd_lr_0_0001,sgd_lr_0_0001,stay,False,fixed_share_same_leader,0.0,0.01,Stay because the current strategy remains the highest-weight Fixed-Share expert.
47359,369,sgd_lr_0_0001,sgd_lr_0_0001,stay,False,fixed_share_same_leader,0.0,0.01,Stay because the current strategy remains the highest-weight Fixed-Share expert.
47487,370,sgd_lr_0_0001,sgd_lr_0_0001,stay,False,fixed_share_same_leader,0.0,0.01,Stay because the current strategy remains the highest-weight Fixed-Share expert.
47615,371,sgd_lr_0_0001,sgd_lr_0_0001,stay,False,fixed_share_same_leader,0.0,0.01,Stay because the current strategy remains the highest-weight Fixed-Share expert.
47743,372,sgd_lr_0_0001,sgd_lr_0_0001,stay,False,fixed_share_same_leader,0.0,0.01,Stay because the current strategy remains the highest-weight Fixed-Share expert.
47871,373,sgd_lr_0_0001,sgd_lr_0_0001,stay,False,fixed_share_same_leader,0.0,0.01,Stay because the current strategy remains the highest-weight Fixed-Share expert.
47999,374,sgd_lr_0_0001,sgd_lr_0_0001,stay,False,fixed_share_same_leader,0.0,0.01,Stay because the current strategy remains the highest-weight Fixed-Share expert.
48127,375,sgd_lr_0_0001,sgd_lr_0_0001,stay,False,fixed_share_same_leader,0.0,0.01,Stay because the current strategy remains the highest-weight Fixed-Share expert.
48255,376,sgd_lr_0_0001,sgd_lr_0_0001,stay,False,fixed_share_same_leader,0.0,0.01,Stay because the current strategy remains the highest-weight Fixed-Share expert.
48383,377,sgd_lr_0_0001,sgd_lr_0_0001,stay,False,fixed_share_same_leader,0.0,0.01,Stay because the current strategy remains the highest-weight Fixed-Share expert.
48511,378,sgd_lr_0_0001,sgd_lr_0_0001,stay,False,fixed_share_same_leader,0.0,0.01,Stay because the current strategy remains the highest-weight Fixed-Share expert.
48639,379,sgd_lr_0_0001,sgd_lr_0_0001,stay,False,fixed_share_same_leader,0.0,0.01,Stay because the current strategy remains the highest-weight Fixed-Share expert.
48767,380,sgd_lr_0_0001,sgd_lr_0_0001,stay,False,fixed_share_same_leader,0.0,0.01,Stay because the current strategy remains the highest-weight Fixed-Share expert.
48895,381,sgd_lr_0_0001,sgd_lr_0_0001,stay,False,fixed_share_same_leader,0.0,0.01,Stay because the current strategy remains the highest-weight Fixed-Share expert.
49023,382,sgd_lr_0_0001,sgd_lr_0_0001,stay,False,fixed_share_same_leader,0.0,0.01,Stay because the current strategy remains the highest-weight Fixed-Share expert.
49151,383,sgd_lr_0_0001,sgd_lr_0_0001,stay,False,fixed_share_same_leader,0.0,0.01,Stay because the current strategy remains the highest-weight Fixed-Share expert.
49279,384,sgd_lr_0_0001,sgd_lr_0_0001,stay,False,fixed_share_same_leader,0.0,0.01,Stay because the current strategy remains the highest-weight Fixed-Share expert.
49407,385,sgd_lr_0_0001,sgd_lr_0_0001,stay,False,fixed_share_same_leader,0.0,0.01,Stay because the current strategy remains the highest-weight Fixed-Share expert.
49535,386,sgd_lr_0_0001,sgd_lr_0_0001,stay,False,fixed_share_same_leader,0.0,0.01,Stay because the current strategy remains the highest-weight Fixed-Share expert.
49663,387,sgd_lr_0_0001,sgd_lr_0_0001,stay,False,fixed_share_same_leader,0.0,0.01,Stay because the current strategy remains the highest-weight Fixed-Share expert.
49791,388,sgd_lr_0_0001,sgd_lr_0_0001,stay,False,fixed_share_same_leader,0.0,0.01,Stay because the current strategy remains the highest-weight Fixed-Share expert.
49919,389,sgd_lr_0_0001,sgd_lr_0_0001,stay,False,fixed_share_same_leader,0.0,0.01,Stay because the current strategy remains the highest-weight Fixed-Share expert.
50047,390,sgd_lr_0_0001,sgd_lr_0_0001,stay,False,fixed_share_same_leader,0.0,0.01,Stay because the current strategy remains the highest-weight Fixed-Share expert.
50175,391,sgd_lr_0_0001,sgd_lr_0_0001,stay,False,fixed_share_same_leader,0.0,0.01,Stay because the current strategy remains the highest-weight Fixed-Share expert.
50303,392,sgd_lr_0_0001,sgd_lr_0_0001,stay,False,fixed_share_same_leader,0.0,0.01,Stay because the current strategy remains the highest-weight Fixed-Share expert.
50431,393,sgd_lr_0_0001,sgd_lr_0_0001,stay,False,fixed_share_same_leader,0.0,0.01,Stay because the current strategy remains the highest-weight Fixed-Share expert.
50559,394,sgd_lr_0_0001,sgd_lr_0_0001,stay,False,fixed_share_same_leader,0.0,0.01,Stay because the current strategy remains the highest-weight Fixed-Share expert.
50687,395,sgd_lr_0_0001,sgd_lr_0_0001,stay,False,fixed_share_same_leader,0.0,0.01,Stay because the current strategy remains the highest-weight Fixed-Share expert.
50815,396,sgd_lr_0_0001,sgd_lr_0_0001,stay,False,fixed_share_same_leader,0.0,0.01,Stay because the current strategy remains the highest-weight Fixed-Share expert.
50943,397,sgd_lr_0_0001,sgd_lr_0_0001,stay,False,fixed_share_same_leader,0.0,0.01,Stay because the current strategy remains the highest-weight Fixed-Share expert.
51071,398,sgd_lr_0_0001,sgd_lr_0_0001,stay,False,fixed_share_same_leader,0.0,0.01,Stay because the current strategy remains the highest-weight Fixed-Share expert.
51199,399,sgd_lr_0_0001,sgd_lr_0_0001,stay,False,fixed_share_same_leader,0.0,0.01,Stay because the current strategy remains the highest-weight Fixed-Share expert.
51327,400,sgd_lr_0_0001,sgd_lr_0_0001,stay,False,fixed_share_same_leader,0.0,0.01,Stay because the current strategy remains the highest-weight Fixed-Share expert.
51455,401,sgd_lr_0_0001,sgd_lr_0_0001,stay,False,fixed_share_same_leader,0.0,0.01,Stay because the current strategy remains the highest-weight Fixed-Share expert.
51583,402,sgd_lr_0_0001,sgd_lr_0_0001,stay,False,fixed_share_same_leader,0.0,0.01,Stay because the current strategy remains the highest-weight Fixed-Share expert.
51711,403,sgd_lr_0_0001,sgd_lr_0_0001,stay,False,fixed_share_same_leader,0.0,0.01,Stay because the current strategy remains the highest-weight Fixed-Share expert.
51839,404,sgd_lr_0_0001,sgd_lr_0_0001,stay,False,fixed_share_same_leader,0.0,0.01,Stay because the current strategy remains the highest-weight Fixed-Share expert.
51967,405,sgd_lr_0_0001,sgd_lr_0_0001,stay,False,fixed_share_same_leader,0.0,0.01,Stay because the current strategy remains the highest-weight Fixed-Share expert.
52095,406,sgd_lr_0_0001,sgd_lr_0_0001,stay,False,fixed_share_same_leader,0.0,0.01,Stay because the current strategy remains the highest-weight Fixed-Share expert.
52223,407,sgd_lr_0_0001,sgd_lr_0_0001,stay,False,fixed_share_same_leader,0.0,0.01,Stay because the current strategy remains the highest-weight Fixed-Share expert.
52351,408,sgd_lr_0_0001,sgd_lr_0_0001,stay,False,fixed_share_same_leader,0.0,0.01,Stay because the current strategy remains the highest-weight Fixed-Share expert.
52479,409,sgd_lr_0_0001,sgd_lr_0_0001,stay,False,fixed_share_same_leader,0.0,0.01,Stay because the current strategy remains the highest-weight Fixed-Share expert.
52607,410,sgd_lr_0_0001,sgd_lr_0_0001,stay,False,fixed_share_same_leader,0.0,0.01,Stay because the current strategy remains the highest-weight Fixed-Share expert.
52735,411,sgd_lr_0_0001,sgd_lr_0_0001,stay,False,fixed_share_same_leader,0.0,0.01,Stay because the current strategy remains the highest-weight Fixed-Share expert.
52863,412,sgd_lr_0_0001,sgd_lr_0_0001,stay,False,fixed_share_same_leader,0.0,0.01,Stay because the current strategy remains the highest-weight Fixed-Share expert.
52991,413,sgd_lr_0_0001,sgd_lr_0_0001,stay,False,fixed_share_same_leader,0.0,0.01,Stay because the current strategy remains the highest-weight Fixed-Share expert.
53119,414,sgd_lr_0_0001,sgd_lr_0_0001,stay,False,fixed_share_same_leader,0.0,0.01,Stay because the current strategy remains the highest-weight Fixed-Share expert.
53247,415,sgd_lr_0_0001,sgd_lr_0_0001,stay,False,fixed_share_same_leader,0.0,0.01,Stay because the current strategy remains the highest-weight Fixed-Share expert.
53375,416,sgd_lr_0_0001,sgd_lr_0_0001,stay,False,fixed_share_same_leader,0.0,0.01,Stay because the current strategy remains the highest-weight Fixed-Share expert.
53503,417,sgd_lr_0_0001,sgd_lr_0_0001,stay,False,fixed_share_same_leader,0.0,0.01,Stay because the current strategy remains the highest-weight Fixed-Share expert.
53631,418,sgd_lr_0_0001,sgd_lr_0_0001,stay,False,fixed_share_same_leader,0.0,0.01,Stay because the current strategy remains the highest-weight Fixed-Share expert.
53759,419,sgd_lr_0_0001,sgd_lr_0_0001,stay,False,fixed_share_same_leader,0.0,0.01,Stay because the current strategy remains the highest-weight Fixed-Share expert.
53887,420,sgd_lr_0_0001,sgd_lr_0_0001,stay,False,fixed_share_same_leader,0.0,0.01,Stay because the current strategy remains the highest-weight Fixed-Share expert.
54015,421,sgd_lr_0_0001,sgd_lr_0_0001,stay,False,fixed_share_same_leader,0.0,0.01,Stay because the current strategy remains the highest-weight Fixed-Share expert.
54143,422,sgd_lr_0_0001,sgd_lr_0_0001,stay,False,fixed_share_same_leader,0.0,0.01,Stay because the current strategy remains the highest-weight Fixed-Share expert.
54271,423,sgd_lr_0_0001,sgd_lr_0_0001,stay,False,fixed_share_same_leader,0.0,0.01,Stay because the current strategy remains the highest-weight Fixed-Share expert.
54399,424,sgd_lr_0_0001,sgd_lr_0_0001,stay,False,fixed_share_same_leader,0.0,0.01,Stay because the current strategy remains the highest-weight Fixed-Share expert.
54527,425,sgd_lr_0_0001,sgd_lr_0_0001,stay,False,fixed_share_same_leader,0.0,0.01,Stay because the current strategy remains the highest-weight Fixed-Share expert.
54655,426,sgd_lr_0_0001,sgd_lr_0_0001,stay,False,fixed_share_same_leader,0.0,0.01,Stay because the current strategy remains the highest-weight Fixed-Share expert.
54783,427,sgd_lr_0_0001,sgd_lr_0_0001,stay,False,fixed_share_same_leader,0.0,0.01,Stay because the current strategy remains the highest-weight Fixed-Share expert.
54911,428,sgd_lr_0_0001,sgd_lr_0_0001,stay,False,fixed_share_same_leader,0.0,0.01,Stay because the current strategy remains the highest-weight Fixed-Share expert.
55039,429,sgd_lr_0_0001,sgd_lr_0_0001,stay,False,fixed_share_same_leader,0.0,0.01,Stay because the current strategy remains the highest-weight Fixed-Share expert.
55167,430,sgd_lr_0_0001,sgd_lr_0_0001,stay,False,fixed_share_same_leader,0.0,0.01,Stay because the current strategy remains the highest-weight Fixed-Share expert.
55295,431,sgd_lr_0_0001,sgd_lr_0_0001,stay,False,fixed_share_same_leader,0.0,0.01,Stay because the current strategy remains the highest-weight Fixed-Share expert.
55423,432,sgd_lr_0_0001,sgd_lr_0_0001,stay,False,fixed_share_same_leader,0.0,0.01,Stay because the current strategy remains the highest-weight Fixed-Share expert.
55551,433,sgd_lr_0_0001,sgd_lr_0_0001,stay,False,fixed_share_same_leader,0.0,0.01,Stay because the current strategy remains the highest-weight Fixed-Share expert.
55679,434,sgd_lr_0_0001,sgd_lr_0_0001,stay,False,fixed_share_same_leader,0.0,0.01,Stay because the current strategy remains the highest-weight Fixed-Share expert.
55807,435,sgd_lr_0_0001,sgd_lr_0_0001,stay,False,fixed_share_same_leader,0.0,0.01,Stay because the current strategy remains the highest-weight Fixed-Share expert.
55935,436,sgd_lr_0_0001,sgd_lr_0_0001,stay,False,fixed_share_same_leader,0.0,0.01,Stay because the current strategy remains the highest-weight Fixed-Share expert.
56063,437,sgd_lr_0_0001,sgd_lr_0_0001,stay,False,fixed_share_same_leader,0.0,0.01,Stay because the current strategy remains the highest-weight Fixed-Share expert.
56191,438,sgd_lr_0_0001,sgd_lr_0_0001,stay,False,fixed_share_same_leader,0.0,0.01,Stay because the current strategy remains the highest-weight Fixed-Share expert.
56319,439,sgd_lr_0_0001,sgd_lr_0_0001,stay,False,fixed_share_same_leader,0.0,0.01,Stay because the current strategy remains the highest-weight Fixed-Share expert.
56447,440,sgd_lr_0_0001,sgd_lr_0_0001,stay,False,fixed_share_same_leader,0.0,0.01,Stay because the current strategy remains the highest-weight Fixed-Share expert.
56575,441,sgd_lr_0_0001,sgd_lr_0_0001,stay,False,fixed_share_same_leader,0.0,0.01,Stay because the current strategy remains the highest-weight Fixed-Share expert.
56703,442,sgd_lr_0_0001,sgd_lr_0_0001,stay,False,fixed_share_same_leader,0.0,0.01,Stay because the current strategy remains the highest-weight Fixed-Share expert.
56831,443,sgd_lr_0_0001,sgd_lr_0_0001,stay,False,fixed_share_same_leader,0.0,0.01,Stay because the current strategy remains the highest-weight Fixed-Share expert.
56959,444,sgd_lr_0_0001,sgd_lr_0_0001,stay,False,fixed_share_same_leader,0.0,0.01,Stay because the current strategy remains the highest-weight Fixed-Share expert.
57087,445,sgd_lr_0_0001,sgd_lr_0_0001,stay,False,fixed_share_same_leader,0.0,0.01,Stay because the current strategy remains the highest-weight Fixed-Share expert.
57215,446,sgd_lr_0_0001,sgd_lr_0_0001,stay,False,fixed_share_same_leader,0.0,0.01,Stay because the current strategy remains the highest-weight Fixed-Share expert.
57343,447,sgd_lr_0_0001,sgd_lr_0_0001,stay,False,fixed_share_same_leader,0.0,0.01,Stay because the current strategy remains the highest-weight Fixed-Share expert.
57471,448,sgd_lr_0_0001,sgd_lr_0_0001,stay,False,fixed_share_same_leader,0.0,0.01,Stay because the current strategy remains the highest-weight Fixed-Share expert.
57599,449,sgd_lr_0_0001,sgd_lr_0_0001,stay,False,fixed_share_same_leader,0.0,0.01,Stay because the current strategy remains the highest-weight Fixed-Share expert.
57727,450,sgd_lr_0_0001,sgd_lr_0_0001,stay,False,fixed_share_same_leader,0.0,0.01,Stay because the current strategy remains the highest-weight Fixed-Share expert.
57855,451,sgd_lr_0_0001,sgd_lr_0_0001,stay,False,fixed_share_same_leader,0.0,0.01,Stay because the current strategy remains the highest-weight Fixed-Share expert.
57983,452,sgd_lr_0_0001,sgd_lr_0_0001,stay,False,fixed_share_same_leader,0.0,0.01,Stay because the current strategy remains the highest-weight Fixed-Share expert.
58111,453,sgd_lr_0_0001,sgd_lr_0_0001,stay,False,fixed_share_same_leader,0.0,0.01,Stay because the current strategy remains the highest-weight Fixed-Share expert.
58239,454,sgd_lr_0_0001,sgd_lr_0_0001,stay,False,fixed_share_same_leader,0.0,0.01,Stay because the current strategy remains the highest-weight Fixed-Share expert.
58367,455,sgd_lr_0_0001,sgd_lr_0_0001,stay,False,fixed_share_same_leader,0.0,0.01,Stay because the current strategy remains the highest-weight Fixed-Share expert.
58495,456,sgd_lr_0_0001,sgd_lr_0_0001,stay,False,fixed_share_same_leader,0.0,0.01,Stay because the current strategy remains the highest-weight Fixed-Share expert.
58623,457,sgd_lr_0_0001,sgd_lr_0_0001,stay,False,fixed_share_same_leader,0.0,0.01,Stay because the current strategy remains the highest-weight Fixed-Share expert.
58751,458,sgd_lr_0_0001,sgd_lr_0_0001,stay,False,fixed_share_same_leader,0.0,0.01,Stay because the current strategy remains the highest-weight Fixed-Share expert.
58879,459,sgd_lr_0_0001,sgd_lr_0_0001,stay,False,fixed_share_same_leader,0.0,0.01,Stay because the current strategy remains the highest-weight Fixed-Share expert.
59007,460,sgd_lr_0_0001,sgd_lr_0_0001,stay,False,fixed_share_same_leader,0.0,0.01,Stay because the current strategy remains the highest-weight Fixed-Share expert.
59135,461,sgd_lr_0_0001,sgd_lr_0_0001,stay,False,fixed_share_same_leader,0.0,0.01,Stay because the current strategy remains the highest-weight Fixed-Share expert.
59263,462,sgd_lr_0_0001,sgd_lr_0_0001,stay,False,fixed_share_same_leader,0.0,0.01,Stay because the current strategy remains the highest-weight Fixed-Share expert.
59391,463,sgd_lr_0_0001,sgd_lr_0_0001,stay,False,fixed_share_same_leader,0.0,0.01,Stay because the current strategy remains the highest-weight Fixed-Share expert.
59519,464,sgd_lr_0_0001,sgd_lr_0_0001,stay,False,fixed_share_same_leader,0.0,0.01,Stay because the current strategy remains the highest-weight Fixed-Share expert.
59647,465,sgd_lr_0_0001,sgd_lr_0_0001,stay,False,fixed_share_same_leader,0.0,0.01,Stay because the current strategy remains the highest-weight Fixed-Share expert.
59775,466,sgd_lr_0_0001,sgd_lr_0_0001,stay,False,fixed_share_same_leader,0.0,0.01,Stay because the current strategy remains the highest-weight Fixed-Share expert.
59903,467,sgd_lr_0_0001,sgd_lr_0_0001,stay,False,fixed_share_same_leader,0.0,0.01,Stay because the current strategy remains the highest-weight Fixed-Share expert.
60031,468,sgd_lr_0_0001,sgd_lr_0_0001,stay,False,fixed_share_same_leader,0.0,0.01,Stay because the current strategy remains the highest-weight Fixed-Share expert.
60159,469,sgd_lr_0_0001,sgd_lr_0_0001,stay,False,fixed_share_same_leader,0.0,0.01,Stay because the current strategy remains the highest-weight Fixed-Share expert.
60287,470,sgd_lr_0_0001,sgd_lr_0_0001,stay,False,fixed_share_same_leader,0.0,0.01,Stay because the current strategy remains the highest-weight Fixed-Share expert.
60415,471,sgd_lr_0_0001,sgd_lr_0_0001,stay,False,fixed_share_same_leader,0.0,0.01,Stay because the current strategy remains the highest-weight Fixed-Share expert.
60543,472,sgd_lr_0_0001,sgd_lr_0_0001,stay,False,fixed_share_same_leader,0.0,0.01,Stay because the current strategy remains the highest-weight Fixed-Share expert.
60671,473,sgd_lr_0_0001,sgd_lr_0_0001,stay,False,fixed_share_same_leader,0.0,0.01,Stay because the current strategy remains the highest-weight Fixed-Share expert.
60799,474,sgd_lr_0_0001,sgd_lr_0_0001,stay,False,fixed_share_same_leader,0.0,0.01,Stay because the current strategy remains the highest-weight Fixed-Share expert.
60927,475,sgd_lr_0_0001,sgd_lr_0_0001,stay,False,fixed_share_same_leader,0.0,0.01,Stay because the current strategy remains the highest-weight Fixed-Share expert.
61055,476,sgd_lr_0_0001,sgd_lr_0_0001,stay,False,fixed_share_same_leader,0.0,0.01,Stay because the current strategy remains the highest-weight Fixed-Share expert.
61183,477,sgd_lr_0_0001,sgd_lr_0_0001,stay,False,fixed_share_same_leader,0.0,0.01,Stay because the current strategy remains the highest-weight Fixed-Share expert.
61311,478,sgd_lr_0_0001,sgd_lr_0_0001,stay,False,fixed_share_same_leader,0.0,0.01,Stay because the current strategy remains the highest-weight Fixed-Share expert.
61439,479,sgd_lr_0_0001,sgd_lr_0_0001,stay,False,fixed_share_same_leader,0.0,0.01,Stay because the current strategy remains the highest-weight Fixed-Share expert.
61567,480,sgd_lr_0_0001,sgd_lr_0_0001,stay,False,fixed_share_same_leader,0.0,0.01,Stay because the current strategy remains the highest-weight Fixed-Share expert.
61695,481,sgd_lr_0_0001,sgd_lr_0_0001,stay,False,fixed_share_same_leader,0.0,0.01,Stay because the current strategy remains the highest-weight Fixed-Share expert.
61823,482,sgd_lr_0_0001,sgd_lr_0_0001,stay,False,fixed_share_same_leader,0.0,0.01,Stay because the current strategy remains the highest-weight Fixed-Share expert.
61951,483,sgd_lr_0_0001,sgd_lr_0_0001,stay,False,fixed_share_same_leader,0.0,0.01,Stay because the current strategy remains the highest-weight Fixed-Share expert.
62079,484,sgd_lr_0_0001,sgd_lr_0_0001,stay,False,fixed_share_same_leader,0.0,0.01,Stay because the current strategy remains the highest-weight Fixed-Share expert.
62207,485,sgd_lr_0_0001,sgd_lr_0_0001,stay,False,fixed_share_same_leader,0.0,0.01,Stay because the current strategy remains the highest-weight Fixed-Share expert.
62335,486,sgd_lr_0_0001,sgd_lr_0_0001,stay,False,fixed_share_same_leader,0.0,0.01,Stay because the current strategy remains the highest-weight Fixed-Share expert.
62463,487,sgd_lr_0_0001,sgd_lr_0_0001,stay,False,fixed_share_same_leader,0.0,0.01,Stay because the current strategy remains the highest-weight Fixed-Share expert.
62591,488,sgd_lr_0_0001,sgd_lr_0_0001,stay,False,fixed_share_same_leader,0.0,0.01,Stay because the current strategy remains the highest-weight Fixed-Share expert.
62719,489,sgd_lr_0_0001,sgd_lr_0_0001,stay,False,fixed_share_same_leader,0.0,0.01,Stay because the current strategy remains the highest-weight Fixed-Share expert.
62847,490,sgd_lr_0_0001,sgd_lr_0_0001,stay,False,fixed_share_same_leader,0.0,0.01,Stay because the current strategy remains the highest-weight Fixed-Share expert.
62975,491,sgd_lr_0_0001,sgd_lr_0_0001,stay,False,fixed_share_same_leader,0.0,0.01,Stay because the current strategy remains the highest-weight Fixed-Share expert.
63103,492,sgd_lr_0_0001,sgd_lr_0_0001,stay,False,fixed_share_same_leader,0.0,0.01,Stay because the current strategy remains the highest-weight Fixed-Share expert.
63231,493,sgd_lr_0_0001,sgd_lr_0_0001,stay,False,fixed_share_same_leader,0.0,0.01,Stay because the current strategy remains the highest-weight Fixed-Share expert.
63359,494,sgd_lr_0_0001,sgd_lr_0_0001,stay,False,fixed_share_same_leader,0.0,0.01,Stay because the current strategy remains the highest-weight Fixed-Share expert.
63487,495,sgd_lr_0_0001,sgd_lr_0_0001,stay,False,fixed_share_same_leader,0.0,0.01,Stay because the current strategy remains the highest-weight Fixed-Share expert.
63615,496,sgd_lr_0_0001,sgd_lr_0_0001,stay,False,fixed_share_same_leader,0.0,0.01,Stay because the current strategy remains the highest-weight Fixed-Share expert.
63743,497,sgd_lr_0_0001,sgd_lr_0_0001,stay,False,fixed_share_same_leader,0.0,0.01,Stay because the current strategy remains the highest-weight Fixed-Share expert.
63871,498,sgd_lr_0_0001,sgd_lr_0_0001,stay,False,fixed_share_same_leader,0.0,0.01,Stay because the current strategy remains the highest-weight Fixed-Share expert.
63999,499,sgd_lr_0_0001,sgd_lr_0_0001,stay,False,fixed_share_same_leader,0.0,0.01,Stay because the current strategy remains the highest-weight Fixed-Share expert.
64127,500,sgd_lr_0_0001,sgd_lr_0_0001,stay,False,fixed_share_same_leader,0.0,0.01,Stay because the current strategy remains the highest-weight Fixed-Share expert.
64255,501,sgd_lr_0_0001,sgd_lr_0_0001,stay,False,fixed_share_same_leader,0.0,0.01,Stay because the current strategy remains the highest-weight Fixed-Share expert.
64383,502,sgd_lr_0_0001,sgd_lr_0_0001,stay,False,fixed_share_same_leader,0.0,0.01,Stay because the current strategy remains the highest-weight Fixed-Share expert.
64511,503,sgd_lr_0_0001,sgd_lr_0_0001,stay,False,fixed_share_same_leader,0.0,0.01,Stay because the current strategy remains the highest-weight Fixed-Share expert.
64639,504,sgd_lr_0_0001,sgd_lr_0_0001,stay,False,fixed_share_same_leader,0.0,0.01,Stay because the current strategy remains the highest-weight Fixed-Share expert.
64767,505,sgd_lr_0_0001,sgd_lr_0_0001,stay,False,fixed_share_same_leader,0.0,0.01,Stay because the current strategy remains the highest-weight Fixed-Share expert.
64895,506,sgd_lr_0_0001,sgd_lr_0_0001,stay,False,fixed_share_same_leader,0.0,0.01,Stay because the current strategy remains the highest-weight Fixed-Share expert.
65023,507,sgd_lr_0_0001,sgd_lr_0_0001,stay,False,fixed_share_same_leader,0.0,0.01,Stay because the current strategy remains the highest-weight Fixed-Share expert.
65151,508,sgd_lr_0_0001,sgd_lr_0_0001,stay,False,fixed_share_same_leader,0.0,0.01,Stay because the current strategy remains the highest-weight Fixed-Share expert.
65279,509,sgd_lr_0_0001,sgd_lr_0_0001,stay,False,fixed_share_same_leader,0.0,0.01,Stay because the current strategy remains the highest-weight Fixed-Share expert.
65407,510,sgd_lr_0_0001,sgd_lr_0_0001,stay,False,fixed_share_same_leader,0.0,0.01,Stay because the current strategy remains the highest-weight Fixed-Share expert.
65535,511,sgd_lr_0_0001,sgd_lr_0_0001,stay,False,fixed_share_same_leader,0.0,0.01,Stay because the current strategy remains the highest-weight Fixed-Share expert.
65663,512,sgd_lr_0_0001,sgd_lr_0_0001,stay,False,fixed_share_same_leader,0.0,0.01,Stay because the current strategy remains the highest-weight Fixed-Share expert.
65791,513,sgd_lr_0_0001,sgd_lr_0_0001,stay,False,fixed_share_same_leader,0.0,0.01,Stay because the current strategy remains the highest-weight Fixed-Share expert.
65919,514,sgd_lr_0_0001,sgd_lr_0_0001,stay,False,fixed_share_same_leader,0.0,0.01,Stay because the current strategy remains the highest-weight Fixed-Share expert.
66047,515,sgd_lr_0_0001,sgd_lr_0_0001,stay,False,fixed_share_same_leader,0.0,0.01,Stay because the current strategy remains the highest-weight Fixed-Share expert.
66175,516,sgd_lr_0_0001,sgd_lr_0_0001,stay,False,fixed_share_same_leader,0.0,0.01,Stay because the current strategy remains the highest-weight Fixed-Share expert.
66303,517,sgd_lr_0_0001,sgd_lr_0_0001,stay,False,fixed_share_same_leader,0.0,0.01,Stay because the current strategy remains the highest-weight Fixed-Share expert.
66431,518,sgd_lr_0_0001,sgd_lr_0_0001,stay,False,fixed_share_same_leader,0.0,0.01,Stay because the current strategy remains the highest-weight Fixed-Share expert.
66559,519,sgd_lr_0_0001,sgd_lr_0_0001,stay,False,fixed_share_same_leader,0.0,0.01,Stay because the current strategy remains the highest-weight Fixed-Share expert.
66687,520,sgd_lr_0_0001,sgd_lr_0_0001,stay,False,fixed_share_same_leader,0.0,0.01,Stay because the current strategy remains the highest-weight Fixed-Share expert.
66815,521,sgd_lr_0_0001,sgd_lr_0_0001,stay,False,fixed_share_same_leader,0.0,0.01,Stay because the current strategy remains the highest-weight Fixed-Share expert.
66943,522,sgd_lr_0_0001,sgd_lr_0_0001,stay,False,fixed_share_same_leader,0.0,0.01,Stay because the current strategy remains the highest-weight Fixed-Share expert.
67071,523,sgd_lr_0_0001,sgd_lr_0_0001,stay,False,fixed_share_same_leader,0.0,0.01,Stay because the current strategy remains the highest-weight Fixed-Share expert.
67199,524,sgd_lr_0_0001,sgd_lr_0_0001,stay,False,fixed_share_same_leader,0.0,0.01,Stay because the current strategy remains the highest-weight Fixed-Share expert.
67327,525,sgd_lr_0_0001,sgd_lr_0_0001,stay,False,fixed_share_same_leader,0.0,0.01,Stay because the current strategy remains the highest-weight Fixed-Share expert.
67455,526,sgd_lr_0_0001,sgd_lr_0_0001,stay,False,fixed_share_same_leader,0.0,0.01,Stay because the current strategy remains the highest-weight Fixed-Share expert.
67583,527,sgd_lr_0_0001,sgd_lr_0_0001,stay,False,fixed_share_same_leader,0.0,0.01,Stay because the current strategy remains the highest-weight Fixed-Share expert.
67711,528,sgd_lr_0_0001,sgd_lr_0_0001,stay,False,fixed_share_same_leader,0.0,0.01,Stay because the current strategy remains the highest-weight Fixed-Share expert.
67839,529,sgd_lr_0_0001,sgd_lr_0_0001,stay,False,fixed_share_same_leader,0.0,0.01,Stay because the current strategy remains the highest-weight Fixed-Share expert.
67967,530,sgd_lr_0_0001,sgd_lr_0_0001,stay,False,fixed_share_same_leader,0.0,0.01,Stay because the current strategy remains the highest-weight Fixed-Share expert.
68095,531,sgd_lr_0_0001,sgd_lr_0_0001,stay,False,fixed_share_same_leader,0.0,0.01,Stay because the current strategy remains the highest-weight Fixed-Share expert.
68223,532,sgd_lr_0_0001,sgd_lr_0_0001,stay,False,fixed_share_same_leader,0.0,0.01,Stay because the current strategy remains the highest-weight Fixed-Share expert.
68351,533,sgd_lr_0_0001,sgd_lr_0_0001,stay,False,fixed_share_same_leader,0.0,0.01,Stay because the current strategy remains the highest-weight Fixed-Share expert.
68479,534,sgd_lr_0_0001,sgd_lr_0_0001,stay,False,fixed_share_same_leader,0.0,0.01,Stay because the current strategy remains the highest-weight Fixed-Share expert.
68607,535,sgd_lr_0_0001,sgd_lr_0_0001,stay,False,fixed_share_same_leader,0.0,0.01,Stay because the current strategy remains the highest-weight Fixed-Share expert.
68735,536,sgd_lr_0_0001,sgd_lr_0_0001,stay,False,fixed_share_same_leader,0.0,0.01,Stay because the current strategy remains the highest-weight Fixed-Share expert.
68863,537,sgd_lr_0_0001,sgd_lr_0_0001,stay,False,fixed_share_same_leader,0.0,0.01,Stay because the current strategy remains the highest-weight Fixed-Share expert.
68991,538,sgd_lr_0_0001,sgd_lr_0_0001,stay,False,fixed_share_same_leader,0.0,0.01,Stay because the current strategy remains the highest-weight Fixed-Share expert.
69119,539,sgd_lr_0_0001,sgd_lr_0_0001,stay,False,fixed_share_same_leader,0.0,0.01,Stay because the current strategy remains the highest-weight Fixed-Share expert.
69247,540,sgd_lr_0_0001,sgd_lr_0_0001,stay,False,fixed_share_same_leader,0.0,0.01,Stay because the current strategy remains the highest-weight Fixed-Share expert.
69375,541,sgd_lr_0_0001,sgd_lr_0_0001,stay,False,fixed_share_same_leader,0.0,0.01,Stay because the current strategy remains the highest-weight Fixed-Share expert.
69503,542,sgd_lr_0_0001,sgd_lr_0_0001,stay,False,fixed_share_same_leader,0.0,0.01,Stay because the current strategy remains the highest-weight Fixed-Share expert.
69631,543,sgd_lr_0_0001,sgd_lr_0_0001,stay,False,fixed_share_same_leader,0.0,0.01,Stay because the current strategy remains the highest-weight Fixed-Share expert.
69759,544,sgd_lr_0_0001,sgd_lr_0_0001,stay,False,fixed_share_same_leader,0.0,0.01,Stay because the current strategy remains the highest-weight Fixed-Share expert.
69887,545,sgd_lr_0_0001,sgd_lr_0_0001,stay,False,fixed_share_same_leader,0.0,0.01,Stay because the current strategy remains the highest-weight Fixed-Share expert.
70015,546,sgd_lr_0_0001,sgd_lr_0_0001,stay,False,fixed_share_same_leader,0.0,0.01,Stay because the current strategy remains the highest-weight Fixed-Share expert.
70143,547,sgd_lr_0_0001,sgd_lr_0_0001,stay,False,fixed_share_same_leader,0.0,0.01,Stay because the current strategy remains the highest-weight Fixed-Share expert.
70271,548,sgd_lr_0_0001,sgd_lr_0_0001,stay,False,fixed_share_same_leader,0.0,0.01,Stay because the current strategy remains the highest-weight Fixed-Share expert.
70399,549,sgd_lr_0_0001,sgd_lr_0_0001,stay,False,fixed_share_same_leader,0.0,0.01,Stay because the current strategy remains the highest-weight Fixed-Share expert.
70527,550,sgd_lr_0_0001,sgd_lr_0_0001,stay,False,fixed_share_same_leader,0.0,0.01,Stay because the current strategy remains the highest-weight Fixed-Share expert.
70655,551,sgd_lr_0_0001,sgd_lr_0_0001,stay,False,fixed_share_same_leader,0.0,0.01,Stay because the current strategy remains the highest-weight Fixed-Share expert.
70783,552,sgd_lr_0_0001,sgd_lr_0_0001,stay,False,fixed_share_same_leader,0.0,0.01,Stay because the current strategy remains the highest-weight Fixed-Share expert.
70911,553,sgd_lr_0_0001,sgd_lr_0_0001,stay,False,fixed_share_same_leader,0.0,0.01,Stay because the current strategy remains the highest-weight Fixed-Share expert.
71039,554,sgd_lr_0_0001,sgd_lr_0_0001,stay,False,fixed_share_same_leader,0.0,0.01,Stay because the current strategy remains the highest-weight Fixed-Share expert.
71167,555,sgd_lr_0_0001,sgd_lr_0_0001,stay,False,fixed_share_same_leader,0.0,0.01,Stay because the current strategy remains the highest-weight Fixed-Share expert.
71295,556,sgd_lr_0_0001,sgd_lr_0_0001,stay,False,fixed_share_same_leader,0.0,0.01,Stay because the current strategy remains the highest-weight Fixed-Share expert.
71423,557,sgd_lr_0_0001,sgd_lr_0_0001,stay,False,fixed_share_same_leader,0.0,0.01,Stay because the current strategy remains the highest-weight Fixed-Share expert.
71551,558,sgd_lr_0_0001,sgd_lr_0_0001,stay,False,fixed_share_same_leader,0.0,0.01,Stay because the current strategy remains the highest-weight Fixed-Share expert.
71679,559,sgd_lr_0_0001,sgd_lr_0_0001,stay,False,fixed_share_same_leader,0.0,0.01,Stay because the current strategy remains the highest-weight Fixed-Share expert.
71807,560,sgd_lr_0_0001,sgd_lr_0_0001,stay,False,fixed_share_same_leader,0.0,0.01,Stay because the current strategy remains the highest-weight Fixed-Share expert.
71935,561,sgd_lr_0_0001,sgd_lr_0_0001,stay,False,fixed_share_same_leader,0.0,0.01,Stay because the current strategy remains the highest-weight Fixed-Share expert.
72063,562,sgd_lr_0_0001,sgd_lr_0_0001,stay,False,fixed_share_same_leader,0.0,0.01,Stay because the current strategy remains the highest-weight Fixed-Share expert.
72191,563,sgd_lr_0_0001,sgd_lr_0_0001,stay,False,fixed_share_same_leader,0.0,0.01,Stay because the current strategy remains the highest-weight Fixed-Share expert.
72319,564,sgd_lr_0_0001,sgd_lr_0_0001,stay,False,fixed_share_same_leader,0.0,0.01,Stay because the current strategy remains the highest-weight Fixed-Share expert.
72447,565,sgd_lr_0_0001,sgd_lr_0_0001,stay,False,fixed_share_same_leader,0.0,0.01,Stay because the current strategy remains the highest-weight Fixed-Share expert.
72575,566,sgd_lr_0_0001,sgd_lr_0_0001,stay,False,fixed_share_same_leader,0.0,0.01,Stay because the current strategy remains the highest-weight Fixed-Share expert.
72703,567,sgd_lr_0_0001,sgd_lr_0_0001,stay,False,fixed_share_same_leader,0.0,0.01,Stay because the current strategy remains the highest-weight Fixed-Share expert.
72831,568,sgd_lr_0_0001,sgd_lr_0_0001,stay,False,fixed_share_same_leader,0.0,0.01,Stay because the current strategy remains the highest-weight Fixed-Share expert.
72959,569,sgd_lr_0_0001,sgd_lr_0_0001,stay,False,fixed_share_same_leader,0.0,0.01,Stay because the current strategy remains the highest-weight Fixed-Share expert.
73087,570,sgd_lr_0_0001,sgd_lr_0_0001,stay,False,fixed_share_same_leader,0.0,0.01,Stay because the current strategy remains the highest-weight Fixed-Share expert.
73215,571,sgd_lr_0_0001,sgd_lr_0_0001,stay,False,fixed_share_same_leader,0.0,0.01,Stay because the current strategy remains the highest-weight Fixed-Share expert.
73343,572,sgd_lr_0_0001,sgd_lr_0_0001,stay,False,fixed_share_same_leader,0.0,0.01,Stay because the current strategy remains the highest-weight Fixed-Share expert.
73471,573,sgd_lr_0_0001,sgd_lr_0_0001,stay,False,fixed_share_same_leader,0.0,0.01,Stay because the current strategy remains the highest-weight Fixed-Share expert.
73599,574,sgd_lr_0_0001,sgd_lr_0_0001,stay,False,fixed_share_same_leader,0.0,0.01,Stay because the current strategy remains the highest-weight Fixed-Share expert.
73727,575,sgd_lr_0_0001,sgd_lr_0_0001,stay,False,fixed_share_same_leader,0.0,0.01,Stay because the current strategy remains the highest-weight Fixed-Share expert.
73855,576,sgd_lr_0_0001,sgd_lr_0_0001,stay,False,fixed_share_same_leader,0.0,0.01,Stay because the current strategy remains the highest-weight Fixed-Share expert.
73983,577,sgd_lr_0_0001,sgd_lr_0_0001,stay,False,fixed_share_same_leader,0.0,0.01,Stay because the current strategy remains the highest-weight Fixed-Share expert.
74111,578,sgd_lr_0_0001,sgd_lr_0_0001,stay,False,fixed_share_same_leader,0.0,0.01,Stay because the current strategy remains the highest-weight Fixed-Share expert.
74239,579,sgd_lr_0_0001,sgd_lr_0_0001,stay,False,fixed_share_same_leader,0.0,0.01,Stay because the current strategy remains the highest-weight Fixed-Share expert.
74367,580,sgd_lr_0_0001,sgd_lr_0_0001,stay,False,fixed_share_same_leader,0.0,0.01,Stay because the current strategy remains the highest-weight Fixed-Share expert.
74495,581,sgd_lr_0_0001,sgd_lr_0_0001,stay,False,fixed_share_same_leader,0.0,0.01,Stay because the current strategy remains the highest-weight Fixed-Share expert.
74623,582,sgd_lr_0_0001,sgd_lr_0_0001,stay,False,fixed_share_same_leader,0.0,0.01,Stay because the current strategy remains the highest-weight Fixed-Share expert.
74751,583,sgd_lr_0_0001,sgd_lr_0_0001,stay,False,fixed_share_same_leader,0.0,0.01,Stay because the current strategy remains the highest-weight Fixed-Share expert.
74879,584,sgd_lr_0_0001,sgd_lr_0_0001,stay,False,fixed_share_same_leader,0.0,0.01,Stay because the current strategy remains the highest-weight Fixed-Share expert.
75007,585,sgd_lr_0_0001,sgd_lr_0_0001,stay,False,fixed_share_same_leader,0.0,0.01,Stay because the current strategy remains the highest-weight Fixed-Share expert.
75135,586,sgd_lr_0_0001,sgd_lr_0_0001,stay,False,fixed_share_same_leader,0.0,0.01,Stay because the current strategy remains the highest-weight Fixed-Share expert.
75263,587,sgd_lr_0_0001,sgd_lr_0_0001,stay,False,fixed_share_same_leader,0.0,0.01,Stay because the current strategy remains the highest-weight Fixed-Share expert.
75391,588,sgd_lr_0_0001,sgd_lr_0_0001,stay,False,fixed_share_same_leader,0.0,0.01,Stay because the current strategy remains the highest-weight Fixed-Share expert.
75519,589,sgd_lr_0_0001,sgd_lr_0_0001,stay,False,fixed_share_same_leader,0.0,0.01,Stay because the current strategy remains the highest-weight Fixed-Share expert.
75647,590,sgd_lr_0_0001,sgd_lr_0_0001,stay,False,fixed_share_same_leader,0.0,0.01,Stay because the current strategy remains the highest-weight Fixed-Share expert.
75775,591,sgd_lr_0_0001,sgd_lr_0_0001,stay,False,fixed_share_same_leader,0.0,0.01,Stay because the current strategy remains the highest-weight Fixed-Share expert.
75903,592,sgd_lr_0_0001,sgd_lr_0_0001,stay,False,fixed_share_same_leader,0.0,0.01,Stay because the current strategy remains the highest-weight Fixed-Share expert.
76031,593,sgd_lr_0_0001,sgd_lr_0_0001,stay,False,fixed_share_same_leader,0.0,0.01,Stay because the current strategy remains the highest-weight Fixed-Share expert.
76159,594,sgd_lr_0_0001,sgd_lr_0_0001,stay,False,fixed_share_same_leader,0.0,0.01,Stay because the current strategy remains the highest-weight Fixed-Share expert.
76287,595,sgd_lr_0_0001,sgd_lr_0_0001,stay,False,fixed_share_same_leader,0.0,0.01,Stay because the current strategy remains the highest-weight Fixed-Share expert.
76415,596,sgd_lr_0_0001,sgd_lr_0_0001,stay,False,fixed_share_same_leader,0.0,0.01,Stay because the current strategy remains the highest-weight Fixed-Share expert.
76543,597,sgd_lr_0_0001,sgd_lr_0_0001,stay,False,fixed_share_same_leader,0.0,0.01,Stay because the current strategy remains the highest-weight Fixed-Share expert.
76671,598,sgd_lr_0_0001,sgd_lr_0_0001,stay,False,fixed_share_same_leader,0.0,0.01,Stay because the current strategy remains the highest-weight Fixed-Share expert.
76799,599,sgd_lr_0_0001,sgd_lr_0_0001,stay,False,fixed_share_same_leader,0.0,0.01,Stay because the current strategy remains the highest-weight Fixed-Share expert.
76927,600,sgd_lr_0_0001,sgd_lr_0_0001,stay,False,fixed_share_same_leader,0.0,0.01,Stay because the current strategy remains the highest-weight Fixed-Share expert.
77055,601,sgd_lr_0_0001,sgd_lr_0_0001,stay,False,fixed_share_same_leader,0.0,0.01,Stay because the current strategy remains the highest-weight Fixed-Share expert.
77183,602,sgd_lr_0_0001,sgd_lr_0_0001,stay,False,fixed_share_same_leader,0.0,0.01,Stay because the current strategy remains the highest-weight Fixed-Share expert.
77311,603,sgd_lr_0_0001,sgd_lr_0_0001,stay,False,fixed_share_same_leader,0.0,0.01,Stay because the current strategy remains the highest-weight Fixed-Share expert.
77439,604,sgd_lr_0_0001,sgd_lr_0_0001,stay,False,fixed_share_same_leader,0.0,0.01,Stay because the current strategy remains the highest-weight Fixed-Share expert.
77567,605,sgd_lr_0_0001,sgd_lr_0_0001,stay,False,fixed_share_same_leader,0.0,0.01,Stay because the current strategy remains the highest-weight Fixed-Share expert.
77695,606,sgd_lr_0_0001,sgd_lr_0_0001,stay,False,fixed_share_same_leader,0.0,0.01,Stay because the current strategy remains the highest-weight Fixed-Share expert.
77823,607,sgd_lr_0_0001,sgd_lr_0_0001,stay,False,fixed_share_same_leader,0.0,0.01,Stay because the current strategy remains the highest-weight Fixed-Share expert.
77951,608,sgd_lr_0_0001,sgd_lr_0_0001,stay,False,fixed_share_same_leader,0.0,0.01,Stay because the current strategy remains the highest-weight Fixed-Share expert.
78079,609,sgd_lr_0_0001,sgd_lr_0_0001,stay,False,fixed_share_same_leader,0.0,0.01,Stay because the current strategy remains the highest-weight Fixed-Share expert.
78207,610,sgd_lr_0_0001,sgd_lr_0_0001,stay,False,fixed_share_same_leader,0.0,0.01,Stay because the current strategy remains the highest-weight Fixed-Share expert.
78335,611,sgd_lr_0_0001,sgd_lr_0_0001,stay,False,fixed_share_same_leader,0.0,0.01,Stay because the current strategy remains the highest-weight Fixed-Share expert.
78463,612,sgd_lr_0_0001,sgd_lr_0_0001,stay,False,fixed_share_same_leader,0.0,0.01,Stay because the current strategy remains the highest-weight Fixed-Share expert.
78591,613,sgd_lr_0_0001,sgd_lr_0_0001,stay,False,fixed_share_same_leader,0.0,0.01,Stay because the current strategy remains the highest-weight Fixed-Share expert.
78719,614,sgd_lr_0_0001,sgd_lr_0_0001,stay,False,fixed_share_same_leader,0.0,0.01,Stay because the current strategy remains the highest-weight Fixed-Share expert.
78847,615,sgd_lr_0_0001,sgd_lr_0_0001,stay,False,fixed_share_same_leader,0.0,0.01,Stay because the current strategy remains the highest-weight Fixed-Share expert.
78975,616,sgd_lr_0_0001,sgd_lr_0_0001,stay,False,fixed_share_same_leader,0.0,0.01,Stay because the current strategy remains the highest-weight Fixed-Share expert.
79103,617,sgd_lr_0_0001,sgd_lr_0_0001,stay,False,fixed_share_same_leader,0.0,0.01,Stay because the current strategy remains the highest-weight Fixed-Share expert.
79231,618,sgd_lr_0_0001,sgd_lr_0_0001,stay,False,fixed_share_same_leader,0.0,0.01,Stay because the current strategy remains the highest-weight Fixed-Share expert.
79359,619,sgd_lr_0_0001,sgd_lr_0_0001,stay,False,fixed_share_same_leader,0.0,0.01,Stay because the current strategy remains the highest-weight Fixed-Share expert.
79487,620,sgd_lr_0_0001,sgd_lr_0_0001,stay,False,fixed_share_same_leader,0.0,0.01,Stay because the current strategy remains the highest-weight Fixed-Share expert.
79615,621,sgd_lr_0_0001,sgd_lr_0_0001,stay,False,fixed_share_same_leader,0.0,0.01,Stay because the current strategy remains the highest-weight Fixed-Share expert.
79743,622,sgd_lr_0_0001,sgd_lr_0_0001,stay,False,fixed_share_same_leader,0.0,0.01,Stay because the current strategy remains the highest-weight Fixed-Share expert.
79871,623,sgd_lr_0_0001,sgd_lr_0_0001,stay,False,fixed_share_same_leader,0.0,0.01,Stay because the current strategy remains the highest-weight Fixed-Share expert.
79999,624,sgd_lr_0_0001,sgd_lr_0_0001,stay,False,fixed_share_same_leader,0.0,0.01,Stay because the current strategy remains the highest-weight Fixed-Share expert.
80127,625,sgd_lr_0_0001,sgd_lr_0_0001,stay,False,fixed_share_same_leader,0.0,0.01,Stay because the current strategy remains the highest-weight Fixed-Share expert.
80255,626,sgd_lr_0_0001,sgd_lr_0_0001,stay,False,fixed_share_same_leader,0.0,0.01,Stay because the current strategy remains the highest-weight Fixed-Share expert.
80383,627,sgd_lr_0_0001,sgd_lr_0_0001,stay,False,fixed_share_same_leader,0.0,0.01,Stay because the current strategy remains the highest-weight Fixed-Share expert.
80511,628,sgd_lr_0_0001,sgd_lr_0_0001,stay,False,fixed_share_same_leader,0.0,0.01,Stay because the current strategy remains the highest-weight Fixed-Share expert.
80639,629,sgd_lr_0_0001,sgd_lr_0_0001,stay,False,fixed_share_same_leader,0.0,0.01,Stay because the current strategy remains the highest-weight Fixed-Share expert.
80767,630,sgd_lr_0_0001,sgd_lr_0_0001,stay,False,fixed_share_same_leader,0.0,0.01,Stay because the current strategy remains the highest-weight Fixed-Share expert.
80895,631,sgd_lr_0_0001,sgd_lr_0_0001,stay,False,fixed_share_same_leader,0.0,0.01,Stay because the current strategy remains the highest-weight Fixed-Share expert.
81023,632,sgd_lr_0_0001,sgd_lr_0_0001,stay,False,fixed_share_same_leader,0.0,0.01,Stay because the current strategy remains the highest-weight Fixed-Share expert.
81151,633,sgd_lr_0_0001,sgd_lr_0_0001,stay,False,fixed_share_same_leader,0.0,0.01,Stay because the current strategy remains the highest-weight Fixed-Share expert.
81279,634,sgd_lr_0_0001,sgd_lr_0_0001,stay,False,fixed_share_same_leader,0.0,0.01,Stay because the current strategy remains the highest-weight Fixed-Share expert.
81407,635,sgd_lr_0_0001,sgd_lr_0_0001,stay,False,fixed_share_same_leader,0.0,0.01,Stay because the current strategy remains the highest-weight Fixed-Share expert.
81535,636,sgd_lr_0_0001,sgd_lr_0_0001,stay,False,fixed_share_same_leader,0.0,0.01,Stay because the current strategy remains the highest-weight Fixed-Share expert.
81663,637,sgd_lr_0_0001,sgd_lr_0_0001,stay,False,fixed_share_same_leader,0.0,0.01,Stay because the current strategy remains the highest-weight Fixed-Share expert.
81791,638,sgd_lr_0_0001,sgd_lr_0_0001,stay,False,fixed_share_same_leader,0.0,0.01,Stay because the current strategy remains the highest-weight Fixed-Share expert.
81919,639,sgd_lr_0_0001,sgd_lr_0_0001,stay,False,fixed_share_same_leader,0.0,0.01,Stay because the current strategy remains the highest-weight Fixed-Share expert.
82047,640,sgd_lr_0_0001,sgd_lr_0_0001,stay,False,fixed_share_same_leader,0.0,0.01,Stay because the current strategy remains the highest-weight Fixed-Share expert.
82175,641,sgd_lr_0_0001,sgd_lr_0_0001,stay,False,fixed_share_same_leader,0.0,0.01,Stay because the current strategy remains the highest-weight Fixed-Share expert.
82303,642,sgd_lr_0_0001,sgd_lr_0_0001,stay,False,fixed_share_same_leader,0.0,0.01,Stay because the current strategy remains the highest-weight Fixed-Share expert.
82431,643,sgd_lr_0_0001,sgd_lr_0_0001,stay,False,fixed_share_same_leader,0.0,0.01,Stay because the current strategy remains the highest-weight Fixed-Share expert.
82559,644,sgd_lr_0_0001,sgd_lr_0_0001,stay,False,fixed_share_same_leader,0.0,0.01,Stay because the current strategy remains the highest-weight Fixed-Share expert.
82687,645,sgd_lr_0_0001,sgd_lr_0_0001,stay,False,fixed_share_same_leader,0.0,0.01,Stay because the current strategy remains the highest-weight Fixed-Share expert.
82815,646,sgd_lr_0_0001,sgd_lr_0_0001,stay,False,fixed_share_same_leader,0.0,0.01,Stay because the current strategy remains the highest-weight Fixed-Share expert.
82943,647,sgd_lr_0_0001,sgd_lr_0_0001,stay,False,fixed_share_same_leader,0.0,0.01,Stay because the current strategy remains the highest-weight Fixed-Share expert.
83071,648,sgd_lr_0_0001,sgd_lr_0_0001,stay,False,fixed_share_same_leader,0.0,0.01,Stay because the current strategy remains the highest-weight Fixed-Share expert.
83199,649,sgd_lr_0_0001,sgd_lr_0_0001,stay,False,fixed_share_same_leader,0.0,0.01,Stay because the current strategy remains the highest-weight Fixed-Share expert.
83327,650,sgd_lr_0_0001,sgd_lr_0_0001,stay,False,fixed_share_same_leader,0.0,0.01,Stay because the current strategy remains the highest-weight Fixed-Share expert.
83455,651,sgd_lr_0_0001,sgd_lr_0_0001,stay,False,fixed_share_same_leader,0.0,0.01,Stay because the current strategy remains the highest-weight Fixed-Share expert.
83583,652,sgd_lr_0_0001,sgd_lr_0_0001,stay,False,fixed_share_same_leader,0.0,0.01,Stay because the current strategy remains the highest-weight Fixed-Share expert.
83711,653,sgd_lr_0_0001,sgd_lr_0_0001,stay,False,fixed_share_same_leader,0.0,0.01,Stay because the current strategy remains the highest-weight Fixed-Share expert.
83839,654,sgd_lr_0_0001,sgd_lr_0_0001,stay,False,fixed_share_same_leader,0.0,0.01,Stay because the current strategy remains the highest-weight Fixed-Share expert.
83967,655,sgd_lr_0_0001,sgd_lr_0_0001,stay,False,fixed_share_same_leader,0.0,0.01,Stay because the current strategy remains the highest-weight Fixed-Share expert.
84095,656,sgd_lr_0_0001,sgd_lr_0_0001,stay,False,fixed_share_same_leader,0.0,0.01,Stay because the current strategy remains the highest-weight Fixed-Share expert.
84223,657,sgd_lr_0_0001,sgd_lr_0_0001,stay,False,fixed_share_same_leader,0.0,0.01,Stay because the current strategy remains the highest-weight Fixed-Share expert.
84351,658,sgd_lr_0_0001,sgd_lr_0_0001,stay,False,fixed_share_same_leader,0.0,0.01,Stay because the current strategy remains the highest-weight Fixed-Share expert.
84479,659,sgd_lr_0_0001,sgd_lr_0_0001,stay,False,fixed_share_same_leader,0.0,0.01,Stay because the current strategy remains the highest-weight Fixed-Share expert.
84607,660,sgd_lr_0_0001,sgd_lr_0_0001,stay,False,fixed_share_same_leader,0.0,0.01,Stay because the current strategy remains the highest-weight Fixed-Share expert.
84735,661,sgd_lr_0_0001,sgd_lr_0_0001,stay,False,fixed_share_same_leader,0.0,0.01,Stay because the current strategy remains the highest-weight Fixed-Share expert.
84863,662,sgd_lr_0_0001,sgd_lr_0_0001,stay,False,fixed_share_same_leader,0.0,0.01,Stay because the current strategy remains the highest-weight Fixed-Share expert.
84991,663,sgd_lr_0_0001,sgd_lr_0_0001,stay,False,fixed_share_same_leader,0.0,0.01,Stay because the current strategy remains the highest-weight Fixed-Share expert.
85119,664,sgd_lr_0_0001,sgd_lr_0_0001,stay,False,fixed_share_same_leader,0.0,0.01,Stay because the current strategy remains the highest-weight Fixed-Share expert.
85247,665,sgd_lr_0_0001,sgd_lr_0_0001,stay,False,fixed_share_same_leader,0.0,0.01,Stay because the current strategy remains the highest-weight Fixed-Share expert.
85375,666,sgd_lr_0_0001,sgd_lr_0_0001,stay,False,fixed_share_same_leader,0.0,0.01,Stay because the current strategy remains the highest-weight Fixed-Share expert.
85503,667,sgd_lr_0_0001,sgd_lr_0_0001,stay,False,fixed_share_same_leader,0.0,0.01,Stay because the current strategy remains the highest-weight Fixed-Share expert.
85631,668,sgd_lr_0_0001,sgd_lr_0_0001,stay,False,fixed_share_same_leader,0.0,0.01,Stay because the current strategy remains the highest-weight Fixed-Share expert.
85759,669,sgd_lr_0_0001,sgd_lr_0_0001,stay,False,fixed_share_same_leader,0.0,0.01,Stay because the current strategy remains the highest-weight Fixed-Share expert.
85887,670,sgd_lr_0_0001,sgd_lr_0_0001,stay,False,fixed_share_same_leader,0.0,0.01,Stay because the current strategy remains the highest-weight Fixed-Share expert.
86015,671,sgd_lr_0_0001,sgd_lr_0_0001,stay,False,fixed_share_same_leader,0.0,0.01,Stay because the current strategy remains the highest-weight Fixed-Share expert.
86143,672,sgd_lr_0_0001,sgd_lr_0_0001,stay,False,fixed_share_same_leader,0.0,0.01,Stay because the current strategy remains the highest-weight Fixed-Share expert.
86271,673,sgd_lr_0_0001,sgd_lr_0_0001,stay,False,fixed_share_same_leader,0.0,0.01,Stay because the current strategy remains the highest-weight Fixed-Share expert.
86399,674,sgd_lr_0_0001,sgd_lr_0_0001,stay,False,fixed_share_same_leader,0.0,0.01,Stay because the current strategy remains the highest-weight Fixed-Share expert.
86527,675,sgd_lr_0_0001,sgd_lr_0_0001,stay,False,fixed_share_same_leader,0.0,0.01,Stay because the current strategy remains the highest-weight Fixed-Share expert.
86655,676,sgd_lr_0_0001,sgd_lr_0_0001,stay,False,fixed_share_same_leader,0.0,0.01,Stay because the current strategy remains the highest-weight Fixed-Share expert.
86783,677,sgd_lr_0_0001,sgd_lr_0_0001,stay,False,fixed_share_same_leader,0.0,0.01,Stay because the current strategy remains the highest-weight Fixed-Share expert.
86911,678,sgd_lr_0_0001,sgd_lr_0_0001,stay,False,fixed_share_same_leader,0.0,0.01,Stay because the current strategy remains the highest-weight Fixed-Share expert.
87039,679,sgd_lr_0_0001,sgd_lr_0_0001,stay,False,fixed_share_same_leader,0.0,0.01,Stay because the current strategy remains the highest-weight Fixed-Share expert.
87167,680,sgd_lr_0_0001,sgd_lr_0_0001,stay,False,fixed_share_same_leader,0.0,0.01,Stay because the current strategy remains the highest-weight Fixed-Share expert.
87295,681,sgd_lr_0_0001,sgd_lr_0_0001,stay,False,fixed_share_same_leader,0.0,0.01,Stay because the current strategy remains the highest-weight Fixed-Share expert.
87423,682,sgd_lr_0_0001,sgd_lr_0_0001,stay,False,fixed_share_same_leader,0.0,0.01,Stay because the current strategy remains the highest-weight Fixed-Share expert.
87551,683,sgd_lr_0_0001,sgd_lr_0_0001,stay,False,fixed_share_same_leader,0.0,0.01,Stay because the current strategy remains the highest-weight Fixed-Share expert.
87679,684,sgd_lr_0_0001,sgd_lr_0_0001,stay,False,fixed_share_same_leader,0.0,0.01,Stay because the current strategy remains the highest-weight Fixed-Share expert.
87807,685,sgd_lr_0_0001,sgd_lr_0_0001,stay,False,fixed_share_same_leader,0.0,0.01,Stay because the current strategy remains the highest-weight Fixed-Share expert.
87935,686,sgd_lr_0_0001,sgd_lr_0_0001,stay,False,fixed_share_same_leader,0.0,0.01,Stay because the current strategy remains the highest-weight Fixed-Share expert.
88063,687,sgd_lr_0_0001,sgd_lr_0_0001,stay,False,fixed_share_same_leader,0.0,0.01,Stay because the current strategy remains the highest-weight Fixed-Share expert.
88191,688,sgd_lr_0_0001,sgd_lr_0_0001,stay,False,fixed_share_same_leader,0.0,0.01,Stay because the current strategy remains the highest-weight Fixed-Share expert.
88319,689,sgd_lr_0_0001,sgd_lr_0_0001,stay,False,fixed_share_same_leader,0.0,0.01,Stay because the current strategy remains the highest-weight Fixed-Share expert.
88447,690,sgd_lr_0_0001,sgd_lr_0_0001,stay,False,fixed_share_same_leader,0.0,0.01,Stay because the current strategy remains the highest-weight Fixed-Share expert.
88575,691,sgd_lr_0_0001,sgd_lr_0_0001,stay,False,fixed_share_same_leader,0.0,0.01,Stay because the current strategy remains the highest-weight Fixed-Share expert.
88703,692,sgd_lr_0_0001,sgd_lr_0_0001,stay,False,fixed_share_same_leader,0.0,0.01,Stay because the current strategy remains the highest-weight Fixed-Share expert.
88831,693,sgd_lr_0_0001,sgd_lr_0_0001,stay,False,fixed_share_same_leader,0.0,0.01,Stay because the current strategy remains the highest-weight Fixed-Share expert.
88959,694,sgd_lr_0_0001,sgd_lr_0_0001,stay,False,fixed_share_same_leader,0.0,0.01,Stay because the current strategy remains the highest-weight Fixed-Share expert.
89087,695,sgd_lr_0_0001,sgd_lr_0_0001,stay,False,fixed_share_same_leader,0.0,0.01,Stay because the current strategy remains the highest-weight Fixed-Share expert.
89215,696,sgd_lr_0_0001,sgd_lr_0_0001,stay,False,fixed_share_same_leader,0.0,0.01,Stay because the current strategy remains the highest-weight Fixed-Share expert.
89343,697,sgd_lr_0_0001,sgd_lr_0_0001,stay,False,fixed_share_same_leader,0.0,0.01,Stay because the current strategy remains the highest-weight Fixed-Share expert.
89471,698,sgd_lr_0_0001,sgd_lr_0_0001,stay,False,fixed_share_same_leader,0.0,0.01,Stay because the current strategy remains the highest-weight Fixed-Share expert.
89599,699,sgd_lr_0_0001,sgd_lr_0_0001,stay,False,fixed_share_same_leader,0.0,0.01,Stay because the current strategy remains the highest-weight Fixed-Share expert.
89727,700,sgd_lr_0_0001,sgd_lr_0_0001,stay,False,fixed_share_same_leader,0.0,0.01,Stay because the current strategy remains the highest-weight Fixed-Share expert.
89855,701,sgd_lr_0_0001,sgd_lr_0_0001,stay,False,fixed_share_same_leader,0.0,0.01,Stay because the current strategy remains the highest-weight Fixed-Share expert.
89983,702,sgd_lr_0_0001,sgd_lr_0_0001,stay,False,fixed_share_same_leader,0.0,0.01,Stay because the current strategy remains the highest-weight Fixed-Share expert.
90111,703,sgd_lr_0_0001,sgd_lr_0_0001,stay,False,fixed_share_same_leader,0.0,0.01,Stay because the current strategy remains the highest-weight Fixed-Share expert.
90239,704,sgd_lr_0_0001,sgd_lr_0_0001,stay,False,fixed_share_same_leader,0.0,0.01,Stay because the current strategy remains the highest-weight Fixed-Share expert.
90367,705,sgd_lr_0_0001,sgd_lr_0_0001,stay,False,fixed_share_same_leader,0.0,0.01,Stay because the current strategy remains the highest-weight Fixed-Share expert.
90495,706,sgd_lr_0_0001,sgd_lr_0_0001,stay,False,fixed_share_same_leader,0.0,0.01,Stay because the current strategy remains the highest-weight Fixed-Share expert.
90623,707,sgd_lr_0_0001,sgd_lr_0_0001,stay,False,fixed_share_same_leader,0.0,0.01,Stay because the current strategy remains the highest-weight Fixed-Share expert.
90751,708,sgd_lr_0_0001,sgd_lr_0_0001,stay,False,fixed_share_same_leader,0.0,0.01,Stay because the current strategy remains the highest-weight Fixed-Share expert.
90879,709,sgd_lr_0_0001,sgd_lr_0_0001,stay,False,fixed_share_same_leader,0.0,0.01,Stay because the current strategy remains the highest-weight Fixed-Share expert.
91007,710,sgd_lr_0_0001,sgd_lr_0_0001,stay,False,fixed_share_same_leader,0.0,0.01,Stay because the current strategy remains the highest-weight Fixed-Share expert.
91135,711,sgd_lr_0_0001,sgd_lr_0_0001,stay,False,fixed_share_same_leader,0.0,0.01,Stay because the current strategy remains the highest-weight Fixed-Share expert.
91263,712,sgd_lr_0_0001,sgd_lr_0_0001,stay,False,fixed_share_same_leader,0.0,0.01,Stay because the current strategy remains the highest-weight Fixed-Share expert.
91391,713,sgd_lr_0_0001,sgd_lr_0_0001,stay,False,fixed_share_same_leader,0.0,0.01,Stay because the current strategy remains the highest-weight Fixed-Share expert.
91519,714,sgd_lr_0_0001,sgd_lr_0_0001,stay,False,fixed_share_same_leader,0.0,0.01,Stay because the current strategy remains the highest-weight Fixed-Share expert.
91647,715,sgd_lr_0_0001,sgd_lr_0_0001,stay,False,fixed_share_same_leader,0.0,0.01,Stay because the current strategy remains the highest-weight Fixed-Share expert.
91775,716,sgd_lr_0_0001,sgd_lr_0_0001,stay,False,fixed_share_same_leader,0.0,0.01,Stay because the current strategy remains the highest-weight Fixed-Share expert.
91903,717,sgd_lr_0_0001,sgd_lr_0_0001,stay,False,fixed_share_same_leader,0.0,0.01,Stay because the current strategy remains the highest-weight Fixed-Share expert.
92031,718,sgd_lr_0_0001,sgd_lr_0_0001,stay,False,fixed_share_same_leader,0.0,0.01,Stay because the current strategy remains the highest-weight Fixed-Share expert.
92159,719,sgd_lr_0_0001,sgd_lr_0_0001,stay,False,fixed_share_same_leader,0.0,0.01,Stay because the current strategy remains the highest-weight Fixed-Share expert.
92287,720,sgd_lr_0_0001,sgd_lr_0_0001,stay,False,fixed_share_same_leader,0.0,0.01,Stay because the current strategy remains the highest-weight Fixed-Share expert.
92415,721,sgd_lr_0_0001,sgd_lr_0_0001,stay,False,fixed_share_same_leader,0.0,0.01,Stay because the current strategy remains the highest-weight Fixed-Share expert.
92543,722,sgd_lr_0_0001,sgd_lr_0_0001,stay,False,fixed_share_same_leader,0.0,0.01,Stay because the current strategy remains the highest-weight Fixed-Share expert.
92671,723,sgd_lr_0_0001,sgd_lr_0_0001,stay,False,fixed_share_same_leader,0.0,0.01,Stay because the current strategy remains the highest-weight Fixed-Share expert.
92799,724,sgd_lr_0_0001,sgd_lr_0_0001,stay,False,fixed_share_same_leader,0.0,0.01,Stay because the current strategy remains the highest-weight Fixed-Share expert.
92927,725,sgd_lr_0_0001,sgd_lr_0_0001,stay,False,fixed_share_same_leader,0.0,0.01,Stay because the current strategy remains the highest-weight Fixed-Share expert.
93055,726,sgd_lr_0_0001,sgd_lr_0_0001,stay,False,fixed_share_same_leader,0.0,0.01,Stay because the current strategy remains the highest-weight Fixed-Share expert.
93183,727,sgd_lr_0_0001,sgd_lr_0_0001,stay,False,fixed_share_same_leader,0.0,0.01,Stay because the current strategy remains the highest-weight Fixed-Share expert.
93311,728,sgd_lr_0_0001,sgd_lr_0_0001,stay,False,fixed_share_same_leader,0.0,0.01,Stay because the current strategy remains the highest-weight Fixed-Share expert.
93439,729,sgd_lr_0_0001,sgd_lr_0_0001,stay,False,fixed_share_same_leader,0.0,0.01,Stay because the current strategy remains the highest-weight Fixed-Share expert.
93567,730,sgd_lr_0_0001,sgd_lr_0_0001,stay,False,fixed_share_same_leader,0.0,0.01,Stay because the current strategy remains the highest-weight Fixed-Share expert.
93695,731,sgd_lr_0_0001,sgd_lr_0_0001,stay,False,fixed_share_same_leader,0.0,0.01,Stay because the current strategy remains the highest-weight Fixed-Share expert.
93823,732,sgd_lr_0_0001,sgd_lr_0_0001,stay,False,fixed_share_same_leader,0.0,0.01,Stay because the current strategy remains the highest-weight Fixed-Share expert.
93951,733,sgd_lr_0_0001,sgd_lr_0_0001,stay,False,fixed_share_same_leader,0.0,0.01,Stay because the current strategy remains the highest-weight Fixed-Share expert.
94079,734,sgd_lr_0_0001,sgd_lr_0_0001,stay,False,fixed_share_same_leader,0.0,0.01,Stay because the current strategy remains the highest-weight Fixed-Share expert.
94207,735,sgd_lr_0_0001,sgd_lr_0_0001,stay,False,fixed_share_same_leader,0.0,0.01,Stay because the current strategy remains the highest-weight Fixed-Share expert.
94335,736,sgd_lr_0_0001,sgd_lr_0_0001,stay,False,fixed_share_same_leader,0.0,0.01,Stay because the current strategy remains the highest-weight Fixed-Share expert.
94463,737,sgd_lr_0_0001,sgd_lr_0_0001,stay,False,fixed_share_same_leader,0.0,0.01,Stay because the current strategy remains the highest-weight Fixed-Share expert.
94591,738,sgd_lr_0_0001,sgd_lr_0_0001,stay,False,fixed_share_same_leader,0.0,0.01,Stay because the current strategy remains the highest-weight Fixed-Share expert.
94719,739,sgd_lr_0_0001,sgd_lr_0_0001,stay,False,fixed_share_same_leader,0.0,0.01,Stay because the current strategy remains the highest-weight Fixed-Share expert.
94847,740,sgd_lr_0_0001,sgd_lr_0_0001,stay,False,fixed_share_same_leader,0.0,0.01,Stay because the current strategy remains the highest-weight Fixed-Share expert.
94975,741,sgd_lr_0_0001,sgd_lr_0_0001,stay,False,fixed_share_same_leader,0.0,0.01,Stay because the current strategy remains the highest-weight Fixed-Share expert.
95103,742,sgd_lr_0_0001,sgd_lr_0_0001,stay,False,fixed_share_same_leader,0.0,0.01,Stay because the current strategy remains the highest-weight Fixed-Share expert.
95231,743,sgd_lr_0_0001,sgd_lr_0_0001,stay,False,fixed_share_same_leader,0.0,0.01,Stay because the current strategy remains the highest-weight Fixed-Share expert.
95359,744,sgd_lr_0_0001,sgd_lr_0_0001,stay,False,fixed_share_same_leader,0.0,0.01,Stay because the current strategy remains the highest-weight Fixed-Share expert.
95487,745,sgd_lr_0_0001,sgd_lr_0_0001,stay,False,fixed_share_same_leader,0.0,0.01,Stay because the current strategy remains the highest-weight Fixed-Share expert.
95615,746,sgd_lr_0_0001,sgd_lr_0_0001,stay,False,fixed_share_same_leader,0.0,0.01,Stay because the current strategy remains the highest-weight Fixed-Share expert.
95743,747,sgd_lr_0_0001,sgd_lr_0_0001,stay,False,fixed_share_same_leader,0.0,0.01,Stay because the current strategy remains the highest-weight Fixed-Share expert.
95871,748,sgd_lr_0_0001,sgd_lr_0_0001,stay,False,fixed_share_same_leader,0.0,0.01,Stay because the current strategy remains the highest-weight Fixed-Share expert.
95999,749,sgd_lr_0_0001,sgd_lr_0_0001,stay,False,fixed_share_same_leader,0.0,0.01,Stay because the current strategy remains the highest-weight Fixed-Share expert.
96127,750,sgd_lr_0_0001,sgd_lr_0_0001,stay,False,fixed_share_same_leader,0.0,0.01,Stay because the current strategy remains the highest-weight Fixed-Share expert.
96255,751,sgd_lr_0_0001,sgd_lr_0_0001,stay,False,fixed_share_same_leader,0.0,0.01,Stay because the current strategy remains the highest-weight Fixed-Share expert.
96383,752,sgd_lr_0_0001,sgd_lr_0_0001,stay,False,fixed_share_same_leader,0.0,0.01,Stay because the current strategy remains the highest-weight Fixed-Share expert.
96511,753,sgd_lr_0_0001,sgd_lr_0_0001,stay,False,fixed_share_same_leader,0.0,0.01,Stay because the current strategy remains the highest-weight Fixed-Share expert.
96639,754,sgd_lr_0_0001,sgd_lr_0_0001,stay,False,fixed_share_same_leader,0.0,0.01,Stay because the current strategy remains the highest-weight Fixed-Share expert.
96767,755,sgd_lr_0_0001,sgd_lr_0_0001,stay,False,fixed_share_same_leader,0.0,0.01,Stay because the current strategy remains the highest-weight Fixed-Share expert.
96895,756,sgd_lr_0_0001,sgd_lr_0_0001,stay,False,fixed_share_same_leader,0.0,0.01,Stay because the current strategy remains the highest-weight Fixed-Share expert.
97023,757,sgd_lr_0_0001,sgd_lr_0_0001,stay,False,fixed_share_same_leader,0.0,0.01,Stay because the current strategy remains the highest-weight Fixed-Share expert.
97151,758,sgd_lr_0_0001,sgd_lr_0_0001,stay,False,fixed_share_same_leader,0.0,0.01,Stay because the current strategy remains the highest-weight Fixed-Share expert.
97279,759,sgd_lr_0_0001,sgd_lr_0_0001,stay,False,fixed_share_same_leader,0.0,0.01,Stay because the current strategy remains the highest-weight Fixed-Share expert.
97407,760,sgd_lr_0_0001,sgd_lr_0_0001,stay,False,fixed_share_same_leader,0.0,0.01,Stay because the current strategy remains the highest-weight Fixed-Share expert.
97535,761,sgd_lr_0_0001,sgd_lr_0_0001,stay,False,fixed_share_same_leader,0.0,0.01,Stay because the current strategy remains the highest-weight Fixed-Share expert.
97663,762,sgd_lr_0_0001,sgd_lr_0_0001,stay,False,fixed_share_same_leader,0.0,0.01,Stay because the current strategy remains the highest-weight Fixed-Share expert.
97791,763,sgd_lr_0_0001,sgd_lr_0_0001,stay,False,fixed_share_same_leader,0.0,0.01,Stay because the current strategy remains the highest-weight Fixed-Share expert.
97919,764,sgd_lr_0_0001,sgd_lr_0_0001,stay,False,fixed_share_same_leader,0.0,0.01,Stay because the current strategy remains the highest-weight Fixed-Share expert.
98047,765,sgd_lr_0_0001,sgd_lr_0_0001,stay,False,fixed_share_same_leader,0.0,0.01,Stay because the current strategy remains the highest-weight Fixed-Share expert.
98175,766,sgd_lr_0_0001,sgd_lr_0_0001,stay,False,fixed_share_same_leader,0.0,0.01,Stay because the current strategy remains the highest-weight Fixed-Share expert.
98303,767,sgd_lr_0_0001,sgd_lr_0_0001,stay,False,fixed_share_same_leader,0.0,0.01,Stay because the current strategy remains the highest-weight Fixed-Share expert.
98431,768,sgd_lr_0_0001,sgd_lr_0_0001,stay,False,fixed_share_same_leader,0.0,0.01,Stay because the current strategy remains the highest-weight Fixed-Share expert.
98559,769,sgd_lr_0_0001,sgd_lr_0_0001,stay,False,fixed_share_same_leader,0.0,0.01,Stay because the current strategy remains the highest-weight Fixed-Share expert.
98687,770,sgd_lr_0_0001,sgd_lr_0_0001,stay,False,fixed_share_same_leader,0.0,0.01,Stay because the current strategy remains the highest-weight Fixed-Share expert.
98815,771,sgd_lr_0_0001,sgd_lr_0_0001,stay,False,fixed_share_same_leader,0.0,0.01,Stay because the current strategy remains the highest-weight Fixed-Share expert.
98943,772,sgd_lr_0_0001,sgd_lr_0_0001,stay,False,fixed_share_same_leader,0.0,0.01,Stay because the current strategy remains the highest-weight Fixed-Share expert.
99071,773,sgd_lr_0_0001,sgd_lr_0_0001,stay,False,fixed_share_same_leader,0.0,0.01,Stay because the current strategy remains the highest-weight Fixed-Share expert.
99199,774,sgd_lr_0_0001,sgd_lr_0_0001,stay,False,fixed_share_same_leader,0.0,0.01,Stay because the current strategy remains the highest-weight Fixed-Share expert.
99327,775,sgd_lr_0_0001,sgd_lr_0_0001,stay,False,fixed_share_same_leader,0.0,0.01,Stay because the current strategy remains the highest-weight Fixed-Share expert.
99455,776,sgd_lr_0_0001,sgd_lr_0_0001,stay,False,fixed_share_same_leader,0.0,0.01,Stay because the current strategy remains the highest-weight Fixed-Share expert.
99583,777,sgd_lr_0_0001,sgd_lr_0_0001,stay,False,fixed_share_same_leader,0.0,0.01,Stay because the current strategy remains the highest-weight Fixed-Share expert.
99711,778,sgd_lr_0_0001,sgd_lr_0_0001,stay,False,fixed_share_same_leader,0.0,0.01,Stay because the current strategy remains the highest-weight Fixed-Share expert.
99839,779,sgd_lr_0_0001,sgd_lr_0_0001,stay,False,fixed_share_same_leader,0.0,0.01,Stay because the current strategy remains the highest-weight Fixed-Share expert.
99967,780,sgd_lr_0_0001,sgd_lr_0_0001,stay,False,fixed_share_same_leader,0.0,0.01,Stay because the current strategy remains the highest-weight Fixed-Share expert.
100095,781,sgd_lr_0_0001,sgd_lr_0_0001,stay,False,fixed_share_same_leader,0.0,0.01,Stay because the current strategy remains the highest-weight Fixed-Share expert.
100223,782,sgd_lr_0_0001,sgd_lr_0_0001,stay,False,fixed_share_same_leader,0.0,0.01,Stay because the current strategy remains the highest-weight Fixed-Share expert.
100351,783,sgd_lr_0_0001,sgd_lr_0_0001,stay,False,fixed_share_same_leader,0.0,0.01,Stay because the current strategy remains the highest-weight Fixed-Share expert.
100479,784,sgd_lr_0_0001,sgd_lr_0_0001,stay,False,fixed_share_same_leader,0.0,0.01,Stay because the current strategy remains the highest-weight Fixed-Share expert.
100607,785,sgd_lr_0_0001,sgd_lr_0_0001,stay,False,fixed_share_same_leader,0.0,0.01,Stay because the current strategy remains the highest-weight Fixed-Share expert.
100735,786,sgd_lr_0_0001,sgd_lr_0_0001,stay,False,fixed_share_same_leader,0.0,0.01,Stay because the current strategy remains the highest-weight Fixed-Share expert.
100863,787,sgd_lr_0_0001,sgd_lr_0_0001,stay,False,fixed_share_same_leader,0.0,0.01,Stay because the current strategy remains the highest-weight Fixed-Share expert.
100991,788,sgd_lr_0_0001,sgd_lr_0_0001,stay,False,fixed_share_same_leader,0.0,0.01,Stay because the current strategy remains the highest-weight Fixed-Share expert.
101119,789,sgd_lr_0_0001,sgd_lr_0_0001,stay,False,fixed_share_same_leader,0.0,0.01,Stay because the current strategy remains the highest-weight Fixed-Share expert.
101247,790,sgd_lr_0_0001,sgd_lr_0_0001,stay,False,fixed_share_same_leader,0.0,0.01,Stay because the current strategy remains the highest-weight Fixed-Share expert.
101375,791,sgd_lr_0_0001,sgd_lr_0_0001,stay,False,fixed_share_same_leader,0.0,0.01,Stay because the current strategy remains the highest-weight Fixed-Share expert.
101503,792,sgd_lr_0_0001,sgd_lr_0_0001,stay,False,fixed_share_same_leader,0.0,0.01,Stay because the current strategy remains the highest-weight Fixed-Share expert.
101631,793,sgd_lr_0_0001,sgd_lr_0_0001,stay,False,fixed_share_same_leader,0.0,0.01,Stay because the current strategy remains the highest-weight Fixed-Share expert.
101759,794,sgd_lr_0_0001,sgd_lr_0_0001,stay,False,fixed_share_same_leader,0.0,0.01,Stay because the current strategy remains the highest-weight Fixed-Share expert.
101887,795,sgd_lr_0_0001,sgd_lr_0_0001,stay,False,fixed_share_same_leader,0.0,0.01,Stay because the current strategy remains the highest-weight Fixed-Share expert.
102015,796,sgd_lr_0_0001,sgd_lr_0_0001,stay,False,fixed_share_same_leader,0.0,0.01,Stay because the current strategy remains the highest-weight Fixed-Share expert.
102143,797,sgd_lr_0_0001,sgd_lr_0_0001,stay,False,fixed_share_same_leader,0.0,0.01,Stay because the current strategy remains the highest-weight Fixed-Share expert.
102271,798,sgd_lr_0_0001,sgd_lr_0_0001,stay,False,fixed_share_same_leader,0.0,0.01,Stay because the current strategy remains the highest-weight Fixed-Share expert.
102399,799,sgd_lr_0_0001,sgd_lr_0_0001,stay,False,fixed_share_same_leader,0.0,0.01,Stay because the current strategy remains the highest-weight Fixed-Share expert.
102527,800,sgd_lr_0_0001,sgd_lr_0_0001,stay,False,fixed_share_same_leader,0.0,0.01,Stay because the current strategy remains the highest-weight Fixed-Share expert.
102655,801,sgd_lr_0_0001,sgd_lr_0_0001,stay,False,fixed_share_same_leader,0.0,0.01,Stay because the current strategy remains the highest-weight Fixed-Share expert.
102783,802,sgd_lr_0_0001,sgd_lr_0_0001,stay,False,fixed_share_same_leader,0.0,0.01,Stay because the current strategy remains the highest-weight Fixed-Share expert.
102911,803,sgd_lr_0_0001,sgd_lr_0_0001,stay,False,fixed_share_same_leader,0.0,0.01,Stay because the current strategy remains the highest-weight Fixed-Share expert.
103039,804,sgd_lr_0_0001,sgd_lr_0_0001,stay,False,fixed_share_same_leader,0.0,0.01,Stay because the current strategy remains the highest-weight Fixed-Share expert.
103167,805,sgd_lr_0_0001,sgd_lr_0_0001,stay,False,fixed_share_same_leader,0.0,0.01,Stay because the current strategy remains the highest-weight Fixed-Share expert.
103295,806,sgd_lr_0_0001,sgd_lr_0_0001,stay,False,fixed_share_same_leader,0.0,0.01,Stay because the current strategy remains the highest-weight Fixed-Share expert.
103423,807,sgd_lr_0_0001,sgd_lr_0_0001,stay,False,fixed_share_same_leader,0.0,0.01,Stay because the current strategy remains the highest-weight Fixed-Share expert.
103551,808,sgd_lr_0_0001,sgd_lr_0_0001,stay,False,fixed_share_same_leader,0.0,0.01,Stay because the current strategy remains the highest-weight Fixed-Share expert.
103679,809,sgd_lr_0_0001,sgd_lr_0_0001,stay,False,fixed_share_same_leader,0.0,0.01,Stay because the current strategy remains the highest-weight Fixed-Share expert.
103807,810,sgd_lr_0_0001,sgd_lr_0_0001,stay,False,fixed_share_same_leader,0.0,0.01,Stay because the current strategy remains the highest-weight Fixed-Share expert.
103935,811,sgd_lr_0_0001,sgd_lr_0_0001,stay,False,fixed_share_same_leader,0.0,0.01,Stay because the current strategy remains the highest-weight Fixed-Share expert.
104063,812,sgd_lr_0_0001,sgd_lr_0_0001,stay,False,fixed_share_same_leader,0.0,0.01,Stay because the current strategy remains the highest-weight Fixed-Share expert.
104191,813,sgd_lr_0_0001,sgd_lr_0_0001,stay,False,fixed_share_same_leader,0.0,0.01,Stay because the current strategy remains the highest-weight Fixed-Share expert.
104319,814,sgd_lr_0_0001,sgd_lr_0_0001,stay,False,fixed_share_same_leader,0.0,0.01,Stay because the current strategy remains the highest-weight Fixed-Share expert.
104447,815,sgd_lr_0_0001,sgd_lr_0_0001,stay,False,fixed_share_same_leader,0.0,0.01,Stay because the current strategy remains the highest-weight Fixed-Share expert.
104575,816,sgd_lr_0_0001,sgd_lr_0_0001,stay,False,fixed_share_same_leader,0.0,0.01,Stay because the current strategy remains the highest-weight Fixed-Share expert.
104703,817,sgd_lr_0_0001,sgd_lr_0_0001,stay,False,fixed_share_same_leader,0.0,0.01,Stay because the current strategy remains the highest-weight Fixed-Share expert.
104831,818,sgd_lr_0_0001,sgd_lr_0_0001,stay,False,fixed_share_same_leader,0.0,0.01,Stay because the current strategy remains the highest-weight Fixed-Share expert.
104959,819,sgd_lr_0_0001,sgd_lr_0_0001,stay,False,fixed_share_same_leader,0.0,0.01,Stay because the current strategy remains the highest-weight Fixed-Share expert.
105087,820,sgd_lr_0_0001,sgd_lr_0_0001,stay,False,fixed_share_same_leader,0.0,0.01,Stay because the current strategy remains the highest-weight Fixed-Share expert.
105215,821,sgd_lr_0_0001,sgd_lr_0_0001,stay,False,fixed_share_same_leader,0.0,0.01,Stay because the current strategy remains the highest-weight Fixed-Share expert.
105343,822,sgd_lr_0_0001,sgd_lr_0_0001,stay,False,fixed_share_same_leader,0.0,0.01,Stay because the current strategy remains the highest-weight Fixed-Share expert.
105471,823,sgd_lr_0_0001,sgd_lr_0_0001,stay,False,fixed_share_same_leader,0.0,0.01,Stay because the current strategy remains the highest-weight Fixed-Share expert.
105599,824,sgd_lr_0_0001,sgd_lr_0_0001,stay,False,fixed_share_same_leader,0.0,0.01,Stay because the current strategy remains the highest-weight Fixed-Share expert.
105727,825,sgd_lr_0_0001,sgd_lr_0_0001,stay,False,fixed_share_same_leader,0.0,0.01,Stay because the current strategy remains the highest-weight Fixed-Share expert.
105855,826,sgd_lr_0_0001,sgd_lr_0_0001,stay,False,fixed_share_same_leader,0.0,0.01,Stay because the current strategy remains the highest-weight Fixed-Share expert.
105983,827,sgd_lr_0_0001,sgd_lr_0_0001,stay,False,fixed_share_same_leader,0.0,0.01,Stay because the current strategy remains the highest-weight Fixed-Share expert.
106111,828,sgd_lr_0_0001,sgd_lr_0_0001,stay,False,fixed_share_same_leader,0.0,0.01,Stay because the current strategy remains the highest-weight Fixed-Share expert.
106239,829,sgd_lr_0_0001,sgd_lr_0_0001,stay,False,fixed_share_same_leader,0.0,0.01,Stay because the current strategy remains the highest-weight Fixed-Share expert.
106367,830,sgd_lr_0_0001,sgd_lr_0_0001,stay,False,fixed_share_same_leader,0.0,0.01,Stay because the current strategy remains the highest-weight Fixed-Share expert.
106495,831,sgd_lr_0_0001,sgd_lr_0_0001,stay,False,fixed_share_same_leader,0.0,0.01,Stay because the current strategy remains the highest-weight Fixed-Share expert.
106623,832,sgd_lr_0_0001,sgd_lr_0_0001,stay,False,fixed_share_same_leader,0.0,0.01,Stay because the current strategy remains the highest-weight Fixed-Share expert.
106751,833,sgd_lr_0_0001,sgd_lr_0_0001,stay,False,fixed_share_same_leader,0.0,0.01,Stay because the current strategy remains the highest-weight Fixed-Share expert.
106879,834,sgd_lr_0_0001,sgd_lr_0_0001,stay,False,fixed_share_same_leader,0.0,0.01,Stay because the current strategy remains the highest-weight Fixed-Share expert.
107007,835,sgd_lr_0_0001,sgd_lr_0_0001,stay,False,fixed_share_same_leader,0.0,0.01,Stay because the current strategy remains the highest-weight Fixed-Share expert.
107135,836,sgd_lr_0_0001,sgd_lr_0_0001,stay,False,fixed_share_same_leader,0.0,0.01,Stay because the current strategy remains the highest-weight Fixed-Share expert.
107263,837,sgd_lr_0_0001,sgd_lr_0_0001,stay,False,fixed_share_same_leader,0.0,0.01,Stay because the current strategy remains the highest-weight Fixed-Share expert.
107391,838,sgd_lr_0_0001,sgd_lr_0_0001,stay,False,fixed_share_same_leader,0.0,0.01,Stay because the current strategy remains the highest-weight Fixed-Share expert.
107519,839,sgd_lr_0_0001,sgd_lr_0_0001,stay,False,fixed_share_same_leader,0.0,0.01,Stay because the current strategy remains the highest-weight Fixed-Share expert.
107647,840,sgd_lr_0_0001,sgd_lr_0_0001,stay,False,fixed_share_same_leader,0.0,0.01,Stay because the current strategy remains the highest-weight Fixed-Share expert.
107775,841,sgd_lr_0_0001,sgd_lr_0_0001,stay,False,fixed_share_same_leader,0.0,0.01,Stay because the current strategy remains the highest-weight Fixed-Share expert.
107903,842,sgd_lr_0_0001,sgd_lr_0_0001,stay,False,fixed_share_same_leader,0.0,0.01,Stay because the current strategy remains the highest-weight Fixed-Share expert.
108031,843,sgd_lr_0_0001,sgd_lr_0_0001,stay,False,fixed_share_same_leader,0.0,0.01,Stay because the current strategy remains the highest-weight Fixed-Share expert.
108159,844,sgd_lr_0_0001,sgd_lr_0_0001,stay,False,fixed_share_same_leader,0.0,0.01,Stay because the current strategy remains the highest-weight Fixed-Share expert.
108287,845,sgd_lr_0_0001,sgd_lr_0_0001,stay,False,fixed_share_same_leader,0.0,0.01,Stay because the current strategy remains the highest-weight Fixed-Share expert.
108415,846,sgd_lr_0_0001,sgd_lr_0_0001,stay,False,fixed_share_same_leader,0.0,0.01,Stay because the current strategy remains the highest-weight Fixed-Share expert.
108543,847,sgd_lr_0_0001,sgd_lr_0_0001,stay,False,fixed_share_same_leader,0.0,0.01,Stay because the current strategy remains the highest-weight Fixed-Share expert.
108671,848,sgd_lr_0_0001,sgd_lr_0_0001,stay,False,fixed_share_same_leader,0.0,0.01,Stay because the current strategy remains the highest-weight Fixed-Share expert.
108799,849,sgd_lr_0_0001,sgd_lr_0_0001,stay,False,fixed_share_same_leader,0.0,0.01,Stay because the current strategy remains the highest-weight Fixed-Share expert.
108927,850,sgd_lr_0_0001,sgd_lr_0_0001,stay,False,fixed_share_same_leader,0.0,0.01,Stay because the current strategy remains the highest-weight Fixed-Share expert.
109055,851,sgd_lr_0_0001,sgd_lr_0_0001,stay,False,fixed_share_same_leader,0.0,0.01,Stay because the current strategy remains the highest-weight Fixed-Share expert.
109183,852,sgd_lr_0_0001,sgd_lr_0_0001,stay,False,fixed_share_same_leader,0.0,0.01,Stay because the current strategy remains the highest-weight Fixed-Share expert.
109311,853,sgd_lr_0_0001,sgd_lr_0_0001,stay,False,fixed_share_same_leader,0.0,0.01,Stay because the current strategy remains the highest-weight Fixed-Share expert.
109439,854,sgd_lr_0_0001,sgd_lr_0_0001,stay,False,fixed_share_same_leader,0.0,0.01,Stay because the current strategy remains the highest-weight Fixed-Share expert.
109567,855,sgd_lr_0_0001,sgd_lr_0_0001,stay,False,fixed_share_same_leader,0.0,0.01,Stay because the current strategy remains the highest-weight Fixed-Share expert.
109695,856,sgd_lr_0_0001,sgd_lr_0_0001,stay,False,fixed_share_same_leader,0.0,0.01,Stay because the current strategy remains the highest-weight Fixed-Share expert.
109823,857,sgd_lr_0_0001,sgd_lr_0_0001,stay,False,fixed_share_same_leader,0.0,0.01,Stay because the current strategy remains the highest-weight Fixed-Share expert.
109951,858,sgd_lr_0_0001,sgd_lr_0_0001,stay,False,fixed_share_same_leader,0.0,0.01,Stay because the current strategy remains the highest-weight Fixed-Share expert.
110079,859,sgd_lr_0_0001,sgd_lr_0_0001,stay,False,fixed_share_same_leader,0.0,0.01,Stay because the current strategy remains the highest-weight Fixed-Share expert.
110207,860,sgd_lr_0_0001,sgd_lr_0_0001,stay,False,fixed_share_same_leader,0.0,0.01,Stay because the current strategy remains the highest-weight Fixed-Share expert.
110335,861,sgd_lr_0_0001,sgd_lr_0_0001,stay,False,fixed_share_same_leader,0.0,0.01,Stay because the current strategy remains the highest-weight Fixed-Share expert.
110463,862,sgd_lr_0_0001,sgd_lr_0_0001,stay,False,fixed_share_same_leader,0.0,0.01,Stay because the current strategy remains the highest-weight Fixed-Share expert.
110591,863,sgd_lr_0_0001,sgd_lr_0_0001,stay,False,fixed_share_same_leader,0.0,0.01,Stay because the current strategy remains the highest-weight Fixed-Share expert.
110719,864,sgd_lr_0_0001,sgd_lr_0_0001,stay,False,fixed_share_same_leader,0.0,0.01,Stay because the current strategy remains the highest-weight Fixed-Share expert.
110847,865,sgd_lr_0_0001,sgd_lr_0_0001,stay,False,fixed_share_same_leader,0.0,0.01,Stay because the current strategy remains the highest-weight Fixed-Share expert.
110975,866,sgd_lr_0_0001,sgd_lr_0_0001,stay,False,fixed_share_same_leader,0.0,0.01,Stay because the current strategy remains the highest-weight Fixed-Share expert.
111103,867,sgd_lr_0_0001,sgd_lr_0_0001,stay,False,fixed_share_same_leader,0.0,0.01,Stay because the current strategy remains the highest-weight Fixed-Share expert.
111231,868,sgd_lr_0_0001,sgd_lr_0_0001,stay,False,fixed_share_same_leader,0.0,0.01,Stay because the current strategy remains the highest-weight Fixed-Share expert.
111359,869,sgd_lr_0_0001,sgd_lr_0_0001,stay,False,fixed_share_same_leader,0.0,0.01,Stay because the current strategy remains the highest-weight Fixed-Share expert.
111487,870,sgd_lr_0_0001,sgd_lr_0_0001,stay,False,fixed_share_same_leader,0.0,0.01,Stay because the current strategy remains the highest-weight Fixed-Share expert.
111615,871,sgd_lr_0_0001,sgd_lr_0_0001,stay,False,fixed_share_same_leader,0.0,0.01,Stay because the current strategy remains the highest-weight Fixed-Share expert.
111743,872,sgd_lr_0_0001,sgd_lr_0_0001,stay,False,fixed_share_same_leader,0.0,0.01,Stay because the current strategy remains the highest-weight Fixed-Share expert.
111871,873,sgd_lr_0_0001,sgd_lr_0_0001,stay,False,fixed_share_same_leader,0.0,0.01,Stay because the current strategy remains the highest-weight Fixed-Share expert.
111999,874,sgd_lr_0_0001,sgd_lr_0_0001,stay,False,fixed_share_same_leader,0.0,0.01,Stay because the current strategy remains the highest-weight Fixed-Share expert.
112127,875,sgd_lr_0_0001,sgd_lr_0_0001,stay,False,fixed_share_same_leader,0.0,0.01,Stay because the current strategy remains the highest-weight Fixed-Share expert.
112255,876,sgd_lr_0_0001,sgd_lr_0_0001,stay,False,fixed_share_same_leader,0.0,0.01,Stay because the current strategy remains the highest-weight Fixed-Share expert.
112383,877,sgd_lr_0_0001,sgd_lr_0_0001,stay,False,fixed_share_same_leader,0.0,0.01,Stay because the current strategy remains the highest-weight Fixed-Share expert.
112511,878,sgd_lr_0_0001,sgd_lr_0_0001,stay,False,fixed_share_same_leader,0.0,0.01,Stay because the current strategy remains the highest-weight Fixed-Share expert.
112639,879,sgd_lr_0_0001,sgd_lr_0_0001,stay,False,fixed_share_same_leader,0.0,0.01,Stay because the current strategy remains the highest-weight Fixed-Share expert.
112767,880,sgd_lr_0_0001,sgd_lr_0_0001,stay,False,fixed_share_same_leader,0.0,0.01,Stay because the current strategy remains the highest-weight Fixed-Share expert.
112895,881,sgd_lr_0_0001,sgd_lr_0_0001,stay,False,fixed_share_same_leader,0.0,0.01,Stay because the current strategy remains the highest-weight Fixed-Share expert.
113023,882,sgd_lr_0_0001,sgd_lr_0_0001,stay,False,fixed_share_same_leader,0.0,0.01,Stay because the current strategy remains the highest-weight Fixed-Share expert.
113151,883,sgd_lr_0_0001,sgd_lr_0_0001,stay,False,fixed_share_same_leader,0.0,0.01,Stay because the current strategy remains the highest-weight Fixed-Share expert.
113279,884,sgd_lr_0_0001,sgd_lr_0_0001,stay,False,fixed_share_same_leader,0.0,0.01,Stay because the current strategy remains the highest-weight Fixed-Share expert.
113407,885,sgd_lr_0_0001,sgd_lr_0_0001,stay,False,fixed_share_same_leader,0.0,0.01,Stay because the current strategy remains the highest-weight Fixed-Share expert.
113535,886,sgd_lr_0_0001,sgd_lr_0_0001,stay,False,fixed_share_same_leader,0.0,0.01,Stay because the current strategy remains the highest-weight Fixed-Share expert.
113663,887,sgd_lr_0_0001,sgd_lr_0_0001,stay,False,fixed_share_same_leader,0.0,0.01,Stay because the current strategy remains the highest-weight Fixed-Share expert.
113791,888,sgd_lr_0_0001,sgd_lr_0_0001,stay,False,fixed_share_same_leader,0.0,0.01,Stay because the current strategy remains the highest-weight Fixed-Share expert.
113919,889,sgd_lr_0_0001,sgd_lr_0_0001,stay,False,fixed_share_same_leader,0.0,0.01,Stay because the current strategy remains the highest-weight Fixed-Share expert.
114047,890,sgd_lr_0_0001,sgd_lr_0_0001,stay,False,fixed_share_same_leader,0.0,0.01,Stay because the current strategy remains the highest-weight Fixed-Share expert.
114175,891,sgd_lr_0_0001,sgd_lr_0_0001,stay,False,fixed_share_same_leader,0.0,0.01,Stay because the current strategy remains the highest-weight Fixed-Share expert.
114303,892,sgd_lr_0_0001,sgd_lr_0_0001,stay,False,fixed_share_same_leader,0.0,0.01,Stay because the current strategy remains the highest-weight Fixed-Share expert.
114431,893,sgd_lr_0_0001,sgd_lr_0_0001,stay,False,fixed_share_same_leader,0.0,0.01,Stay because the current strategy remains the highest-weight Fixed-Share expert.
114559,894,sgd_lr_0_0001,sgd_lr_0_0001,stay,False,fixed_share_same_leader,0.0,0.01,Stay because the current strategy remains the highest-weight Fixed-Share expert.
114687,895,sgd_lr_0_0001,sgd_lr_0_0001,stay,False,fixed_share_same_leader,0.0,0.01,Stay because the current strategy remains the highest-weight Fixed-Share expert.
114815,896,sgd_lr_0_0001,sgd_lr_0_0001,stay,False,fixed_share_same_leader,0.0,0.01,Stay because the current strategy remains the highest-weight Fixed-Share expert.
114943,897,sgd_lr_0_0001,sgd_lr_0_0001,stay,False,fixed_share_same_leader,0.0,0.01,Stay because the current strategy remains the highest-weight Fixed-Share expert.
115071,898,sgd_lr_0_0001,sgd_lr_0_0001,stay,False,fixed_share_same_leader,0.0,0.01,Stay because the current strategy remains the highest-weight Fixed-Share expert.
115199,899,sgd_lr_0_0001,sgd_lr_0_0001,stay,False,fixed_share_same_leader,0.0,0.01,Stay because the current strategy remains the highest-weight Fixed-Share expert.
115327,900,sgd_lr_0_0001,sgd_lr_0_0001,stay,False,fixed_share_same_leader,0.0,0.01,Stay because the current strategy remains the highest-weight Fixed-Share expert.
115455,901,sgd_lr_0_0001,sgd_lr_0_0001,stay,False,fixed_share_same_leader,0.0,0.01,Stay because the current strategy remains the highest-weight Fixed-Share expert.
115583,902,sgd_lr_0_0001,sgd_lr_0_0001,stay,False,fixed_share_same_leader,0.0,0.01,Stay because the current strategy remains the highest-weight Fixed-Share expert.
115711,903,sgd_lr_0_0001,sgd_lr_0_0001,stay,False,fixed_share_same_leader,0.0,0.01,Stay because the current strategy remains the highest-weight Fixed-Share expert.
115839,904,sgd_lr_0_0001,sgd_lr_0_0001,stay,False,fixed_share_same_leader,0.0,0.01,Stay because the current strategy remains the highest-weight Fixed-Share expert.
115967,905,sgd_lr_0_0001,sgd_lr_0_0001,stay,False,fixed_share_same_leader,0.0,0.01,Stay because the current strategy remains the highest-weight Fixed-Share expert.
116095,906,sgd_lr_0_0001,sgd_lr_0_0001,stay,False,fixed_share_same_leader,0.0,0.01,Stay because the current strategy remains the highest-weight Fixed-Share expert.
116223,907,sgd_lr_0_0001,sgd_lr_0_0001,stay,False,fixed_share_same_leader,0.0,0.01,Stay because the current strategy remains the highest-weight Fixed-Share expert.
116351,908,sgd_lr_0_0001,sgd_lr_0_0001,stay,False,fixed_share_same_leader,0.0,0.01,Stay because the current strategy remains the highest-weight Fixed-Share expert.
116479,909,sgd_lr_0_0001,sgd_lr_0_0001,stay,False,fixed_share_same_leader,0.0,0.01,Stay because the current strategy remains the highest-weight Fixed-Share expert.
116607,910,sgd_lr_0_0001,sgd_lr_0_0001,stay,False,fixed_share_same_leader,0.0,0.01,Stay because the current strategy remains the highest-weight Fixed-Share expert.
116735,911,sgd_lr_0_0001,sgd_lr_0_0001,stay,False,fixed_share_same_leader,0.0,0.01,Stay because the current strategy remains the highest-weight Fixed-Share expert.
116863,912,sgd_lr_0_0001,sgd_lr_0_0001,stay,False,fixed_share_same_leader,0.0,0.01,Stay because the current strategy remains the highest-weight Fixed-Share expert.
116991,913,sgd_lr_0_0001,sgd_lr_0_0001,stay,False,fixed_share_same_leader,0.0,0.01,Stay because the current strategy remains the highest-weight Fixed-Share expert.
117119,914,sgd_lr_0_0001,sgd_lr_0_0001,stay,False,fixed_share_same_leader,0.0,0.01,Stay because the current strategy remains the highest-weight Fixed-Share expert.
117247,915,sgd_lr_0_0001,sgd_lr_0_0001,stay,False,fixed_share_same_leader,0.0,0.01,Stay because the current strategy remains the highest-weight Fixed-Share expert.
117375,916,sgd_lr_0_0001,sgd_lr_0_0001,stay,False,fixed_share_same_leader,0.0,0.01,Stay because the current strategy remains the highest-weight Fixed-Share expert.
117503,917,sgd_lr_0_0001,sgd_lr_0_0001,stay,False,fixed_share_same_leader,0.0,0.01,Stay because the current strategy remains the highest-weight Fixed-Share expert.
117631,918,sgd_lr_0_0001,sgd_lr_0_0001,stay,False,fixed_share_same_leader,0.0,0.01,Stay because the current strategy remains the highest-weight Fixed-Share expert.
117759,919,sgd_lr_0_0001,sgd_lr_0_0001,stay,False,fixed_share_same_leader,0.0,0.01,Stay because the current strategy remains the highest-weight Fixed-Share expert.
117887,920,sgd_lr_0_0001,sgd_lr_0_0001,stay,False,fixed_share_same_leader,0.0,0.01,Stay because the current strategy remains the highest-weight Fixed-Share expert.
118015,921,sgd_lr_0_0001,sgd_lr_0_0001,stay,False,fixed_share_same_leader,0.0,0.01,Stay because the current strategy remains the highest-weight Fixed-Share expert.
118143,922,sgd_lr_0_0001,sgd_lr_0_0001,stay,False,fixed_share_same_leader,0.0,0.01,Stay because the current strategy remains the highest-weight Fixed-Share expert.
118271,923,sgd_lr_0_0001,sgd_lr_0_0001,stay,False,fixed_share_same_leader,0.0,0.01,Stay because the current strategy remains the highest-weight Fixed-Share expert.
118399,924,sgd_lr_0_0001,sgd_lr_0_0001,stay,False,fixed_share_same_leader,0.0,0.01,Stay because the current strategy remains the highest-weight Fixed-Share expert.
118527,925,sgd_lr_0_0001,sgd_lr_0_0001,stay,False,fixed_share_same_leader,0.0,0.01,Stay because the current strategy remains the highest-weight Fixed-Share expert.
118655,926,sgd_lr_0_0001,sgd_lr_0_0001,stay,False,fixed_share_same_leader,0.0,0.01,Stay because the current strategy remains the highest-weight Fixed-Share expert.
118783,927,sgd_lr_0_0001,sgd_lr_0_0001,stay,False,fixed_share_same_leader,0.0,0.01,Stay because the current strategy remains the highest-weight Fixed-Share expert.
118911,928,sgd_lr_0_0001,sgd_lr_0_0001,stay,False,fixed_share_same_leader,0.0,0.01,Stay because the current strategy remains the highest-weight Fixed-Share expert.
119039,929,sgd_lr_0_0001,sgd_lr_0_0001,stay,False,fixed_share_same_leader,0.0,0.01,Stay because the current strategy remains the highest-weight Fixed-Share expert.
119167,930,sgd_lr_0_0001,sgd_lr_0_0001,stay,False,fixed_share_same_leader,0.0,0.01,Stay because the current strategy remains the highest-weight Fixed-Share expert.
119295,931,sgd_lr_0_0001,sgd_lr_0_0001,stay,False,fixed_share_same_leader,0.0,0.01,Stay because the current strategy remains the highest-weight Fixed-Share expert.
119423,932,sgd_lr_0_0001,sgd_lr_0_0001,stay,False,fixed_share_same_leader,0.0,0.01,Stay because the current strategy remains the highest-weight Fixed-Share expert.
119551,933,sgd_lr_0_0001,sgd_lr_0_0001,stay,False,fixed_share_same_leader,0.0,0.01,Stay because the current strategy remains the highest-weight Fixed-Share expert.
119679,934,sgd_lr_0_0001,sgd_lr_0_0001,stay,False,fixed_share_same_leader,0.0,0.01,Stay because the current strategy remains the highest-weight Fixed-Share expert.
119807,935,sgd_lr_0_0001,sgd_lr_0_0001,stay,False,fixed_share_same_leader,0.0,0.01,Stay because the current strategy remains the highest-weight Fixed-Share expert.
119935,936,sgd_lr_0_0001,sgd_lr_0_0001,stay,False,fixed_share_same_leader,0.0,0.01,Stay because the current strategy remains the highest-weight Fixed-Share expert.
120063,937,sgd_lr_0_0001,sgd_lr_0_0001,stay,False,fixed_share_same_leader,0.0,0.01,Stay because the current strategy remains the highest-weight Fixed-Share expert.
120191,938,sgd_lr_0_0001,sgd_lr_0_0001,stay,False,fixed_share_same_leader,0.0,0.01,Stay because the current strategy remains the highest-weight Fixed-Share expert.
120319,939,sgd_lr_0_0001,sgd_lr_0_0001,stay,False,fixed_share_same_leader,0.0,0.01,Stay because the current strategy remains the highest-weight Fixed-Share expert.
120447,940,sgd_lr_0_0001,sgd_lr_0_0001,stay,False,fixed_share_same_leader,0.0,0.01,Stay because the current strategy remains the highest-weight Fixed-Share expert.
120575,941,sgd_lr_0_0001,sgd_lr_0_0001,stay,False,fixed_share_same_leader,0.0,0.01,Stay because the current strategy remains the highest-weight Fixed-Share expert.
120703,942,sgd_lr_0_0001,sgd_lr_0_0001,stay,False,fixed_share_same_leader,0.0,0.01,Stay because the current strategy remains the highest-weight Fixed-Share expert.
120831,943,sgd_lr_0_0001,sgd_lr_0_0001,stay,False,fixed_share_same_leader,0.0,0.01,Stay because the current strategy remains the highest-weight Fixed-Share expert.
120959,944,sgd_lr_0_0001,sgd_lr_0_0001,stay,False,fixed_share_same_leader,0.0,0.01,Stay because the current strategy remains the highest-weight Fixed-Share expert.
121087,945,sgd_lr_0_0001,sgd_lr_0_0001,stay,False,fixed_share_same_leader,0.0,0.01,Stay because the current strategy remains the highest-weight Fixed-Share expert.
121215,946,sgd_lr_0_0001,sgd_lr_0_0001,stay,False,fixed_share_same_leader,0.0,0.01,Stay because the current strategy remains the highest-weight Fixed-Share expert.
121343,947,sgd_lr_0_0001,sgd_lr_0_0001,stay,False,fixed_share_same_leader,0.0,0.01,Stay because the current strategy remains the highest-weight Fixed-Share expert.
121471,948,sgd_lr_0_0001,sgd_lr_0_0001,stay,False,fixed_share_same_leader,0.0,0.01,Stay because the current strategy remains the highest-weight Fixed-Share expert.
121599,949,sgd_lr_0_0001,sgd_lr_0_0001,stay,False,fixed_share_same_leader,0.0,0.01,Stay because the current strategy remains the highest-weight Fixed-Share expert.
121727,950,sgd_lr_0_0001,sgd_lr_0_0001,stay,False,fixed_share_same_leader,0.0,0.01,Stay because the current strategy remains the highest-weight Fixed-Share expert.
121855,951,sgd_lr_0_0001,sgd_lr_0_0001,stay,False,fixed_share_same_leader,0.0,0.01,Stay because the current strategy remains the highest-weight Fixed-Share expert.
121983,952,sgd_lr_0_0001,sgd_lr_0_0001,stay,False,fixed_share_same_leader,0.0,0.01,Stay because the current strategy remains the highest-weight Fixed-Share expert.
122111,953,sgd_lr_0_0001,sgd_lr_0_0001,stay,False,fixed_share_same_leader,0.0,0.01,Stay because the current strategy remains the highest-weight Fixed-Share expert.
122239,954,sgd_lr_0_0001,sgd_lr_0_0001,stay,False,fixed_share_same_leader,0.0,0.01,Stay because the current strategy remains the highest-weight Fixed-Share expert.
122367,955,sgd_lr_0_0001,sgd_lr_0_0001,stay,False,fixed_share_same_leader,0.0,0.01,Stay because the current strategy remains the highest-weight Fixed-Share expert.
122495,956,sgd_lr_0_0001,sgd_lr_0_0001,stay,False,fixed_share_same_leader,0.0,0.01,Stay because the current strategy remains the highest-weight Fixed-Share expert.
122623,957,sgd_lr_0_0001,sgd_lr_0_0001,stay,False,fixed_share_same_leader,0.0,0.01,Stay because the current strategy remains the highest-weight Fixed-Share expert.
122751,958,sgd_lr_0_0001,sgd_lr_0_0001,stay,False,fixed_share_same_leader,0.0,0.01,Stay because the current strategy remains the highest-weight Fixed-Share expert.
122879,959,sgd_lr_0_0001,sgd_lr_0_0001,stay,False,fixed_share_same_leader,0.0,0.01,Stay because the current strategy remains the highest-weight Fixed-Share expert.
123007,960,sgd_lr_0_0001,sgd_lr_0_0001,stay,False,fixed_share_same_leader,0.0,0.01,Stay because the current strategy remains the highest-weight Fixed-Share expert.
123135,961,sgd_lr_0_0001,sgd_lr_0_0001,stay,False,fixed_share_same_leader,0.0,0.01,Stay because the current strategy remains the highest-weight Fixed-Share expert.
123263,962,sgd_lr_0_0001,sgd_lr_0_0001,stay,False,fixed_share_same_leader,0.0,0.01,Stay because the current strategy remains the highest-weight Fixed-Share expert.
123391,963,sgd_lr_0_0001,sgd_lr_0_0001,stay,False,fixed_share_same_leader,0.0,0.01,Stay because the current strategy remains the highest-weight Fixed-Share expert.
123519,964,sgd_lr_0_0001,sgd_lr_0_0001,stay,False,fixed_share_same_leader,0.0,0.01,Stay because the current strategy remains the highest-weight Fixed-Share expert.
123647,965,sgd_lr_0_0001,sgd_lr_0_0001,stay,False,fixed_share_same_leader,0.0,0.01,Stay because the current strategy remains the highest-weight Fixed-Share expert.
123775,966,sgd_lr_0_0001,sgd_lr_0_0001,stay,False,fixed_share_same_leader,0.0,0.01,Stay because the current strategy remains the highest-weight Fixed-Share expert.
123903,967,sgd_lr_0_0001,sgd_lr_0_0001,stay,False,fixed_share_same_leader,0.0,0.01,Stay because the current strategy remains the highest-weight Fixed-Share expert.
124031,968,sgd_lr_0_0001,sgd_lr_0_0001,stay,False,fixed_share_same_leader,0.0,0.01,Stay because the current strategy remains the highest-weight Fixed-Share expert.
124159,969,sgd_lr_0_0001,sgd_lr_0_0001,stay,False,fixed_share_same_leader,0.0,0.01,Stay because the current strategy remains the highest-weight Fixed-Share expert.
124287,970,sgd_lr_0_0001,sgd_lr_0_0001,stay,False,fixed_share_same_leader,0.0,0.01,Stay because the current strategy remains the highest-weight Fixed-Share expert.
124415,971,sgd_lr_0_0001,sgd_lr_0_0001,stay,False,fixed_share_same_leader,0.0,0.01,Stay because the current strategy remains the highest-weight Fixed-Share expert.
124543,972,sgd_lr_0_0001,sgd_lr_0_0001,stay,False,fixed_share_same_leader,0.0,0.01,Stay because the current strategy remains the highest-weight Fixed-Share expert.
124671,973,sgd_lr_0_0001,sgd_lr_0_0001,stay,False,fixed_share_same_leader,0.0,0.01,Stay because the current strategy remains the highest-weight Fixed-Share expert.
124799,974,sgd_lr_0_0001,sgd_lr_0_0001,stay,False,fixed_share_same_leader,0.0,0.01,Stay because the current strategy remains the highest-weight Fixed-Share expert.
124927,975,sgd_lr_0_0001,sgd_lr_0_0001,stay,False,fixed_share_same_leader,0.0,0.01,Stay because the current strategy remains the highest-weight Fixed-Share expert.
125055,976,sgd_lr_0_0001,sgd_lr_0_0001,stay,False,fixed_share_same_leader,0.0,0.01,Stay because the current strategy remains the highest-weight Fixed-Share expert.
125183,977,sgd_lr_0_0001,sgd_lr_0_0001,stay,False,fixed_share_same_leader,0.0,0.01,Stay because the current strategy remains the highest-weight Fixed-Share expert.
125311,978,sgd_lr_0_0001,sgd_lr_0_0001,stay,False,fixed_share_same_leader,0.0,0.01,Stay because the current strategy remains the highest-weight Fixed-Share expert.
125439,979,sgd_lr_0_0001,sgd_lr_0_0001,stay,False,fixed_share_same_leader,0.0,0.01,Stay because the current strategy remains the highest-weight Fixed-Share expert.
125567,980,sgd_lr_0_0001,sgd_lr_0_0001,stay,False,fixed_share_same_leader,0.0,0.01,Stay because the current strategy remains the highest-weight Fixed-Share expert.
125695,981,sgd_lr_0_0001,sgd_lr_0_0001,stay,False,fixed_share_same_leader,0.0,0.01,Stay because the current strategy remains the highest-weight Fixed-Share expert.
125823,982,sgd_lr_0_0001,sgd_lr_0_0001,stay,False,fixed_share_same_leader,0.0,0.01,Stay because the current strategy remains the highest-weight Fixed-Share expert.
125951,983,sgd_lr_0_0001,sgd_lr_0_0001,stay,False,fixed_share_same_leader,0.0,0.01,Stay because the current strategy remains the highest-weight Fixed-Share expert.
126079,984,sgd_lr_0_0001,sgd_lr_0_0001,stay,False,fixed_share_same_leader,0.0,0.01,Stay because the current strategy remains the highest-weight Fixed-Share expert.
126207,985,sgd_lr_0_0001,sgd_lr_0_0001,stay,False,fixed_share_same_leader,0.0,0.01,Stay because the current strategy remains the highest-weight Fixed-Share expert.
126335,986,sgd_lr_0_0001,sgd_lr_0_0001,stay,False,fixed_share_same_leader,0.0,0.01,Stay because the current strategy remains the highest-weight Fixed-Share expert.
126463,987,sgd_lr_0_0001,sgd_lr_0_0001,stay,False,fixed_share_same_leader,0.0,0.01,Stay because the current strategy remains the highest-weight Fixed-Share expert.
126591,988,sgd_lr_0_0001,sgd_lr_0_0001,stay,False,fixed_share_same_leader,0.0,0.01,Stay because the current strategy remains the highest-weight Fixed-Share expert.
126719,989,sgd_lr_0_0001,sgd_lr_0_0001,stay,False,fixed_share_same_leader,0.0,0.01,Stay because the current strategy remains the highest-weight Fixed-Share expert.
126847,990,sgd_lr_0_0001,sgd_lr_0_0001,stay,False,fixed_share_same_leader,0.0,0.01,Stay because the current strategy remains the highest-weight Fixed-Share expert.
126975,991,sgd_lr_0_0001,sgd_lr_0_0001,stay,False,fixed_share_same_leader,0.0,0.01,Stay because the current strategy remains the highest-weight Fixed-Share expert.
127103,992,sgd_lr_0_0001,sgd_lr_0_0001,stay,False,fixed_share_same_leader,0.0,0.01,Stay because the current strategy remains the highest-weight Fixed-Share expert.
127231,993,sgd_lr_0_0001,sgd_lr_0_0001,stay,False,fixed_share_same_leader,0.0,0.01,Stay because the current strategy remains the highest-weight Fixed-Share expert.
127359,994,sgd_lr_0_0001,sgd_lr_0_0001,stay,False,fixed_share_same_leader,0.0,0.01,Stay because the current strategy remains the highest-weight Fixed-Share expert.
127487,995,sgd_lr_0_0001,sgd_lr_0_0001,stay,False,fixed_share_same_leader,0.0,0.01,Stay because the current strategy remains the highest-weight Fixed-Share expert.
127615,996,sgd_lr_0_0001,sgd_lr_0_0001,stay,False,fixed_share_same_leader,0.0,0.01,Stay because the current strategy remains the highest-weight Fixed-Share expert.
127743,997,sgd_lr_0_0001,sgd_lr_0_0001,stay,False,fixed_share_same_leader,0.0,0.01,Stay because the current strategy remains the highest-weight Fixed-Share expert.
127871,998,sgd_lr_0_0001,sgd_lr_0_0001,stay,False,fixed_share_same_leader,0.0,0.01,Stay because the current strategy remains the highest-weight Fixed-Share expert.
127999,999,sgd_lr_0_0001,sgd_lr_0_0001,stay,False,fixed_share_same_leader,0.0,0.01,Stay because the current strategy remains the highest-weight Fixed-Share expert.
128127,1000,sgd_lr_0_0001,sgd_lr_0_0001,stay,False,fixed_share_same_leader,0.0,0.01,Stay because the current strategy remains the highest-weight Fixed-Share expert.
128255,1001,sgd_lr_0_0001,sgd_lr_0_0001,stay,False,fixed_share_same_leader,0.0,0.01,Stay because the current strategy remains the highest-weight Fixed-Share expert.
128383,1002,sgd_lr_0_0001,sgd_lr_0_0001,stay,False,fixed_share_same_leader,0.0,0.01,Stay because the current strategy remains the highest-weight Fixed-Share expert.
128511,1003,sgd_lr_0_0001,sgd_lr_0_0001,stay,False,fixed_share_same_leader,0.0,0.01,Stay because the current strategy remains the highest-weight Fixed-Share expert.
128639,1004,sgd_lr_0_0001,sgd_lr_0_0001,stay,False,fixed_share_same_leader,0.0,0.01,Stay because the current strategy remains the highest-weight Fixed-Share expert.
128767,1005,sgd_lr_0_0001,sgd_lr_0_0001,stay,False,fixed_share_same_leader,0.0,0.01,Stay because the current strategy remains the highest-weight Fixed-Share expert.
128895,1006,sgd_lr_0_0001,sgd_lr_0_0001,stay,False,fixed_share_same_leader,0.0,0.01,Stay because the current strategy remains the highest-weight Fixed-Share expert.
129023,1007,sgd_lr_0_0001,sgd_lr_0_0001,stay,False,fixed_share_same_leader,0.0,0.01,Stay because the current strategy remains the highest-weight Fixed-Share expert.
129151,1008,sgd_lr_0_0001,sgd_lr_0_0001,stay,False,fixed_share_same_leader,0.0,0.01,Stay because the current strategy remains the highest-weight Fixed-Share expert.
129279,1009,sgd_lr_0_0001,sgd_lr_0_0001,stay,False,fixed_share_same_leader,0.0,0.01,Stay because the current strategy remains the highest-weight Fixed-Share expert.
129407,1010,sgd_lr_0_0001,sgd_lr_0_0001,stay,False,fixed_share_same_leader,0.0,0.01,Stay because the current strategy remains the highest-weight Fixed-Share expert.
129535,1011,sgd_lr_0_0001,sgd_lr_0_0001,stay,False,fixed_share_same_leader,0.0,0.01,Stay because the current strategy remains the highest-weight Fixed-Share expert.
129663,1012,sgd_lr_0_0001,sgd_lr_0_0001,stay,False,fixed_share_same_leader,0.0,0.01,Stay because the current strategy remains the highest-weight Fixed-Share expert.
129791,1013,sgd_lr_0_0001,sgd_lr_0_0001,stay,False,fixed_share_same_leader,0.0,0.01,Stay because the current strategy remains the highest-weight Fixed-Share expert.
129919,1014,sgd_lr_0_0001,sgd_lr_0_0001,stay,False,fixed_share_same_leader,0.0,0.01,Stay because the current strategy remains the highest-weight Fixed-Share expert.
130047,1015,sgd_lr_0_0001,sgd_lr_0_0001,stay,False,fixed_share_same_leader,0.0,0.01,Stay because the current strategy remains the highest-weight Fixed-Share expert.
130175,1016,sgd_lr_0_0001,sgd_lr_0_0001,stay,False,fixed_share_same_leader,0.0,0.01,Stay because the current strategy remains the highest-weight Fixed-Share expert.
130303,1017,sgd_lr_0_0001,sgd_lr_0_0001,stay,False,fixed_share_same_leader,0.0,0.01,Stay because the current strategy remains the highest-weight Fixed-Share expert.
130431,1018,sgd_lr_0_0001,sgd_lr_0_0001,stay,False,fixed_share_same_leader,0.0,0.01,Stay because the current strategy remains the highest-weight Fixed-Share expert.
130559,1019,sgd_lr_0_0001,sgd_lr_0_0001,stay,False,fixed_share_same_leader,0.0,0.01,Stay because the current strategy remains the highest-weight Fixed-Share expert.
130687,1020,sgd_lr_0_0001,sgd_lr_0_0001,stay,False,fixed_share_same_leader,0.0,0.01,Stay because the current strategy remains the highest-weight Fixed-Share expert.
130815,1021,sgd_lr_0_0001,sgd_lr_0_0001,stay,False,fixed_share_same_leader,0.0,0.01,Stay because the current strategy remains the highest-weight Fixed-Share expert.
130943,1022,sgd_lr_0_0001,sgd_lr_0_0001,stay,False,fixed_share_same_leader,0.0,0.01,Stay because the current strategy remains the highest-weight Fixed-Share expert.
131071,1023,sgd_lr_0_0001,sgd_lr_0_0001,stay,False,fixed_share_same_leader,0.0,0.01,Stay because the current strategy remains the highest-weight Fixed-Share expert.
131199,1024,sgd_lr_0_0001,sgd_lr_0_0001,stay,False,fixed_share_same_leader,0.0,0.01,Stay because the current strategy remains the highest-weight Fixed-Share expert.
131327,1025,sgd_lr_0_0001,sgd_lr_0_0001,stay,False,fixed_share_same_leader,0.0,0.01,Stay because the current strategy remains the highest-weight Fixed-Share expert.
131455,1026,sgd_lr_0_0001,sgd_lr_0_0001,stay,False,fixed_share_same_leader,0.0,0.01,Stay because the current strategy remains the highest-weight Fixed-Share expert.
131583,1027,sgd_lr_0_0001,sgd_lr_0_0001,stay,False,fixed_share_same_leader,0.0,0.01,Stay because the current strategy remains the highest-weight Fixed-Share expert.
131711,1028,sgd_lr_0_0001,sgd_lr_0_0001,stay,False,fixed_share_same_leader,0.0,0.01,Stay because the current strategy remains the highest-weight Fixed-Share expert.
131839,1029,sgd_lr_0_0001,sgd_lr_0_0001,stay,False,fixed_share_same_leader,0.0,0.01,Stay because the current strategy remains the highest-weight Fixed-Share expert.
131967,1030,sgd_lr_0_0001,sgd_lr_0_0001,stay,False,fixed_share_same_leader,0.0,0.01,Stay because the current strategy remains the highest-weight Fixed-Share expert.
132095,1031,sgd_lr_0_0001,sgd_lr_0_0001,stay,False,fixed_share_same_leader,0.0,0.01,Stay because the current strategy remains the highest-weight Fixed-Share expert.
132223,1032,sgd_lr_0_0001,sgd_lr_0_0001,stay,False,fixed_share_same_leader,0.0,0.01,Stay because the current strategy remains the highest-weight Fixed-Share expert.
132351,1033,sgd_lr_0_0001,sgd_lr_0_0001,stay,False,fixed_share_same_leader,0.0,0.01,Stay because the current strategy remains the highest-weight Fixed-Share expert.
132479,1034,sgd_lr_0_0001,sgd_lr_0_0001,stay,False,fixed_share_same_leader,0.0,0.01,Stay because the current strategy remains the highest-weight Fixed-Share expert.
132607,1035,sgd_lr_0_0001,sgd_lr_0_0001,stay,False,fixed_share_same_leader,0.0,0.01,Stay because the current strategy remains the highest-weight Fixed-Share expert.
132735,1036,sgd_lr_0_0001,sgd_lr_0_0001,stay,False,fixed_share_same_leader,0.0,0.01,Stay because the current strategy remains the highest-weight Fixed-Share expert.
132863,1037,sgd_lr_0_0001,sgd_lr_0_0001,stay,False,fixed_share_same_leader,0.0,0.01,Stay because the current strategy remains the highest-weight Fixed-Share expert.
132991,1038,sgd_lr_0_0001,sgd_lr_0_0001,stay,False,fixed_share_same_leader,0.0,0.01,Stay because the current strategy remains the highest-weight Fixed-Share expert.
133119,1039,sgd_lr_0_0001,sgd_lr_0_0001,stay,False,fixed_share_same_leader,0.0,0.01,Stay because the current strategy remains the highest-weight Fixed-Share expert.
133247,1040,sgd_lr_0_0001,sgd_lr_0_0001,stay,False,fixed_share_same_leader,0.0,0.01,Stay because the current strategy remains the highest-weight Fixed-Share expert.
133375,1041,sgd_lr_0_0001,sgd_lr_0_0001,stay,False,fixed_share_same_leader,0.0,0.01,Stay because the current strategy remains the highest-weight Fixed-Share expert.
133503,1042,sgd_lr_0_0001,sgd_lr_0_0001,stay,False,fixed_share_same_leader,0.0,0.01,Stay because the current strategy remains the highest-weight Fixed-Share expert.
133631,1043,sgd_lr_0_0001,sgd_lr_0_0001,stay,False,fixed_share_same_leader,0.0,0.01,Stay because the current strategy remains the highest-weight Fixed-Share expert.
133759,1044,sgd_lr_0_0001,sgd_lr_0_0001,stay,False,fixed_share_same_leader,0.0,0.01,Stay because the current strategy remains the highest-weight Fixed-Share expert.
133887,1045,sgd_lr_0_0001,sgd_lr_0_0001,stay,False,fixed_share_same_leader,0.0,0.01,Stay because the current strategy remains the highest-weight Fixed-Share expert.
134015,1046,sgd_lr_0_0001,sgd_lr_0_0001,stay,False,fixed_share_same_leader,0.0,0.01,Stay because the current strategy remains the highest-weight Fixed-Share expert.
134143,1047,sgd_lr_0_0001,sgd_lr_0_0001,stay,False,fixed_share_same_leader,0.0,0.01,Stay because the current strategy remains the highest-weight Fixed-Share expert.
134271,1048,sgd_lr_0_0001,sgd_lr_0_0001,stay,False,fixed_share_same_leader,0.0,0.01,Stay because the current strategy remains the highest-weight Fixed-Share expert.
134399,1049,sgd_lr_0_0001,sgd_lr_0_0001,stay,False,fixed_share_same_leader,0.0,0.01,Stay because the current strategy remains the highest-weight Fixed-Share expert.
134527,1050,sgd_lr_0_0001,sgd_lr_0_0001,stay,False,fixed_share_same_leader,0.0,0.01,Stay because the current strategy remains the highest-weight Fixed-Share expert.
134655,1051,sgd_lr_0_0001,sgd_lr_0_0001,stay,False,fixed_share_same_leader,0.0,0.01,Stay because the current strategy remains the highest-weight Fixed-Share expert.
134783,1052,sgd_lr_0_0001,sgd_lr_0_0001,stay,False,fixed_share_same_leader,0.0,0.01,Stay because the current strategy remains the highest-weight Fixed-Share expert.
134911,1053,sgd_lr_0_0001,sgd_lr_0_0001,stay,False,fixed_share_same_leader,0.0,0.01,Stay because the current strategy remains the highest-weight Fixed-Share expert.
135039,1054,sgd_lr_0_0001,sgd_lr_0_0001,stay,False,fixed_share_same_leader,0.0,0.01,Stay because the current strategy remains the highest-weight Fixed-Share expert.
135167,1055,sgd_lr_0_0001,sgd_lr_0_0001,stay,False,fixed_share_same_leader,0.0,0.01,Stay because the current strategy remains the highest-weight Fixed-Share expert.
135295,1056,sgd_lr_0_0001,sgd_lr_0_0001,stay,False,fixed_share_same_leader,0.0,0.01,Stay because the current strategy remains the highest-weight Fixed-Share expert.
135423,1057,sgd_lr_0_0001,sgd_lr_0_0001,stay,False,fixed_share_same_leader,0.0,0.01,Stay because the current strategy remains the highest-weight Fixed-Share expert.
135551,1058,sgd_lr_0_0001,sgd_lr_0_0001,stay,False,fixed_share_same_leader,0.0,0.01,Stay because the current strategy remains the highest-weight Fixed-Share expert.
135679,1059,sgd_lr_0_0001,sgd_lr_0_0001,stay,False,fixed_share_same_leader,0.0,0.01,Stay because the current strategy remains the highest-weight Fixed-Share expert.
135807,1060,sgd_lr_0_0001,sgd_lr_0_0001,stay,False,fixed_share_same_leader,0.0,0.01,Stay because the current strategy remains the highest-weight Fixed-Share expert.
135935,1061,sgd_lr_0_0001,sgd_lr_0_0001,stay,False,fixed_share_same_leader,0.0,0.01,Stay because the current strategy remains the highest-weight Fixed-Share expert.
136063,1062,sgd_lr_0_0001,sgd_lr_0_0001,stay,False,fixed_share_same_leader,0.0,0.01,Stay because the current strategy remains the highest-weight Fixed-Share expert.
136191,1063,sgd_lr_0_0001,sgd_lr_0_0001,stay,False,fixed_share_same_leader,0.0,0.01,Stay because the current strategy remains the highest-weight Fixed-Share expert.
136319,1064,sgd_lr_0_0001,sgd_lr_0_0001,stay,False,fixed_share_same_leader,0.0,0.01,Stay because the current strategy remains the highest-weight Fixed-Share expert.
136447,1065,sgd_lr_0_0001,sgd_lr_0_0001,stay,False,fixed_share_same_leader,0.0,0.01,Stay because the current strategy remains the highest-weight Fixed-Share expert.
136575,1066,sgd_lr_0_0001,sgd_lr_0_0001,stay,False,fixed_share_same_leader,0.0,0.01,Stay because the current strategy remains the highest-weight Fixed-Share expert.
136703,1067,sgd_lr_0_0001,sgd_lr_0_0001,stay,False,fixed_share_same_leader,0.0,0.01,Stay because the current strategy remains the highest-weight Fixed-Share expert.
136831,1068,sgd_lr_0_0001,sgd_lr_0_0001,stay,False,fixed_share_same_leader,0.0,0.01,Stay because the current strategy remains the highest-weight Fixed-Share expert.
136959,1069,sgd_lr_0_0001,sgd_lr_0_0001,stay,False,fixed_share_same_leader,0.0,0.01,Stay because the current strategy remains the highest-weight Fixed-Share expert.
137087,1070,sgd_lr_0_0001,sgd_lr_0_0001,stay,False,fixed_share_same_leader,0.0,0.01,Stay because the current strategy remains the highest-weight Fixed-Share expert.
137215,1071,sgd_lr_0_0001,sgd_lr_0_0001,stay,False,fixed_share_same_leader,0.0,0.01,Stay because the current strategy remains the highest-weight Fixed-Share expert.
137343,1072,sgd_lr_0_0001,sgd_lr_0_0001,stay,False,fixed_share_same_leader,0.0,0.01,Stay because the current strategy remains the highest-weight Fixed-Share expert.
137471,1073,sgd_lr_0_0001,sgd_lr_0_0001,stay,False,fixed_share_same_leader,0.0,0.01,Stay because the current strategy remains the highest-weight Fixed-Share expert.
137599,1074,sgd_lr_0_0001,sgd_lr_0_0001,stay,False,fixed_share_same_leader,0.0,0.01,Stay because the current strategy remains the highest-weight Fixed-Share expert.
137727,1075,sgd_lr_0_0001,sgd_lr_0_0001,stay,False,fixed_share_same_leader,0.0,0.01,Stay because the current strategy remains the highest-weight Fixed-Share expert.
137855,1076,sgd_lr_0_0001,sgd_lr_0_0001,stay,False,fixed_share_same_leader,0.0,0.01,Stay because the current strategy remains the highest-weight Fixed-Share expert.
137983,1077,sgd_lr_0_0001,sgd_lr_0_0001,stay,False,fixed_share_same_leader,0.0,0.01,Stay because the current strategy remains the highest-weight Fixed-Share expert.
138111,1078,sgd_lr_0_0001,sgd_lr_0_0001,stay,False,fixed_share_same_leader,0.0,0.01,Stay because the current strategy remains the highest-weight Fixed-Share expert.
138239,1079,sgd_lr_0_0001,sgd_lr_0_0001,stay,False,fixed_share_same_leader,0.0,0.01,Stay because the current strategy remains the highest-weight Fixed-Share expert.
138367,1080,sgd_lr_0_0001,sgd_lr_0_0001,stay,False,fixed_share_same_leader,0.0,0.01,Stay because the current strategy remains the highest-weight Fixed-Share expert.
138495,1081,sgd_lr_0_0001,sgd_lr_0_0001,stay,False,fixed_share_same_leader,0.0,0.01,Stay because the current strategy remains the highest-weight Fixed-Share expert.
138623,1082,sgd_lr_0_0001,sgd_lr_0_0001,stay,False,fixed_share_same_leader,0.0,0.01,Stay because the current strategy remains the highest-weight Fixed-Share expert.
138751,1083,sgd_lr_0_0001,sgd_lr_0_0001,stay,False,fixed_share_same_leader,0.0,0.01,Stay because the current strategy remains the highest-weight Fixed-Share expert.
138879,1084,sgd_lr_0_0001,sgd_lr_0_0001,stay,False,fixed_share_same_leader,0.0,0.01,Stay because the current strategy remains the highest-weight Fixed-Share expert.
139007,1085,sgd_lr_0_0001,sgd_lr_0_0001,stay,False,fixed_share_same_leader,0.0,0.01,Stay because the current strategy remains the highest-weight Fixed-Share expert.
139135,1086,sgd_lr_0_0001,sgd_lr_0_0001,stay,False,fixed_share_same_leader,0.0,0.01,Stay because the current strategy remains the highest-weight Fixed-Share expert.
139263,1087,sgd_lr_0_0001,sgd_lr_0_0001,stay,False,fixed_share_same_leader,0.0,0.01,Stay because the current strategy remains the highest-weight Fixed-Share expert.
139391,1088,sgd_lr_0_0001,sgd_lr_0_0001,stay,False,fixed_share_same_leader,0.0,0.01,Stay because the current strategy remains the highest-weight Fixed-Share expert.
139519,1089,sgd_lr_0_0001,sgd_lr_0_0001,stay,False,fixed_share_same_leader,0.0,0.01,Stay because the current strategy remains the highest-weight Fixed-Share expert.
139647,1090,sgd_lr_0_0001,sgd_lr_0_0001,stay,False,fixed_share_same_leader,0.0,0.01,Stay because the current strategy remains the highest-weight Fixed-Share expert.
139775,1091,sgd_lr_0_0001,sgd_lr_0_0001,stay,False,fixed_share_same_leader,0.0,0.01,Stay because the current strategy remains the highest-weight Fixed-Share expert.
139903,1092,sgd_lr_0_0001,sgd_lr_0_0001,stay,False,fixed_share_same_leader,0.0,0.01,Stay because the current strategy remains the highest-weight Fixed-Share expert.
140031,1093,sgd_lr_0_0001,sgd_lr_0_0001,stay,False,fixed_share_same_leader,0.0,0.01,Stay because the current strategy remains the highest-weight Fixed-Share expert.
140159,1094,sgd_lr_0_0001,sgd_lr_0_0001,stay,False,fixed_share_same_leader,0.0,0.01,Stay because the current strategy remains the highest-weight Fixed-Share expert.
140287,1095,sgd_lr_0_0001,sgd_lr_0_0001,stay,False,fixed_share_same_leader,0.0,0.01,Stay because the current strategy remains the highest-weight Fixed-Share expert.
140415,1096,sgd_lr_0_0001,sgd_lr_0_0001,stay,False,fixed_share_same_leader,0.0,0.01,Stay because the current strategy remains the highest-weight Fixed-Share expert.
140543,1097,sgd_lr_0_0001,sgd_lr_0_0001,stay,False,fixed_share_same_leader,0.0,0.01,Stay because the current strategy remains the highest-weight Fixed-Share expert.
140671,1098,sgd_lr_0_0001,sgd_lr_0_0001,stay,False,fixed_share_same_leader,0.0,0.01,Stay because the current strategy remains the highest-weight Fixed-Share expert.
140799,1099,sgd_lr_0_0001,sgd_lr_0_0001,stay,False,fixed_share_same_leader,0.0,0.01,Stay because the current strategy remains the highest-weight Fixed-Share expert.
140927,1100,sgd_lr_0_0001,sgd_lr_0_0001,stay,False,fixed_share_same_leader,0.0,0.01,Stay because the current strategy remains the highest-weight Fixed-Share expert.
141055,1101,sgd_lr_0_0001,sgd_lr_0_0001,stay,False,fixed_share_same_leader,0.0,0.01,Stay because the current strategy remains the highest-weight Fixed-Share expert.
141183,1102,sgd_lr_0_0001,sgd_lr_0_0001,stay,False,fixed_share_same_leader,0.0,0.01,Stay because the current strategy remains the highest-weight Fixed-Share expert.
141311,1103,sgd_lr_0_0001,sgd_lr_0_0001,stay,False,fixed_share_same_leader,0.0,0.01,Stay because the current strategy remains the highest-weight Fixed-Share expert.
141439,1104,sgd_lr_0_0001,sgd_lr_0_0001,stay,False,fixed_share_same_leader,0.0,0.01,Stay because the current strategy remains the highest-weight Fixed-Share expert.
141567,1105,sgd_lr_0_0001,sgd_lr_0_0001,stay,False,fixed_share_same_leader,0.0,0.01,Stay because the current strategy remains the highest-weight Fixed-Share expert.
141695,1106,sgd_lr_0_0001,sgd_lr_0_0001,stay,False,fixed_share_same_leader,0.0,0.01,Stay because the current strategy remains the highest-weight Fixed-Share expert.
141823,1107,sgd_lr_0_0001,sgd_lr_0_0001,stay,False,fixed_share_same_leader,0.0,0.01,Stay because the current strategy remains the highest-weight Fixed-Share expert.
141951,1108,sgd_lr_0_0001,sgd_lr_0_0001,stay,False,fixed_share_same_leader,0.0,0.01,Stay because the current strategy remains the highest-weight Fixed-Share expert.
142079,1109,sgd_lr_0_0001,sgd_lr_0_0001,stay,False,fixed_share_same_leader,0.0,0.01,Stay because the current strategy remains the highest-weight Fixed-Share expert.
142207,1110,sgd_lr_0_0001,sgd_lr_0_0001,stay,False,fixed_share_same_leader,0.0,0.01,Stay because the current strategy remains the highest-weight Fixed-Share expert.
142335,1111,sgd_lr_0_0001,sgd_lr_0_0001,stay,False,fixed_share_same_leader,0.0,0.01,Stay because the current strategy remains the highest-weight Fixed-Share expert.
142463,1112,sgd_lr_0_0001,sgd_lr_0_0001,stay,False,fixed_share_same_leader,0.0,0.01,Stay because the current strategy remains the highest-weight Fixed-Share expert.
142591,1113,sgd_lr_0_0001,sgd_lr_0_0001,stay,False,fixed_share_same_leader,0.0,0.01,Stay because the current strategy remains the highest-weight Fixed-Share expert.
142719,1114,sgd_lr_0_0001,sgd_lr_0_0001,stay,False,fixed_share_same_leader,0.0,0.01,Stay because the current strategy remains the highest-weight Fixed-Share expert.
142847,1115,sgd_lr_0_0001,sgd_lr_0_0001,stay,False,fixed_share_same_leader,0.0,0.01,Stay because the current strategy remains the highest-weight Fixed-Share expert.
142975,1116,sgd_lr_0_0001,sgd_lr_0_0001,stay,False,fixed_share_same_leader,0.0,0.01,Stay because the current strategy remains the highest-weight Fixed-Share expert.
143103,1117,sgd_lr_0_0001,sgd_lr_0_0001,stay,False,fixed_share_same_leader,0.0,0.01,Stay because the current strategy remains the highest-weight Fixed-Share expert.
143231,1118,sgd_lr_0_0001,sgd_lr_0_0001,stay,False,fixed_share_same_leader,0.0,0.01,Stay because the current strategy remains the highest-weight Fixed-Share expert.
143359,1119,sgd_lr_0_0001,sgd_lr_0_0001,stay,False,fixed_share_same_leader,0.0,0.01,Stay because the current strategy remains the highest-weight Fixed-Share expert.
143487,1120,sgd_lr_0_0001,sgd_lr_0_0001,stay,False,fixed_share_same_leader,0.0,0.01,Stay because the current strategy remains the highest-weight Fixed-Share expert.
143615,1121,sgd_lr_0_0001,sgd_lr_0_0001,stay,False,fixed_share_same_leader,0.0,0.01,Stay because the current strategy remains the highest-weight Fixed-Share expert.
143743,1122,sgd_lr_0_0001,sgd_lr_0_0001,stay,False,fixed_share_same_leader,0.0,0.01,Stay because the current strategy remains the highest-weight Fixed-Share expert.
143871,1123,sgd_lr_0_0001,sgd_lr_0_0001,stay,False,fixed_share_same_leader,0.0,0.01,Stay because the current strategy remains the highest-weight Fixed-Share expert.
143999,1124,sgd_lr_0_0001,sgd_lr_0_0001,stay,False,fixed_share_same_leader,0.0,0.01,Stay because the current strategy remains the highest-weight Fixed-Share expert.
144127,1125,sgd_lr_0_0001,sgd_lr_0_0001,stay,False,fixed_share_same_leader,0.0,0.01,Stay because the current strategy remains the highest-weight Fixed-Share expert.
144255,1126,sgd_lr_0_0001,sgd_lr_0_0001,stay,False,fixed_share_same_leader,0.0,0.01,Stay because the current strategy remains the highest-weight Fixed-Share expert.
144383,1127,sgd_lr_0_0001,sgd_lr_0_0001,stay,False,fixed_share_same_leader,0.0,0.01,Stay because the current strategy remains the highest-weight Fixed-Share expert.
144511,1128,sgd_lr_0_0001,sgd_lr_0_0001,stay,False,fixed_share_same_leader,0.0,0.01,Stay because the current strategy remains the highest-weight Fixed-Share expert.
144639,1129,sgd_lr_0_0001,sgd_lr_0_0001,stay,False,fixed_share_same_leader,0.0,0.01,Stay because the current strategy remains the highest-weight Fixed-Share expert.
144767,1130,sgd_lr_0_0001,sgd_lr_0_0001,stay,False,fixed_share_same_leader,0.0,0.01,Stay because the current strategy remains the highest-weight Fixed-Share expert.
144895,1131,sgd_lr_0_0001,sgd_lr_0_0001,stay,False,fixed_share_same_leader,0.0,0.01,Stay because the current strategy remains the highest-weight Fixed-Share expert.
145023,1132,sgd_lr_0_0001,sgd_lr_0_0001,stay,False,fixed_share_same_leader,0.0,0.01,Stay because the current strategy remains the highest-weight Fixed-Share expert.
145151,1133,sgd_lr_0_0001,sgd_lr_0_0001,stay,False,fixed_share_same_leader,0.0,0.01,Stay because the current strategy remains the highest-weight Fixed-Share expert.
145279,1134,sgd_lr_0_0001,sgd_lr_0_0001,stay,False,fixed_share_same_leader,0.0,0.01,Stay because the current strategy remains the highest-weight Fixed-Share expert.
145407,1135,sgd_lr_0_0001,sgd_lr_0_0001,stay,False,fixed_share_same_leader,0.0,0.01,Stay because the current strategy remains the highest-weight Fixed-Share expert.
145535,1136,sgd_lr_0_0001,sgd_lr_0_0001,stay,False,fixed_share_same_leader,0.0,0.01,Stay because the current strategy remains the highest-weight Fixed-Share expert.
145663,1137,sgd_lr_0_0001,sgd_lr_0_0001,stay,False,fixed_share_same_leader,0.0,0.01,Stay because the current strategy remains the highest-weight Fixed-Share expert.
145791,1138,sgd_lr_0_0001,sgd_lr_0_0001,stay,False,fixed_share_same_leader,0.0,0.01,Stay because the current strategy remains the highest-weight Fixed-Share expert.
145919,1139,sgd_lr_0_0001,sgd_lr_0_0001,stay,False,fixed_share_same_leader,0.0,0.01,Stay because the current strategy remains the highest-weight Fixed-Share expert.
146047,1140,sgd_lr_0_0001,sgd_lr_0_0001,stay,False,fixed_share_same_leader,0.0,0.01,Stay because the current strategy remains the highest-weight Fixed-Share expert.
146175,1141,sgd_lr_0_0001,sgd_lr_0_0001,stay,False,fixed_share_same_leader,0.0,0.01,Stay because the current strategy remains the highest-weight Fixed-Share expert.
146303,1142,sgd_lr_0_0001,sgd_lr_0_0001,stay,False,fixed_share_same_leader,0.0,0.01,Stay because the current strategy remains the highest-weight Fixed-Share expert.
146431,1143,sgd_lr_0_0001,sgd_lr_0_0001,stay,False,fixed_share_same_leader,0.0,0.01,Stay because the current strategy remains the highest-weight Fixed-Share expert.
146559,1144,sgd_lr_0_0001,sgd_lr_0_0001,stay,False,fixed_share_same_leader,0.0,0.01,Stay because the current strategy remains the highest-weight Fixed-Share expert.
146687,1145,sgd_lr_0_0001,sgd_lr_0_0001,stay,False,fixed_share_same_leader,0.0,0.01,Stay because the current strategy remains the highest-weight Fixed-Share expert.
146815,1146,sgd_lr_0_0001,sgd_lr_0_0001,stay,False,fixed_share_same_leader,0.0,0.01,Stay because the current strategy remains the highest-weight Fixed-Share expert.
146943,1147,sgd_lr_0_0001,sgd_lr_0_0001,stay,False,fixed_share_same_leader,0.0,0.01,Stay because the current strategy remains the highest-weight Fixed-Share expert.
147071,1148,sgd_lr_0_0001,sgd_lr_0_0001,stay,False,fixed_share_same_leader,0.0,0.01,Stay because the current strategy remains the highest-weight Fixed-Share expert.
147199,1149,sgd_lr_0_0001,sgd_lr_0_0001,stay,False,fixed_share_same_leader,0.0,0.01,Stay because the current strategy remains the highest-weight Fixed-Share expert.
147327,1150,sgd_lr_0_0001,sgd_lr_0_0001,stay,False,fixed_share_same_leader,0.0,0.01,Stay because the current strategy remains the highest-weight Fixed-Share expert.
147455,1151,sgd_lr_0_0001,sgd_lr_0_0001,stay,False,fixed_share_same_leader,0.0,0.01,Stay because the current strategy remains the highest-weight Fixed-Share expert.
147583,1152,sgd_lr_0_0001,sgd_lr_0_0001,stay,False,fixed_share_same_leader,0.0,0.01,Stay because the current strategy remains the highest-weight Fixed-Share expert.
147711,1153,sgd_lr_0_0001,sgd_lr_0_0001,stay,False,fixed_share_same_leader,0.0,0.01,Stay because the current strategy remains the highest-weight Fixed-Share expert.
147839,1154,sgd_lr_0_0001,sgd_lr_0_0001,stay,False,fixed_share_same_leader,0.0,0.01,Stay because the current strategy remains the highest-weight Fixed-Share expert.
147967,1155,sgd_lr_0_0001,sgd_lr_0_0001,stay,False,fixed_share_same_leader,0.0,0.01,Stay because the current strategy remains the highest-weight Fixed-Share expert.
148095,1156,sgd_lr_0_0001,sgd_lr_0_0001,stay,False,fixed_share_same_leader,0.0,0.01,Stay because the current strategy remains the highest-weight Fixed-Share expert.
148223,1157,sgd_lr_0_0001,sgd_lr_0_0001,stay,False,fixed_share_same_leader,0.0,0.01,Stay because the current strategy remains the highest-weight Fixed-Share expert.
148351,1158,sgd_lr_0_0001,sgd_lr_0_0001,stay,False,fixed_share_same_leader,0.0,0.01,Stay because the current strategy remains the highest-weight Fixed-Share expert.
148479,1159,sgd_lr_0_0001,sgd_lr_0_0001,stay,False,fixed_share_same_leader,0.0,0.01,Stay because the current strategy remains the highest-weight Fixed-Share expert.
148607,1160,sgd_lr_0_0001,sgd_lr_0_0001,stay,False,fixed_share_same_leader,0.0,0.01,Stay because the current strategy remains the highest-weight Fixed-Share expert.
148735,1161,sgd_lr_0_0001,sgd_lr_0_0001,stay,False,fixed_share_same_leader,0.0,0.01,Stay because the current strategy remains the highest-weight Fixed-Share expert.
148863,1162,sgd_lr_0_0001,sgd_lr_0_0001,stay,False,fixed_share_same_leader,0.0,0.01,Stay because the current strategy remains the highest-weight Fixed-Share expert.
148991,1163,sgd_lr_0_0001,sgd_lr_0_0001,stay,False,fixed_share_same_leader,0.0,0.01,Stay because the current strategy remains the highest-weight Fixed-Share expert.
149119,1164,sgd_lr_0_0001,sgd_lr_0_0001,stay,False,fixed_share_same_leader,0.0,0.01,Stay because the current strategy remains the highest-weight Fixed-Share expert.
149247,1165,sgd_lr_0_0001,sgd_lr_0_0001,stay,False,fixed_share_same_leader,0.0,0.01,Stay because the current strategy remains the highest-weight Fixed-Share expert.
149375,1166,sgd_lr_0_0001,sgd_lr_0_0001,stay,False,fixed_share_same_leader,0.0,0.01,Stay because the current strategy remains the highest-weight Fixed-Share expert.
149503,1167,sgd_lr_0_0001,sgd_lr_0_0001,stay,False,fixed_share_same_leader,0.0,0.01,Stay because the current strategy remains the highest-weight Fixed-Share expert.
149631,1168,sgd_lr_0_0001,sgd_lr_0_0001,stay,False,fixed_share_same_leader,0.0,0.01,Stay because the current strategy remains the highest-weight Fixed-Share expert.
149759,1169,sgd_lr_0_0001,sgd_lr_0_0001,stay,False,fixed_share_same_leader,0.0,0.01,Stay because the current strategy remains the highest-weight Fixed-Share expert.
149887,1170,sgd_lr_0_0001,sgd_lr_0_0001,stay,False,fixed_share_same_leader,0.0,0.01,Stay because the current strategy remains the highest-weight Fixed-Share expert.
150015,1171,sgd_lr_0_0001,sgd_lr_0_0001,stay,False,fixed_share_same_leader,0.0,0.01,Stay because the current strategy remains the highest-weight Fixed-Share expert.
150143,1172,sgd_lr_0_0001,sgd_lr_0_0001,stay,False,fixed_share_same_leader,0.0,0.01,Stay because the current strategy remains the highest-weight Fixed-Share expert.
150271,1173,sgd_lr_0_0001,sgd_lr_0_0001,stay,False,fixed_share_same_leader,0.0,0.01,Stay because the current strategy remains the highest-weight Fixed-Share expert.
150399,1174,sgd_lr_0_0001,sgd_lr_0_0001,stay,False,fixed_share_same_leader,0.0,0.01,Stay because the current strategy remains the highest-weight Fixed-Share expert.
150527,1175,sgd_lr_0_0001,sgd_lr_0_0001,stay,False,fixed_share_same_leader,0.0,0.01,Stay because the current strategy remains the highest-weight Fixed-Share expert.
150655,1176,sgd_lr_0_0001,sgd_lr_0_0001,stay,False,fixed_share_same_leader,0.0,0.01,Stay because the current strategy remains the highest-weight Fixed-Share expert.
150783,1177,sgd_lr_0_0001,sgd_lr_0_0001,stay,False,fixed_share_same_leader,0.0,0.01,Stay because the current strategy remains the highest-weight Fixed-Share expert.
150911,1178,sgd_lr_0_0001,sgd_lr_0_0001,stay,False,fixed_share_same_leader,0.0,0.01,Stay because the current strategy remains the highest-weight Fixed-Share expert.
151039,1179,sgd_lr_0_0001,sgd_lr_0_0001,stay,False,fixed_share_same_leader,0.0,0.01,Stay because the current strategy remains the highest-weight Fixed-Share expert.
151167,1180,sgd_lr_0_0001,sgd_lr_0_0001,stay,False,fixed_share_same_leader,0.0,0.01,Stay because the current strategy remains the highest-weight Fixed-Share expert.
151295,1181,sgd_lr_0_0001,sgd_lr_0_0001,stay,False,fixed_share_same_leader,0.0,0.01,Stay because the current strategy remains the highest-weight Fixed-Share expert.
151423,1182,sgd_lr_0_0001,sgd_lr_0_0001,stay,False,fixed_share_same_leader,0.0,0.01,Stay because the current strategy remains the highest-weight Fixed-Share expert.
151551,1183,sgd_lr_0_0001,sgd_lr_0_0001,stay,False,fixed_share_same_leader,0.0,0.01,Stay because the current strategy remains the highest-weight Fixed-Share expert.
151679,1184,sgd_lr_0_0001,sgd_lr_0_0001,stay,False,fixed_share_same_leader,0.0,0.01,Stay because the current strategy remains the highest-weight Fixed-Share expert.
151807,1185,sgd_lr_0_0001,sgd_lr_0_0001,stay,False,fixed_share_same_leader,0.0,0.01,Stay because the current strategy remains the highest-weight Fixed-Share expert.
151935,1186,sgd_lr_0_0001,sgd_lr_0_0001,stay,False,fixed_share_same_leader,0.0,0.01,Stay because the current strategy remains the highest-weight Fixed-Share expert.
152063,1187,sgd_lr_0_0001,sgd_lr_0_0001,stay,False,fixed_share_same_leader,0.0,0.01,Stay because the current strategy remains the highest-weight Fixed-Share expert.
152191,1188,sgd_lr_0_0001,sgd_lr_0_0001,stay,False,fixed_share_same_leader,0.0,0.01,Stay because the current strategy remains the highest-weight Fixed-Share expert.
152319,1189,sgd_lr_0_0001,sgd_lr_0_0001,stay,False,fixed_share_same_leader,0.0,0.01,Stay because the current strategy remains the highest-weight Fixed-Share expert.
152447,1190,sgd_lr_0_0001,sgd_lr_0_0001,stay,False,fixed_share_same_leader,0.0,0.01,Stay because the current strategy remains the highest-weight Fixed-Share expert.
152575,1191,sgd_lr_0_0001,sgd_lr_0_0001,stay,False,fixed_share_same_leader,0.0,0.01,Stay because the current strategy remains the highest-weight Fixed-Share expert.
152703,1192,sgd_lr_0_0001,sgd_lr_0_0001,stay,False,fixed_share_same_leader,0.0,0.01,Stay because the current strategy remains the highest-weight Fixed-Share expert.
152831,1193,sgd_lr_0_0001,sgd_lr_0_0001,stay,False,fixed_share_same_leader,0.0,0.01,Stay because the current strategy remains the highest-weight Fixed-Share expert.
152959,1194,sgd_lr_0_0001,sgd_lr_0_0001,stay,False,fixed_share_same_leader,0.0,0.01,Stay because the current strategy remains the highest-weight Fixed-Share expert.
153087,1195,sgd_lr_0_0001,sgd_lr_0_0001,stay,False,fixed_share_same_leader,0.0,0.01,Stay because the current strategy remains the highest-weight Fixed-Share expert.
153215,1196,sgd_lr_0_0001,sgd_lr_0_0001,stay,False,fixed_share_same_leader,0.0,0.01,Stay because the current strategy remains the highest-weight Fixed-Share expert.
153343,1197,sgd_lr_0_0001,sgd_lr_0_0001,stay,False,fixed_share_same_leader,0.0,0.01,Stay because the current strategy remains the highest-weight Fixed-Share expert.
153471,1198,sgd_lr_0_0001,sgd_lr_0_0001,stay,False,fixed_share_same_leader,0.0,0.01,Stay because the current strategy remains the highest-weight Fixed-Share expert.
153599,1199,sgd_lr_0_0001,sgd_lr_0_0001,stay,False,fixed_share_same_leader,0.0,0.01,Stay because the current strategy remains the highest-weight Fixed-Share expert.
153727,1200,sgd_lr_0_0001,sgd_lr_0_0001,stay,False,fixed_share_same_leader,0.0,0.01,Stay because the current strategy remains the highest-weight Fixed-Share expert.
153855,1201,sgd_lr_0_0001,sgd_lr_0_0001,stay,False,fixed_share_same_leader,0.0,0.01,Stay because the current strategy remains the highest-weight Fixed-Share expert.
153983,1202,sgd_lr_0_0001,sgd_lr_0_0001,stay,False,fixed_share_same_leader,0.0,0.01,Stay because the current strategy remains the highest-weight Fixed-Share expert.
154111,1203,sgd_lr_0_0001,sgd_lr_0_0001,stay,False,fixed_share_same_leader,0.0,0.01,Stay because the current strategy remains the highest-weight Fixed-Share expert.
154239,1204,sgd_lr_0_0001,sgd_lr_0_0001,stay,False,fixed_share_same_leader,0.0,0.01,Stay because the current strategy remains the highest-weight Fixed-Share expert.
154367,1205,sgd_lr_0_0001,sgd_lr_0_0001,stay,False,fixed_share_same_leader,0.0,0.01,Stay because the current strategy remains the highest-weight Fixed-Share expert.
154495,1206,sgd_lr_0_0001,sgd_lr_0_0001,stay,False,fixed_share_same_leader,0.0,0.01,Stay because the current strategy remains the highest-weight Fixed-Share expert.
154623,1207,sgd_lr_0_0001,sgd_lr_0_0001,stay,False,fixed_share_same_leader,0.0,0.01,Stay because the current strategy remains the highest-weight Fixed-Share expert.
154751,1208,sgd_lr_0_0001,sgd_lr_0_0001,stay,False,fixed_share_same_leader,0.0,0.01,Stay because the current strategy remains the highest-weight Fixed-Share expert.
154879,1209,sgd_lr_0_0001,sgd_lr_0_0001,stay,False,fixed_share_same_leader,0.0,0.01,Stay because the current strategy remains the highest-weight Fixed-Share expert.
155007,1210,sgd_lr_0_0001,sgd_lr_0_0001,stay,False,fixed_share_same_leader,0.0,0.01,Stay because the current strategy remains the highest-weight Fixed-Share expert.
155135,1211,sgd_lr_0_0001,sgd_lr_0_0001,stay,False,fixed_share_same_leader,0.0,0.01,Stay because the current strategy remains the highest-weight Fixed-Share expert.
155263,1212,sgd_lr_0_0001,sgd_lr_0_0001,stay,False,fixed_share_same_leader,0.0,0.01,Stay because the current strategy remains the highest-weight Fixed-Share expert.
155391,1213,sgd_lr_0_0001,sgd_lr_0_0001,stay,False,fixed_share_same_leader,0.0,0.01,Stay because the current strategy remains the highest-weight Fixed-Share expert.
155519,1214,sgd_lr_0_0001,sgd_lr_0_0001,stay,False,fixed_share_same_leader,0.0,0.01,Stay because the current strategy remains the highest-weight Fixed-Share expert.
155647,1215,sgd_lr_0_0001,sgd_lr_0_0001,stay,False,fixed_share_same_leader,0.0,0.01,Stay because the current strategy remains the highest-weight Fixed-Share expert.
155775,1216,sgd_lr_0_0001,sgd_lr_0_0001,stay,False,fixed_share_same_leader,0.0,0.01,Stay because the current strategy remains the highest-weight Fixed-Share expert.
155903,1217,sgd_lr_0_0001,sgd_lr_0_0001,stay,False,fixed_share_same_leader,0.0,0.01,Stay because the current strategy remains the highest-weight Fixed-Share expert.
156031,1218,sgd_lr_0_0001,sgd_lr_0_0001,stay,False,fixed_share_same_leader,0.0,0.01,Stay because the current strategy remains the highest-weight Fixed-Share expert.
156159,1219,sgd_lr_0_0001,sgd_lr_0_0001,stay,False,fixed_share_same_leader,0.0,0.01,Stay because the current strategy remains the highest-weight Fixed-Share expert.
156287,1220,sgd_lr_0_0001,sgd_lr_0_0001,stay,False,fixed_share_same_leader,0.0,0.01,Stay because the current strategy remains the highest-weight Fixed-Share expert.
156415,1221,sgd_lr_0_0001,sgd_lr_0_0001,stay,False,fixed_share_same_leader,0.0,0.01,Stay because the current strategy remains the highest-weight Fixed-Share expert.
156543,1222,sgd_lr_0_0001,sgd_lr_0_0001,stay,False,fixed_share_same_leader,0.0,0.01,Stay because the current strategy remains the highest-weight Fixed-Share expert.
156671,1223,sgd_lr_0_0001,sgd_lr_0_0001,stay,False,fixed_share_same_leader,0.0,0.01,Stay because the current strategy remains the highest-weight Fixed-Share expert.
156799,1224,sgd_lr_0_0001,sgd_lr_0_0001,stay,False,fixed_share_same_leader,0.0,0.01,Stay because the current strategy remains the highest-weight Fixed-Share expert.
156927,1225,sgd_lr_0_0001,sgd_lr_0_0001,stay,False,fixed_share_same_leader,0.0,0.01,Stay because the current strategy remains the highest-weight Fixed-Share expert.
157055,1226,sgd_lr_0_0001,sgd_lr_0_0001,stay,False,fixed_share_same_leader,0.0,0.01,Stay because the current strategy remains the highest-weight Fixed-Share expert.
157183,1227,sgd_lr_0_0001,sgd_lr_0_0001,stay,False,fixed_share_same_leader,0.0,0.01,Stay because the current strategy remains the highest-weight Fixed-Share expert.
157311,1228,sgd_lr_0_0001,sgd_lr_0_0001,stay,False,fixed_share_same_leader,0.0,0.01,Stay because the current strategy remains the highest-weight Fixed-Share expert.
157439,1229,sgd_lr_0_0001,sgd_lr_0_0001,stay,False,fixed_share_same_leader,0.0,0.01,Stay because the current strategy remains the highest-weight Fixed-Share expert.
157567,1230,sgd_lr_0_0001,sgd_lr_0_0001,stay,False,fixed_share_same_leader,0.0,0.01,Stay because the current strategy remains the highest-weight Fixed-Share expert.
157695,1231,sgd_lr_0_0001,sgd_lr_0_0001,stay,False,fixed_share_same_leader,0.0,0.01,Stay because the current strategy remains the highest-weight Fixed-Share expert.
157823,1232,sgd_lr_0_0001,sgd_lr_0_0001,stay,False,fixed_share_same_leader,0.0,0.01,Stay because the current strategy remains the highest-weight Fixed-Share expert.
157951,1233,sgd_lr_0_0001,sgd_lr_0_0001,stay,False,fixed_share_same_leader,0.0,0.01,Stay because the current strategy remains the highest-weight Fixed-Share expert.
158079,1234,sgd_lr_0_0001,sgd_lr_0_0001,stay,False,fixed_share_same_leader,0.0,0.01,Stay because the current strategy remains the highest-weight Fixed-Share expert.
158207,1235,sgd_lr_0_0001,sgd_lr_0_0001,stay,False,fixed_share_same_leader,0.0,0.01,Stay because the current strategy remains the highest-weight Fixed-Share expert.
158335,1236,sgd_lr_0_0001,sgd_lr_0_0001,stay,False,fixed_share_same_leader,0.0,0.01,Stay because the current strategy remains the highest-weight Fixed-Share expert.
158463,1237,sgd_lr_0_0001,sgd_lr_0_0001,stay,False,fixed_share_same_leader,0.0,0.01,Stay because the current strategy remains the highest-weight Fixed-Share expert.
158591,1238,sgd_lr_0_0001,sgd_lr_0_0001,stay,False,fixed_share_same_leader,0.0,0.01,Stay because the current strategy remains the highest-weight Fixed-Share expert.
158719,1239,sgd_lr_0_0001,sgd_lr_0_0001,stay,False,fixed_share_same_leader,0.0,0.01,Stay because the current strategy remains the highest-weight Fixed-Share expert.
158847,1240,sgd_lr_0_0001,sgd_lr_0_0001,stay,False,fixed_share_same_leader,0.0,0.01,Stay because the current strategy remains the highest-weight Fixed-Share expert.
158975,1241,sgd_lr_0_0001,sgd_lr_0_0001,stay,False,fixed_share_same_leader,0.0,0.01,Stay because the current strategy remains the highest-weight Fixed-Share expert.
159103,1242,sgd_lr_0_0001,sgd_lr_0_0001,stay,False,fixed_share_same_leader,0.0,0.01,Stay because the current strategy remains the highest-weight Fixed-Share expert.
159231,1243,sgd_lr_0_0001,sgd_lr_0_0001,stay,False,fixed_share_same_leader,0.0,0.01,Stay because the current strategy remains the highest-weight Fixed-Share expert.
159359,1244,sgd_lr_0_0001,sgd_lr_0_0001,stay,False,fixed_share_same_leader,0.0,0.01,Stay because the current strategy remains the highest-weight Fixed-Share expert.
159487,1245,sgd_lr_0_0001,sgd_lr_0_0001,stay,False,fixed_share_same_leader,0.0,0.01,Stay because the current strategy remains the highest-weight Fixed-Share expert.
159615,1246,sgd_lr_0_0001,sgd_lr_0_0001,stay,False,fixed_share_same_leader,0.0,0.01,Stay because the current strategy remains the highest-weight Fixed-Share expert.
159743,1247,sgd_lr_0_0001,sgd_lr_0_0001,stay,False,fixed_share_same_leader,0.0,0.01,Stay because the current strategy remains the highest-weight Fixed-Share expert.
159871,1248,sgd_lr_0_0001,sgd_lr_0_0001,stay,False,fixed_share_same_leader,0.0,0.01,Stay because the current strategy remains the highest-weight Fixed-Share expert.
159999,1249,sgd_lr_0_0001,sgd_lr_0_0001,stay,False,fixed_share_same_leader,0.0,0.01,Stay because the current strategy remains the highest-weight Fixed-Share expert.
160127,1250,sgd_lr_0_0001,sgd_lr_0_0001,stay,False,fixed_share_same_leader,0.0,0.01,Stay because the current strategy remains the highest-weight Fixed-Share expert.
160255,1251,sgd_lr_0_0001,sgd_lr_0_0001,stay,False,fixed_share_same_leader,0.0,0.01,Stay because the current strategy remains the highest-weight Fixed-Share expert.
160383,1252,sgd_lr_0_0001,sgd_lr_0_0001,stay,False,fixed_share_same_leader,0.0,0.01,Stay because the current strategy remains the highest-weight Fixed-Share expert.
160511,1253,sgd_lr_0_0001,sgd_lr_0_0001,stay,False,fixed_share_same_leader,0.0,0.01,Stay because the current strategy remains the highest-weight Fixed-Share expert.
160639,1254,sgd_lr_0_0001,sgd_lr_0_0001,stay,False,fixed_share_same_leader,0.0,0.01,Stay because the current strategy remains the highest-weight Fixed-Share expert.
160767,1255,sgd_lr_0_0001,sgd_lr_0_0001,stay,False,fixed_share_same_leader,0.0,0.01,Stay because the current strategy remains the highest-weight Fixed-Share expert.
160895,1256,sgd_lr_0_0001,sgd_lr_0_0001,stay,False,fixed_share_same_leader,0.0,0.01,Stay because the current strategy remains the highest-weight Fixed-Share expert.
161023,1257,sgd_lr_0_0001,sgd_lr_0_0001,stay,False,fixed_share_same_leader,0.0,0.01,Stay because the current strategy remains the highest-weight Fixed-Share expert.
161151,1258,sgd_lr_0_0001,sgd_lr_0_0001,stay,False,fixed_share_same_leader,0.0,0.01,Stay because the current strategy remains the highest-weight Fixed-Share expert.
161279,1259,sgd_lr_0_0001,sgd_lr_0_0001,stay,False,fixed_share_same_leader,0.0,0.01,Stay because the current strategy remains the highest-weight Fixed-Share expert.
161407,1260,sgd_lr_0_0001,sgd_lr_0_0001,stay,False,fixed_share_same_leader,0.0,0.01,Stay because the current strategy remains the highest-weight Fixed-Share expert.
161535,1261,sgd_lr_0_0001,sgd_lr_0_0001,stay,False,fixed_share_same_leader,0.0,0.01,Stay because the current strategy remains the highest-weight Fixed-Share expert.
161663,1262,sgd_lr_0_0001,sgd_lr_0_0001,stay,False,fixed_share_same_leader,0.0,0.01,Stay because the current strategy remains the highest-weight Fixed-Share expert.
161791,1263,sgd_lr_0_0001,sgd_lr_0_0001,stay,False,fixed_share_same_leader,0.0,0.01,Stay because the current strategy remains the highest-weight Fixed-Share expert.
161919,1264,sgd_lr_0_0001,sgd_lr_0_0001,stay,False,fixed_share_same_leader,0.0,0.01,Stay because the current strategy remains the highest-weight Fixed-Share expert.
162047,1265,sgd_lr_0_0001,sgd_lr_0_0001,stay,False,fixed_share_same_leader,0.0,0.01,Stay because the current strategy remains the highest-weight Fixed-Share expert.
162175,1266,sgd_lr_0_0001,sgd_lr_0_0001,stay,False,fixed_share_same_leader,0.0,0.01,Stay because the current strategy remains the highest-weight Fixed-Share expert.
162303,1267,sgd_lr_0_0001,sgd_lr_0_0001,stay,False,fixed_share_same_leader,0.0,0.01,Stay because the current strategy remains the highest-weight Fixed-Share expert.
162431,1268,sgd_lr_0_0001,sgd_lr_0_0001,stay,False,fixed_share_same_leader,0.0,0.01,Stay because the current strategy remains the highest-weight Fixed-Share expert.
162559,1269,sgd_lr_0_0001,sgd_lr_0_0001,stay,False,fixed_share_same_leader,0.0,0.01,Stay because the current strategy remains the highest-weight Fixed-Share expert.
162687,1270,sgd_lr_0_0001,sgd_lr_0_0001,stay,False,fixed_share_same_leader,0.0,0.01,Stay because the current strategy remains the highest-weight Fixed-Share expert.
162815,1271,sgd_lr_0_0001,sgd_lr_0_0001,stay,False,fixed_share_same_leader,0.0,0.01,Stay because the current strategy remains the highest-weight Fixed-Share expert.
162943,1272,sgd_lr_0_0001,sgd_lr_0_0001,stay,False,fixed_share_same_leader,0.0,0.01,Stay because the current strategy remains the highest-weight Fixed-Share expert.
163071,1273,sgd_lr_0_0001,sgd_lr_0_0001,stay,False,fixed_share_same_leader,0.0,0.01,Stay because the current strategy remains the highest-weight Fixed-Share expert.
163199,1274,sgd_lr_0_0001,sgd_lr_0_0001,stay,False,fixed_share_same_leader,0.0,0.01,Stay because the current strategy remains the highest-weight Fixed-Share expert.
163327,1275,sgd_lr_0_0001,sgd_lr_0_0001,stay,False,fixed_share_same_leader,0.0,0.01,Stay because the current strategy remains the highest-weight Fixed-Share expert.
163455,1276,sgd_lr_0_0001,sgd_lr_0_0001,stay,False,fixed_share_same_leader,0.0,0.01,Stay because the current strategy remains the highest-weight Fixed-Share expert.
163583,1277,sgd_lr_0_0001,sgd_lr_0_0001,stay,False,fixed_share_same_leader,0.0,0.01,Stay because the current strategy remains the highest-weight Fixed-Share expert.
163711,1278,sgd_lr_0_0001,sgd_lr_0_0001,stay,False,fixed_share_same_leader,0.0,0.01,Stay because the current strategy remains the highest-weight Fixed-Share expert.
163839,1279,sgd_lr_0_0001,sgd_lr_0_0001,stay,False,fixed_share_same_leader,0.0,0.01,Stay because the current strategy remains the highest-weight Fixed-Share expert.
163967,1280,sgd_lr_0_0001,sgd_lr_0_0001,stay,False,fixed_share_same_leader,0.0,0.01,Stay because the current strategy remains the highest-weight Fixed-Share expert.
164095,1281,sgd_lr_0_0001,sgd_lr_0_0001,stay,False,fixed_share_same_leader,0.0,0.01,Stay because the current strategy remains the highest-weight Fixed-Share expert.
164223,1282,sgd_lr_0_0001,sgd_lr_0_0001,stay,False,fixed_share_same_leader,0.0,0.01,Stay because the current strategy remains the highest-weight Fixed-Share expert.
164351,1283,sgd_lr_0_0001,sgd_lr_0_0001,stay,False,fixed_share_same_leader,0.0,0.01,Stay because the current strategy remains the highest-weight Fixed-Share expert.
164479,1284,sgd_lr_0_0001,sgd_lr_0_0001,stay,False,fixed_share_same_leader,0.0,0.01,Stay because the current strategy remains the highest-weight Fixed-Share expert.
164607,1285,sgd_lr_0_0001,sgd_lr_0_0001,stay,False,fixed_share_same_leader,0.0,0.01,Stay because the current strategy remains the highest-weight Fixed-Share expert.
164735,1286,sgd_lr_0_0001,sgd_lr_0_0001,stay,False,fixed_share_same_leader,0.0,0.01,Stay because the current strategy remains the highest-weight Fixed-Share expert.
164863,1287,sgd_lr_0_0001,sgd_lr_0_0001,stay,False,fixed_share_same_leader,0.0,0.01,Stay because the current strategy remains the highest-weight Fixed-Share expert.
164991,1288,sgd_lr_0_0001,sgd_lr_0_0001,stay,False,fixed_share_same_leader,0.0,0.01,Stay because the current strategy remains the highest-weight Fixed-Share expert.
165119,1289,sgd_lr_0_0001,sgd_lr_0_0001,stay,False,fixed_share_same_leader,0.0,0.01,Stay because the current strategy remains the highest-weight Fixed-Share expert.
165247,1290,sgd_lr_0_0001,sgd_lr_0_0001,stay,False,fixed_share_same_leader,0.0,0.01,Stay because the current strategy remains the highest-weight Fixed-Share expert.
165375,1291,sgd_lr_0_0001,sgd_lr_0_0001,stay,False,fixed_share_same_leader,0.0,0.01,Stay because the current strategy remains the highest-weight Fixed-Share expert.
165503,1292,sgd_lr_0_0001,sgd_lr_0_0001,stay,False,fixed_share_same_leader,0.0,0.01,Stay because the current strategy remains the highest-weight Fixed-Share expert.
165631,1293,sgd_lr_0_0001,sgd_lr_0_0001,stay,False,fixed_share_same_leader,0.0,0.01,Stay because the current strategy remains the highest-weight Fixed-Share expert.
165759,1294,sgd_lr_0_0001,sgd_lr_0_0001,stay,False,fixed_share_same_leader,0.0,0.01,Stay because the current strategy remains the highest-weight Fixed-Share expert.
165887,1295,sgd_lr_0_0001,sgd_lr_0_0001,stay,False,fixed_share_same_leader,0.0,0.01,Stay because the current strategy remains the highest-weight Fixed-Share expert.
166015,1296,sgd_lr_0_0001,sgd_lr_0_0001,stay,False,fixed_share_same_leader,0.0,0.01,Stay because the current strategy remains the highest-weight Fixed-Share expert.
166143,1297,sgd_lr_0_0001,sgd_lr_0_0001,stay,False,fixed_share_same_leader,0.0,0.01,Stay because the current strategy remains the highest-weight Fixed-Share expert.
166271,1298,sgd_lr_0_0001,sgd_lr_0_0001,stay,False,fixed_share_same_leader,0.0,0.01,Stay because the current strategy remains the highest-weight Fixed-Share expert.
166399,1299,sgd_lr_0_0001,sgd_lr_0_0001,stay,False,fixed_share_same_leader,0.0,0.01,Stay because the current strategy remains the highest-weight Fixed-Share expert.
166527,1300,sgd_lr_0_0001,sgd_lr_0_0001,stay,False,fixed_share_same_leader,0.0,0.01,Stay because the current strategy remains the highest-weight Fixed-Share expert.
166655,1301,sgd_lr_0_0001,sgd_lr_0_0001,stay,False,fixed_share_same_leader,0.0,0.01,Stay because the current strategy remains the highest-weight Fixed-Share expert.
166783,1302,sgd_lr_0_0001,sgd_lr_0_0001,stay,False,fixed_share_same_leader,0.0,0.01,Stay because the current strategy remains the highest-weight Fixed-Share expert.
166911,1303,sgd_lr_0_0001,sgd_lr_0_0001,stay,False,fixed_share_same_leader,0.0,0.01,Stay because the current strategy remains the highest-weight Fixed-Share expert.
167039,1304,sgd_lr_0_0001,sgd_lr_0_0001,stay,False,fixed_share_same_leader,0.0,0.01,Stay because the current strategy remains the highest-weight Fixed-Share expert.
167167,1305,sgd_lr_0_0001,sgd_lr_0_0001,stay,False,fixed_share_same_leader,0.0,0.01,Stay because the current strategy remains the highest-weight Fixed-Share expert.
167295,1306,sgd_lr_0_0001,sgd_lr_0_0001,stay,False,fixed_share_same_leader,0.0,0.01,Stay because the current strategy remains the highest-weight Fixed-Share expert.
167423,1307,sgd_lr_0_0001,sgd_lr_0_0001,stay,False,fixed_share_same_leader,0.0,0.01,Stay because the current strategy remains the highest-weight Fixed-Share expert.
167551,1308,sgd_lr_0_0001,sgd_lr_0_0001,stay,False,fixed_share_same_leader,0.0,0.01,Stay because the current strategy remains the highest-weight Fixed-Share expert.
167679,1309,sgd_lr_0_0001,sgd_lr_0_0001,stay,False,fixed_share_same_leader,0.0,0.01,Stay because the current strategy remains the highest-weight Fixed-Share expert.
167807,1310,sgd_lr_0_0001,sgd_lr_0_0001,stay,False,fixed_share_same_leader,0.0,0.01,Stay because the current strategy remains the highest-weight Fixed-Share expert.
167935,1311,sgd_lr_0_0001,sgd_lr_0_0001,stay,False,fixed_share_same_leader,0.0,0.01,Stay because the current strategy remains the highest-weight Fixed-Share expert.
168063,1312,sgd_lr_0_0001,sgd_lr_0_0001,stay,False,fixed_share_same_leader,0.0,0.01,Stay because the current strategy remains the highest-weight Fixed-Share expert.
168191,1313,sgd_lr_0_0001,sgd_lr_0_0001,stay,False,fixed_share_same_leader,0.0,0.01,Stay because the current strategy remains the highest-weight Fixed-Share expert.
168319,1314,sgd_lr_0_0001,sgd_lr_0_0001,stay,False,fixed_share_same_leader,0.0,0.01,Stay because the current strategy remains the highest-weight Fixed-Share expert.
168447,1315,sgd_lr_0_0001,sgd_lr_0_0001,stay,False,fixed_share_same_leader,0.0,0.01,Stay because the current strategy remains the highest-weight Fixed-Share expert.
168575,1316,sgd_lr_0_0001,sgd_lr_0_0001,stay,False,fixed_share_same_leader,0.0,0.01,Stay because the current strategy remains the highest-weight Fixed-Share expert.
168703,1317,sgd_lr_0_0001,sgd_lr_0_0001,stay,False,fixed_share_same_leader,0.0,0.01,Stay because the current strategy remains the highest-weight Fixed-Share expert.
168831,1318,sgd_lr_0_0001,sgd_lr_0_0001,stay,False,fixed_share_same_leader,0.0,0.01,Stay because the current strategy remains the highest-weight Fixed-Share expert.
168959,1319,sgd_lr_0_0001,sgd_lr_0_0001,stay,False,fixed_share_same_leader,0.0,0.01,Stay because the current strategy remains the highest-weight Fixed-Share expert.
169087,1320,sgd_lr_0_0001,sgd_lr_0_0001,stay,False,fixed_share_same_leader,0.0,0.01,Stay because the current strategy remains the highest-weight Fixed-Share expert.
169215,1321,sgd_lr_0_0001,sgd_lr_0_0001,stay,False,fixed_share_same_leader,0.0,0.01,Stay because the current strategy remains the highest-weight Fixed-Share expert.
169343,1322,sgd_lr_0_0001,sgd_lr_0_0001,stay,False,fixed_share_same_leader,0.0,0.01,Stay because the current strategy remains the highest-weight Fixed-Share expert.
169471,1323,sgd_lr_0_0001,sgd_lr_0_0001,stay,False,fixed_share_same_leader,0.0,0.01,Stay because the current strategy remains the highest-weight Fixed-Share expert.
169599,1324,sgd_lr_0_0001,sgd_lr_0_0001,stay,False,fixed_share_same_leader,0.0,0.01,Stay because the current strategy remains the highest-weight Fixed-Share expert.
169727,1325,sgd_lr_0_0001,sgd_lr_0_0001,stay,False,fixed_share_same_leader,0.0,0.01,Stay because the current strategy remains the highest-weight Fixed-Share expert.
169855,1326,sgd_lr_0_0001,sgd_lr_0_0001,stay,False,fixed_share_same_leader,0.0,0.01,Stay because the current strategy remains the highest-weight Fixed-Share expert.
169983,1327,sgd_lr_0_0001,sgd_lr_0_0001,stay,False,fixed_share_same_leader,0.0,0.01,Stay because the current strategy remains the highest-weight Fixed-Share expert.
170111,1328,sgd_lr_0_0001,sgd_lr_0_0001,stay,False,fixed_share_same_leader,0.0,0.01,Stay because the current strategy remains the highest-weight Fixed-Share expert.
170239,1329,sgd_lr_0_0001,sgd_lr_0_0001,stay,False,fixed_share_same_leader,0.0,0.01,Stay because the current strategy remains the highest-weight Fixed-Share expert.
170367,1330,sgd_lr_0_0001,sgd_lr_0_0001,stay,False,fixed_share_same_leader,0.0,0.01,Stay because the current strategy remains the highest-weight Fixed-Share expert.
170495,1331,sgd_lr_0_0001,sgd_lr_0_0001,stay,False,fixed_share_same_leader,0.0,0.01,Stay because the current strategy remains the highest-weight Fixed-Share expert.
170623,1332,sgd_lr_0_0001,sgd_lr_0_0001,stay,False,fixed_share_same_leader,0.0,0.01,Stay because the current strategy remains the highest-weight Fixed-Share expert.
170751,1333,sgd_lr_0_0001,sgd_lr_0_0001,stay,False,fixed_share_same_leader,0.0,0.01,Stay because the current strategy remains the highest-weight Fixed-Share expert.
170879,1334,sgd_lr_0_0001,sgd_lr_0_0001,stay,False,fixed_share_same_leader,0.0,0.01,Stay because the current strategy remains the highest-weight Fixed-Share expert.
171007,1335,sgd_lr_0_0001,sgd_lr_0_0001,stay,False,fixed_share_same_leader,0.0,0.01,Stay because the current strategy remains the highest-weight Fixed-Share expert.
171135,1336,sgd_lr_0_0001,sgd_lr_0_0001,stay,False,fixed_share_same_leader,0.0,0.01,Stay because the current strategy remains the highest-weight Fixed-Share expert.
171263,1337,sgd_lr_0_0001,sgd_lr_0_0001,stay,False,fixed_share_same_leader,0.0,0.01,Stay because the current strategy remains the highest-weight Fixed-Share expert.
171391,1338,sgd_lr_0_0001,sgd_lr_0_0001,stay,False,fixed_share_same_leader,0.0,0.01,Stay because the current strategy remains the highest-weight Fixed-Share expert.
171519,1339,sgd_lr_0_0001,sgd_lr_0_0001,stay,False,fixed_share_same_leader,0.0,0.01,Stay because the current strategy remains the highest-weight Fixed-Share expert.
171647,1340,sgd_lr_0_0001,sgd_lr_0_0001,stay,False,fixed_share_same_leader,0.0,0.01,Stay because the current strategy remains the highest-weight Fixed-Share expert.
171775,1341,sgd_lr_0_0001,sgd_lr_0_0001,stay,False,fixed_share_same_leader,0.0,0.01,Stay because the current strategy remains the highest-weight Fixed-Share expert.
171903,1342,sgd_lr_0_0001,sgd_lr_0_0001,stay,False,fixed_share_same_leader,0.0,0.01,Stay because the current strategy remains the highest-weight Fixed-Share expert.
172031,1343,sgd_lr_0_0001,sgd_lr_0_0001,stay,False,fixed_share_same_leader,0.0,0.01,Stay because the current strategy remains the highest-weight Fixed-Share expert.
172159,1344,sgd_lr_0_0001,sgd_lr_0_0001,stay,False,fixed_share_same_leader,0.0,0.01,Stay because the current strategy remains the highest-weight Fixed-Share expert.
172287,1345,sgd_lr_0_0001,sgd_lr_0_0001,stay,False,fixed_share_same_leader,0.0,0.01,Stay because the current strategy remains the highest-weight Fixed-Share expert.
172415,1346,sgd_lr_0_0001,sgd_lr_0_0001,stay,False,fixed_share_same_leader,0.0,0.01,Stay because the current strategy remains the highest-weight Fixed-Share expert.
172543,1347,sgd_lr_0_0001,sgd_lr_0_0001,stay,False,fixed_share_same_leader,0.0,0.01,Stay because the current strategy remains the highest-weight Fixed-Share expert.
172671,1348,sgd_lr_0_0001,sgd_lr_0_0001,stay,False,fixed_share_same_leader,0.0,0.01,Stay because the current strategy remains the highest-weight Fixed-Share expert.
172799,1349,sgd_lr_0_0001,sgd_lr_0_0001,stay,False,fixed_share_same_leader,0.0,0.01,Stay because the current strategy remains the highest-weight Fixed-Share expert.
172927,1350,sgd_lr_0_0001,sgd_lr_0_0001,stay,False,fixed_share_same_leader,0.0,0.01,Stay because the current strategy remains the highest-weight Fixed-Share expert.
173055,1351,sgd_lr_0_0001,sgd_lr_0_0001,stay,False,fixed_share_same_leader,0.0,0.01,Stay because the current strategy remains the highest-weight Fixed-Share expert.
173183,1352,sgd_lr_0_0001,sgd_lr_0_0001,stay,False,fixed_share_same_leader,0.0,0.01,Stay because the current strategy remains the highest-weight Fixed-Share expert.
173311,1353,sgd_lr_0_0001,sgd_lr_0_0001,stay,False,fixed_share_same_leader,0.0,0.01,Stay because the current strategy remains the highest-weight Fixed-Share expert.
173439,1354,sgd_lr_0_0001,sgd_lr_0_0001,stay,False,fixed_share_same_leader,0.0,0.01,Stay because the current strategy remains the highest-weight Fixed-Share expert.
173567,1355,sgd_lr_0_0001,sgd_lr_0_0001,stay,False,fixed_share_same_leader,0.0,0.01,Stay because the current strategy remains the highest-weight Fixed-Share expert.
173695,1356,sgd_lr_0_0001,sgd_lr_0_0001,stay,False,fixed_share_same_leader,0.0,0.01,Stay because the current strategy remains the highest-weight Fixed-Share expert.
173823,1357,sgd_lr_0_0001,sgd_lr_0_0001,stay,False,fixed_share_same_leader,0.0,0.01,Stay because the current strategy remains the highest-weight Fixed-Share expert.
173951,1358,sgd_lr_0_0001,sgd_lr_0_0001,stay,False,fixed_share_same_leader,0.0,0.01,Stay because the current strategy remains the highest-weight Fixed-Share expert.
174079,1359,sgd_lr_0_0001,sgd_lr_0_0001,stay,False,fixed_share_same_leader,0.0,0.01,Stay because the current strategy remains the highest-weight Fixed-Share expert.
174207,1360,sgd_lr_0_0001,sgd_lr_0_0001,stay,False,fixed_share_same_leader,0.0,0.01,Stay because the current strategy remains the highest-weight Fixed-Share expert.
174335,1361,sgd_lr_0_0001,sgd_lr_0_0001,stay,False,fixed_share_same_leader,0.0,0.01,Stay because the current strategy remains the highest-weight Fixed-Share expert.
174463,1362,sgd_lr_0_0001,sgd_lr_0_0001,stay,False,fixed_share_same_leader,0.0,0.01,Stay because the current strategy remains the highest-weight Fixed-Share expert.
174591,1363,sgd_lr_0_0001,sgd_lr_0_0001,stay,False,fixed_share_same_leader,0.0,0.01,Stay because the current strategy remains the highest-weight Fixed-Share expert.
174719,1364,sgd_lr_0_0001,sgd_lr_0_0001,stay,False,fixed_share_same_leader,0.0,0.01,Stay because the current strategy remains the highest-weight Fixed-Share expert.
174847,1365,sgd_lr_0_0001,sgd_lr_0_0001,stay,False,fixed_share_same_leader,0.0,0.01,Stay because the current strategy remains the highest-weight Fixed-Share expert.
174975,1366,sgd_lr_0_0001,sgd_lr_0_0001,stay,False,fixed_share_same_leader,0.0,0.01,Stay because the current strategy remains the highest-weight Fixed-Share expert.
175103,1367,sgd_lr_0_0001,sgd_lr_0_0001,stay,False,fixed_share_same_leader,0.0,0.01,Stay because the current strategy remains the highest-weight Fixed-Share expert.
175231,1368,sgd_lr_0_0001,sgd_lr_0_0001,stay,False,fixed_share_same_leader,0.0,0.01,Stay because the current strategy remains the highest-weight Fixed-Share expert.
175359,1369,sgd_lr_0_0001,sgd_lr_0_0001,stay,False,fixed_share_same_leader,0.0,0.01,Stay because the current strategy remains the highest-weight Fixed-Share expert.
175487,1370,sgd_lr_0_0001,sgd_lr_0_0001,stay,False,fixed_share_same_leader,0.0,0.01,Stay because the current strategy remains the highest-weight Fixed-Share expert.
175615,1371,sgd_lr_0_0001,sgd_lr_0_0001,stay,False,fixed_share_same_leader,0.0,0.01,Stay because the current strategy remains the highest-weight Fixed-Share expert.
175743,1372,sgd_lr_0_0001,sgd_lr_0_0001,stay,False,fixed_share_same_leader,0.0,0.01,Stay because the current strategy remains the highest-weight Fixed-Share expert.
175871,1373,sgd_lr_0_0001,sgd_lr_0_0001,stay,False,fixed_share_same_leader,0.0,0.01,Stay because the current strategy remains the highest-weight Fixed-Share expert.
175999,1374,sgd_lr_0_0001,sgd_lr_0_0001,stay,False,fixed_share_same_leader,0.0,0.01,Stay because the current strategy remains the highest-weight Fixed-Share expert.
176127,1375,sgd_lr_0_0001,sgd_lr_0_0001,stay,False,fixed_share_same_leader,0.0,0.01,Stay because the current strategy remains the highest-weight Fixed-Share expert.
176255,1376,sgd_lr_0_0001,sgd_lr_0_0001,stay,False,fixed_share_same_leader,0.0,0.01,Stay because the current strategy remains the highest-weight Fixed-Share expert.
176383,1377,sgd_lr_0_0001,sgd_lr_0_0001,stay,False,fixed_share_same_leader,0.0,0.01,Stay because the current strategy remains the highest-weight Fixed-Share expert.
176511,1378,sgd_lr_0_0001,sgd_lr_0_0001,stay,False,fixed_share_same_leader,0.0,0.01,Stay because the current strategy remains the highest-weight Fixed-Share expert.
176639,1379,sgd_lr_0_0001,sgd_lr_0_0001,stay,False,fixed_share_same_leader,0.0,0.01,Stay because the current strategy remains the highest-weight Fixed-Share expert.
176767,1380,sgd_lr_0_0001,sgd_lr_0_0001,stay,False,fixed_share_same_leader,0.0,0.01,Stay because the current strategy remains the highest-weight Fixed-Share expert.
176895,1381,sgd_lr_0_0001,sgd_lr_0_0001,stay,False,fixed_share_same_leader,0.0,0.01,Stay because the current strategy remains the highest-weight Fixed-Share expert.
177023,1382,sgd_lr_0_0001,sgd_lr_0_0001,stay,False,fixed_share_same_leader,0.0,0.01,Stay because the current strategy remains the highest-weight Fixed-Share expert.
177151,1383,sgd_lr_0_0001,sgd_lr_0_0001,stay,False,fixed_share_same_leader,0.0,0.01,Stay because the current strategy remains the highest-weight Fixed-Share expert.
177279,1384,sgd_lr_0_0001,sgd_lr_0_0001,stay,False,fixed_share_same_leader,0.0,0.01,Stay because the current strategy remains the highest-weight Fixed-Share expert.
177407,1385,sgd_lr_0_0001,sgd_lr_0_0001,stay,False,fixed_share_same_leader,0.0,0.01,Stay because the current strategy remains the highest-weight Fixed-Share expert.
177535,1386,sgd_lr_0_0001,sgd_lr_0_0001,stay,False,fixed_share_same_leader,0.0,0.01,Stay because the current strategy remains the highest-weight Fixed-Share expert.
177663,1387,sgd_lr_0_0001,sgd_lr_0_0001,stay,False,fixed_share_same_leader,0.0,0.01,Stay because the current strategy remains the highest-weight Fixed-Share expert.
177791,1388,sgd_lr_0_0001,sgd_lr_0_0001,stay,False,fixed_share_same_leader,0.0,0.01,Stay because the current strategy remains the highest-weight Fixed-Share expert.
177919,1389,sgd_lr_0_0001,sgd_lr_0_0001,stay,False,fixed_share_same_leader,0.0,0.01,Stay because the current strategy remains the highest-weight Fixed-Share expert.
178047,1390,sgd_lr_0_0001,sgd_lr_0_0001,stay,False,fixed_share_same_leader,0.0,0.01,Stay because the current strategy remains the highest-weight Fixed-Share expert.
178175,1391,sgd_lr_0_0001,sgd_lr_0_0001,stay,False,fixed_share_same_leader,0.0,0.01,Stay because the current strategy remains the highest-weight Fixed-Share expert.
178303,1392,sgd_lr_0_0001,sgd_lr_0_0001,stay,False,fixed_share_same_leader,0.0,0.01,Stay because the current strategy remains the highest-weight Fixed-Share expert.
178431,1393,sgd_lr_0_0001,sgd_lr_0_0001,stay,False,fixed_share_same_leader,0.0,0.01,Stay because the current strategy remains the highest-weight Fixed-Share expert.
178559,1394,sgd_lr_0_0001,sgd_lr_0_0001,stay,False,fixed_share_same_leader,0.0,0.01,Stay because the current strategy remains the highest-weight Fixed-Share expert.
178687,1395,sgd_lr_0_0001,sgd_lr_0_0001,stay,False,fixed_share_same_leader,0.0,0.01,Stay because the current strategy remains the highest-weight Fixed-Share expert.
178815,1396,sgd_lr_0_0001,sgd_lr_0_0001,stay,False,fixed_share_same_leader,0.0,0.01,Stay because the current strategy remains the highest-weight Fixed-Share expert.
178943,1397,sgd_lr_0_0001,sgd_lr_0_0001,stay,False,fixed_share_same_leader,0.0,0.01,Stay because the current strategy remains the highest-weight Fixed-Share expert.
179071,1398,sgd_lr_0_0001,sgd_lr_0_0001,stay,False,fixed_share_same_leader,0.0,0.01,Stay because the current strategy remains the highest-weight Fixed-Share expert.
179199,1399,sgd_lr_0_0001,sgd_lr_0_0001,stay,False,fixed_share_same_leader,0.0,0.01,Stay because the current strategy remains the highest-weight Fixed-Share expert.
179327,1400,sgd_lr_0_0001,sgd_lr_0_0001,stay,False,fixed_share_same_leader,0.0,0.01,Stay because the current strategy remains the highest-weight Fixed-Share expert.
179455,1401,sgd_lr_0_0001,sgd_lr_0_0001,stay,False,fixed_share_same_leader,0.0,0.01,Stay because the current strategy remains the highest-weight Fixed-Share expert.
179583,1402,sgd_lr_0_0001,sgd_lr_0_0001,stay,False,fixed_share_same_leader,0.0,0.01,Stay because the current strategy remains the highest-weight Fixed-Share expert.
179711,1403,sgd_lr_0_0001,sgd_lr_0_0001,stay,False,fixed_share_same_leader,0.0,0.01,Stay because the current strategy remains the highest-weight Fixed-Share expert.
179839,1404,sgd_lr_0_0001,sgd_lr_0_0001,stay,False,fixed_share_same_leader,0.0,0.01,Stay because the current strategy remains the highest-weight Fixed-Share expert.
179967,1405,sgd_lr_0_0001,sgd_lr_0_0001,stay,False,fixed_share_same_leader,0.0,0.01,Stay because the current strategy remains the highest-weight Fixed-Share expert.
180095,1406,sgd_lr_0_0001,sgd_lr_0_0001,stay,False,fixed_share_same_leader,0.0,0.01,Stay because the current strategy remains the highest-weight Fixed-Share expert.
180223,1407,sgd_lr_0_0001,sgd_lr_0_0001,stay,False,fixed_share_same_leader,0.0,0.01,Stay because the current strategy remains the highest-weight Fixed-Share expert.
180351,1408,sgd_lr_0_0001,sgd_lr_0_0001,stay,False,fixed_share_same_leader,0.0,0.01,Stay because the current strategy remains the highest-weight Fixed-Share expert.
180479,1409,sgd_lr_0_0001,sgd_lr_0_0001,stay,False,fixed_share_same_leader,0.0,0.01,Stay because the current strategy remains the highest-weight Fixed-Share expert.
180607,1410,sgd_lr_0_0001,sgd_lr_0_0001,stay,False,fixed_share_same_leader,0.0,0.01,Stay because the current strategy remains the highest-weight Fixed-Share expert.
180735,1411,sgd_lr_0_0001,sgd_lr_0_0001,stay,False,fixed_share_same_leader,0.0,0.01,Stay because the current strategy remains the highest-weight Fixed-Share expert.
180863,1412,sgd_lr_0_0001,sgd_lr_0_0001,stay,False,fixed_share_same_leader,0.0,0.01,Stay because the current strategy remains the highest-weight Fixed-Share expert.
180991,1413,sgd_lr_0_0001,sgd_lr_0_0001,stay,False,fixed_share_same_leader,0.0,0.01,Stay because the current strategy remains the highest-weight Fixed-Share expert.
181119,1414,sgd_lr_0_0001,sgd_lr_0_0001,stay,False,fixed_share_same_leader,0.0,0.01,Stay because the current strategy remains the highest-weight Fixed-Share expert.
181247,1415,sgd_lr_0_0001,sgd_lr_0_0001,stay,False,fixed_share_same_leader,0.0,0.01,Stay because the current strategy remains the highest-weight Fixed-Share expert.
181375,1416,sgd_lr_0_0001,sgd_lr_0_0001,stay,False,fixed_share_same_leader,0.0,0.01,Stay because the current strategy remains the highest-weight Fixed-Share expert.
181503,1417,sgd_lr_0_0001,sgd_lr_0_0001,stay,False,fixed_share_same_leader,0.0,0.01,Stay because the current strategy remains the highest-weight Fixed-Share expert.
181631,1418,sgd_lr_0_0001,sgd_lr_0_0001,stay,False,fixed_share_same_leader,0.0,0.01,Stay because the current strategy remains the highest-weight Fixed-Share expert.
181759,1419,sgd_lr_0_0001,sgd_lr_0_0001,stay,False,fixed_share_same_leader,0.0,0.01,Stay because the current strategy remains the highest-weight Fixed-Share expert.
181887,1420,sgd_lr_0_0001,sgd_lr_0_0001,stay,False,fixed_share_same_leader,0.0,0.01,Stay because the current strategy remains the highest-weight Fixed-Share expert.
182015,1421,sgd_lr_0_0001,sgd_lr_0_0001,stay,False,fixed_share_same_leader,0.0,0.01,Stay because the current strategy remains the highest-weight Fixed-Share expert.
182143,1422,sgd_lr_0_0001,sgd_lr_0_0001,stay,False,fixed_share_same_leader,0.0,0.01,Stay because the current strategy remains the highest-weight Fixed-Share expert.
182271,1423,sgd_lr_0_0001,sgd_lr_0_0001,stay,False,fixed_share_same_leader,0.0,0.01,Stay because the current strategy remains the highest-weight Fixed-Share expert.
182399,1424,sgd_lr_0_0001,sgd_lr_0_0001,stay,False,fixed_share_same_leader,0.0,0.01,Stay because the current strategy remains the highest-weight Fixed-Share expert.
