sample_index,evaluation_index,current_strategy,candidate_strategy,action,switched,reason_code,decision_margin,decision_threshold,reason
255,1,sgd_lr_0_0005,sgd_lr_0_0001,switch,True,recent_leader_warmup,,0.0005,Switch after warmup because the recent block leader outperformed the initial incumbent: sgd_lr_0_0001.
383,2,sgd_lr_0_0001,sgd_lr_0_0001,stay,False,recent_leader_same,0.0,0.0005,Stay because the current strategy remains the recent block leader.
511,3,sgd_lr_0_0001,sgd_lr_0_0001,stay,False,recent_leader_same,0.0,0.0005,Stay because the current strategy remains the recent block leader.
639,4,sgd_lr_0_0001,sgd_lr_0_001,switch,True,recent_leader_advantage,0.010027866081497971,0.0005,Switch because the recent leader exceeds the current strategy over the lookback horizon: 0.757448 - 0.747421 = 0.010028.
767,5,sgd_lr_0_001,sgd_lr_0_0005,switch,True,recent_leader_advantage,0.0008101439910395136,0.0005,Switch because the recent leader exceeds the current strategy over the lookback horizon: 0.752424 - 0.751614 = 0.000810.
895,6,sgd_lr_0_0005,sgd_lr_0_0005,stay,False,recent_leader_same,0.0,0.0005,Stay because the current strategy remains the recent block leader.
1023,7,sgd_lr_0_0005,sgd_lr_0_001,switch,True,recent_leader_advantage,0.002802056955126142,0.0005,Switch because the recent leader exceeds the current strategy over the lookback horizon: 0.690064 - 0.687262 = 0.002802.
1151,8,sgd_lr_0_001,sgd_lr_0_001,stay,False,recent_leader_same,0.0,0.0005,Stay because the current strategy remains the recent block leader.
1279,9,sgd_lr_0_001,sgd_lr_0_0001,switch,True,recent_leader_advantage,0.002046006883984486,0.0005,Switch because the recent leader exceeds the current strategy over the lookback horizon: 0.736099 - 0.734053 = 0.002046.
1407,10,sgd_lr_0_0001,sgd_lr_0_001,switch,True,recent_leader_advantage,0.004417104829763319,0.0005,Switch because the recent leader exceeds the current strategy over the lookback horizon: 0.750018 - 0.745601 = 0.004417.
1535,11,sgd_lr_0_001,sgd_lr_0_001,stay,False,recent_leader_same,0.0,0.0005,Stay because the current strategy remains the recent block leader.
1663,12,sgd_lr_0_001,sgd_lr_0_0005,stay,False,recent_leader_margin_too_small,0.000275172068718188,0.0005,Stay because the recent leader advantage is below the switching margin: 0.000275 < 0.000500.
1791,13,sgd_lr_0_001,sgd_lr_0_001,stay,False,recent_leader_same,0.0,0.0005,Stay because the current strategy remains the recent block leader.
1919,14,sgd_lr_0_001,sgd_lr_0_0005,switch,True,recent_leader_advantage,0.00961064526908606,0.0005,Switch because the recent leader exceeds the current strategy over the lookback horizon: 0.669819 - 0.660209 = 0.009611.
2047,15,sgd_lr_0_0005,sgd_lr_0_001,stay,False,recent_leader_margin_too_small,0.00015574651656524718,0.0005,Stay because the recent leader advantage is below the switching margin: 0.000156 < 0.000500.
2175,16,sgd_lr_0_0005,sgd_lr_0_001,switch,True,recent_leader_advantage,0.004096082700300707,0.0005,Switch because the recent leader exceeds the current strategy over the lookback horizon: 0.839255 - 0.835159 = 0.004096.
2303,17,sgd_lr_0_001,sgd_lr_0_0001,stay,False,recent_leader_incumbent_floor,0.0020913445472382497,0.0005,Stay because the candidate fails the incumbent floor check: 0.744732 + 0.002000 < 0.748987.
2431,18,sgd_lr_0_001,sgd_lr_0_001,stay,False,recent_leader_same,0.0,0.0005,Stay because the current strategy remains the recent block leader.
2559,19,sgd_lr_0_001,sgd_lr_0_0001,stay,False,recent_leader_incumbent_floor,0.009097822858921578,0.0005,Stay because the candidate fails the incumbent floor check: 0.741424 + 0.002000 < 0.745726.
2687,20,sgd_lr_0_001,sgd_lr_0_0001,stay,False,recent_leader_incumbent_floor,0.013141459849839499,0.0005,Stay because the candidate fails the incumbent floor check: 0.728798 + 0.002000 < 0.732269.
2815,21,sgd_lr_0_001,sgd_lr_0_001,stay,False,recent_leader_same,0.0,0.0005,Stay because the current strategy remains the recent block leader.
2943,22,sgd_lr_0_001,sgd_lr_0_0001,stay,False,recent_leader_incumbent_floor,0.023122644554875615,0.0005,Stay because the candidate fails the incumbent floor check: 0.714125 + 0.002000 < 0.716404.
3071,23,sgd_lr_0_001,sgd_lr_0_0001,switch,True,recent_leader_advantage,0.011259660711521402,0.0005,Switch because the recent leader exceeds the current strategy over the lookback horizon: 0.532912 - 0.521652 = 0.011260.
3199,24,sgd_lr_0_0001,sgd_lr_0_0001,stay,False,recent_leader_same,0.0,0.0005,Stay because the current strategy remains the recent block leader.
3327,25,sgd_lr_0_0001,sgd_lr_0_001,switch,True,recent_leader_advantage,0.0029534693064399153,0.0005,Switch because the recent leader exceeds the current strategy over the lookback horizon: 0.579137 - 0.576184 = 0.002953.
3455,26,sgd_lr_0_001,sgd_lr_0_001,stay,False,recent_leader_same,0.0,0.0005,Stay because the current strategy remains the recent block leader.
3583,27,sgd_lr_0_001,sgd_lr_0_001,stay,False,recent_leader_same,0.0,0.0005,Stay because the current strategy remains the recent block leader.
3711,28,sgd_lr_0_001,sgd_lr_0_001,stay,False,recent_leader_same,0.0,0.0005,Stay because the current strategy remains the recent block leader.
3839,29,sgd_lr_0_001,sgd_lr_0_001,stay,False,recent_leader_same,0.0,0.0005,Stay because the current strategy remains the recent block leader.
3967,30,sgd_lr_0_001,sgd_lr_0_001,stay,False,recent_leader_same,0.0,0.0005,Stay because the current strategy remains the recent block leader.
4095,31,sgd_lr_0_001,sgd_lr_0_0005,stay,False,recent_leader_margin_too_small,0.0003131706872374629,0.0005,Stay because the recent leader advantage is below the switching margin: 0.000313 < 0.000500.
4223,32,sgd_lr_0_001,sgd_lr_0_001,stay,False,recent_leader_same,0.0,0.0005,Stay because the current strategy remains the recent block leader.
4351,33,sgd_lr_0_001,sgd_lr_0_001,stay,False,recent_leader_same,0.0,0.0005,Stay because the current strategy remains the recent block leader.
4479,34,sgd_lr_0_001,sgd_lr_0_001,stay,False,recent_leader_same,0.0,0.0005,Stay because the current strategy remains the recent block leader.
4607,35,sgd_lr_0_001,sgd_lr_0_001,stay,False,recent_leader_same,0.0,0.0005,Stay because the current strategy remains the recent block leader.
4735,36,sgd_lr_0_001,sgd_lr_0_0005,switch,True,recent_leader_advantage,0.0009777226636683567,0.0005,Switch because the recent leader exceeds the current strategy over the lookback horizon: 0.793199 - 0.792222 = 0.000978.
4863,37,sgd_lr_0_0005,sgd_lr_0_0001,stay,False,recent_leader_incumbent_floor,0.007353811981439251,0.0005,Stay because the candidate fails the incumbent floor check: 0.724469 + 0.002000 < 0.727100.
4991,38,sgd_lr_0_0005,sgd_lr_0_0001,stay,False,recent_leader_incumbent_floor,0.0022567677021646526,0.0005,Stay because the candidate fails the incumbent floor check: 0.725593 + 0.002000 < 0.728098.
5119,39,sgd_lr_0_0005,sgd_lr_0_001,switch,True,recent_leader_advantage,0.0009144512137299055,0.0005,Switch because the recent leader exceeds the current strategy over the lookback horizon: 0.732405 - 0.731490 = 0.000914.
5247,40,sgd_lr_0_001,sgd_lr_0_001,stay,False,recent_leader_same,0.0,0.0005,Stay because the current strategy remains the recent block leader.
5375,41,sgd_lr_0_001,sgd_lr_0_001,stay,False,recent_leader_same,0.0,0.0005,Stay because the current strategy remains the recent block leader.
5503,42,sgd_lr_0_001,sgd_lr_0_0001,stay,False,recent_leader_incumbent_floor,0.010977655662582797,0.0005,Stay because the candidate fails the incumbent floor check: 0.727468 + 0.002000 < 0.730141.
5631,43,sgd_lr_0_001,sgd_lr_0_0001,stay,False,recent_leader_incumbent_floor,0.0021517908154844445,0.0005,Stay because the candidate fails the incumbent floor check: 0.724033 + 0.002000 < 0.726596.
5759,44,sgd_lr_0_001,sgd_lr_0_0001,stay,False,recent_leader_incumbent_floor,0.003710934540259614,0.0005,Stay because the candidate fails the incumbent floor check: 0.721216 + 0.002000 < 0.723640.
5887,45,sgd_lr_0_001,sgd_lr_0_001,stay,False,recent_leader_same,0.0,0.0005,Stay because the current strategy remains the recent block leader.
6015,46,sgd_lr_0_001,sgd_lr_0_001,stay,False,recent_leader_same,0.0,0.0005,Stay because the current strategy remains the recent block leader.
6143,47,sgd_lr_0_001,sgd_lr_0_001,stay,False,recent_leader_same,0.0,0.0005,Stay because the current strategy remains the recent block leader.
6271,48,sgd_lr_0_001,sgd_lr_0_001,stay,False,recent_leader_same,0.0,0.0005,Stay because the current strategy remains the recent block leader.
6399,49,sgd_lr_0_001,sgd_lr_0_0005,switch,True,recent_leader_advantage,0.0007794235172623454,0.0005,Switch because the recent leader exceeds the current strategy over the lookback horizon: 0.631004 - 0.630225 = 0.000779.
6527,50,sgd_lr_0_0005,sgd_lr_0_001,switch,True,recent_leader_advantage,0.01001776182830827,0.0005,Switch because the recent leader exceeds the current strategy over the lookback horizon: 0.770342 - 0.760324 = 0.010018.
6655,51,sgd_lr_0_001,sgd_lr_0_0001,stay,False,recent_leader_incumbent_floor,0.009008662390039612,0.0005,Stay because the candidate fails the incumbent floor check: 0.705287 + 0.002000 < 0.708304.
6783,52,sgd_lr_0_001,sgd_lr_0_0005,switch,True,recent_leader_advantage,0.0007414449575027238,0.0005,Switch because the recent leader exceeds the current strategy over the lookback horizon: 0.787570 - 0.786828 = 0.000741.
6911,53,sgd_lr_0_0005,sgd_lr_0_0005,stay,False,recent_leader_same,0.0,0.0005,Stay because the current strategy remains the recent block leader.
7039,54,sgd_lr_0_0005,sgd_lr_0_0005,stay,False,recent_leader_same,0.0,0.0005,Stay because the current strategy remains the recent block leader.
7167,55,sgd_lr_0_0005,sgd_lr_0_001,switch,True,recent_leader_advantage,0.001877882936965447,0.0005,Switch because the recent leader exceeds the current strategy over the lookback horizon: 0.792536 - 0.790658 = 0.001878.
7295,56,sgd_lr_0_001,sgd_lr_0_0001,stay,False,recent_leader_incumbent_floor,0.0019511251394652707,0.0005,Stay because the candidate fails the incumbent floor check: 0.711506 + 0.002000 < 0.714225.
7423,57,sgd_lr_0_001,sgd_lr_0_0001,stay,False,recent_leader_incumbent_floor,0.0007301649699600343,0.0005,Stay because the candidate fails the incumbent floor check: 0.711891 + 0.002000 < 0.714551.
7551,58,sgd_lr_0_001,sgd_lr_0_001,stay,False,recent_leader_same,0.0,0.0005,Stay because the current strategy remains the recent block leader.
7679,59,sgd_lr_0_001,sgd_lr_0_0001,stay,False,recent_leader_incumbent_floor,0.0011785716856329564,0.0005,Stay because the candidate fails the incumbent floor check: 0.714222 + 0.002000 < 0.716829.
7807,60,sgd_lr_0_001,sgd_lr_0_001,stay,False,recent_leader_same,0.0,0.0005,Stay because the current strategy remains the recent block leader.
7935,61,sgd_lr_0_001,sgd_lr_0_0005,switch,True,recent_leader_advantage,0.001963137760030098,0.0005,Switch because the recent leader exceeds the current strategy over the lookback horizon: 0.797154 - 0.795191 = 0.001963.
8063,62,sgd_lr_0_0005,sgd_lr_0_001,switch,True,recent_leader_advantage,0.0010238097399946078,0.0005,Switch because the recent leader exceeds the current strategy over the lookback horizon: 0.782799 - 0.781775 = 0.001024.
8191,63,sgd_lr_0_001,sgd_lr_0_0001,stay,False,recent_leader_incumbent_floor,0.0039647503303126275,0.0005,Stay because the candidate fails the incumbent floor check: 0.721833 + 0.002000 < 0.724341.
8319,64,sgd_lr_0_001,sgd_lr_0_0005,switch,True,recent_leader_advantage,0.0012115779098135215,0.0005,Switch because the recent leader exceeds the current strategy over the lookback horizon: 0.944154 - 0.942942 = 0.001212.
8447,65,sgd_lr_0_0005,sgd_lr_0_0001,stay,False,recent_leader_incumbent_floor,0.0007982315263050932,0.0005,Stay because the candidate fails the incumbent floor check: 0.727400 + 0.002000 < 0.729418.
8575,66,sgd_lr_0_0005,sgd_lr_0_0001,switch,True,recent_leader_advantage,0.012041660220577621,0.0005,Switch because the recent leader exceeds the current strategy over the lookback horizon: 0.619519 - 0.607478 = 0.012042.
8703,67,sgd_lr_0_0001,sgd_lr_0_0001,stay,False,recent_leader_same,0.0,0.0005,Stay because the current strategy remains the recent block leader.
8831,68,sgd_lr_0_0001,sgd_lr_0_001,switch,True,recent_leader_advantage,0.00679275980638383,0.0005,Switch because the recent leader exceeds the current strategy over the lookback horizon: 0.572654 - 0.565861 = 0.006793.
8959,69,sgd_lr_0_001,sgd_lr_0_0005,switch,True,recent_leader_advantage,0.008755430925054708,0.0005,Switch because the recent leader exceeds the current strategy over the lookback horizon: 0.674568 - 0.665812 = 0.008755.
9087,70,sgd_lr_0_0005,sgd_lr_0_001,switch,True,recent_leader_advantage,0.015201639896254338,0.0005,Switch because the recent leader exceeds the current strategy over the lookback horizon: 0.707595 - 0.692394 = 0.015202.
9215,71,sgd_lr_0_001,sgd_lr_0_001,stay,False,recent_leader_same,0.0,0.0005,Stay because the current strategy remains the recent block leader.
9343,72,sgd_lr_0_001,sgd_lr_0_0001,stay,False,recent_leader_incumbent_floor,0.0014464649422384346,0.0005,Stay because the candidate fails the incumbent floor check: 0.719086 + 0.002000 < 0.721850.
9471,73,sgd_lr_0_001,sgd_lr_0_001,stay,False,recent_leader_same,0.0,0.0005,Stay because the current strategy remains the recent block leader.
9599,74,sgd_lr_0_001,sgd_lr_0_0001,stay,False,recent_leader_incumbent_floor,0.006540036643845726,0.0005,Stay because the candidate fails the incumbent floor check: 0.716174 + 0.002000 < 0.718852.
9727,75,sgd_lr_0_001,sgd_lr_0_001,stay,False,recent_leader_same,0.0,0.0005,Stay because the current strategy remains the recent block leader.
9855,76,sgd_lr_0_001,sgd_lr_0_001,stay,False,recent_leader_same,0.0,0.0005,Stay because the current strategy remains the recent block leader.
9983,77,sgd_lr_0_001,sgd_lr_0_0001,stay,False,recent_leader_incumbent_floor,0.004495546606251177,0.0005,Stay because the candidate fails the incumbent floor check: 0.715310 + 0.002000 < 0.718318.
10111,78,sgd_lr_0_001,sgd_lr_0_001,stay,False,recent_leader_same,0.0,0.0005,Stay because the current strategy remains the recent block leader.
10239,79,sgd_lr_0_001,sgd_lr_0_0001,stay,False,recent_leader_incumbent_floor,0.007417536042003792,0.0005,Stay because the candidate fails the incumbent floor check: 0.714827 + 0.002000 < 0.717849.
10367,80,sgd_lr_0_001,sgd_lr_0_0001,stay,False,recent_leader_incumbent_floor,0.0013600955661952074,0.0005,Stay because the candidate fails the incumbent floor check: 0.713241 + 0.002000 < 0.716209.
10495,81,sgd_lr_0_001,sgd_lr_0_0001,stay,False,recent_leader_incumbent_floor,0.00451292615262322,0.0005,Stay because the candidate fails the incumbent floor check: 0.711558 + 0.002000 < 0.714434.
10623,82,sgd_lr_0_001,sgd_lr_0_0001,stay,False,recent_leader_incumbent_floor,0.0033428349901672982,0.0005,Stay because the candidate fails the incumbent floor check: 0.710874 + 0.002000 < 0.713676.
10751,83,sgd_lr_0_001,sgd_lr_0_0001,stay,False,recent_leader_incumbent_floor,0.0011948992350548915,0.0005,Stay because the candidate fails the incumbent floor check: 0.711187 + 0.002000 < 0.713941.
10879,84,sgd_lr_0_001,sgd_lr_0_0001,stay,False,recent_leader_incumbent_floor,0.0017461501608363461,0.0005,Stay because the candidate fails the incumbent floor check: 0.711427 + 0.002000 < 0.714128.
11007,85,sgd_lr_0_001,sgd_lr_0_001,stay,False,recent_leader_same,0.0,0.0005,Stay because the current strategy remains the recent block leader.
11135,86,sgd_lr_0_001,sgd_lr_0_0001,stay,False,recent_leader_incumbent_floor,0.0015053994981917285,0.0005,Stay because the candidate fails the incumbent floor check: 0.709406 + 0.002000 < 0.712067.
11263,87,sgd_lr_0_001,sgd_lr_0_0001,stay,False,recent_leader_incumbent_floor,0.00523367401716357,0.0005,Stay because the candidate fails the incumbent floor check: 0.708868 + 0.002000 < 0.711439.
11391,88,sgd_lr_0_001,sgd_lr_0_0001,stay,False,recent_leader_incumbent_floor,0.0012765061988653237,0.0005,Stay because the candidate fails the incumbent floor check: 0.708514 + 0.002000 < 0.711042.
11519,89,sgd_lr_0_001,sgd_lr_0_0001,stay,False,recent_leader_incumbent_floor,0.005241910232687497,0.0005,Stay because the candidate fails the incumbent floor check: 0.707888 + 0.002000 < 0.710330.
11647,90,sgd_lr_0_001,sgd_lr_0_001,stay,False,recent_leader_same,0.0,0.0005,Stay because the current strategy remains the recent block leader.
11775,91,sgd_lr_0_001,sgd_lr_0_001,stay,False,recent_leader_same,0.0,0.0005,Stay because the current strategy remains the recent block leader.
11903,92,sgd_lr_0_001,sgd_lr_0_001,stay,False,recent_leader_same,0.0,0.0005,Stay because the current strategy remains the recent block leader.
12031,93,sgd_lr_0_001,sgd_lr_0_0001,stay,False,recent_leader_incumbent_floor,0.002870629469335917,0.0005,Stay because the candidate fails the incumbent floor check: 0.709944 + 0.002000 < 0.712676.
12159,94,sgd_lr_0_001,sgd_lr_0_0001,stay,False,recent_leader_incumbent_floor,0.01104508094424772,0.0005,Stay because the candidate fails the incumbent floor check: 0.711350 + 0.002000 < 0.713937.
12287,95,sgd_lr_0_001,sgd_lr_0_0001,stay,False,recent_leader_incumbent_floor,0.014048117371001312,0.0005,Stay because the candidate fails the incumbent floor check: 0.712532 + 0.002000 < 0.714946.
12415,96,sgd_lr_0_001,sgd_lr_0_0001,stay,False,recent_leader_incumbent_floor,0.004348244737331752,0.0005,Stay because the candidate fails the incumbent floor check: 0.713658 + 0.002000 < 0.716002.
12543,97,sgd_lr_0_001,sgd_lr_0_0001,stay,False,recent_leader_incumbent_floor,0.00842635751862908,0.0005,Stay because the candidate fails the incumbent floor check: 0.713822 + 0.002000 < 0.716056.
12671,98,sgd_lr_0_001,sgd_lr_0_0001,stay,False,recent_leader_incumbent_floor,0.005266744922204136,0.0005,Stay because the candidate fails the incumbent floor check: 0.713038 + 0.002000 < 0.715196.
12799,99,sgd_lr_0_001,sgd_lr_0_0005,stay,False,recent_leader_margin_too_small,0.0002694687157757114,0.0005,Stay because the recent leader advantage is below the switching margin: 0.000269 < 0.000500.
12927,100,sgd_lr_0_001,sgd_lr_0_0005,stay,False,recent_leader_margin_too_small,0.00032831148620959816,0.0005,Stay because the recent leader advantage is below the switching margin: 0.000328 < 0.000500.
13055,101,sgd_lr_0_001,sgd_lr_0_001,stay,False,recent_leader_same,0.0,0.0005,Stay because the current strategy remains the recent block leader.
13183,102,sgd_lr_0_001,sgd_lr_0_0001,stay,False,recent_leader_incumbent_floor,0.002241086780228163,0.0005,Stay because the candidate fails the incumbent floor check: 0.706613 + 0.002000 < 0.708756.
13311,103,sgd_lr_0_001,sgd_lr_0_001,stay,False,recent_leader_same,0.0,0.0005,Stay because the current strategy remains the recent block leader.
13439,104,sgd_lr_0_001,sgd_lr_0_0001,stay,False,recent_leader_incumbent_floor,0.001077849801466635,0.0005,Stay because the candidate fails the incumbent floor check: 0.708369 + 0.002000 < 0.710562.
13567,105,sgd_lr_0_001,sgd_lr_0_0001,stay,False,recent_leader_incumbent_floor,0.0024395581501660546,0.0005,Stay because the candidate fails the incumbent floor check: 0.708337 + 0.002000 < 0.710487.
13695,106,sgd_lr_0_001,sgd_lr_0_0001,stay,False,recent_leader_incumbent_floor,0.006206262091580261,0.0005,Stay because the candidate fails the incumbent floor check: 0.707638 + 0.002000 < 0.709710.
13823,107,sgd_lr_0_001,sgd_lr_0_0005,switch,True,recent_leader_advantage,0.0006200829767299965,0.0005,Switch because the recent leader exceeds the current strategy over the lookback horizon: 0.650088 - 0.649468 = 0.000620.
13951,108,sgd_lr_0_0005,sgd_lr_0_0001,switch,True,recent_leader_advantage,0.004935917057502848,0.0005,Switch because the recent leader exceeds the current strategy over the lookback horizon: 0.784306 - 0.779370 = 0.004936.
14079,109,sgd_lr_0_0001,sgd_lr_0_0001,stay,False,recent_leader_same,0.0,0.0005,Stay because the current strategy remains the recent block leader.
14207,110,sgd_lr_0_0001,sgd_lr_0_001,switch,True,recent_leader_advantage,0.004782983776857486,0.0005,Switch because the recent leader exceeds the current strategy over the lookback horizon: 0.844545 - 0.839762 = 0.004783.
14335,111,sgd_lr_0_001,sgd_lr_0_0001,switch,True,recent_leader_advantage,0.008720007978841648,0.0005,Switch because the recent leader exceeds the current strategy over the lookback horizon: 0.827864 - 0.819144 = 0.008720.
14463,112,sgd_lr_0_0001,sgd_lr_0_001,switch,True,recent_leader_advantage,0.004183000435077022,0.0005,Switch because the recent leader exceeds the current strategy over the lookback horizon: 0.780487 - 0.776304 = 0.004183.
14591,113,sgd_lr_0_001,sgd_lr_0_001,stay,False,recent_leader_same,0.0,0.0005,Stay because the current strategy remains the recent block leader.
14719,114,sgd_lr_0_001,sgd_lr_0_0001,switch,True,recent_leader_advantage,0.0030330393817480372,0.0005,Switch because the recent leader exceeds the current strategy over the lookback horizon: 0.552898 - 0.549865 = 0.003033.
14847,115,sgd_lr_0_0001,sgd_lr_0_0005,stay,False,recent_leader_margin_too_small,0.0002818023133615011,0.0005,Stay because the recent leader advantage is below the switching margin: 0.000282 < 0.000500.
14975,116,sgd_lr_0_0001,sgd_lr_0_0001,stay,False,recent_leader_same,0.0,0.0005,Stay because the current strategy remains the recent block leader.
15103,117,sgd_lr_0_0001,sgd_lr_0_001,switch,True,recent_leader_advantage,0.0031979620323770996,0.0005,Switch because the recent leader exceeds the current strategy over the lookback horizon: 0.561111 - 0.557913 = 0.003198.
15231,118,sgd_lr_0_001,sgd_lr_0_0005,switch,True,recent_leader_advantage,0.0023723231853860494,0.0005,Switch because the recent leader exceeds the current strategy over the lookback horizon: 0.598069 - 0.595696 = 0.002372.
15359,119,sgd_lr_0_0005,sgd_lr_0_001,switch,True,recent_leader_advantage,0.0006527766786126321,0.0005,Switch because the recent leader exceeds the current strategy over the lookback horizon: 0.674403 - 0.673751 = 0.000653.
15487,120,sgd_lr_0_001,sgd_lr_0_0005,switch,True,recent_leader_advantage,0.0029714265676216156,0.0005,Switch because the recent leader exceeds the current strategy over the lookback horizon: 0.732535 - 0.729563 = 0.002971.
15615,121,sgd_lr_0_0005,sgd_lr_0_001,switch,True,recent_leader_advantage,0.0052985303622962165,0.0005,Switch because the recent leader exceeds the current strategy over the lookback horizon: 0.578235 - 0.572936 = 0.005299.
15743,122,sgd_lr_0_001,sgd_lr_0_0005,switch,True,recent_leader_advantage,0.005925733982896753,0.0005,Switch because the recent leader exceeds the current strategy over the lookback horizon: 0.634292 - 0.628366 = 0.005926.
15871,123,sgd_lr_0_0005,sgd_lr_0_001,switch,True,recent_leader_advantage,0.008718109996190049,0.0005,Switch because the recent leader exceeds the current strategy over the lookback horizon: 0.733279 - 0.724561 = 0.008718.
15999,124,sgd_lr_0_001,sgd_lr_0_001,stay,False,recent_leader_same,0.0,0.0005,Stay because the current strategy remains the recent block leader.
16127,125,sgd_lr_0_001,sgd_lr_0_0001,switch,True,recent_leader_advantage,0.0015193755152113075,0.0005,Switch because the recent leader exceeds the current strategy over the lookback horizon: 0.889874 - 0.888355 = 0.001519.
16255,126,sgd_lr_0_0001,sgd_lr_0_0001,stay,False,recent_leader_same,0.0,0.0005,Stay because the current strategy remains the recent block leader.
16383,127,sgd_lr_0_0001,sgd_lr_0_001,stay,False,recent_leader_margin_too_small,1.1866365349444408e-05,0.0005,Stay because the recent leader advantage is below the switching margin: 0.000012 < 0.000500.
16511,128,sgd_lr_0_0001,sgd_lr_0_001,switch,True,recent_leader_advantage,0.007184482425560579,0.0005,Switch because the recent leader exceeds the current strategy over the lookback horizon: 0.769643 - 0.762458 = 0.007184.
16639,129,sgd_lr_0_001,sgd_lr_0_001,stay,False,recent_leader_same,0.0,0.0005,Stay because the current strategy remains the recent block leader.
16767,130,sgd_lr_0_001,sgd_lr_0_001,stay,False,recent_leader_same,0.0,0.0005,Stay because the current strategy remains the recent block leader.
16895,131,sgd_lr_0_001,sgd_lr_0_001,stay,False,recent_leader_same,0.0,0.0005,Stay because the current strategy remains the recent block leader.
17023,132,sgd_lr_0_001,sgd_lr_0_001,stay,False,recent_leader_same,0.0,0.0005,Stay because the current strategy remains the recent block leader.
17151,133,sgd_lr_0_001,sgd_lr_0_001,stay,False,recent_leader_same,0.0,0.0005,Stay because the current strategy remains the recent block leader.
17279,134,sgd_lr_0_001,sgd_lr_0_001,stay,False,recent_leader_same,0.0,0.0005,Stay because the current strategy remains the recent block leader.
17407,135,sgd_lr_0_001,sgd_lr_0_001,stay,False,recent_leader_same,0.0,0.0005,Stay because the current strategy remains the recent block leader.
17535,136,sgd_lr_0_001,sgd_lr_0_001,stay,False,recent_leader_same,0.0,0.0005,Stay because the current strategy remains the recent block leader.
17663,137,sgd_lr_0_001,sgd_lr_0_0001,switch,True,recent_leader_advantage,0.014715231795302763,0.0005,Switch because the recent leader exceeds the current strategy over the lookback horizon: 0.607516 - 0.592801 = 0.014715.
17791,138,sgd_lr_0_0001,sgd_lr_0_0001,stay,False,recent_leader_same,0.0,0.0005,Stay because the current strategy remains the recent block leader.
17919,139,sgd_lr_0_0001,sgd_lr_0_0001,stay,False,recent_leader_same,0.0,0.0005,Stay because the current strategy remains the recent block leader.
18047,140,sgd_lr_0_0001,sgd_lr_0_001,switch,True,recent_leader_advantage,0.006401628693172401,0.0005,Switch because the recent leader exceeds the current strategy over the lookback horizon: 0.509117 - 0.502715 = 0.006402.
18175,141,sgd_lr_0_001,sgd_lr_0_001,stay,False,recent_leader_same,0.0,0.0005,Stay because the current strategy remains the recent block leader.
18303,142,sgd_lr_0_001,sgd_lr_0_0005,switch,True,recent_leader_advantage,0.0005101990548189717,0.0005,Switch because the recent leader exceeds the current strategy over the lookback horizon: 0.560169 - 0.559659 = 0.000510.
18431,143,sgd_lr_0_0005,sgd_lr_0_001,switch,True,recent_leader_advantage,0.018830285915172662,0.0005,Switch because the recent leader exceeds the current strategy over the lookback horizon: 0.733465 - 0.714634 = 0.018830.
18559,144,sgd_lr_0_001,sgd_lr_0_001,stay,False,recent_leader_same,0.0,0.0005,Stay because the current strategy remains the recent block leader.
18687,145,sgd_lr_0_001,sgd_lr_0_001,stay,False,recent_leader_same,0.0,0.0005,Stay because the current strategy remains the recent block leader.
18815,146,sgd_lr_0_001,sgd_lr_0_001,stay,False,recent_leader_same,0.0,0.0005,Stay because the current strategy remains the recent block leader.
18943,147,sgd_lr_0_001,sgd_lr_0_0005,stay,False,recent_leader_margin_too_small,0.00025657649004018346,0.0005,Stay because the recent leader advantage is below the switching margin: 0.000257 < 0.000500.
19071,148,sgd_lr_0_001,sgd_lr_0_001,stay,False,recent_leader_same,0.0,0.0005,Stay because the current strategy remains the recent block leader.
19199,149,sgd_lr_0_001,sgd_lr_0_001,stay,False,recent_leader_same,0.0,0.0005,Stay because the current strategy remains the recent block leader.
19327,150,sgd_lr_0_001,sgd_lr_0_001,stay,False,recent_leader_same,0.0,0.0005,Stay because the current strategy remains the recent block leader.
19455,151,sgd_lr_0_001,sgd_lr_0_0001,switch,True,recent_leader_advantage,0.010457524607542568,0.0005,Switch because the recent leader exceeds the current strategy over the lookback horizon: 0.638673 - 0.628215 = 0.010458.
19583,152,sgd_lr_0_0001,sgd_lr_0_0001,stay,False,recent_leader_same,0.0,0.0005,Stay because the current strategy remains the recent block leader.
19711,153,sgd_lr_0_0001,sgd_lr_0_0005,switch,True,recent_leader_advantage,0.002539596857708326,0.0005,Switch because the recent leader exceeds the current strategy over the lookback horizon: 0.576086 - 0.573546 = 0.002540.
19839,154,sgd_lr_0_0005,sgd_lr_0_0001,switch,True,recent_leader_advantage,0.000594167706495119,0.0005,Switch because the recent leader exceeds the current strategy over the lookback horizon: 0.511816 - 0.511222 = 0.000594.
19967,155,sgd_lr_0_0001,sgd_lr_0_0001,stay,False,recent_leader_same,0.0,0.0005,Stay because the current strategy remains the recent block leader.
20095,156,sgd_lr_0_0001,sgd_lr_0_001,switch,True,recent_leader_advantage,0.0033737503979850425,0.0005,Switch because the recent leader exceeds the current strategy over the lookback horizon: 0.537381 - 0.534008 = 0.003374.
20223,157,sgd_lr_0_001,sgd_lr_0_001,stay,False,recent_leader_same,0.0,0.0005,Stay because the current strategy remains the recent block leader.
20351,158,sgd_lr_0_001,sgd_lr_0_0001,switch,True,recent_leader_advantage,0.006752355632164364,0.0005,Switch because the recent leader exceeds the current strategy over the lookback horizon: 0.567124 - 0.560372 = 0.006752.
20479,159,sgd_lr_0_0001,sgd_lr_0_0001,stay,False,recent_leader_same,0.0,0.0005,Stay because the current strategy remains the recent block leader.
20607,160,sgd_lr_0_0001,sgd_lr_0_001,switch,True,recent_leader_advantage,0.01556020401643432,0.0005,Switch because the recent leader exceeds the current strategy over the lookback horizon: 0.737016 - 0.721455 = 0.015560.
20735,161,sgd_lr_0_001,sgd_lr_0_001,stay,False,recent_leader_same,0.0,0.0005,Stay because the current strategy remains the recent block leader.
20863,162,sgd_lr_0_001,sgd_lr_0_001,stay,False,recent_leader_same,0.0,0.0005,Stay because the current strategy remains the recent block leader.
20991,163,sgd_lr_0_001,sgd_lr_0_0001,switch,True,recent_leader_advantage,0.013863736594664111,0.0005,Switch because the recent leader exceeds the current strategy over the lookback horizon: 0.633712 - 0.619848 = 0.013864.
21119,164,sgd_lr_0_0001,sgd_lr_0_0001,stay,False,recent_leader_same,0.0,0.0005,Stay because the current strategy remains the recent block leader.
21247,165,sgd_lr_0_0001,sgd_lr_0_0001,stay,False,recent_leader_same,0.0,0.0005,Stay because the current strategy remains the recent block leader.
21375,166,sgd_lr_0_0001,sgd_lr_0_0001,stay,False,recent_leader_same,0.0,0.0005,Stay because the current strategy remains the recent block leader.
21503,167,sgd_lr_0_0001,sgd_lr_0_0001,stay,False,recent_leader_same,0.0,0.0005,Stay because the current strategy remains the recent block leader.
21631,168,sgd_lr_0_0001,sgd_lr_0_0001,stay,False,recent_leader_same,0.0,0.0005,Stay because the current strategy remains the recent block leader.
21759,169,sgd_lr_0_0001,sgd_lr_0_0001,stay,False,recent_leader_same,0.0,0.0005,Stay because the current strategy remains the recent block leader.
21887,170,sgd_lr_0_0001,sgd_lr_0_001,switch,True,recent_leader_advantage,0.005071471055249299,0.0005,Switch because the recent leader exceeds the current strategy over the lookback horizon: 0.705143 - 0.700072 = 0.005071.
22015,171,sgd_lr_0_001,sgd_lr_0_001,stay,False,recent_leader_same,0.0,0.0005,Stay because the current strategy remains the recent block leader.
22143,172,sgd_lr_0_001,sgd_lr_0_001,stay,False,recent_leader_same,0.0,0.0005,Stay because the current strategy remains the recent block leader.
22271,173,sgd_lr_0_001,sgd_lr_0_0001,switch,True,recent_leader_advantage,0.011449540649139278,0.0005,Switch because the recent leader exceeds the current strategy over the lookback horizon: 0.725783 - 0.714333 = 0.011450.
22399,174,sgd_lr_0_0001,sgd_lr_0_0001,stay,False,recent_leader_same,0.0,0.0005,Stay because the current strategy remains the recent block leader.
22527,175,sgd_lr_0_0001,sgd_lr_0_001,switch,True,recent_leader_advantage,0.002139112839306012,0.0005,Switch because the recent leader exceeds the current strategy over the lookback horizon: 0.713898 - 0.711759 = 0.002139.
22655,176,sgd_lr_0_001,sgd_lr_0_001,stay,False,recent_leader_same,0.0,0.0005,Stay because the current strategy remains the recent block leader.
22783,177,sgd_lr_0_001,sgd_lr_0_001,stay,False,recent_leader_same,0.0,0.0005,Stay because the current strategy remains the recent block leader.
22911,178,sgd_lr_0_001,sgd_lr_0_0005,stay,False,recent_leader_margin_too_small,0.0001931962730046255,0.0005,Stay because the recent leader advantage is below the switching margin: 0.000193 < 0.000500.
23039,179,sgd_lr_0_001,sgd_lr_0_001,stay,False,recent_leader_same,0.0,0.0005,Stay because the current strategy remains the recent block leader.
23167,180,sgd_lr_0_001,sgd_lr_0_0001,switch,True,recent_leader_advantage,0.0030495990085142033,0.0005,Switch because the recent leader exceeds the current strategy over the lookback horizon: 0.533835 - 0.530785 = 0.003050.
23295,181,sgd_lr_0_0001,sgd_lr_0_001,switch,True,recent_leader_advantage,0.0007566517739570067,0.0005,Switch because the recent leader exceeds the current strategy over the lookback horizon: 0.487829 - 0.487072 = 0.000757.
23423,182,sgd_lr_0_001,sgd_lr_0_001,stay,False,recent_leader_same,0.0,0.0005,Stay because the current strategy remains the recent block leader.
23551,183,sgd_lr_0_001,sgd_lr_0_001,stay,False,recent_leader_same,0.0,0.0005,Stay because the current strategy remains the recent block leader.
23679,184,sgd_lr_0_001,sgd_lr_0_001,stay,False,recent_leader_same,0.0,0.0005,Stay because the current strategy remains the recent block leader.
23807,185,sgd_lr_0_001,sgd_lr_0_001,stay,False,recent_leader_same,0.0,0.0005,Stay because the current strategy remains the recent block leader.
23935,186,sgd_lr_0_001,sgd_lr_0_0001,stay,False,recent_leader_incumbent_floor,0.00974583941805185,0.0005,Stay because the candidate fails the incumbent floor check: 0.693993 + 0.002000 < 0.696077.
24063,187,sgd_lr_0_001,sgd_lr_0_001,stay,False,recent_leader_same,0.0,0.0005,Stay because the current strategy remains the recent block leader.
24191,188,sgd_lr_0_001,sgd_lr_0_001,stay,False,recent_leader_same,0.0,0.0005,Stay because the current strategy remains the recent block leader.
24319,189,sgd_lr_0_001,sgd_lr_0_0001,stay,False,recent_leader_incumbent_floor,0.00401390776858801,0.0005,Stay because the candidate fails the incumbent floor check: 0.695098 + 0.002000 < 0.697149.
24447,190,sgd_lr_0_001,sgd_lr_0_0001,stay,False,recent_leader_incumbent_floor,0.001607600999172898,0.0005,Stay because the candidate fails the incumbent floor check: 0.695182 + 0.002000 < 0.697214.
24575,191,sgd_lr_0_001,sgd_lr_0_0001,stay,False,recent_leader_incumbent_floor,0.0033594927255895524,0.0005,Stay because the candidate fails the incumbent floor check: 0.695138 + 0.002000 < 0.697141.
24703,192,sgd_lr_0_001,sgd_lr_0_001,stay,False,recent_leader_same,0.0,0.0005,Stay because the current strategy remains the recent block leader.
24831,193,sgd_lr_0_001,sgd_lr_0_0005,switch,True,recent_leader_advantage,0.0011399219812197048,0.0005,Switch because the recent leader exceeds the current strategy over the lookback horizon: 0.869482 - 0.868342 = 0.001140.
24959,194,sgd_lr_0_0005,sgd_lr_0_0001,switch,True,recent_leader_advantage,0.006468945635826673,0.0005,Switch because the recent leader exceeds the current strategy over the lookback horizon: 0.738071 - 0.731602 = 0.006469.
25087,195,sgd_lr_0_0001,sgd_lr_0_0001,stay,False,recent_leader_same,0.0,0.0005,Stay because the current strategy remains the recent block leader.
25215,196,sgd_lr_0_0001,sgd_lr_0_0001,stay,False,recent_leader_same,0.0,0.0005,Stay because the current strategy remains the recent block leader.
25343,197,sgd_lr_0_0001,sgd_lr_0_001,switch,True,recent_leader_advantage,0.01090621840264655,0.0005,Switch because the recent leader exceeds the current strategy over the lookback horizon: 0.503371 - 0.492465 = 0.010906.
25471,198,sgd_lr_0_001,sgd_lr_0_0001,switch,True,recent_leader_advantage,0.010527605059281409,0.0005,Switch because the recent leader exceeds the current strategy over the lookback horizon: 0.621782 - 0.611255 = 0.010528.
25599,199,sgd_lr_0_0001,sgd_lr_0_0001,stay,False,recent_leader_same,0.0,0.0005,Stay because the current strategy remains the recent block leader.
25727,200,sgd_lr_0_0001,sgd_lr_0_001,switch,True,recent_leader_advantage,0.012761669443293489,0.0005,Switch because the recent leader exceeds the current strategy over the lookback horizon: 0.632539 - 0.619777 = 0.012762.
25855,201,sgd_lr_0_001,sgd_lr_0_001,stay,False,recent_leader_same,0.0,0.0005,Stay because the current strategy remains the recent block leader.
25983,202,sgd_lr_0_001,sgd_lr_0_001,stay,False,recent_leader_same,0.0,0.0005,Stay because the current strategy remains the recent block leader.
26111,203,sgd_lr_0_001,sgd_lr_0_001,stay,False,recent_leader_same,0.0,0.0005,Stay because the current strategy remains the recent block leader.
26239,204,sgd_lr_0_001,sgd_lr_0_001,stay,False,recent_leader_same,0.0,0.0005,Stay because the current strategy remains the recent block leader.
26367,205,sgd_lr_0_001,sgd_lr_0_001,stay,False,recent_leader_same,0.0,0.0005,Stay because the current strategy remains the recent block leader.
26495,206,sgd_lr_0_001,sgd_lr_0_0001,stay,False,recent_leader_incumbent_floor,0.005147406047529057,0.0005,Stay because the candidate fails the incumbent floor check: 0.694181 + 0.002000 < 0.696209.
26623,207,sgd_lr_0_001,sgd_lr_0_0001,switch,True,recent_leader_advantage,0.005738098597941388,0.0005,Switch because the recent leader exceeds the current strategy over the lookback horizon: 0.553305 - 0.547567 = 0.005738.
26751,208,sgd_lr_0_0001,sgd_lr_0_0001,stay,False,recent_leader_same,0.0,0.0005,Stay because the current strategy remains the recent block leader.
26879,209,sgd_lr_0_0001,sgd_lr_0_0005,switch,True,recent_leader_advantage,0.002085901449558336,0.0005,Switch because the recent leader exceeds the current strategy over the lookback horizon: 0.533668 - 0.531582 = 0.002086.
27007,210,sgd_lr_0_0005,sgd_lr_0_001,switch,True,recent_leader_advantage,0.00333055223098655,0.0005,Switch because the recent leader exceeds the current strategy over the lookback horizon: 0.511946 - 0.508615 = 0.003331.
27135,211,sgd_lr_0_001,sgd_lr_0_001,stay,False,recent_leader_same,0.0,0.0005,Stay because the current strategy remains the recent block leader.
27263,212,sgd_lr_0_001,sgd_lr_0_001,stay,False,recent_leader_same,0.0,0.0005,Stay because the current strategy remains the recent block leader.
27391,213,sgd_lr_0_001,sgd_lr_0_0001,switch,True,recent_leader_advantage,0.02539620023130207,0.0005,Switch because the recent leader exceeds the current strategy over the lookback horizon: 0.738148 - 0.712752 = 0.025396.
27519,214,sgd_lr_0_0001,sgd_lr_0_0001,stay,False,recent_leader_same,0.0,0.0005,Stay because the current strategy remains the recent block leader.
27647,215,sgd_lr_0_0001,sgd_lr_0_0001,stay,False,recent_leader_same,0.0,0.0005,Stay because the current strategy remains the recent block leader.
27775,216,sgd_lr_0_0001,sgd_lr_0_001,switch,True,recent_leader_advantage,0.015256857519119538,0.0005,Switch because the recent leader exceeds the current strategy over the lookback horizon: 0.661817 - 0.646560 = 0.015257.
27903,217,sgd_lr_0_001,sgd_lr_0_0001,switch,True,recent_leader_advantage,0.0032991290895362235,0.0005,Switch because the recent leader exceeds the current strategy over the lookback horizon: 0.650136 - 0.646837 = 0.003299.
28031,218,sgd_lr_0_0001,sgd_lr_0_0001,stay,False,recent_leader_same,0.0,0.0005,Stay because the current strategy remains the recent block leader.
28159,219,sgd_lr_0_0001,sgd_lr_0_0005,stay,False,recent_leader_margin_too_small,0.00029729884349039004,0.0005,Stay because the recent leader advantage is below the switching margin: 0.000297 < 0.000500.
28287,220,sgd_lr_0_0001,sgd_lr_0_001,switch,True,recent_leader_advantage,0.012321438260855633,0.0005,Switch because the recent leader exceeds the current strategy over the lookback horizon: 0.566062 - 0.553741 = 0.012321.
28415,221,sgd_lr_0_001,sgd_lr_0_0001,switch,True,recent_leader_advantage,0.011732480364784581,0.0005,Switch because the recent leader exceeds the current strategy over the lookback horizon: 0.677495 - 0.665763 = 0.011732.
28543,222,sgd_lr_0_0001,sgd_lr_0_0001,stay,False,recent_leader_same,0.0,0.0005,Stay because the current strategy remains the recent block leader.
28671,223,sgd_lr_0_0001,sgd_lr_0_001,switch,True,recent_leader_advantage,0.0023831718928818413,0.0005,Switch because the recent leader exceeds the current strategy over the lookback horizon: 0.611016 - 0.608632 = 0.002383.
28799,224,sgd_lr_0_001,sgd_lr_0_001,stay,False,recent_leader_same,0.0,0.0005,Stay because the current strategy remains the recent block leader.
28927,225,sgd_lr_0_001,sgd_lr_0_0005,switch,True,recent_leader_advantage,0.0009016431649875312,0.0005,Switch because the recent leader exceeds the current strategy over the lookback horizon: 0.626598 - 0.625696 = 0.000902.
29055,226,sgd_lr_0_0005,sgd_lr_0_001,switch,True,recent_leader_advantage,0.00910062615059104,0.0005,Switch because the recent leader exceeds the current strategy over the lookback horizon: 0.771459 - 0.762359 = 0.009101.
29183,227,sgd_lr_0_001,sgd_lr_0_0005,switch,True,recent_leader_advantage,0.0022235538317763037,0.0005,Switch because the recent leader exceeds the current strategy over the lookback horizon: 0.795678 - 0.793454 = 0.002224.
29311,228,sgd_lr_0_0005,sgd_lr_0_0001,switch,True,recent_leader_advantage,0.00591831533817655,0.0005,Switch because the recent leader exceeds the current strategy over the lookback horizon: 0.752539 - 0.746620 = 0.005918.
29439,229,sgd_lr_0_0001,sgd_lr_0_0001,stay,False,recent_leader_same,0.0,0.0005,Stay because the current strategy remains the recent block leader.
29567,230,sgd_lr_0_0001,sgd_lr_0_0001,stay,False,recent_leader_same,0.0,0.0005,Stay because the current strategy remains the recent block leader.
29695,231,sgd_lr_0_0001,sgd_lr_0_0001,stay,False,recent_leader_same,0.0,0.0005,Stay because the current strategy remains the recent block leader.
29823,232,sgd_lr_0_0001,sgd_lr_0_001,switch,True,recent_leader_advantage,0.0020430769239344615,0.0005,Switch because the recent leader exceeds the current strategy over the lookback horizon: 0.583450 - 0.581407 = 0.002043.
29951,233,sgd_lr_0_001,sgd_lr_0_001,stay,False,recent_leader_same,0.0,0.0005,Stay because the current strategy remains the recent block leader.
30079,234,sgd_lr_0_001,sgd_lr_0_0001,switch,True,recent_leader_advantage,0.008629962789123646,0.0005,Switch because the recent leader exceeds the current strategy over the lookback horizon: 0.583353 - 0.574723 = 0.008630.
30207,235,sgd_lr_0_0001,sgd_lr_0_0001,stay,False,recent_leader_same,0.0,0.0005,Stay because the current strategy remains the recent block leader.
30335,236,sgd_lr_0_0001,sgd_lr_0_0001,stay,False,recent_leader_same,0.0,0.0005,Stay because the current strategy remains the recent block leader.
30463,237,sgd_lr_0_0001,sgd_lr_0_001,switch,True,recent_leader_advantage,0.008199459550539134,0.0005,Switch because the recent leader exceeds the current strategy over the lookback horizon: 0.587018 - 0.578818 = 0.008199.
30591,238,sgd_lr_0_001,sgd_lr_0_001,stay,False,recent_leader_same,0.0,0.0005,Stay because the current strategy remains the recent block leader.
30719,239,sgd_lr_0_001,sgd_lr_0_001,stay,False,recent_leader_same,0.0,0.0005,Stay because the current strategy remains the recent block leader.
30847,240,sgd_lr_0_001,sgd_lr_0_0005,stay,False,recent_leader_margin_too_small,5.372585420992948e-08,0.0005,Stay because the recent leader advantage is below the switching margin: 0.000000 < 0.000500.
30975,241,sgd_lr_0_001,sgd_lr_0_001,stay,False,recent_leader_same,0.0,0.0005,Stay because the current strategy remains the recent block leader.
31103,242,sgd_lr_0_001,sgd_lr_0_0005,stay,False,recent_leader_margin_too_small,1.2273841320742385e-05,0.0005,Stay because the recent leader advantage is below the switching margin: 0.000012 < 0.000500.
31231,243,sgd_lr_0_001,sgd_lr_0_0001,switch,True,recent_leader_advantage,0.005935646525115468,0.0005,Switch because the recent leader exceeds the current strategy over the lookback horizon: 0.676454 - 0.670518 = 0.005936.
31359,244,sgd_lr_0_0001,sgd_lr_0_0001,stay,False,recent_leader_same,0.0,0.0005,Stay because the current strategy remains the recent block leader.
31487,245,sgd_lr_0_0001,sgd_lr_0_001,switch,True,recent_leader_advantage,0.0006495085684055102,0.0005,Switch because the recent leader exceeds the current strategy over the lookback horizon: 0.666285 - 0.665636 = 0.000650.
31615,246,sgd_lr_0_001,sgd_lr_0_0005,switch,True,recent_leader_advantage,0.0011137372441166749,0.0005,Switch because the recent leader exceeds the current strategy over the lookback horizon: 0.685673 - 0.684559 = 0.001114.
31743,247,sgd_lr_0_0005,sgd_lr_0_0001,switch,True,recent_leader_advantage,0.0031117256265852378,0.0005,Switch because the recent leader exceeds the current strategy over the lookback horizon: 0.673796 - 0.670684 = 0.003112.
31871,248,sgd_lr_0_0001,sgd_lr_0_0005,stay,False,recent_leader_margin_too_small,0.00010431797017085298,0.0005,Stay because the recent leader advantage is below the switching margin: 0.000104 < 0.000500.
31999,249,sgd_lr_0_0001,sgd_lr_0_0001,stay,False,recent_leader_same,0.0,0.0005,Stay because the current strategy remains the recent block leader.
32127,250,sgd_lr_0_0001,sgd_lr_0_001,switch,True,recent_leader_advantage,0.0010747114706860517,0.0005,Switch because the recent leader exceeds the current strategy over the lookback horizon: 0.578490 - 0.577415 = 0.001075.
32255,251,sgd_lr_0_001,sgd_lr_0_0001,switch,True,recent_leader_advantage,0.012676872696149477,0.0005,Switch because the recent leader exceeds the current strategy over the lookback horizon: 0.571991 - 0.559314 = 0.012677.
32383,252,sgd_lr_0_0001,sgd_lr_0_001,switch,True,recent_leader_advantage,0.008823543062348782,0.0005,Switch because the recent leader exceeds the current strategy over the lookback horizon: 0.562870 - 0.554046 = 0.008824.
32511,253,sgd_lr_0_001,sgd_lr_0_001,stay,False,recent_leader_same,0.0,0.0005,Stay because the current strategy remains the recent block leader.
32639,254,sgd_lr_0_001,sgd_lr_0_001,stay,False,recent_leader_same,0.0,0.0005,Stay because the current strategy remains the recent block leader.
32767,255,sgd_lr_0_001,sgd_lr_0_0001,switch,True,recent_leader_advantage,0.0023638182261250806,0.0005,Switch because the recent leader exceeds the current strategy over the lookback horizon: 0.692300 - 0.689936 = 0.002364.
32895,256,sgd_lr_0_0001,sgd_lr_0_0001,stay,False,recent_leader_same,0.0,0.0005,Stay because the current strategy remains the recent block leader.
33023,257,sgd_lr_0_0001,sgd_lr_0_001,switch,True,recent_leader_advantage,0.0035834135001074907,0.0005,Switch because the recent leader exceeds the current strategy over the lookback horizon: 0.711654 - 0.708070 = 0.003583.
33151,258,sgd_lr_0_001,sgd_lr_0_0001,switch,True,recent_leader_advantage,0.013587750381097274,0.0005,Switch because the recent leader exceeds the current strategy over the lookback horizon: 0.604339 - 0.590752 = 0.013588.
33279,259,sgd_lr_0_0001,sgd_lr_0_0001,stay,False,recent_leader_same,0.0,0.0005,Stay because the current strategy remains the recent block leader.
33407,260,sgd_lr_0_0001,sgd_lr_0_001,switch,True,recent_leader_advantage,0.002388771920467714,0.0005,Switch because the recent leader exceeds the current strategy over the lookback horizon: 0.539638 - 0.537249 = 0.002389.
33535,261,sgd_lr_0_001,sgd_lr_0_0001,switch,True,recent_leader_advantage,0.0031638573687943206,0.0005,Switch because the recent leader exceeds the current strategy over the lookback horizon: 0.572905 - 0.569742 = 0.003164.
33663,262,sgd_lr_0_0001,sgd_lr_0_0001,stay,False,recent_leader_same,0.0,0.0005,Stay because the current strategy remains the recent block leader.
33791,263,sgd_lr_0_0001,sgd_lr_0_0001,stay,False,recent_leader_same,0.0,0.0005,Stay because the current strategy remains the recent block leader.
33919,264,sgd_lr_0_0001,sgd_lr_0_0001,stay,False,recent_leader_same,0.0,0.0005,Stay because the current strategy remains the recent block leader.
34047,265,sgd_lr_0_0001,sgd_lr_0_0001,stay,False,recent_leader_same,0.0,0.0005,Stay because the current strategy remains the recent block leader.
34175,266,sgd_lr_0_0001,sgd_lr_0_0001,stay,False,recent_leader_same,0.0,0.0005,Stay because the current strategy remains the recent block leader.
34303,267,sgd_lr_0_0001,sgd_lr_0_0001,stay,False,recent_leader_same,0.0,0.0005,Stay because the current strategy remains the recent block leader.
34431,268,sgd_lr_0_0001,sgd_lr_0_0001,stay,False,recent_leader_same,0.0,0.0005,Stay because the current strategy remains the recent block leader.
34559,269,sgd_lr_0_0001,sgd_lr_0_0001,stay,False,recent_leader_same,0.0,0.0005,Stay because the current strategy remains the recent block leader.
34687,270,sgd_lr_0_0001,sgd_lr_0_0001,stay,False,recent_leader_same,0.0,0.0005,Stay because the current strategy remains the recent block leader.
34815,271,sgd_lr_0_0001,sgd_lr_0_0001,stay,False,recent_leader_same,0.0,0.0005,Stay because the current strategy remains the recent block leader.
34943,272,sgd_lr_0_0001,sgd_lr_0_0001,stay,False,recent_leader_same,0.0,0.0005,Stay because the current strategy remains the recent block leader.
35071,273,sgd_lr_0_0001,sgd_lr_0_0001,stay,False,recent_leader_same,0.0,0.0005,Stay because the current strategy remains the recent block leader.
35199,274,sgd_lr_0_0001,sgd_lr_0_0001,stay,False,recent_leader_same,0.0,0.0005,Stay because the current strategy remains the recent block leader.
35327,275,sgd_lr_0_0001,sgd_lr_0_0001,stay,False,recent_leader_same,0.0,0.0005,Stay because the current strategy remains the recent block leader.
35455,276,sgd_lr_0_0001,sgd_lr_0_0001,stay,False,recent_leader_same,0.0,0.0005,Stay because the current strategy remains the recent block leader.
35583,277,sgd_lr_0_0001,sgd_lr_0_0001,stay,False,recent_leader_same,0.0,0.0005,Stay because the current strategy remains the recent block leader.
35711,278,sgd_lr_0_0001,sgd_lr_0_0001,stay,False,recent_leader_same,0.0,0.0005,Stay because the current strategy remains the recent block leader.
35839,279,sgd_lr_0_0001,sgd_lr_0_0001,stay,False,recent_leader_same,0.0,0.0005,Stay because the current strategy remains the recent block leader.
35967,280,sgd_lr_0_0001,sgd_lr_0_0001,stay,False,recent_leader_same,0.0,0.0005,Stay because the current strategy remains the recent block leader.
36095,281,sgd_lr_0_0001,sgd_lr_0_0001,stay,False,recent_leader_same,0.0,0.0005,Stay because the current strategy remains the recent block leader.
36223,282,sgd_lr_0_0001,sgd_lr_0_0001,stay,False,recent_leader_same,0.0,0.0005,Stay because the current strategy remains the recent block leader.
36351,283,sgd_lr_0_0001,sgd_lr_0_0001,stay,False,recent_leader_same,0.0,0.0005,Stay because the current strategy remains the recent block leader.
36479,284,sgd_lr_0_0001,sgd_lr_0_0001,stay,False,recent_leader_same,0.0,0.0005,Stay because the current strategy remains the recent block leader.
36607,285,sgd_lr_0_0001,sgd_lr_0_0001,stay,False,recent_leader_same,0.0,0.0005,Stay because the current strategy remains the recent block leader.
36735,286,sgd_lr_0_0001,sgd_lr_0_0001,stay,False,recent_leader_same,0.0,0.0005,Stay because the current strategy remains the recent block leader.
36863,287,sgd_lr_0_0001,sgd_lr_0_0001,stay,False,recent_leader_same,0.0,0.0005,Stay because the current strategy remains the recent block leader.
36991,288,sgd_lr_0_0001,sgd_lr_0_0001,stay,False,recent_leader_same,0.0,0.0005,Stay because the current strategy remains the recent block leader.
37119,289,sgd_lr_0_0001,sgd_lr_0_0001,stay,False,recent_leader_same,0.0,0.0005,Stay because the current strategy remains the recent block leader.
37247,290,sgd_lr_0_0001,sgd_lr_0_0001,stay,False,recent_leader_same,0.0,0.0005,Stay because the current strategy remains the recent block leader.
37375,291,sgd_lr_0_0001,sgd_lr_0_0001,stay,False,recent_leader_same,0.0,0.0005,Stay because the current strategy remains the recent block leader.
37503,292,sgd_lr_0_0001,sgd_lr_0_0001,stay,False,recent_leader_same,0.0,0.0005,Stay because the current strategy remains the recent block leader.
37631,293,sgd_lr_0_0001,sgd_lr_0_0001,stay,False,recent_leader_same,0.0,0.0005,Stay because the current strategy remains the recent block leader.
37759,294,sgd_lr_0_0001,sgd_lr_0_0001,stay,False,recent_leader_same,0.0,0.0005,Stay because the current strategy remains the recent block leader.
37887,295,sgd_lr_0_0001,sgd_lr_0_0001,stay,False,recent_leader_same,0.0,0.0005,Stay because the current strategy remains the recent block leader.
38015,296,sgd_lr_0_0001,sgd_lr_0_0001,stay,False,recent_leader_same,0.0,0.0005,Stay because the current strategy remains the recent block leader.
38143,297,sgd_lr_0_0001,sgd_lr_0_0001,stay,False,recent_leader_same,0.0,0.0005,Stay because the current strategy remains the recent block leader.
38271,298,sgd_lr_0_0001,sgd_lr_0_0001,stay,False,recent_leader_same,0.0,0.0005,Stay because the current strategy remains the recent block leader.
38399,299,sgd_lr_0_0001,sgd_lr_0_0001,stay,False,recent_leader_same,0.0,0.0005,Stay because the current strategy remains the recent block leader.
38527,300,sgd_lr_0_0001,sgd_lr_0_0001,stay,False,recent_leader_same,0.0,0.0005,Stay because the current strategy remains the recent block leader.
38655,301,sgd_lr_0_0001,sgd_lr_0_0001,stay,False,recent_leader_same,0.0,0.0005,Stay because the current strategy remains the recent block leader.
38783,302,sgd_lr_0_0001,sgd_lr_0_0001,stay,False,recent_leader_same,0.0,0.0005,Stay because the current strategy remains the recent block leader.
38911,303,sgd_lr_0_0001,sgd_lr_0_0001,stay,False,recent_leader_same,0.0,0.0005,Stay because the current strategy remains the recent block leader.
39039,304,sgd_lr_0_0001,sgd_lr_0_0001,stay,False,recent_leader_same,0.0,0.0005,Stay because the current strategy remains the recent block leader.
39167,305,sgd_lr_0_0001,sgd_lr_0_0001,stay,False,recent_leader_same,0.0,0.0005,Stay because the current strategy remains the recent block leader.
39295,306,sgd_lr_0_0001,sgd_lr_0_0001,stay,False,recent_leader_same,0.0,0.0005,Stay because the current strategy remains the recent block leader.
39423,307,sgd_lr_0_0001,sgd_lr_0_0001,stay,False,recent_leader_same,0.0,0.0005,Stay because the current strategy remains the recent block leader.
39551,308,sgd_lr_0_0001,sgd_lr_0_0001,stay,False,recent_leader_same,0.0,0.0005,Stay because the current strategy remains the recent block leader.
39679,309,sgd_lr_0_0001,sgd_lr_0_0001,stay,False,recent_leader_same,0.0,0.0005,Stay because the current strategy remains the recent block leader.
39807,310,sgd_lr_0_0001,sgd_lr_0_0001,stay,False,recent_leader_same,0.0,0.0005,Stay because the current strategy remains the recent block leader.
39935,311,sgd_lr_0_0001,sgd_lr_0_0001,stay,False,recent_leader_same,0.0,0.0005,Stay because the current strategy remains the recent block leader.
40063,312,sgd_lr_0_0001,sgd_lr_0_0001,stay,False,recent_leader_same,0.0,0.0005,Stay because the current strategy remains the recent block leader.
40191,313,sgd_lr_0_0001,sgd_lr_0_0001,stay,False,recent_leader_same,0.0,0.0005,Stay because the current strategy remains the recent block leader.
40319,314,sgd_lr_0_0001,sgd_lr_0_0001,stay,False,recent_leader_same,0.0,0.0005,Stay because the current strategy remains the recent block leader.
40447,315,sgd_lr_0_0001,sgd_lr_0_0001,stay,False,recent_leader_same,0.0,0.0005,Stay because the current strategy remains the recent block leader.
40575,316,sgd_lr_0_0001,sgd_lr_0_0001,stay,False,recent_leader_same,0.0,0.0005,Stay because the current strategy remains the recent block leader.
40703,317,sgd_lr_0_0001,sgd_lr_0_0001,stay,False,recent_leader_same,0.0,0.0005,Stay because the current strategy remains the recent block leader.
40831,318,sgd_lr_0_0001,sgd_lr_0_0001,stay,False,recent_leader_same,0.0,0.0005,Stay because the current strategy remains the recent block leader.
40959,319,sgd_lr_0_0001,sgd_lr_0_0001,stay,False,recent_leader_same,0.0,0.0005,Stay because the current strategy remains the recent block leader.
41087,320,sgd_lr_0_0001,sgd_lr_0_0001,stay,False,recent_leader_same,0.0,0.0005,Stay because the current strategy remains the recent block leader.
41215,321,sgd_lr_0_0001,sgd_lr_0_0001,stay,False,recent_leader_same,0.0,0.0005,Stay because the current strategy remains the recent block leader.
41343,322,sgd_lr_0_0001,sgd_lr_0_0001,stay,False,recent_leader_same,0.0,0.0005,Stay because the current strategy remains the recent block leader.
41471,323,sgd_lr_0_0001,sgd_lr_0_0001,stay,False,recent_leader_same,0.0,0.0005,Stay because the current strategy remains the recent block leader.
41599,324,sgd_lr_0_0001,sgd_lr_0_0001,stay,False,recent_leader_same,0.0,0.0005,Stay because the current strategy remains the recent block leader.
41727,325,sgd_lr_0_0001,sgd_lr_0_0001,stay,False,recent_leader_same,0.0,0.0005,Stay because the current strategy remains the recent block leader.
41855,326,sgd_lr_0_0001,sgd_lr_0_0001,stay,False,recent_leader_same,0.0,0.0005,Stay because the current strategy remains the recent block leader.
41983,327,sgd_lr_0_0001,sgd_lr_0_0001,stay,False,recent_leader_same,0.0,0.0005,Stay because the current strategy remains the recent block leader.
42111,328,sgd_lr_0_0001,sgd_lr_0_0001,stay,False,recent_leader_same,0.0,0.0005,Stay because the current strategy remains the recent block leader.
42239,329,sgd_lr_0_0001,sgd_lr_0_0001,stay,False,recent_leader_same,0.0,0.0005,Stay because the current strategy remains the recent block leader.
42367,330,sgd_lr_0_0001,sgd_lr_0_0001,stay,False,recent_leader_same,0.0,0.0005,Stay because the current strategy remains the recent block leader.
42495,331,sgd_lr_0_0001,sgd_lr_0_0001,stay,False,recent_leader_same,0.0,0.0005,Stay because the current strategy remains the recent block leader.
42623,332,sgd_lr_0_0001,sgd_lr_0_0001,stay,False,recent_leader_same,0.0,0.0005,Stay because the current strategy remains the recent block leader.
42751,333,sgd_lr_0_0001,sgd_lr_0_0001,stay,False,recent_leader_same,0.0,0.0005,Stay because the current strategy remains the recent block leader.
42879,334,sgd_lr_0_0001,sgd_lr_0_0001,stay,False,recent_leader_same,0.0,0.0005,Stay because the current strategy remains the recent block leader.
43007,335,sgd_lr_0_0001,sgd_lr_0_0001,stay,False,recent_leader_same,0.0,0.0005,Stay because the current strategy remains the recent block leader.
43135,336,sgd_lr_0_0001,sgd_lr_0_0001,stay,False,recent_leader_same,0.0,0.0005,Stay because the current strategy remains the recent block leader.
43263,337,sgd_lr_0_0001,sgd_lr_0_0001,stay,False,recent_leader_same,0.0,0.0005,Stay because the current strategy remains the recent block leader.
43391,338,sgd_lr_0_0001,sgd_lr_0_0001,stay,False,recent_leader_same,0.0,0.0005,Stay because the current strategy remains the recent block leader.
43519,339,sgd_lr_0_0001,sgd_lr_0_0001,stay,False,recent_leader_same,0.0,0.0005,Stay because the current strategy remains the recent block leader.
43647,340,sgd_lr_0_0001,sgd_lr_0_0001,stay,False,recent_leader_same,0.0,0.0005,Stay because the current strategy remains the recent block leader.
43775,341,sgd_lr_0_0001,sgd_lr_0_0001,stay,False,recent_leader_same,0.0,0.0005,Stay because the current strategy remains the recent block leader.
43903,342,sgd_lr_0_0001,sgd_lr_0_0001,stay,False,recent_leader_same,0.0,0.0005,Stay because the current strategy remains the recent block leader.
44031,343,sgd_lr_0_0001,sgd_lr_0_0001,stay,False,recent_leader_same,0.0,0.0005,Stay because the current strategy remains the recent block leader.
44159,344,sgd_lr_0_0001,sgd_lr_0_0001,stay,False,recent_leader_same,0.0,0.0005,Stay because the current strategy remains the recent block leader.
44287,345,sgd_lr_0_0001,sgd_lr_0_0001,stay,False,recent_leader_same,0.0,0.0005,Stay because the current strategy remains the recent block leader.
44415,346,sgd_lr_0_0001,sgd_lr_0_0001,stay,False,recent_leader_same,0.0,0.0005,Stay because the current strategy remains the recent block leader.
44543,347,sgd_lr_0_0001,sgd_lr_0_0001,stay,False,recent_leader_same,0.0,0.0005,Stay because the current strategy remains the recent block leader.
44671,348,sgd_lr_0_0001,sgd_lr_0_0001,stay,False,recent_leader_same,0.0,0.0005,Stay because the current strategy remains the recent block leader.
44799,349,sgd_lr_0_0001,sgd_lr_0_0001,stay,False,recent_leader_same,0.0,0.0005,Stay because the current strategy remains the recent block leader.
44927,350,sgd_lr_0_0001,sgd_lr_0_0001,stay,False,recent_leader_same,0.0,0.0005,Stay because the current strategy remains the recent block leader.
45055,351,sgd_lr_0_0001,sgd_lr_0_0001,stay,False,recent_leader_same,0.0,0.0005,Stay because the current strategy remains the recent block leader.
45183,352,sgd_lr_0_0001,sgd_lr_0_0001,stay,False,recent_leader_same,0.0,0.0005,Stay because the current strategy remains the recent block leader.
45311,353,sgd_lr_0_0001,sgd_lr_0_0001,stay,False,recent_leader_same,0.0,0.0005,Stay because the current strategy remains the recent block leader.
45439,354,sgd_lr_0_0001,sgd_lr_0_0001,stay,False,recent_leader_same,0.0,0.0005,Stay because the current strategy remains the recent block leader.
45567,355,sgd_lr_0_0001,sgd_lr_0_0001,stay,False,recent_leader_same,0.0,0.0005,Stay because the current strategy remains the recent block leader.
45695,356,sgd_lr_0_0001,sgd_lr_0_0001,stay,False,recent_leader_same,0.0,0.0005,Stay because the current strategy remains the recent block leader.
45823,357,sgd_lr_0_0001,sgd_lr_0_0001,stay,False,recent_leader_same,0.0,0.0005,Stay because the current strategy remains the recent block leader.
45951,358,sgd_lr_0_0001,sgd_lr_0_0001,stay,False,recent_leader_same,0.0,0.0005,Stay because the current strategy remains the recent block leader.
46079,359,sgd_lr_0_0001,sgd_lr_0_0001,stay,False,recent_leader_same,0.0,0.0005,Stay because the current strategy remains the recent block leader.
46207,360,sgd_lr_0_0001,sgd_lr_0_0001,stay,False,recent_leader_same,0.0,0.0005,Stay because the current strategy remains the recent block leader.
46335,361,sgd_lr_0_0001,sgd_lr_0_0001,stay,False,recent_leader_same,0.0,0.0005,Stay because the current strategy remains the recent block leader.
46463,362,sgd_lr_0_0001,sgd_lr_0_0001,stay,False,recent_leader_same,0.0,0.0005,Stay because the current strategy remains the recent block leader.
46591,363,sgd_lr_0_0001,sgd_lr_0_0001,stay,False,recent_leader_same,0.0,0.0005,Stay because the current strategy remains the recent block leader.
46719,364,sgd_lr_0_0001,sgd_lr_0_0001,stay,False,recent_leader_same,0.0,0.0005,Stay because the current strategy remains the recent block leader.
46847,365,sgd_lr_0_0001,sgd_lr_0_0001,stay,False,recent_leader_same,0.0,0.0005,Stay because the current strategy remains the recent block leader.
46975,366,sgd_lr_0_0001,sgd_lr_0_0001,stay,False,recent_leader_same,0.0,0.0005,Stay because the current strategy remains the recent block leader.
47103,367,sgd_lr_0_0001,sgd_lr_0_0001,stay,False,recent_leader_same,0.0,0.0005,Stay because the current strategy remains the recent block leader.
47231,368,sgd_lr_0_0001,sgd_lr_0_0001,stay,False,recent_leader_same,0.0,0.0005,Stay because the current strategy remains the recent block leader.
47359,369,sgd_lr_0_0001,sgd_lr_0_0001,stay,False,recent_leader_same,0.0,0.0005,Stay because the current strategy remains the recent block leader.
47487,370,sgd_lr_0_0001,sgd_lr_0_0001,stay,False,recent_leader_same,0.0,0.0005,Stay because the current strategy remains the recent block leader.
47615,371,sgd_lr_0_0001,sgd_lr_0_0001,stay,False,recent_leader_same,0.0,0.0005,Stay because the current strategy remains the recent block leader.
47743,372,sgd_lr_0_0001,sgd_lr_0_0001,stay,False,recent_leader_same,0.0,0.0005,Stay because the current strategy remains the recent block leader.
47871,373,sgd_lr_0_0001,sgd_lr_0_0001,stay,False,recent_leader_same,0.0,0.0005,Stay because the current strategy remains the recent block leader.
47999,374,sgd_lr_0_0001,sgd_lr_0_0001,stay,False,recent_leader_same,0.0,0.0005,Stay because the current strategy remains the recent block leader.
48127,375,sgd_lr_0_0001,sgd_lr_0_0001,stay,False,recent_leader_same,0.0,0.0005,Stay because the current strategy remains the recent block leader.
48255,376,sgd_lr_0_0001,sgd_lr_0_0001,stay,False,recent_leader_same,0.0,0.0005,Stay because the current strategy remains the recent block leader.
48383,377,sgd_lr_0_0001,sgd_lr_0_0001,stay,False,recent_leader_same,0.0,0.0005,Stay because the current strategy remains the recent block leader.
48511,378,sgd_lr_0_0001,sgd_lr_0_0001,stay,False,recent_leader_same,0.0,0.0005,Stay because the current strategy remains the recent block leader.
48639,379,sgd_lr_0_0001,sgd_lr_0_0001,stay,False,recent_leader_same,0.0,0.0005,Stay because the current strategy remains the recent block leader.
48767,380,sgd_lr_0_0001,sgd_lr_0_0001,stay,False,recent_leader_same,0.0,0.0005,Stay because the current strategy remains the recent block leader.
48895,381,sgd_lr_0_0001,sgd_lr_0_0001,stay,False,recent_leader_same,0.0,0.0005,Stay because the current strategy remains the recent block leader.
49023,382,sgd_lr_0_0001,sgd_lr_0_0001,stay,False,recent_leader_same,0.0,0.0005,Stay because the current strategy remains the recent block leader.
49151,383,sgd_lr_0_0001,sgd_lr_0_0001,stay,False,recent_leader_same,0.0,0.0005,Stay because the current strategy remains the recent block leader.
49279,384,sgd_lr_0_0001,sgd_lr_0_0001,stay,False,recent_leader_same,0.0,0.0005,Stay because the current strategy remains the recent block leader.
49407,385,sgd_lr_0_0001,sgd_lr_0_0001,stay,False,recent_leader_same,0.0,0.0005,Stay because the current strategy remains the recent block leader.
49535,386,sgd_lr_0_0001,sgd_lr_0_0001,stay,False,recent_leader_same,0.0,0.0005,Stay because the current strategy remains the recent block leader.
49663,387,sgd_lr_0_0001,sgd_lr_0_0001,stay,False,recent_leader_same,0.0,0.0005,Stay because the current strategy remains the recent block leader.
49791,388,sgd_lr_0_0001,sgd_lr_0_0001,stay,False,recent_leader_same,0.0,0.0005,Stay because the current strategy remains the recent block leader.
49919,389,sgd_lr_0_0001,sgd_lr_0_0001,stay,False,recent_leader_same,0.0,0.0005,Stay because the current strategy remains the recent block leader.
50047,390,sgd_lr_0_0001,sgd_lr_0_0001,stay,False,recent_leader_same,0.0,0.0005,Stay because the current strategy remains the recent block leader.
50175,391,sgd_lr_0_0001,sgd_lr_0_0001,stay,False,recent_leader_same,0.0,0.0005,Stay because the current strategy remains the recent block leader.
50303,392,sgd_lr_0_0001,sgd_lr_0_0001,stay,False,recent_leader_same,0.0,0.0005,Stay because the current strategy remains the recent block leader.
50431,393,sgd_lr_0_0001,sgd_lr_0_0001,stay,False,recent_leader_same,0.0,0.0005,Stay because the current strategy remains the recent block leader.
50559,394,sgd_lr_0_0001,sgd_lr_0_0001,stay,False,recent_leader_same,0.0,0.0005,Stay because the current strategy remains the recent block leader.
50687,395,sgd_lr_0_0001,sgd_lr_0_0001,stay,False,recent_leader_same,0.0,0.0005,Stay because the current strategy remains the recent block leader.
50815,396,sgd_lr_0_0001,sgd_lr_0_0001,stay,False,recent_leader_same,0.0,0.0005,Stay because the current strategy remains the recent block leader.
50943,397,sgd_lr_0_0001,sgd_lr_0_0001,stay,False,recent_leader_same,0.0,0.0005,Stay because the current strategy remains the recent block leader.
51071,398,sgd_lr_0_0001,sgd_lr_0_0001,stay,False,recent_leader_same,0.0,0.0005,Stay because the current strategy remains the recent block leader.
51199,399,sgd_lr_0_0001,sgd_lr_0_0001,stay,False,recent_leader_same,0.0,0.0005,Stay because the current strategy remains the recent block leader.
51327,400,sgd_lr_0_0001,sgd_lr_0_0001,stay,False,recent_leader_same,0.0,0.0005,Stay because the current strategy remains the recent block leader.
51455,401,sgd_lr_0_0001,sgd_lr_0_0001,stay,False,recent_leader_same,0.0,0.0005,Stay because the current strategy remains the recent block leader.
51583,402,sgd_lr_0_0001,sgd_lr_0_0001,stay,False,recent_leader_same,0.0,0.0005,Stay because the current strategy remains the recent block leader.
51711,403,sgd_lr_0_0001,sgd_lr_0_0001,stay,False,recent_leader_same,0.0,0.0005,Stay because the current strategy remains the recent block leader.
51839,404,sgd_lr_0_0001,sgd_lr_0_0001,stay,False,recent_leader_same,0.0,0.0005,Stay because the current strategy remains the recent block leader.
51967,405,sgd_lr_0_0001,sgd_lr_0_0001,stay,False,recent_leader_same,0.0,0.0005,Stay because the current strategy remains the recent block leader.
52095,406,sgd_lr_0_0001,sgd_lr_0_0001,stay,False,recent_leader_same,0.0,0.0005,Stay because the current strategy remains the recent block leader.
52223,407,sgd_lr_0_0001,sgd_lr_0_0001,stay,False,recent_leader_same,0.0,0.0005,Stay because the current strategy remains the recent block leader.
52351,408,sgd_lr_0_0001,sgd_lr_0_0001,stay,False,recent_leader_same,0.0,0.0005,Stay because the current strategy remains the recent block leader.
52479,409,sgd_lr_0_0001,sgd_lr_0_0001,stay,False,recent_leader_same,0.0,0.0005,Stay because the current strategy remains the recent block leader.
52607,410,sgd_lr_0_0001,sgd_lr_0_0001,stay,False,recent_leader_same,0.0,0.0005,Stay because the current strategy remains the recent block leader.
52735,411,sgd_lr_0_0001,sgd_lr_0_0001,stay,False,recent_leader_same,0.0,0.0005,Stay because the current strategy remains the recent block leader.
52863,412,sgd_lr_0_0001,sgd_lr_0_0001,stay,False,recent_leader_same,0.0,0.0005,Stay because the current strategy remains the recent block leader.
52991,413,sgd_lr_0_0001,sgd_lr_0_0001,stay,False,recent_leader_same,0.0,0.0005,Stay because the current strategy remains the recent block leader.
53119,414,sgd_lr_0_0001,sgd_lr_0_0001,stay,False,recent_leader_same,0.0,0.0005,Stay because the current strategy remains the recent block leader.
53247,415,sgd_lr_0_0001,sgd_lr_0_0001,stay,False,recent_leader_same,0.0,0.0005,Stay because the current strategy remains the recent block leader.
53375,416,sgd_lr_0_0001,sgd_lr_0_0001,stay,False,recent_leader_same,0.0,0.0005,Stay because the current strategy remains the recent block leader.
53503,417,sgd_lr_0_0001,sgd_lr_0_0001,stay,False,recent_leader_same,0.0,0.0005,Stay because the current strategy remains the recent block leader.
53631,418,sgd_lr_0_0001,sgd_lr_0_0001,stay,False,recent_leader_same,0.0,0.0005,Stay because the current strategy remains the recent block leader.
53759,419,sgd_lr_0_0001,sgd_lr_0_0001,stay,False,recent_leader_same,0.0,0.0005,Stay because the current strategy remains the recent block leader.
53887,420,sgd_lr_0_0001,sgd_lr_0_0001,stay,False,recent_leader_same,0.0,0.0005,Stay because the current strategy remains the recent block leader.
54015,421,sgd_lr_0_0001,sgd_lr_0_0001,stay,False,recent_leader_same,0.0,0.0005,Stay because the current strategy remains the recent block leader.
54143,422,sgd_lr_0_0001,sgd_lr_0_0001,stay,False,recent_leader_same,0.0,0.0005,Stay because the current strategy remains the recent block leader.
54271,423,sgd_lr_0_0001,sgd_lr_0_0001,stay,False,recent_leader_same,0.0,0.0005,Stay because the current strategy remains the recent block leader.
54399,424,sgd_lr_0_0001,sgd_lr_0_0001,stay,False,recent_leader_same,0.0,0.0005,Stay because the current strategy remains the recent block leader.
54527,425,sgd_lr_0_0001,sgd_lr_0_0001,stay,False,recent_leader_same,0.0,0.0005,Stay because the current strategy remains the recent block leader.
54655,426,sgd_lr_0_0001,sgd_lr_0_0001,stay,False,recent_leader_same,0.0,0.0005,Stay because the current strategy remains the recent block leader.
54783,427,sgd_lr_0_0001,sgd_lr_0_0001,stay,False,recent_leader_same,0.0,0.0005,Stay because the current strategy remains the recent block leader.
54911,428,sgd_lr_0_0001,sgd_lr_0_0001,stay,False,recent_leader_same,0.0,0.0005,Stay because the current strategy remains the recent block leader.
55039,429,sgd_lr_0_0001,sgd_lr_0_0001,stay,False,recent_leader_same,0.0,0.0005,Stay because the current strategy remains the recent block leader.
55167,430,sgd_lr_0_0001,sgd_lr_0_0001,stay,False,recent_leader_same,0.0,0.0005,Stay because the current strategy remains the recent block leader.
55295,431,sgd_lr_0_0001,sgd_lr_0_0001,stay,False,recent_leader_same,0.0,0.0005,Stay because the current strategy remains the recent block leader.
55423,432,sgd_lr_0_0001,sgd_lr_0_0001,stay,False,recent_leader_same,0.0,0.0005,Stay because the current strategy remains the recent block leader.
55551,433,sgd_lr_0_0001,sgd_lr_0_0001,stay,False,recent_leader_same,0.0,0.0005,Stay because the current strategy remains the recent block leader.
55679,434,sgd_lr_0_0001,sgd_lr_0_0001,stay,False,recent_leader_same,0.0,0.0005,Stay because the current strategy remains the recent block leader.
55807,435,sgd_lr_0_0001,sgd_lr_0_0001,stay,False,recent_leader_same,0.0,0.0005,Stay because the current strategy remains the recent block leader.
55935,436,sgd_lr_0_0001,sgd_lr_0_0001,stay,False,recent_leader_same,0.0,0.0005,Stay because the current strategy remains the recent block leader.
56063,437,sgd_lr_0_0001,sgd_lr_0_0001,stay,False,recent_leader_same,0.0,0.0005,Stay because the current strategy remains the recent block leader.
56191,438,sgd_lr_0_0001,sgd_lr_0_0001,stay,False,recent_leader_same,0.0,0.0005,Stay because the current strategy remains the recent block leader.
56319,439,sgd_lr_0_0001,sgd_lr_0_0001,stay,False,recent_leader_same,0.0,0.0005,Stay because the current strategy remains the recent block leader.
56447,440,sgd_lr_0_0001,sgd_lr_0_0001,stay,False,recent_leader_same,0.0,0.0005,Stay because the current strategy remains the recent block leader.
56575,441,sgd_lr_0_0001,sgd_lr_0_0001,stay,False,recent_leader_same,0.0,0.0005,Stay because the current strategy remains the recent block leader.
56703,442,sgd_lr_0_0001,sgd_lr_0_0001,stay,False,recent_leader_same,0.0,0.0005,Stay because the current strategy remains the recent block leader.
56831,443,sgd_lr_0_0001,sgd_lr_0_0001,stay,False,recent_leader_same,0.0,0.0005,Stay because the current strategy remains the recent block leader.
56959,444,sgd_lr_0_0001,sgd_lr_0_0001,stay,False,recent_leader_same,0.0,0.0005,Stay because the current strategy remains the recent block leader.
57087,445,sgd_lr_0_0001,sgd_lr_0_0001,stay,False,recent_leader_same,0.0,0.0005,Stay because the current strategy remains the recent block leader.
57215,446,sgd_lr_0_0001,sgd_lr_0_0001,stay,False,recent_leader_same,0.0,0.0005,Stay because the current strategy remains the recent block leader.
57343,447,sgd_lr_0_0001,sgd_lr_0_0001,stay,False,recent_leader_same,0.0,0.0005,Stay because the current strategy remains the recent block leader.
57471,448,sgd_lr_0_0001,sgd_lr_0_0001,stay,False,recent_leader_same,0.0,0.0005,Stay because the current strategy remains the recent block leader.
57599,449,sgd_lr_0_0001,sgd_lr_0_0001,stay,False,recent_leader_same,0.0,0.0005,Stay because the current strategy remains the recent block leader.
57727,450,sgd_lr_0_0001,sgd_lr_0_0001,stay,False,recent_leader_same,0.0,0.0005,Stay because the current strategy remains the recent block leader.
57855,451,sgd_lr_0_0001,sgd_lr_0_0001,stay,False,recent_leader_same,0.0,0.0005,Stay because the current strategy remains the recent block leader.
57983,452,sgd_lr_0_0001,sgd_lr_0_0001,stay,False,recent_leader_same,0.0,0.0005,Stay because the current strategy remains the recent block leader.
58111,453,sgd_lr_0_0001,sgd_lr_0_0001,stay,False,recent_leader_same,0.0,0.0005,Stay because the current strategy remains the recent block leader.
58239,454,sgd_lr_0_0001,sgd_lr_0_0001,stay,False,recent_leader_same,0.0,0.0005,Stay because the current strategy remains the recent block leader.
58367,455,sgd_lr_0_0001,sgd_lr_0_0001,stay,False,recent_leader_same,0.0,0.0005,Stay because the current strategy remains the recent block leader.
58495,456,sgd_lr_0_0001,sgd_lr_0_0001,stay,False,recent_leader_same,0.0,0.0005,Stay because the current strategy remains the recent block leader.
58623,457,sgd_lr_0_0001,sgd_lr_0_0001,stay,False,recent_leader_same,0.0,0.0005,Stay because the current strategy remains the recent block leader.
58751,458,sgd_lr_0_0001,sgd_lr_0_0001,stay,False,recent_leader_same,0.0,0.0005,Stay because the current strategy remains the recent block leader.
58879,459,sgd_lr_0_0001,sgd_lr_0_0001,stay,False,recent_leader_same,0.0,0.0005,Stay because the current strategy remains the recent block leader.
59007,460,sgd_lr_0_0001,sgd_lr_0_0001,stay,False,recent_leader_same,0.0,0.0005,Stay because the current strategy remains the recent block leader.
59135,461,sgd_lr_0_0001,sgd_lr_0_0001,stay,False,recent_leader_same,0.0,0.0005,Stay because the current strategy remains the recent block leader.
59263,462,sgd_lr_0_0001,sgd_lr_0_0001,stay,False,recent_leader_same,0.0,0.0005,Stay because the current strategy remains the recent block leader.
59391,463,sgd_lr_0_0001,sgd_lr_0_0001,stay,False,recent_leader_same,0.0,0.0005,Stay because the current strategy remains the recent block leader.
59519,464,sgd_lr_0_0001,sgd_lr_0_0001,stay,False,recent_leader_same,0.0,0.0005,Stay because the current strategy remains the recent block leader.
59647,465,sgd_lr_0_0001,sgd_lr_0_0001,stay,False,recent_leader_same,0.0,0.0005,Stay because the current strategy remains the recent block leader.
59775,466,sgd_lr_0_0001,sgd_lr_0_0001,stay,False,recent_leader_same,0.0,0.0005,Stay because the current strategy remains the recent block leader.
59903,467,sgd_lr_0_0001,sgd_lr_0_0001,stay,False,recent_leader_same,0.0,0.0005,Stay because the current strategy remains the recent block leader.
60031,468,sgd_lr_0_0001,sgd_lr_0_0001,stay,False,recent_leader_same,0.0,0.0005,Stay because the current strategy remains the recent block leader.
60159,469,sgd_lr_0_0001,sgd_lr_0_0001,stay,False,recent_leader_same,0.0,0.0005,Stay because the current strategy remains the recent block leader.
60287,470,sgd_lr_0_0001,sgd_lr_0_0001,stay,False,recent_leader_same,0.0,0.0005,Stay because the current strategy remains the recent block leader.
60415,471,sgd_lr_0_0001,sgd_lr_0_0001,stay,False,recent_leader_same,0.0,0.0005,Stay because the current strategy remains the recent block leader.
60543,472,sgd_lr_0_0001,sgd_lr_0_0001,stay,False,recent_leader_same,0.0,0.0005,Stay because the current strategy remains the recent block leader.
60671,473,sgd_lr_0_0001,sgd_lr_0_0001,stay,False,recent_leader_same,0.0,0.0005,Stay because the current strategy remains the recent block leader.
60799,474,sgd_lr_0_0001,sgd_lr_0_0001,stay,False,recent_leader_same,0.0,0.0005,Stay because the current strategy remains the recent block leader.
60927,475,sgd_lr_0_0001,sgd_lr_0_0001,stay,False,recent_leader_same,0.0,0.0005,Stay because the current strategy remains the recent block leader.
61055,476,sgd_lr_0_0001,sgd_lr_0_0001,stay,False,recent_leader_same,0.0,0.0005,Stay because the current strategy remains the recent block leader.
61183,477,sgd_lr_0_0001,sgd_lr_0_0001,stay,False,recent_leader_same,0.0,0.0005,Stay because the current strategy remains the recent block leader.
61311,478,sgd_lr_0_0001,sgd_lr_0_0001,stay,False,recent_leader_same,0.0,0.0005,Stay because the current strategy remains the recent block leader.
61439,479,sgd_lr_0_0001,sgd_lr_0_0001,stay,False,recent_leader_same,0.0,0.0005,Stay because the current strategy remains the recent block leader.
61567,480,sgd_lr_0_0001,sgd_lr_0_0001,stay,False,recent_leader_same,0.0,0.0005,Stay because the current strategy remains the recent block leader.
61695,481,sgd_lr_0_0001,sgd_lr_0_0001,stay,False,recent_leader_same,0.0,0.0005,Stay because the current strategy remains the recent block leader.
61823,482,sgd_lr_0_0001,sgd_lr_0_0001,stay,False,recent_leader_same,0.0,0.0005,Stay because the current strategy remains the recent block leader.
61951,483,sgd_lr_0_0001,sgd_lr_0_0001,stay,False,recent_leader_same,0.0,0.0005,Stay because the current strategy remains the recent block leader.
62079,484,sgd_lr_0_0001,sgd_lr_0_0001,stay,False,recent_leader_same,0.0,0.0005,Stay because the current strategy remains the recent block leader.
62207,485,sgd_lr_0_0001,sgd_lr_0_0001,stay,False,recent_leader_same,0.0,0.0005,Stay because the current strategy remains the recent block leader.
62335,486,sgd_lr_0_0001,sgd_lr_0_0001,stay,False,recent_leader_same,0.0,0.0005,Stay because the current strategy remains the recent block leader.
62463,487,sgd_lr_0_0001,sgd_lr_0_0001,stay,False,recent_leader_same,0.0,0.0005,Stay because the current strategy remains the recent block leader.
62591,488,sgd_lr_0_0001,sgd_lr_0_0001,stay,False,recent_leader_same,0.0,0.0005,Stay because the current strategy remains the recent block leader.
62719,489,sgd_lr_0_0001,sgd_lr_0_0001,stay,False,recent_leader_same,0.0,0.0005,Stay because the current strategy remains the recent block leader.
62847,490,sgd_lr_0_0001,sgd_lr_0_0001,stay,False,recent_leader_same,0.0,0.0005,Stay because the current strategy remains the recent block leader.
62975,491,sgd_lr_0_0001,sgd_lr_0_0001,stay,False,recent_leader_same,0.0,0.0005,Stay because the current strategy remains the recent block leader.
63103,492,sgd_lr_0_0001,sgd_lr_0_0001,stay,False,recent_leader_same,0.0,0.0005,Stay because the current strategy remains the recent block leader.
63231,493,sgd_lr_0_0001,sgd_lr_0_0001,stay,False,recent_leader_same,0.0,0.0005,Stay because the current strategy remains the recent block leader.
63359,494,sgd_lr_0_0001,sgd_lr_0_0001,stay,False,recent_leader_same,0.0,0.0005,Stay because the current strategy remains the recent block leader.
63487,495,sgd_lr_0_0001,sgd_lr_0_0001,stay,False,recent_leader_same,0.0,0.0005,Stay because the current strategy remains the recent block leader.
63615,496,sgd_lr_0_0001,sgd_lr_0_0001,stay,False,recent_leader_same,0.0,0.0005,Stay because the current strategy remains the recent block leader.
63743,497,sgd_lr_0_0001,sgd_lr_0_0001,stay,False,recent_leader_same,0.0,0.0005,Stay because the current strategy remains the recent block leader.
63871,498,sgd_lr_0_0001,sgd_lr_0_0001,stay,False,recent_leader_same,0.0,0.0005,Stay because the current strategy remains the recent block leader.
63999,499,sgd_lr_0_0001,sgd_lr_0_0001,stay,False,recent_leader_same,0.0,0.0005,Stay because the current strategy remains the recent block leader.
64127,500,sgd_lr_0_0001,sgd_lr_0_0001,stay,False,recent_leader_same,0.0,0.0005,Stay because the current strategy remains the recent block leader.
64255,501,sgd_lr_0_0001,sgd_lr_0_0001,stay,False,recent_leader_same,0.0,0.0005,Stay because the current strategy remains the recent block leader.
64383,502,sgd_lr_0_0001,sgd_lr_0_0001,stay,False,recent_leader_same,0.0,0.0005,Stay because the current strategy remains the recent block leader.
64511,503,sgd_lr_0_0001,sgd_lr_0_0001,stay,False,recent_leader_same,0.0,0.0005,Stay because the current strategy remains the recent block leader.
64639,504,sgd_lr_0_0001,sgd_lr_0_0001,stay,False,recent_leader_same,0.0,0.0005,Stay because the current strategy remains the recent block leader.
64767,505,sgd_lr_0_0001,sgd_lr_0_0001,stay,False,recent_leader_same,0.0,0.0005,Stay because the current strategy remains the recent block leader.
64895,506,sgd_lr_0_0001,sgd_lr_0_0001,stay,False,recent_leader_same,0.0,0.0005,Stay because the current strategy remains the recent block leader.
65023,507,sgd_lr_0_0001,sgd_lr_0_0001,stay,False,recent_leader_same,0.0,0.0005,Stay because the current strategy remains the recent block leader.
65151,508,sgd_lr_0_0001,sgd_lr_0_0001,stay,False,recent_leader_same,0.0,0.0005,Stay because the current strategy remains the recent block leader.
65279,509,sgd_lr_0_0001,sgd_lr_0_0001,stay,False,recent_leader_same,0.0,0.0005,Stay because the current strategy remains the recent block leader.
65407,510,sgd_lr_0_0001,sgd_lr_0_0001,stay,False,recent_leader_same,0.0,0.0005,Stay because the current strategy remains the recent block leader.
65535,511,sgd_lr_0_0001,sgd_lr_0_0001,stay,False,recent_leader_same,0.0,0.0005,Stay because the current strategy remains the recent block leader.
65663,512,sgd_lr_0_0001,sgd_lr_0_0001,stay,False,recent_leader_same,0.0,0.0005,Stay because the current strategy remains the recent block leader.
65791,513,sgd_lr_0_0001,sgd_lr_0_0001,stay,False,recent_leader_same,0.0,0.0005,Stay because the current strategy remains the recent block leader.
65919,514,sgd_lr_0_0001,sgd_lr_0_0001,stay,False,recent_leader_same,0.0,0.0005,Stay because the current strategy remains the recent block leader.
66047,515,sgd_lr_0_0001,sgd_lr_0_0001,stay,False,recent_leader_same,0.0,0.0005,Stay because the current strategy remains the recent block leader.
66175,516,sgd_lr_0_0001,sgd_lr_0_0001,stay,False,recent_leader_same,0.0,0.0005,Stay because the current strategy remains the recent block leader.
66303,517,sgd_lr_0_0001,sgd_lr_0_0001,stay,False,recent_leader_same,0.0,0.0005,Stay because the current strategy remains the recent block leader.
66431,518,sgd_lr_0_0001,sgd_lr_0_0001,stay,False,recent_leader_same,0.0,0.0005,Stay because the current strategy remains the recent block leader.
66559,519,sgd_lr_0_0001,sgd_lr_0_0001,stay,False,recent_leader_same,0.0,0.0005,Stay because the current strategy remains the recent block leader.
66687,520,sgd_lr_0_0001,sgd_lr_0_0001,stay,False,recent_leader_same,0.0,0.0005,Stay because the current strategy remains the recent block leader.
66815,521,sgd_lr_0_0001,sgd_lr_0_0001,stay,False,recent_leader_same,0.0,0.0005,Stay because the current strategy remains the recent block leader.
66943,522,sgd_lr_0_0001,sgd_lr_0_0001,stay,False,recent_leader_same,0.0,0.0005,Stay because the current strategy remains the recent block leader.
67071,523,sgd_lr_0_0001,sgd_lr_0_0001,stay,False,recent_leader_same,0.0,0.0005,Stay because the current strategy remains the recent block leader.
67199,524,sgd_lr_0_0001,sgd_lr_0_0001,stay,False,recent_leader_same,0.0,0.0005,Stay because the current strategy remains the recent block leader.
67327,525,sgd_lr_0_0001,sgd_lr_0_0001,stay,False,recent_leader_same,0.0,0.0005,Stay because the current strategy remains the recent block leader.
67455,526,sgd_lr_0_0001,sgd_lr_0_0001,stay,False,recent_leader_same,0.0,0.0005,Stay because the current strategy remains the recent block leader.
67583,527,sgd_lr_0_0001,sgd_lr_0_0001,stay,False,recent_leader_same,0.0,0.0005,Stay because the current strategy remains the recent block leader.
67711,528,sgd_lr_0_0001,sgd_lr_0_0001,stay,False,recent_leader_same,0.0,0.0005,Stay because the current strategy remains the recent block leader.
67839,529,sgd_lr_0_0001,sgd_lr_0_0001,stay,False,recent_leader_same,0.0,0.0005,Stay because the current strategy remains the recent block leader.
67967,530,sgd_lr_0_0001,sgd_lr_0_0001,stay,False,recent_leader_same,0.0,0.0005,Stay because the current strategy remains the recent block leader.
68095,531,sgd_lr_0_0001,sgd_lr_0_0001,stay,False,recent_leader_same,0.0,0.0005,Stay because the current strategy remains the recent block leader.
68223,532,sgd_lr_0_0001,sgd_lr_0_0001,stay,False,recent_leader_same,0.0,0.0005,Stay because the current strategy remains the recent block leader.
68351,533,sgd_lr_0_0001,sgd_lr_0_0001,stay,False,recent_leader_same,0.0,0.0005,Stay because the current strategy remains the recent block leader.
68479,534,sgd_lr_0_0001,sgd_lr_0_0001,stay,False,recent_leader_same,0.0,0.0005,Stay because the current strategy remains the recent block leader.
68607,535,sgd_lr_0_0001,sgd_lr_0_0001,stay,False,recent_leader_same,0.0,0.0005,Stay because the current strategy remains the recent block leader.
68735,536,sgd_lr_0_0001,sgd_lr_0_0001,stay,False,recent_leader_same,0.0,0.0005,Stay because the current strategy remains the recent block leader.
68863,537,sgd_lr_0_0001,sgd_lr_0_0001,stay,False,recent_leader_same,0.0,0.0005,Stay because the current strategy remains the recent block leader.
68991,538,sgd_lr_0_0001,sgd_lr_0_0001,stay,False,recent_leader_same,0.0,0.0005,Stay because the current strategy remains the recent block leader.
69119,539,sgd_lr_0_0001,sgd_lr_0_0001,stay,False,recent_leader_same,0.0,0.0005,Stay because the current strategy remains the recent block leader.
69247,540,sgd_lr_0_0001,sgd_lr_0_0001,stay,False,recent_leader_same,0.0,0.0005,Stay because the current strategy remains the recent block leader.
69375,541,sgd_lr_0_0001,sgd_lr_0_0001,stay,False,recent_leader_same,0.0,0.0005,Stay because the current strategy remains the recent block leader.
69503,542,sgd_lr_0_0001,sgd_lr_0_0001,stay,False,recent_leader_same,0.0,0.0005,Stay because the current strategy remains the recent block leader.
69631,543,sgd_lr_0_0001,sgd_lr_0_0001,stay,False,recent_leader_same,0.0,0.0005,Stay because the current strategy remains the recent block leader.
69759,544,sgd_lr_0_0001,sgd_lr_0_0001,stay,False,recent_leader_same,0.0,0.0005,Stay because the current strategy remains the recent block leader.
69887,545,sgd_lr_0_0001,sgd_lr_0_0001,stay,False,recent_leader_same,0.0,0.0005,Stay because the current strategy remains the recent block leader.
70015,546,sgd_lr_0_0001,sgd_lr_0_0001,stay,False,recent_leader_same,0.0,0.0005,Stay because the current strategy remains the recent block leader.
70143,547,sgd_lr_0_0001,sgd_lr_0_0001,stay,False,recent_leader_same,0.0,0.0005,Stay because the current strategy remains the recent block leader.
70271,548,sgd_lr_0_0001,sgd_lr_0_0001,stay,False,recent_leader_same,0.0,0.0005,Stay because the current strategy remains the recent block leader.
70399,549,sgd_lr_0_0001,sgd_lr_0_0001,stay,False,recent_leader_same,0.0,0.0005,Stay because the current strategy remains the recent block leader.
70527,550,sgd_lr_0_0001,sgd_lr_0_0001,stay,False,recent_leader_same,0.0,0.0005,Stay because the current strategy remains the recent block leader.
70655,551,sgd_lr_0_0001,sgd_lr_0_0001,stay,False,recent_leader_same,0.0,0.0005,Stay because the current strategy remains the recent block leader.
70783,552,sgd_lr_0_0001,sgd_lr_0_0001,stay,False,recent_leader_same,0.0,0.0005,Stay because the current strategy remains the recent block leader.
70911,553,sgd_lr_0_0001,sgd_lr_0_0001,stay,False,recent_leader_same,0.0,0.0005,Stay because the current strategy remains the recent block leader.
71039,554,sgd_lr_0_0001,sgd_lr_0_0001,stay,False,recent_leader_same,0.0,0.0005,Stay because the current strategy remains the recent block leader.
71167,555,sgd_lr_0_0001,sgd_lr_0_0001,stay,False,recent_leader_same,0.0,0.0005,Stay because the current strategy remains the recent block leader.
71295,556,sgd_lr_0_0001,sgd_lr_0_0001,stay,False,recent_leader_same,0.0,0.0005,Stay because the current strategy remains the recent block leader.
71423,557,sgd_lr_0_0001,sgd_lr_0_0001,stay,False,recent_leader_same,0.0,0.0005,Stay because the current strategy remains the recent block leader.
71551,558,sgd_lr_0_0001,sgd_lr_0_0001,stay,False,recent_leader_same,0.0,0.0005,Stay because the current strategy remains the recent block leader.
71679,559,sgd_lr_0_0001,sgd_lr_0_0001,stay,False,recent_leader_same,0.0,0.0005,Stay because the current strategy remains the recent block leader.
71807,560,sgd_lr_0_0001,sgd_lr_0_0001,stay,False,recent_leader_same,0.0,0.0005,Stay because the current strategy remains the recent block leader.
71935,561,sgd_lr_0_0001,sgd_lr_0_0001,stay,False,recent_leader_same,0.0,0.0005,Stay because the current strategy remains the recent block leader.
72063,562,sgd_lr_0_0001,sgd_lr_0_0001,stay,False,recent_leader_same,0.0,0.0005,Stay because the current strategy remains the recent block leader.
72191,563,sgd_lr_0_0001,sgd_lr_0_0001,stay,False,recent_leader_same,0.0,0.0005,Stay because the current strategy remains the recent block leader.
72319,564,sgd_lr_0_0001,sgd_lr_0_0001,stay,False,recent_leader_same,0.0,0.0005,Stay because the current strategy remains the recent block leader.
72447,565,sgd_lr_0_0001,sgd_lr_0_0001,stay,False,recent_leader_same,0.0,0.0005,Stay because the current strategy remains the recent block leader.
72575,566,sgd_lr_0_0001,sgd_lr_0_0001,stay,False,recent_leader_same,0.0,0.0005,Stay because the current strategy remains the recent block leader.
72703,567,sgd_lr_0_0001,sgd_lr_0_0001,stay,False,recent_leader_same,0.0,0.0005,Stay because the current strategy remains the recent block leader.
72831,568,sgd_lr_0_0001,sgd_lr_0_0001,stay,False,recent_leader_same,0.0,0.0005,Stay because the current strategy remains the recent block leader.
72959,569,sgd_lr_0_0001,sgd_lr_0_0001,stay,False,recent_leader_same,0.0,0.0005,Stay because the current strategy remains the recent block leader.
73087,570,sgd_lr_0_0001,sgd_lr_0_0001,stay,False,recent_leader_same,0.0,0.0005,Stay because the current strategy remains the recent block leader.
73215,571,sgd_lr_0_0001,sgd_lr_0_0001,stay,False,recent_leader_same,0.0,0.0005,Stay because the current strategy remains the recent block leader.
73343,572,sgd_lr_0_0001,sgd_lr_0_0001,stay,False,recent_leader_same,0.0,0.0005,Stay because the current strategy remains the recent block leader.
73471,573,sgd_lr_0_0001,sgd_lr_0_0001,stay,False,recent_leader_same,0.0,0.0005,Stay because the current strategy remains the recent block leader.
73599,574,sgd_lr_0_0001,sgd_lr_0_0001,stay,False,recent_leader_same,0.0,0.0005,Stay because the current strategy remains the recent block leader.
73727,575,sgd_lr_0_0001,sgd_lr_0_0001,stay,False,recent_leader_same,0.0,0.0005,Stay because the current strategy remains the recent block leader.
73855,576,sgd_lr_0_0001,sgd_lr_0_0001,stay,False,recent_leader_same,0.0,0.0005,Stay because the current strategy remains the recent block leader.
73983,577,sgd_lr_0_0001,sgd_lr_0_0001,stay,False,recent_leader_same,0.0,0.0005,Stay because the current strategy remains the recent block leader.
74111,578,sgd_lr_0_0001,sgd_lr_0_0001,stay,False,recent_leader_same,0.0,0.0005,Stay because the current strategy remains the recent block leader.
74239,579,sgd_lr_0_0001,sgd_lr_0_0001,stay,False,recent_leader_same,0.0,0.0005,Stay because the current strategy remains the recent block leader.
74367,580,sgd_lr_0_0001,sgd_lr_0_0001,stay,False,recent_leader_same,0.0,0.0005,Stay because the current strategy remains the recent block leader.
74495,581,sgd_lr_0_0001,sgd_lr_0_0001,stay,False,recent_leader_same,0.0,0.0005,Stay because the current strategy remains the recent block leader.
74623,582,sgd_lr_0_0001,sgd_lr_0_0001,stay,False,recent_leader_same,0.0,0.0005,Stay because the current strategy remains the recent block leader.
74751,583,sgd_lr_0_0001,sgd_lr_0_0001,stay,False,recent_leader_same,0.0,0.0005,Stay because the current strategy remains the recent block leader.
74879,584,sgd_lr_0_0001,sgd_lr_0_0001,stay,False,recent_leader_same,0.0,0.0005,Stay because the current strategy remains the recent block leader.
75007,585,sgd_lr_0_0001,sgd_lr_0_0001,stay,False,recent_leader_same,0.0,0.0005,Stay because the current strategy remains the recent block leader.
75135,586,sgd_lr_0_0001,sgd_lr_0_0001,stay,False,recent_leader_same,0.0,0.0005,Stay because the current strategy remains the recent block leader.
75263,587,sgd_lr_0_0001,sgd_lr_0_0001,stay,False,recent_leader_same,0.0,0.0005,Stay because the current strategy remains the recent block leader.
75391,588,sgd_lr_0_0001,sgd_lr_0_0001,stay,False,recent_leader_same,0.0,0.0005,Stay because the current strategy remains the recent block leader.
75519,589,sgd_lr_0_0001,sgd_lr_0_0001,stay,False,recent_leader_same,0.0,0.0005,Stay because the current strategy remains the recent block leader.
75647,590,sgd_lr_0_0001,sgd_lr_0_0001,stay,False,recent_leader_same,0.0,0.0005,Stay because the current strategy remains the recent block leader.
75775,591,sgd_lr_0_0001,sgd_lr_0_0001,stay,False,recent_leader_same,0.0,0.0005,Stay because the current strategy remains the recent block leader.
75903,592,sgd_lr_0_0001,sgd_lr_0_0001,stay,False,recent_leader_same,0.0,0.0005,Stay because the current strategy remains the recent block leader.
76031,593,sgd_lr_0_0001,sgd_lr_0_0001,stay,False,recent_leader_same,0.0,0.0005,Stay because the current strategy remains the recent block leader.
76159,594,sgd_lr_0_0001,sgd_lr_0_0001,stay,False,recent_leader_same,0.0,0.0005,Stay because the current strategy remains the recent block leader.
76287,595,sgd_lr_0_0001,sgd_lr_0_0001,stay,False,recent_leader_same,0.0,0.0005,Stay because the current strategy remains the recent block leader.
76415,596,sgd_lr_0_0001,sgd_lr_0_0001,stay,False,recent_leader_same,0.0,0.0005,Stay because the current strategy remains the recent block leader.
76543,597,sgd_lr_0_0001,sgd_lr_0_0001,stay,False,recent_leader_same,0.0,0.0005,Stay because the current strategy remains the recent block leader.
76671,598,sgd_lr_0_0001,sgd_lr_0_0001,stay,False,recent_leader_same,0.0,0.0005,Stay because the current strategy remains the recent block leader.
76799,599,sgd_lr_0_0001,sgd_lr_0_0001,stay,False,recent_leader_same,0.0,0.0005,Stay because the current strategy remains the recent block leader.
76927,600,sgd_lr_0_0001,sgd_lr_0_0001,stay,False,recent_leader_same,0.0,0.0005,Stay because the current strategy remains the recent block leader.
77055,601,sgd_lr_0_0001,sgd_lr_0_0001,stay,False,recent_leader_same,0.0,0.0005,Stay because the current strategy remains the recent block leader.
77183,602,sgd_lr_0_0001,sgd_lr_0_0001,stay,False,recent_leader_same,0.0,0.0005,Stay because the current strategy remains the recent block leader.
77311,603,sgd_lr_0_0001,sgd_lr_0_0001,stay,False,recent_leader_same,0.0,0.0005,Stay because the current strategy remains the recent block leader.
77439,604,sgd_lr_0_0001,sgd_lr_0_0001,stay,False,recent_leader_same,0.0,0.0005,Stay because the current strategy remains the recent block leader.
77567,605,sgd_lr_0_0001,sgd_lr_0_0001,stay,False,recent_leader_same,0.0,0.0005,Stay because the current strategy remains the recent block leader.
77695,606,sgd_lr_0_0001,sgd_lr_0_0001,stay,False,recent_leader_same,0.0,0.0005,Stay because the current strategy remains the recent block leader.
77823,607,sgd_lr_0_0001,sgd_lr_0_0001,stay,False,recent_leader_same,0.0,0.0005,Stay because the current strategy remains the recent block leader.
77951,608,sgd_lr_0_0001,sgd_lr_0_0001,stay,False,recent_leader_same,0.0,0.0005,Stay because the current strategy remains the recent block leader.
78079,609,sgd_lr_0_0001,sgd_lr_0_0001,stay,False,recent_leader_same,0.0,0.0005,Stay because the current strategy remains the recent block leader.
78207,610,sgd_lr_0_0001,sgd_lr_0_0001,stay,False,recent_leader_same,0.0,0.0005,Stay because the current strategy remains the recent block leader.
78335,611,sgd_lr_0_0001,sgd_lr_0_0001,stay,False,recent_leader_same,0.0,0.0005,Stay because the current strategy remains the recent block leader.
78463,612,sgd_lr_0_0001,sgd_lr_0_0001,stay,False,recent_leader_same,0.0,0.0005,Stay because the current strategy remains the recent block leader.
78591,613,sgd_lr_0_0001,sgd_lr_0_0001,stay,False,recent_leader_same,0.0,0.0005,Stay because the current strategy remains the recent block leader.
78719,614,sgd_lr_0_0001,sgd_lr_0_0001,stay,False,recent_leader_same,0.0,0.0005,Stay because the current strategy remains the recent block leader.
78847,615,sgd_lr_0_0001,sgd_lr_0_0001,stay,False,recent_leader_same,0.0,0.0005,Stay because the current strategy remains the recent block leader.
78975,616,sgd_lr_0_0001,sgd_lr_0_0001,stay,False,recent_leader_same,0.0,0.0005,Stay because the current strategy remains the recent block leader.
79103,617,sgd_lr_0_0001,sgd_lr_0_0001,stay,False,recent_leader_same,0.0,0.0005,Stay because the current strategy remains the recent block leader.
79231,618,sgd_lr_0_0001,sgd_lr_0_0001,stay,False,recent_leader_same,0.0,0.0005,Stay because the current strategy remains the recent block leader.
79359,619,sgd_lr_0_0001,sgd_lr_0_0001,stay,False,recent_leader_same,0.0,0.0005,Stay because the current strategy remains the recent block leader.
79487,620,sgd_lr_0_0001,sgd_lr_0_0001,stay,False,recent_leader_same,0.0,0.0005,Stay because the current strategy remains the recent block leader.
79615,621,sgd_lr_0_0001,sgd_lr_0_0001,stay,False,recent_leader_same,0.0,0.0005,Stay because the current strategy remains the recent block leader.
79743,622,sgd_lr_0_0001,sgd_lr_0_0001,stay,False,recent_leader_same,0.0,0.0005,Stay because the current strategy remains the recent block leader.
79871,623,sgd_lr_0_0001,sgd_lr_0_0001,stay,False,recent_leader_same,0.0,0.0005,Stay because the current strategy remains the recent block leader.
79999,624,sgd_lr_0_0001,sgd_lr_0_0001,stay,False,recent_leader_same,0.0,0.0005,Stay because the current strategy remains the recent block leader.
80127,625,sgd_lr_0_0001,sgd_lr_0_0001,stay,False,recent_leader_same,0.0,0.0005,Stay because the current strategy remains the recent block leader.
80255,626,sgd_lr_0_0001,sgd_lr_0_0001,stay,False,recent_leader_same,0.0,0.0005,Stay because the current strategy remains the recent block leader.
80383,627,sgd_lr_0_0001,sgd_lr_0_0001,stay,False,recent_leader_same,0.0,0.0005,Stay because the current strategy remains the recent block leader.
80511,628,sgd_lr_0_0001,sgd_lr_0_0001,stay,False,recent_leader_same,0.0,0.0005,Stay because the current strategy remains the recent block leader.
80639,629,sgd_lr_0_0001,sgd_lr_0_0001,stay,False,recent_leader_same,0.0,0.0005,Stay because the current strategy remains the recent block leader.
80767,630,sgd_lr_0_0001,sgd_lr_0_0001,stay,False,recent_leader_same,0.0,0.0005,Stay because the current strategy remains the recent block leader.
80895,631,sgd_lr_0_0001,sgd_lr_0_0001,stay,False,recent_leader_same,0.0,0.0005,Stay because the current strategy remains the recent block leader.
81023,632,sgd_lr_0_0001,sgd_lr_0_0001,stay,False,recent_leader_same,0.0,0.0005,Stay because the current strategy remains the recent block leader.
81151,633,sgd_lr_0_0001,sgd_lr_0_0001,stay,False,recent_leader_same,0.0,0.0005,Stay because the current strategy remains the recent block leader.
81279,634,sgd_lr_0_0001,sgd_lr_0_0001,stay,False,recent_leader_same,0.0,0.0005,Stay because the current strategy remains the recent block leader.
81407,635,sgd_lr_0_0001,sgd_lr_0_0001,stay,False,recent_leader_same,0.0,0.0005,Stay because the current strategy remains the recent block leader.
81535,636,sgd_lr_0_0001,sgd_lr_0_0001,stay,False,recent_leader_same,0.0,0.0005,Stay because the current strategy remains the recent block leader.
81663,637,sgd_lr_0_0001,sgd_lr_0_0001,stay,False,recent_leader_same,0.0,0.0005,Stay because the current strategy remains the recent block leader.
81791,638,sgd_lr_0_0001,sgd_lr_0_0001,stay,False,recent_leader_same,0.0,0.0005,Stay because the current strategy remains the recent block leader.
81919,639,sgd_lr_0_0001,sgd_lr_0_0001,stay,False,recent_leader_same,0.0,0.0005,Stay because the current strategy remains the recent block leader.
82047,640,sgd_lr_0_0001,sgd_lr_0_0001,stay,False,recent_leader_same,0.0,0.0005,Stay because the current strategy remains the recent block leader.
82175,641,sgd_lr_0_0001,sgd_lr_0_0001,stay,False,recent_leader_same,0.0,0.0005,Stay because the current strategy remains the recent block leader.
82303,642,sgd_lr_0_0001,sgd_lr_0_0001,stay,False,recent_leader_same,0.0,0.0005,Stay because the current strategy remains the recent block leader.
82431,643,sgd_lr_0_0001,sgd_lr_0_0001,stay,False,recent_leader_same,0.0,0.0005,Stay because the current strategy remains the recent block leader.
82559,644,sgd_lr_0_0001,sgd_lr_0_0001,stay,False,recent_leader_same,0.0,0.0005,Stay because the current strategy remains the recent block leader.
82687,645,sgd_lr_0_0001,sgd_lr_0_0001,stay,False,recent_leader_same,0.0,0.0005,Stay because the current strategy remains the recent block leader.
82815,646,sgd_lr_0_0001,sgd_lr_0_0001,stay,False,recent_leader_same,0.0,0.0005,Stay because the current strategy remains the recent block leader.
82943,647,sgd_lr_0_0001,sgd_lr_0_0001,stay,False,recent_leader_same,0.0,0.0005,Stay because the current strategy remains the recent block leader.
83071,648,sgd_lr_0_0001,sgd_lr_0_0001,stay,False,recent_leader_same,0.0,0.0005,Stay because the current strategy remains the recent block leader.
83199,649,sgd_lr_0_0001,sgd_lr_0_0001,stay,False,recent_leader_same,0.0,0.0005,Stay because the current strategy remains the recent block leader.
83327,650,sgd_lr_0_0001,sgd_lr_0_0001,stay,False,recent_leader_same,0.0,0.0005,Stay because the current strategy remains the recent block leader.
83455,651,sgd_lr_0_0001,sgd_lr_0_0001,stay,False,recent_leader_same,0.0,0.0005,Stay because the current strategy remains the recent block leader.
83583,652,sgd_lr_0_0001,sgd_lr_0_0001,stay,False,recent_leader_same,0.0,0.0005,Stay because the current strategy remains the recent block leader.
83711,653,sgd_lr_0_0001,sgd_lr_0_0001,stay,False,recent_leader_same,0.0,0.0005,Stay because the current strategy remains the recent block leader.
83839,654,sgd_lr_0_0001,sgd_lr_0_0001,stay,False,recent_leader_same,0.0,0.0005,Stay because the current strategy remains the recent block leader.
83967,655,sgd_lr_0_0001,sgd_lr_0_0001,stay,False,recent_leader_same,0.0,0.0005,Stay because the current strategy remains the recent block leader.
84095,656,sgd_lr_0_0001,sgd_lr_0_0001,stay,False,recent_leader_same,0.0,0.0005,Stay because the current strategy remains the recent block leader.
84223,657,sgd_lr_0_0001,sgd_lr_0_0001,stay,False,recent_leader_same,0.0,0.0005,Stay because the current strategy remains the recent block leader.
84351,658,sgd_lr_0_0001,sgd_lr_0_0001,stay,False,recent_leader_same,0.0,0.0005,Stay because the current strategy remains the recent block leader.
84479,659,sgd_lr_0_0001,sgd_lr_0_0001,stay,False,recent_leader_same,0.0,0.0005,Stay because the current strategy remains the recent block leader.
84607,660,sgd_lr_0_0001,sgd_lr_0_0001,stay,False,recent_leader_same,0.0,0.0005,Stay because the current strategy remains the recent block leader.
84735,661,sgd_lr_0_0001,sgd_lr_0_0001,stay,False,recent_leader_same,0.0,0.0005,Stay because the current strategy remains the recent block leader.
84863,662,sgd_lr_0_0001,sgd_lr_0_0001,stay,False,recent_leader_same,0.0,0.0005,Stay because the current strategy remains the recent block leader.
84991,663,sgd_lr_0_0001,sgd_lr_0_0001,stay,False,recent_leader_same,0.0,0.0005,Stay because the current strategy remains the recent block leader.
85119,664,sgd_lr_0_0001,sgd_lr_0_0001,stay,False,recent_leader_same,0.0,0.0005,Stay because the current strategy remains the recent block leader.
85247,665,sgd_lr_0_0001,sgd_lr_0_0001,stay,False,recent_leader_same,0.0,0.0005,Stay because the current strategy remains the recent block leader.
85375,666,sgd_lr_0_0001,sgd_lr_0_0001,stay,False,recent_leader_same,0.0,0.0005,Stay because the current strategy remains the recent block leader.
85503,667,sgd_lr_0_0001,sgd_lr_0_0001,stay,False,recent_leader_same,0.0,0.0005,Stay because the current strategy remains the recent block leader.
85631,668,sgd_lr_0_0001,sgd_lr_0_0001,stay,False,recent_leader_same,0.0,0.0005,Stay because the current strategy remains the recent block leader.
85759,669,sgd_lr_0_0001,sgd_lr_0_0001,stay,False,recent_leader_same,0.0,0.0005,Stay because the current strategy remains the recent block leader.
85887,670,sgd_lr_0_0001,sgd_lr_0_0001,stay,False,recent_leader_same,0.0,0.0005,Stay because the current strategy remains the recent block leader.
86015,671,sgd_lr_0_0001,sgd_lr_0_0001,stay,False,recent_leader_same,0.0,0.0005,Stay because the current strategy remains the recent block leader.
86143,672,sgd_lr_0_0001,sgd_lr_0_0001,stay,False,recent_leader_same,0.0,0.0005,Stay because the current strategy remains the recent block leader.
86271,673,sgd_lr_0_0001,sgd_lr_0_0001,stay,False,recent_leader_same,0.0,0.0005,Stay because the current strategy remains the recent block leader.
86399,674,sgd_lr_0_0001,sgd_lr_0_0001,stay,False,recent_leader_same,0.0,0.0005,Stay because the current strategy remains the recent block leader.
86527,675,sgd_lr_0_0001,sgd_lr_0_0001,stay,False,recent_leader_same,0.0,0.0005,Stay because the current strategy remains the recent block leader.
86655,676,sgd_lr_0_0001,sgd_lr_0_0001,stay,False,recent_leader_same,0.0,0.0005,Stay because the current strategy remains the recent block leader.
86783,677,sgd_lr_0_0001,sgd_lr_0_0001,stay,False,recent_leader_same,0.0,0.0005,Stay because the current strategy remains the recent block leader.
86911,678,sgd_lr_0_0001,sgd_lr_0_0001,stay,False,recent_leader_same,0.0,0.0005,Stay because the current strategy remains the recent block leader.
87039,679,sgd_lr_0_0001,sgd_lr_0_0001,stay,False,recent_leader_same,0.0,0.0005,Stay because the current strategy remains the recent block leader.
87167,680,sgd_lr_0_0001,sgd_lr_0_0001,stay,False,recent_leader_same,0.0,0.0005,Stay because the current strategy remains the recent block leader.
87295,681,sgd_lr_0_0001,sgd_lr_0_0001,stay,False,recent_leader_same,0.0,0.0005,Stay because the current strategy remains the recent block leader.
87423,682,sgd_lr_0_0001,sgd_lr_0_0001,stay,False,recent_leader_same,0.0,0.0005,Stay because the current strategy remains the recent block leader.
87551,683,sgd_lr_0_0001,sgd_lr_0_0001,stay,False,recent_leader_same,0.0,0.0005,Stay because the current strategy remains the recent block leader.
87679,684,sgd_lr_0_0001,sgd_lr_0_0001,stay,False,recent_leader_same,0.0,0.0005,Stay because the current strategy remains the recent block leader.
87807,685,sgd_lr_0_0001,sgd_lr_0_0001,stay,False,recent_leader_same,0.0,0.0005,Stay because the current strategy remains the recent block leader.
87935,686,sgd_lr_0_0001,sgd_lr_0_0001,stay,False,recent_leader_same,0.0,0.0005,Stay because the current strategy remains the recent block leader.
88063,687,sgd_lr_0_0001,sgd_lr_0_0001,stay,False,recent_leader_same,0.0,0.0005,Stay because the current strategy remains the recent block leader.
88191,688,sgd_lr_0_0001,sgd_lr_0_0001,stay,False,recent_leader_same,0.0,0.0005,Stay because the current strategy remains the recent block leader.
88319,689,sgd_lr_0_0001,sgd_lr_0_0001,stay,False,recent_leader_same,0.0,0.0005,Stay because the current strategy remains the recent block leader.
88447,690,sgd_lr_0_0001,sgd_lr_0_0001,stay,False,recent_leader_same,0.0,0.0005,Stay because the current strategy remains the recent block leader.
88575,691,sgd_lr_0_0001,sgd_lr_0_0001,stay,False,recent_leader_same,0.0,0.0005,Stay because the current strategy remains the recent block leader.
88703,692,sgd_lr_0_0001,sgd_lr_0_0001,stay,False,recent_leader_same,0.0,0.0005,Stay because the current strategy remains the recent block leader.
88831,693,sgd_lr_0_0001,sgd_lr_0_0001,stay,False,recent_leader_same,0.0,0.0005,Stay because the current strategy remains the recent block leader.
88959,694,sgd_lr_0_0001,sgd_lr_0_0001,stay,False,recent_leader_same,0.0,0.0005,Stay because the current strategy remains the recent block leader.
89087,695,sgd_lr_0_0001,sgd_lr_0_0001,stay,False,recent_leader_same,0.0,0.0005,Stay because the current strategy remains the recent block leader.
89215,696,sgd_lr_0_0001,sgd_lr_0_0001,stay,False,recent_leader_same,0.0,0.0005,Stay because the current strategy remains the recent block leader.
89343,697,sgd_lr_0_0001,sgd_lr_0_0001,stay,False,recent_leader_same,0.0,0.0005,Stay because the current strategy remains the recent block leader.
89471,698,sgd_lr_0_0001,sgd_lr_0_0001,stay,False,recent_leader_same,0.0,0.0005,Stay because the current strategy remains the recent block leader.
89599,699,sgd_lr_0_0001,sgd_lr_0_0001,stay,False,recent_leader_same,0.0,0.0005,Stay because the current strategy remains the recent block leader.
89727,700,sgd_lr_0_0001,sgd_lr_0_0001,stay,False,recent_leader_same,0.0,0.0005,Stay because the current strategy remains the recent block leader.
89855,701,sgd_lr_0_0001,sgd_lr_0_0001,stay,False,recent_leader_same,0.0,0.0005,Stay because the current strategy remains the recent block leader.
89983,702,sgd_lr_0_0001,sgd_lr_0_0001,stay,False,recent_leader_same,0.0,0.0005,Stay because the current strategy remains the recent block leader.
90111,703,sgd_lr_0_0001,sgd_lr_0_0001,stay,False,recent_leader_same,0.0,0.0005,Stay because the current strategy remains the recent block leader.
90239,704,sgd_lr_0_0001,sgd_lr_0_0001,stay,False,recent_leader_same,0.0,0.0005,Stay because the current strategy remains the recent block leader.
90367,705,sgd_lr_0_0001,sgd_lr_0_0001,stay,False,recent_leader_same,0.0,0.0005,Stay because the current strategy remains the recent block leader.
90495,706,sgd_lr_0_0001,sgd_lr_0_0001,stay,False,recent_leader_same,0.0,0.0005,Stay because the current strategy remains the recent block leader.
90623,707,sgd_lr_0_0001,sgd_lr_0_0001,stay,False,recent_leader_same,0.0,0.0005,Stay because the current strategy remains the recent block leader.
90751,708,sgd_lr_0_0001,sgd_lr_0_0001,stay,False,recent_leader_same,0.0,0.0005,Stay because the current strategy remains the recent block leader.
90879,709,sgd_lr_0_0001,sgd_lr_0_0001,stay,False,recent_leader_same,0.0,0.0005,Stay because the current strategy remains the recent block leader.
91007,710,sgd_lr_0_0001,sgd_lr_0_0001,stay,False,recent_leader_same,0.0,0.0005,Stay because the current strategy remains the recent block leader.
91135,711,sgd_lr_0_0001,sgd_lr_0_0001,stay,False,recent_leader_same,0.0,0.0005,Stay because the current strategy remains the recent block leader.
91263,712,sgd_lr_0_0001,sgd_lr_0_0001,stay,False,recent_leader_same,0.0,0.0005,Stay because the current strategy remains the recent block leader.
91391,713,sgd_lr_0_0001,sgd_lr_0_0001,stay,False,recent_leader_same,0.0,0.0005,Stay because the current strategy remains the recent block leader.
91519,714,sgd_lr_0_0001,sgd_lr_0_0001,stay,False,recent_leader_same,0.0,0.0005,Stay because the current strategy remains the recent block leader.
91647,715,sgd_lr_0_0001,sgd_lr_0_0001,stay,False,recent_leader_same,0.0,0.0005,Stay because the current strategy remains the recent block leader.
91775,716,sgd_lr_0_0001,sgd_lr_0_0001,stay,False,recent_leader_same,0.0,0.0005,Stay because the current strategy remains the recent block leader.
91903,717,sgd_lr_0_0001,sgd_lr_0_0001,stay,False,recent_leader_same,0.0,0.0005,Stay because the current strategy remains the recent block leader.
92031,718,sgd_lr_0_0001,sgd_lr_0_0001,stay,False,recent_leader_same,0.0,0.0005,Stay because the current strategy remains the recent block leader.
92159,719,sgd_lr_0_0001,sgd_lr_0_0001,stay,False,recent_leader_same,0.0,0.0005,Stay because the current strategy remains the recent block leader.
92287,720,sgd_lr_0_0001,sgd_lr_0_0001,stay,False,recent_leader_same,0.0,0.0005,Stay because the current strategy remains the recent block leader.
92415,721,sgd_lr_0_0001,sgd_lr_0_0001,stay,False,recent_leader_same,0.0,0.0005,Stay because the current strategy remains the recent block leader.
92543,722,sgd_lr_0_0001,sgd_lr_0_0001,stay,False,recent_leader_same,0.0,0.0005,Stay because the current strategy remains the recent block leader.
92671,723,sgd_lr_0_0001,sgd_lr_0_0001,stay,False,recent_leader_same,0.0,0.0005,Stay because the current strategy remains the recent block leader.
92799,724,sgd_lr_0_0001,sgd_lr_0_0001,stay,False,recent_leader_same,0.0,0.0005,Stay because the current strategy remains the recent block leader.
92927,725,sgd_lr_0_0001,sgd_lr_0_0001,stay,False,recent_leader_same,0.0,0.0005,Stay because the current strategy remains the recent block leader.
93055,726,sgd_lr_0_0001,sgd_lr_0_0001,stay,False,recent_leader_same,0.0,0.0005,Stay because the current strategy remains the recent block leader.
93183,727,sgd_lr_0_0001,sgd_lr_0_0001,stay,False,recent_leader_same,0.0,0.0005,Stay because the current strategy remains the recent block leader.
93311,728,sgd_lr_0_0001,sgd_lr_0_0001,stay,False,recent_leader_same,0.0,0.0005,Stay because the current strategy remains the recent block leader.
93439,729,sgd_lr_0_0001,sgd_lr_0_0001,stay,False,recent_leader_same,0.0,0.0005,Stay because the current strategy remains the recent block leader.
93567,730,sgd_lr_0_0001,sgd_lr_0_0001,stay,False,recent_leader_same,0.0,0.0005,Stay because the current strategy remains the recent block leader.
93695,731,sgd_lr_0_0001,sgd_lr_0_0001,stay,False,recent_leader_same,0.0,0.0005,Stay because the current strategy remains the recent block leader.
93823,732,sgd_lr_0_0001,sgd_lr_0_0001,stay,False,recent_leader_same,0.0,0.0005,Stay because the current strategy remains the recent block leader.
93951,733,sgd_lr_0_0001,sgd_lr_0_0001,stay,False,recent_leader_same,0.0,0.0005,Stay because the current strategy remains the recent block leader.
94079,734,sgd_lr_0_0001,sgd_lr_0_0001,stay,False,recent_leader_same,0.0,0.0005,Stay because the current strategy remains the recent block leader.
94207,735,sgd_lr_0_0001,sgd_lr_0_0001,stay,False,recent_leader_same,0.0,0.0005,Stay because the current strategy remains the recent block leader.
94335,736,sgd_lr_0_0001,sgd_lr_0_0001,stay,False,recent_leader_same,0.0,0.0005,Stay because the current strategy remains the recent block leader.
94463,737,sgd_lr_0_0001,sgd_lr_0_0001,stay,False,recent_leader_same,0.0,0.0005,Stay because the current strategy remains the recent block leader.
94591,738,sgd_lr_0_0001,sgd_lr_0_0001,stay,False,recent_leader_same,0.0,0.0005,Stay because the current strategy remains the recent block leader.
94719,739,sgd_lr_0_0001,sgd_lr_0_0001,stay,False,recent_leader_same,0.0,0.0005,Stay because the current strategy remains the recent block leader.
94847,740,sgd_lr_0_0001,sgd_lr_0_0001,stay,False,recent_leader_same,0.0,0.0005,Stay because the current strategy remains the recent block leader.
94975,741,sgd_lr_0_0001,sgd_lr_0_0001,stay,False,recent_leader_same,0.0,0.0005,Stay because the current strategy remains the recent block leader.
95103,742,sgd_lr_0_0001,sgd_lr_0_0001,stay,False,recent_leader_same,0.0,0.0005,Stay because the current strategy remains the recent block leader.
95231,743,sgd_lr_0_0001,sgd_lr_0_0001,stay,False,recent_leader_same,0.0,0.0005,Stay because the current strategy remains the recent block leader.
95359,744,sgd_lr_0_0001,sgd_lr_0_0001,stay,False,recent_leader_same,0.0,0.0005,Stay because the current strategy remains the recent block leader.
95487,745,sgd_lr_0_0001,sgd_lr_0_0001,stay,False,recent_leader_same,0.0,0.0005,Stay because the current strategy remains the recent block leader.
95615,746,sgd_lr_0_0001,sgd_lr_0_0001,stay,False,recent_leader_same,0.0,0.0005,Stay because the current strategy remains the recent block leader.
95743,747,sgd_lr_0_0001,sgd_lr_0_0001,stay,False,recent_leader_same,0.0,0.0005,Stay because the current strategy remains the recent block leader.
95871,748,sgd_lr_0_0001,sgd_lr_0_0001,stay,False,recent_leader_same,0.0,0.0005,Stay because the current strategy remains the recent block leader.
95999,749,sgd_lr_0_0001,sgd_lr_0_0001,stay,False,recent_leader_same,0.0,0.0005,Stay because the current strategy remains the recent block leader.
96127,750,sgd_lr_0_0001,sgd_lr_0_0001,stay,False,recent_leader_same,0.0,0.0005,Stay because the current strategy remains the recent block leader.
96255,751,sgd_lr_0_0001,sgd_lr_0_0001,stay,False,recent_leader_same,0.0,0.0005,Stay because the current strategy remains the recent block leader.
96383,752,sgd_lr_0_0001,sgd_lr_0_0001,stay,False,recent_leader_same,0.0,0.0005,Stay because the current strategy remains the recent block leader.
96511,753,sgd_lr_0_0001,sgd_lr_0_0001,stay,False,recent_leader_same,0.0,0.0005,Stay because the current strategy remains the recent block leader.
96639,754,sgd_lr_0_0001,sgd_lr_0_0001,stay,False,recent_leader_same,0.0,0.0005,Stay because the current strategy remains the recent block leader.
96767,755,sgd_lr_0_0001,sgd_lr_0_0001,stay,False,recent_leader_same,0.0,0.0005,Stay because the current strategy remains the recent block leader.
96895,756,sgd_lr_0_0001,sgd_lr_0_0001,stay,False,recent_leader_same,0.0,0.0005,Stay because the current strategy remains the recent block leader.
97023,757,sgd_lr_0_0001,sgd_lr_0_0001,stay,False,recent_leader_same,0.0,0.0005,Stay because the current strategy remains the recent block leader.
97151,758,sgd_lr_0_0001,sgd_lr_0_0001,stay,False,recent_leader_same,0.0,0.0005,Stay because the current strategy remains the recent block leader.
97279,759,sgd_lr_0_0001,sgd_lr_0_0001,stay,False,recent_leader_same,0.0,0.0005,Stay because the current strategy remains the recent block leader.
97407,760,sgd_lr_0_0001,sgd_lr_0_0001,stay,False,recent_leader_same,0.0,0.0005,Stay because the current strategy remains the recent block leader.
97535,761,sgd_lr_0_0001,sgd_lr_0_0001,stay,False,recent_leader_same,0.0,0.0005,Stay because the current strategy remains the recent block leader.
97663,762,sgd_lr_0_0001,sgd_lr_0_0001,stay,False,recent_leader_same,0.0,0.0005,Stay because the current strategy remains the recent block leader.
97791,763,sgd_lr_0_0001,sgd_lr_0_0001,stay,False,recent_leader_same,0.0,0.0005,Stay because the current strategy remains the recent block leader.
97919,764,sgd_lr_0_0001,sgd_lr_0_0001,stay,False,recent_leader_same,0.0,0.0005,Stay because the current strategy remains the recent block leader.
98047,765,sgd_lr_0_0001,sgd_lr_0_0001,stay,False,recent_leader_same,0.0,0.0005,Stay because the current strategy remains the recent block leader.
98175,766,sgd_lr_0_0001,sgd_lr_0_0001,stay,False,recent_leader_same,0.0,0.0005,Stay because the current strategy remains the recent block leader.
98303,767,sgd_lr_0_0001,sgd_lr_0_0001,stay,False,recent_leader_same,0.0,0.0005,Stay because the current strategy remains the recent block leader.
98431,768,sgd_lr_0_0001,sgd_lr_0_0001,stay,False,recent_leader_same,0.0,0.0005,Stay because the current strategy remains the recent block leader.
98559,769,sgd_lr_0_0001,sgd_lr_0_0001,stay,False,recent_leader_same,0.0,0.0005,Stay because the current strategy remains the recent block leader.
98687,770,sgd_lr_0_0001,sgd_lr_0_0001,stay,False,recent_leader_same,0.0,0.0005,Stay because the current strategy remains the recent block leader.
98815,771,sgd_lr_0_0001,sgd_lr_0_0001,stay,False,recent_leader_same,0.0,0.0005,Stay because the current strategy remains the recent block leader.
98943,772,sgd_lr_0_0001,sgd_lr_0_0001,stay,False,recent_leader_same,0.0,0.0005,Stay because the current strategy remains the recent block leader.
99071,773,sgd_lr_0_0001,sgd_lr_0_0001,stay,False,recent_leader_same,0.0,0.0005,Stay because the current strategy remains the recent block leader.
99199,774,sgd_lr_0_0001,sgd_lr_0_0001,stay,False,recent_leader_same,0.0,0.0005,Stay because the current strategy remains the recent block leader.
99327,775,sgd_lr_0_0001,sgd_lr_0_0001,stay,False,recent_leader_same,0.0,0.0005,Stay because the current strategy remains the recent block leader.
99455,776,sgd_lr_0_0001,sgd_lr_0_0001,stay,False,recent_leader_same,0.0,0.0005,Stay because the current strategy remains the recent block leader.
99583,777,sgd_lr_0_0001,sgd_lr_0_0001,stay,False,recent_leader_same,0.0,0.0005,Stay because the current strategy remains the recent block leader.
99711,778,sgd_lr_0_0001,sgd_lr_0_0001,stay,False,recent_leader_same,0.0,0.0005,Stay because the current strategy remains the recent block leader.
99839,779,sgd_lr_0_0001,sgd_lr_0_0001,stay,False,recent_leader_same,0.0,0.0005,Stay because the current strategy remains the recent block leader.
99967,780,sgd_lr_0_0001,sgd_lr_0_0001,stay,False,recent_leader_same,0.0,0.0005,Stay because the current strategy remains the recent block leader.
100095,781,sgd_lr_0_0001,sgd_lr_0_0001,stay,False,recent_leader_same,0.0,0.0005,Stay because the current strategy remains the recent block leader.
100223,782,sgd_lr_0_0001,sgd_lr_0_0001,stay,False,recent_leader_same,0.0,0.0005,Stay because the current strategy remains the recent block leader.
100351,783,sgd_lr_0_0001,sgd_lr_0_0001,stay,False,recent_leader_same,0.0,0.0005,Stay because the current strategy remains the recent block leader.
100479,784,sgd_lr_0_0001,sgd_lr_0_0001,stay,False,recent_leader_same,0.0,0.0005,Stay because the current strategy remains the recent block leader.
100607,785,sgd_lr_0_0001,sgd_lr_0_0001,stay,False,recent_leader_same,0.0,0.0005,Stay because the current strategy remains the recent block leader.
100735,786,sgd_lr_0_0001,sgd_lr_0_0001,stay,False,recent_leader_same,0.0,0.0005,Stay because the current strategy remains the recent block leader.
100863,787,sgd_lr_0_0001,sgd_lr_0_0001,stay,False,recent_leader_same,0.0,0.0005,Stay because the current strategy remains the recent block leader.
100991,788,sgd_lr_0_0001,sgd_lr_0_0001,stay,False,recent_leader_same,0.0,0.0005,Stay because the current strategy remains the recent block leader.
101119,789,sgd_lr_0_0001,sgd_lr_0_0001,stay,False,recent_leader_same,0.0,0.0005,Stay because the current strategy remains the recent block leader.
101247,790,sgd_lr_0_0001,sgd_lr_0_0001,stay,False,recent_leader_same,0.0,0.0005,Stay because the current strategy remains the recent block leader.
101375,791,sgd_lr_0_0001,sgd_lr_0_0001,stay,False,recent_leader_same,0.0,0.0005,Stay because the current strategy remains the recent block leader.
101503,792,sgd_lr_0_0001,sgd_lr_0_0001,stay,False,recent_leader_same,0.0,0.0005,Stay because the current strategy remains the recent block leader.
101631,793,sgd_lr_0_0001,sgd_lr_0_0001,stay,False,recent_leader_same,0.0,0.0005,Stay because the current strategy remains the recent block leader.
101759,794,sgd_lr_0_0001,sgd_lr_0_0001,stay,False,recent_leader_same,0.0,0.0005,Stay because the current strategy remains the recent block leader.
101887,795,sgd_lr_0_0001,sgd_lr_0_0001,stay,False,recent_leader_same,0.0,0.0005,Stay because the current strategy remains the recent block leader.
102015,796,sgd_lr_0_0001,sgd_lr_0_0001,stay,False,recent_leader_same,0.0,0.0005,Stay because the current strategy remains the recent block leader.
102143,797,sgd_lr_0_0001,sgd_lr_0_0001,stay,False,recent_leader_same,0.0,0.0005,Stay because the current strategy remains the recent block leader.
102271,798,sgd_lr_0_0001,sgd_lr_0_0001,stay,False,recent_leader_same,0.0,0.0005,Stay because the current strategy remains the recent block leader.
102399,799,sgd_lr_0_0001,sgd_lr_0_0001,stay,False,recent_leader_same,0.0,0.0005,Stay because the current strategy remains the recent block leader.
102527,800,sgd_lr_0_0001,sgd_lr_0_0001,stay,False,recent_leader_same,0.0,0.0005,Stay because the current strategy remains the recent block leader.
102655,801,sgd_lr_0_0001,sgd_lr_0_0001,stay,False,recent_leader_same,0.0,0.0005,Stay because the current strategy remains the recent block leader.
102783,802,sgd_lr_0_0001,sgd_lr_0_0001,stay,False,recent_leader_same,0.0,0.0005,Stay because the current strategy remains the recent block leader.
102911,803,sgd_lr_0_0001,sgd_lr_0_0001,stay,False,recent_leader_same,0.0,0.0005,Stay because the current strategy remains the recent block leader.
103039,804,sgd_lr_0_0001,sgd_lr_0_0001,stay,False,recent_leader_same,0.0,0.0005,Stay because the current strategy remains the recent block leader.
103167,805,sgd_lr_0_0001,sgd_lr_0_0001,stay,False,recent_leader_same,0.0,0.0005,Stay because the current strategy remains the recent block leader.
103295,806,sgd_lr_0_0001,sgd_lr_0_0001,stay,False,recent_leader_same,0.0,0.0005,Stay because the current strategy remains the recent block leader.
103423,807,sgd_lr_0_0001,sgd_lr_0_0001,stay,False,recent_leader_same,0.0,0.0005,Stay because the current strategy remains the recent block leader.
103551,808,sgd_lr_0_0001,sgd_lr_0_0001,stay,False,recent_leader_same,0.0,0.0005,Stay because the current strategy remains the recent block leader.
103679,809,sgd_lr_0_0001,sgd_lr_0_0001,stay,False,recent_leader_same,0.0,0.0005,Stay because the current strategy remains the recent block leader.
103807,810,sgd_lr_0_0001,sgd_lr_0_0001,stay,False,recent_leader_same,0.0,0.0005,Stay because the current strategy remains the recent block leader.
103935,811,sgd_lr_0_0001,sgd_lr_0_0001,stay,False,recent_leader_same,0.0,0.0005,Stay because the current strategy remains the recent block leader.
104063,812,sgd_lr_0_0001,sgd_lr_0_0001,stay,False,recent_leader_same,0.0,0.0005,Stay because the current strategy remains the recent block leader.
104191,813,sgd_lr_0_0001,sgd_lr_0_0001,stay,False,recent_leader_same,0.0,0.0005,Stay because the current strategy remains the recent block leader.
104319,814,sgd_lr_0_0001,sgd_lr_0_0001,stay,False,recent_leader_same,0.0,0.0005,Stay because the current strategy remains the recent block leader.
104447,815,sgd_lr_0_0001,sgd_lr_0_0001,stay,False,recent_leader_same,0.0,0.0005,Stay because the current strategy remains the recent block leader.
104575,816,sgd_lr_0_0001,sgd_lr_0_0001,stay,False,recent_leader_same,0.0,0.0005,Stay because the current strategy remains the recent block leader.
104703,817,sgd_lr_0_0001,sgd_lr_0_0001,stay,False,recent_leader_same,0.0,0.0005,Stay because the current strategy remains the recent block leader.
104831,818,sgd_lr_0_0001,sgd_lr_0_0001,stay,False,recent_leader_same,0.0,0.0005,Stay because the current strategy remains the recent block leader.
104959,819,sgd_lr_0_0001,sgd_lr_0_0001,stay,False,recent_leader_same,0.0,0.0005,Stay because the current strategy remains the recent block leader.
105087,820,sgd_lr_0_0001,sgd_lr_0_0001,stay,False,recent_leader_same,0.0,0.0005,Stay because the current strategy remains the recent block leader.
105215,821,sgd_lr_0_0001,sgd_lr_0_0001,stay,False,recent_leader_same,0.0,0.0005,Stay because the current strategy remains the recent block leader.
105343,822,sgd_lr_0_0001,sgd_lr_0_0001,stay,False,recent_leader_same,0.0,0.0005,Stay because the current strategy remains the recent block leader.
105471,823,sgd_lr_0_0001,sgd_lr_0_0001,stay,False,recent_leader_same,0.0,0.0005,Stay because the current strategy remains the recent block leader.
105599,824,sgd_lr_0_0001,sgd_lr_0_0001,stay,False,recent_leader_same,0.0,0.0005,Stay because the current strategy remains the recent block leader.
105727,825,sgd_lr_0_0001,sgd_lr_0_0001,stay,False,recent_leader_same,0.0,0.0005,Stay because the current strategy remains the recent block leader.
105855,826,sgd_lr_0_0001,sgd_lr_0_0001,stay,False,recent_leader_same,0.0,0.0005,Stay because the current strategy remains the recent block leader.
105983,827,sgd_lr_0_0001,sgd_lr_0_0001,stay,False,recent_leader_same,0.0,0.0005,Stay because the current strategy remains the recent block leader.
106111,828,sgd_lr_0_0001,sgd_lr_0_0001,stay,False,recent_leader_same,0.0,0.0005,Stay because the current strategy remains the recent block leader.
106239,829,sgd_lr_0_0001,sgd_lr_0_0001,stay,False,recent_leader_same,0.0,0.0005,Stay because the current strategy remains the recent block leader.
106367,830,sgd_lr_0_0001,sgd_lr_0_0001,stay,False,recent_leader_same,0.0,0.0005,Stay because the current strategy remains the recent block leader.
106495,831,sgd_lr_0_0001,sgd_lr_0_0001,stay,False,recent_leader_same,0.0,0.0005,Stay because the current strategy remains the recent block leader.
106623,832,sgd_lr_0_0001,sgd_lr_0_0001,stay,False,recent_leader_same,0.0,0.0005,Stay because the current strategy remains the recent block leader.
106751,833,sgd_lr_0_0001,sgd_lr_0_0001,stay,False,recent_leader_same,0.0,0.0005,Stay because the current strategy remains the recent block leader.
106879,834,sgd_lr_0_0001,sgd_lr_0_0001,stay,False,recent_leader_same,0.0,0.0005,Stay because the current strategy remains the recent block leader.
107007,835,sgd_lr_0_0001,sgd_lr_0_0001,stay,False,recent_leader_same,0.0,0.0005,Stay because the current strategy remains the recent block leader.
107135,836,sgd_lr_0_0001,sgd_lr_0_0001,stay,False,recent_leader_same,0.0,0.0005,Stay because the current strategy remains the recent block leader.
107263,837,sgd_lr_0_0001,sgd_lr_0_0001,stay,False,recent_leader_same,0.0,0.0005,Stay because the current strategy remains the recent block leader.
107391,838,sgd_lr_0_0001,sgd_lr_0_0001,stay,False,recent_leader_same,0.0,0.0005,Stay because the current strategy remains the recent block leader.
107519,839,sgd_lr_0_0001,sgd_lr_0_0001,stay,False,recent_leader_same,0.0,0.0005,Stay because the current strategy remains the recent block leader.
107647,840,sgd_lr_0_0001,sgd_lr_0_0001,stay,False,recent_leader_same,0.0,0.0005,Stay because the current strategy remains the recent block leader.
107775,841,sgd_lr_0_0001,sgd_lr_0_0001,stay,False,recent_leader_same,0.0,0.0005,Stay because the current strategy remains the recent block leader.
107903,842,sgd_lr_0_0001,sgd_lr_0_0001,stay,False,recent_leader_same,0.0,0.0005,Stay because the current strategy remains the recent block leader.
108031,843,sgd_lr_0_0001,sgd_lr_0_0001,stay,False,recent_leader_same,0.0,0.0005,Stay because the current strategy remains the recent block leader.
108159,844,sgd_lr_0_0001,sgd_lr_0_0001,stay,False,recent_leader_same,0.0,0.0005,Stay because the current strategy remains the recent block leader.
108287,845,sgd_lr_0_0001,sgd_lr_0_0001,stay,False,recent_leader_same,0.0,0.0005,Stay because the current strategy remains the recent block leader.
108415,846,sgd_lr_0_0001,sgd_lr_0_0001,stay,False,recent_leader_same,0.0,0.0005,Stay because the current strategy remains the recent block leader.
108543,847,sgd_lr_0_0001,sgd_lr_0_0001,stay,False,recent_leader_same,0.0,0.0005,Stay because the current strategy remains the recent block leader.
108671,848,sgd_lr_0_0001,sgd_lr_0_0001,stay,False,recent_leader_same,0.0,0.0005,Stay because the current strategy remains the recent block leader.
108799,849,sgd_lr_0_0001,sgd_lr_0_0001,stay,False,recent_leader_same,0.0,0.0005,Stay because the current strategy remains the recent block leader.
108927,850,sgd_lr_0_0001,sgd_lr_0_0001,stay,False,recent_leader_same,0.0,0.0005,Stay because the current strategy remains the recent block leader.
109055,851,sgd_lr_0_0001,sgd_lr_0_0001,stay,False,recent_leader_same,0.0,0.0005,Stay because the current strategy remains the recent block leader.
109183,852,sgd_lr_0_0001,sgd_lr_0_0001,stay,False,recent_leader_same,0.0,0.0005,Stay because the current strategy remains the recent block leader.
109311,853,sgd_lr_0_0001,sgd_lr_0_0001,stay,False,recent_leader_same,0.0,0.0005,Stay because the current strategy remains the recent block leader.
109439,854,sgd_lr_0_0001,sgd_lr_0_0001,stay,False,recent_leader_same,0.0,0.0005,Stay because the current strategy remains the recent block leader.
109567,855,sgd_lr_0_0001,sgd_lr_0_0001,stay,False,recent_leader_same,0.0,0.0005,Stay because the current strategy remains the recent block leader.
109695,856,sgd_lr_0_0001,sgd_lr_0_0001,stay,False,recent_leader_same,0.0,0.0005,Stay because the current strategy remains the recent block leader.
109823,857,sgd_lr_0_0001,sgd_lr_0_0001,stay,False,recent_leader_same,0.0,0.0005,Stay because the current strategy remains the recent block leader.
109951,858,sgd_lr_0_0001,sgd_lr_0_0001,stay,False,recent_leader_same,0.0,0.0005,Stay because the current strategy remains the recent block leader.
110079,859,sgd_lr_0_0001,sgd_lr_0_0001,stay,False,recent_leader_same,0.0,0.0005,Stay because the current strategy remains the recent block leader.
110207,860,sgd_lr_0_0001,sgd_lr_0_0001,stay,False,recent_leader_same,0.0,0.0005,Stay because the current strategy remains the recent block leader.
110335,861,sgd_lr_0_0001,sgd_lr_0_0001,stay,False,recent_leader_same,0.0,0.0005,Stay because the current strategy remains the recent block leader.
110463,862,sgd_lr_0_0001,sgd_lr_0_0001,stay,False,recent_leader_same,0.0,0.0005,Stay because the current strategy remains the recent block leader.
110591,863,sgd_lr_0_0001,sgd_lr_0_0001,stay,False,recent_leader_same,0.0,0.0005,Stay because the current strategy remains the recent block leader.
110719,864,sgd_lr_0_0001,sgd_lr_0_0001,stay,False,recent_leader_same,0.0,0.0005,Stay because the current strategy remains the recent block leader.
110847,865,sgd_lr_0_0001,sgd_lr_0_0001,stay,False,recent_leader_same,0.0,0.0005,Stay because the current strategy remains the recent block leader.
110975,866,sgd_lr_0_0001,sgd_lr_0_0001,stay,False,recent_leader_same,0.0,0.0005,Stay because the current strategy remains the recent block leader.
111103,867,sgd_lr_0_0001,sgd_lr_0_0001,stay,False,recent_leader_same,0.0,0.0005,Stay because the current strategy remains the recent block leader.
111231,868,sgd_lr_0_0001,sgd_lr_0_0001,stay,False,recent_leader_same,0.0,0.0005,Stay because the current strategy remains the recent block leader.
111359,869,sgd_lr_0_0001,sgd_lr_0_0001,stay,False,recent_leader_same,0.0,0.0005,Stay because the current strategy remains the recent block leader.
111487,870,sgd_lr_0_0001,sgd_lr_0_0001,stay,False,recent_leader_same,0.0,0.0005,Stay because the current strategy remains the recent block leader.
111615,871,sgd_lr_0_0001,sgd_lr_0_0001,stay,False,recent_leader_same,0.0,0.0005,Stay because the current strategy remains the recent block leader.
111743,872,sgd_lr_0_0001,sgd_lr_0_0001,stay,False,recent_leader_same,0.0,0.0005,Stay because the current strategy remains the recent block leader.
111871,873,sgd_lr_0_0001,sgd_lr_0_0001,stay,False,recent_leader_same,0.0,0.0005,Stay because the current strategy remains the recent block leader.
111999,874,sgd_lr_0_0001,sgd_lr_0_0001,stay,False,recent_leader_same,0.0,0.0005,Stay because the current strategy remains the recent block leader.
112127,875,sgd_lr_0_0001,sgd_lr_0_0001,stay,False,recent_leader_same,0.0,0.0005,Stay because the current strategy remains the recent block leader.
112255,876,sgd_lr_0_0001,sgd_lr_0_0001,stay,False,recent_leader_same,0.0,0.0005,Stay because the current strategy remains the recent block leader.
112383,877,sgd_lr_0_0001,sgd_lr_0_0001,stay,False,recent_leader_same,0.0,0.0005,Stay because the current strategy remains the recent block leader.
112511,878,sgd_lr_0_0001,sgd_lr_0_0001,stay,False,recent_leader_same,0.0,0.0005,Stay because the current strategy remains the recent block leader.
112639,879,sgd_lr_0_0001,sgd_lr_0_0001,stay,False,recent_leader_same,0.0,0.0005,Stay because the current strategy remains the recent block leader.
112767,880,sgd_lr_0_0001,sgd_lr_0_0001,stay,False,recent_leader_same,0.0,0.0005,Stay because the current strategy remains the recent block leader.
112895,881,sgd_lr_0_0001,sgd_lr_0_0001,stay,False,recent_leader_same,0.0,0.0005,Stay because the current strategy remains the recent block leader.
113023,882,sgd_lr_0_0001,sgd_lr_0_0001,stay,False,recent_leader_same,0.0,0.0005,Stay because the current strategy remains the recent block leader.
113151,883,sgd_lr_0_0001,sgd_lr_0_0001,stay,False,recent_leader_same,0.0,0.0005,Stay because the current strategy remains the recent block leader.
113279,884,sgd_lr_0_0001,sgd_lr_0_0001,stay,False,recent_leader_same,0.0,0.0005,Stay because the current strategy remains the recent block leader.
113407,885,sgd_lr_0_0001,sgd_lr_0_0001,stay,False,recent_leader_same,0.0,0.0005,Stay because the current strategy remains the recent block leader.
113535,886,sgd_lr_0_0001,sgd_lr_0_0001,stay,False,recent_leader_same,0.0,0.0005,Stay because the current strategy remains the recent block leader.
113663,887,sgd_lr_0_0001,sgd_lr_0_0001,stay,False,recent_leader_same,0.0,0.0005,Stay because the current strategy remains the recent block leader.
113791,888,sgd_lr_0_0001,sgd_lr_0_0001,stay,False,recent_leader_same,0.0,0.0005,Stay because the current strategy remains the recent block leader.
113919,889,sgd_lr_0_0001,sgd_lr_0_0001,stay,False,recent_leader_same,0.0,0.0005,Stay because the current strategy remains the recent block leader.
114047,890,sgd_lr_0_0001,sgd_lr_0_0001,stay,False,recent_leader_same,0.0,0.0005,Stay because the current strategy remains the recent block leader.
114175,891,sgd_lr_0_0001,sgd_lr_0_0001,stay,False,recent_leader_same,0.0,0.0005,Stay because the current strategy remains the recent block leader.
114303,892,sgd_lr_0_0001,sgd_lr_0_0001,stay,False,recent_leader_same,0.0,0.0005,Stay because the current strategy remains the recent block leader.
114431,893,sgd_lr_0_0001,sgd_lr_0_0001,stay,False,recent_leader_same,0.0,0.0005,Stay because the current strategy remains the recent block leader.
114559,894,sgd_lr_0_0001,sgd_lr_0_0001,stay,False,recent_leader_same,0.0,0.0005,Stay because the current strategy remains the recent block leader.
114687,895,sgd_lr_0_0001,sgd_lr_0_0001,stay,False,recent_leader_same,0.0,0.0005,Stay because the current strategy remains the recent block leader.
114815,896,sgd_lr_0_0001,sgd_lr_0_0001,stay,False,recent_leader_same,0.0,0.0005,Stay because the current strategy remains the recent block leader.
114943,897,sgd_lr_0_0001,sgd_lr_0_0001,stay,False,recent_leader_same,0.0,0.0005,Stay because the current strategy remains the recent block leader.
115071,898,sgd_lr_0_0001,sgd_lr_0_0001,stay,False,recent_leader_same,0.0,0.0005,Stay because the current strategy remains the recent block leader.
115199,899,sgd_lr_0_0001,sgd_lr_0_0001,stay,False,recent_leader_same,0.0,0.0005,Stay because the current strategy remains the recent block leader.
115327,900,sgd_lr_0_0001,sgd_lr_0_0001,stay,False,recent_leader_same,0.0,0.0005,Stay because the current strategy remains the recent block leader.
115455,901,sgd_lr_0_0001,sgd_lr_0_0001,stay,False,recent_leader_same,0.0,0.0005,Stay because the current strategy remains the recent block leader.
115583,902,sgd_lr_0_0001,sgd_lr_0_0001,stay,False,recent_leader_same,0.0,0.0005,Stay because the current strategy remains the recent block leader.
115711,903,sgd_lr_0_0001,sgd_lr_0_0001,stay,False,recent_leader_same,0.0,0.0005,Stay because the current strategy remains the recent block leader.
115839,904,sgd_lr_0_0001,sgd_lr_0_0001,stay,False,recent_leader_same,0.0,0.0005,Stay because the current strategy remains the recent block leader.
115967,905,sgd_lr_0_0001,sgd_lr_0_0001,stay,False,recent_leader_same,0.0,0.0005,Stay because the current strategy remains the recent block leader.
116095,906,sgd_lr_0_0001,sgd_lr_0_0001,stay,False,recent_leader_same,0.0,0.0005,Stay because the current strategy remains the recent block leader.
116223,907,sgd_lr_0_0001,sgd_lr_0_0001,stay,False,recent_leader_same,0.0,0.0005,Stay because the current strategy remains the recent block leader.
116351,908,sgd_lr_0_0001,sgd_lr_0_0001,stay,False,recent_leader_same,0.0,0.0005,Stay because the current strategy remains the recent block leader.
116479,909,sgd_lr_0_0001,sgd_lr_0_0001,stay,False,recent_leader_same,0.0,0.0005,Stay because the current strategy remains the recent block leader.
116607,910,sgd_lr_0_0001,sgd_lr_0_0001,stay,False,recent_leader_same,0.0,0.0005,Stay because the current strategy remains the recent block leader.
116735,911,sgd_lr_0_0001,sgd_lr_0_0001,stay,False,recent_leader_same,0.0,0.0005,Stay because the current strategy remains the recent block leader.
116863,912,sgd_lr_0_0001,sgd_lr_0_0001,stay,False,recent_leader_same,0.0,0.0005,Stay because the current strategy remains the recent block leader.
116991,913,sgd_lr_0_0001,sgd_lr_0_0001,stay,False,recent_leader_same,0.0,0.0005,Stay because the current strategy remains the recent block leader.
117119,914,sgd_lr_0_0001,sgd_lr_0_0001,stay,False,recent_leader_same,0.0,0.0005,Stay because the current strategy remains the recent block leader.
117247,915,sgd_lr_0_0001,sgd_lr_0_0001,stay,False,recent_leader_same,0.0,0.0005,Stay because the current strategy remains the recent block leader.
117375,916,sgd_lr_0_0001,sgd_lr_0_0001,stay,False,recent_leader_same,0.0,0.0005,Stay because the current strategy remains the recent block leader.
117503,917,sgd_lr_0_0001,sgd_lr_0_0001,stay,False,recent_leader_same,0.0,0.0005,Stay because the current strategy remains the recent block leader.
117631,918,sgd_lr_0_0001,sgd_lr_0_0001,stay,False,recent_leader_same,0.0,0.0005,Stay because the current strategy remains the recent block leader.
117759,919,sgd_lr_0_0001,sgd_lr_0_0001,stay,False,recent_leader_same,0.0,0.0005,Stay because the current strategy remains the recent block leader.
117887,920,sgd_lr_0_0001,sgd_lr_0_0001,stay,False,recent_leader_same,0.0,0.0005,Stay because the current strategy remains the recent block leader.
118015,921,sgd_lr_0_0001,sgd_lr_0_0001,stay,False,recent_leader_same,0.0,0.0005,Stay because the current strategy remains the recent block leader.
118143,922,sgd_lr_0_0001,sgd_lr_0_0001,stay,False,recent_leader_same,0.0,0.0005,Stay because the current strategy remains the recent block leader.
118271,923,sgd_lr_0_0001,sgd_lr_0_0001,stay,False,recent_leader_same,0.0,0.0005,Stay because the current strategy remains the recent block leader.
118399,924,sgd_lr_0_0001,sgd_lr_0_0001,stay,False,recent_leader_same,0.0,0.0005,Stay because the current strategy remains the recent block leader.
118527,925,sgd_lr_0_0001,sgd_lr_0_0001,stay,False,recent_leader_same,0.0,0.0005,Stay because the current strategy remains the recent block leader.
118655,926,sgd_lr_0_0001,sgd_lr_0_0001,stay,False,recent_leader_same,0.0,0.0005,Stay because the current strategy remains the recent block leader.
118783,927,sgd_lr_0_0001,sgd_lr_0_0001,stay,False,recent_leader_same,0.0,0.0005,Stay because the current strategy remains the recent block leader.
118911,928,sgd_lr_0_0001,sgd_lr_0_0001,stay,False,recent_leader_same,0.0,0.0005,Stay because the current strategy remains the recent block leader.
119039,929,sgd_lr_0_0001,sgd_lr_0_0001,stay,False,recent_leader_same,0.0,0.0005,Stay because the current strategy remains the recent block leader.
119167,930,sgd_lr_0_0001,sgd_lr_0_0001,stay,False,recent_leader_same,0.0,0.0005,Stay because the current strategy remains the recent block leader.
119295,931,sgd_lr_0_0001,sgd_lr_0_0001,stay,False,recent_leader_same,0.0,0.0005,Stay because the current strategy remains the recent block leader.
119423,932,sgd_lr_0_0001,sgd_lr_0_0001,stay,False,recent_leader_same,0.0,0.0005,Stay because the current strategy remains the recent block leader.
119551,933,sgd_lr_0_0001,sgd_lr_0_0001,stay,False,recent_leader_same,0.0,0.0005,Stay because the current strategy remains the recent block leader.
119679,934,sgd_lr_0_0001,sgd_lr_0_0001,stay,False,recent_leader_same,0.0,0.0005,Stay because the current strategy remains the recent block leader.
119807,935,sgd_lr_0_0001,sgd_lr_0_0001,stay,False,recent_leader_same,0.0,0.0005,Stay because the current strategy remains the recent block leader.
119935,936,sgd_lr_0_0001,sgd_lr_0_0001,stay,False,recent_leader_same,0.0,0.0005,Stay because the current strategy remains the recent block leader.
120063,937,sgd_lr_0_0001,sgd_lr_0_0001,stay,False,recent_leader_same,0.0,0.0005,Stay because the current strategy remains the recent block leader.
120191,938,sgd_lr_0_0001,sgd_lr_0_0001,stay,False,recent_leader_same,0.0,0.0005,Stay because the current strategy remains the recent block leader.
120319,939,sgd_lr_0_0001,sgd_lr_0_0001,stay,False,recent_leader_same,0.0,0.0005,Stay because the current strategy remains the recent block leader.
120447,940,sgd_lr_0_0001,sgd_lr_0_0001,stay,False,recent_leader_same,0.0,0.0005,Stay because the current strategy remains the recent block leader.
120575,941,sgd_lr_0_0001,sgd_lr_0_0001,stay,False,recent_leader_same,0.0,0.0005,Stay because the current strategy remains the recent block leader.
120703,942,sgd_lr_0_0001,sgd_lr_0_0001,stay,False,recent_leader_same,0.0,0.0005,Stay because the current strategy remains the recent block leader.
120831,943,sgd_lr_0_0001,sgd_lr_0_0001,stay,False,recent_leader_same,0.0,0.0005,Stay because the current strategy remains the recent block leader.
120959,944,sgd_lr_0_0001,sgd_lr_0_0001,stay,False,recent_leader_same,0.0,0.0005,Stay because the current strategy remains the recent block leader.
121087,945,sgd_lr_0_0001,sgd_lr_0_0001,stay,False,recent_leader_same,0.0,0.0005,Stay because the current strategy remains the recent block leader.
121215,946,sgd_lr_0_0001,sgd_lr_0_0001,stay,False,recent_leader_same,0.0,0.0005,Stay because the current strategy remains the recent block leader.
121343,947,sgd_lr_0_0001,sgd_lr_0_0001,stay,False,recent_leader_same,0.0,0.0005,Stay because the current strategy remains the recent block leader.
121471,948,sgd_lr_0_0001,sgd_lr_0_0001,stay,False,recent_leader_same,0.0,0.0005,Stay because the current strategy remains the recent block leader.
121599,949,sgd_lr_0_0001,sgd_lr_0_0001,stay,False,recent_leader_same,0.0,0.0005,Stay because the current strategy remains the recent block leader.
121727,950,sgd_lr_0_0001,sgd_lr_0_0001,stay,False,recent_leader_same,0.0,0.0005,Stay because the current strategy remains the recent block leader.
121855,951,sgd_lr_0_0001,sgd_lr_0_0001,stay,False,recent_leader_same,0.0,0.0005,Stay because the current strategy remains the recent block leader.
121983,952,sgd_lr_0_0001,sgd_lr_0_0001,stay,False,recent_leader_same,0.0,0.0005,Stay because the current strategy remains the recent block leader.
122111,953,sgd_lr_0_0001,sgd_lr_0_0001,stay,False,recent_leader_same,0.0,0.0005,Stay because the current strategy remains the recent block leader.
122239,954,sgd_lr_0_0001,sgd_lr_0_0001,stay,False,recent_leader_same,0.0,0.0005,Stay because the current strategy remains the recent block leader.
122367,955,sgd_lr_0_0001,sgd_lr_0_0001,stay,False,recent_leader_same,0.0,0.0005,Stay because the current strategy remains the recent block leader.
122495,956,sgd_lr_0_0001,sgd_lr_0_0001,stay,False,recent_leader_same,0.0,0.0005,Stay because the current strategy remains the recent block leader.
122623,957,sgd_lr_0_0001,sgd_lr_0_0001,stay,False,recent_leader_same,0.0,0.0005,Stay because the current strategy remains the recent block leader.
122751,958,sgd_lr_0_0001,sgd_lr_0_0001,stay,False,recent_leader_same,0.0,0.0005,Stay because the current strategy remains the recent block leader.
122879,959,sgd_lr_0_0001,sgd_lr_0_0001,stay,False,recent_leader_same,0.0,0.0005,Stay because the current strategy remains the recent block leader.
123007,960,sgd_lr_0_0001,sgd_lr_0_0001,stay,False,recent_leader_same,0.0,0.0005,Stay because the current strategy remains the recent block leader.
123135,961,sgd_lr_0_0001,sgd_lr_0_0001,stay,False,recent_leader_same,0.0,0.0005,Stay because the current strategy remains the recent block leader.
123263,962,sgd_lr_0_0001,sgd_lr_0_0001,stay,False,recent_leader_same,0.0,0.0005,Stay because the current strategy remains the recent block leader.
123391,963,sgd_lr_0_0001,sgd_lr_0_0001,stay,False,recent_leader_same,0.0,0.0005,Stay because the current strategy remains the recent block leader.
123519,964,sgd_lr_0_0001,sgd_lr_0_0001,stay,False,recent_leader_same,0.0,0.0005,Stay because the current strategy remains the recent block leader.
123647,965,sgd_lr_0_0001,sgd_lr_0_0001,stay,False,recent_leader_same,0.0,0.0005,Stay because the current strategy remains the recent block leader.
123775,966,sgd_lr_0_0001,sgd_lr_0_0001,stay,False,recent_leader_same,0.0,0.0005,Stay because the current strategy remains the recent block leader.
123903,967,sgd_lr_0_0001,sgd_lr_0_0001,stay,False,recent_leader_same,0.0,0.0005,Stay because the current strategy remains the recent block leader.
124031,968,sgd_lr_0_0001,sgd_lr_0_0001,stay,False,recent_leader_same,0.0,0.0005,Stay because the current strategy remains the recent block leader.
124159,969,sgd_lr_0_0001,sgd_lr_0_0001,stay,False,recent_leader_same,0.0,0.0005,Stay because the current strategy remains the recent block leader.
124287,970,sgd_lr_0_0001,sgd_lr_0_0001,stay,False,recent_leader_same,0.0,0.0005,Stay because the current strategy remains the recent block leader.
124415,971,sgd_lr_0_0001,sgd_lr_0_0001,stay,False,recent_leader_same,0.0,0.0005,Stay because the current strategy remains the recent block leader.
124543,972,sgd_lr_0_0001,sgd_lr_0_0001,stay,False,recent_leader_same,0.0,0.0005,Stay because the current strategy remains the recent block leader.
124671,973,sgd_lr_0_0001,sgd_lr_0_0001,stay,False,recent_leader_same,0.0,0.0005,Stay because the current strategy remains the recent block leader.
124799,974,sgd_lr_0_0001,sgd_lr_0_0001,stay,False,recent_leader_same,0.0,0.0005,Stay because the current strategy remains the recent block leader.
124927,975,sgd_lr_0_0001,sgd_lr_0_0001,stay,False,recent_leader_same,0.0,0.0005,Stay because the current strategy remains the recent block leader.
125055,976,sgd_lr_0_0001,sgd_lr_0_0001,stay,False,recent_leader_same,0.0,0.0005,Stay because the current strategy remains the recent block leader.
125183,977,sgd_lr_0_0001,sgd_lr_0_0001,stay,False,recent_leader_same,0.0,0.0005,Stay because the current strategy remains the recent block leader.
125311,978,sgd_lr_0_0001,sgd_lr_0_0001,stay,False,recent_leader_same,0.0,0.0005,Stay because the current strategy remains the recent block leader.
125439,979,sgd_lr_0_0001,sgd_lr_0_0001,stay,False,recent_leader_same,0.0,0.0005,Stay because the current strategy remains the recent block leader.
125567,980,sgd_lr_0_0001,sgd_lr_0_0001,stay,False,recent_leader_same,0.0,0.0005,Stay because the current strategy remains the recent block leader.
125695,981,sgd_lr_0_0001,sgd_lr_0_0001,stay,False,recent_leader_same,0.0,0.0005,Stay because the current strategy remains the recent block leader.
125823,982,sgd_lr_0_0001,sgd_lr_0_0001,stay,False,recent_leader_same,0.0,0.0005,Stay because the current strategy remains the recent block leader.
125951,983,sgd_lr_0_0001,sgd_lr_0_0001,stay,False,recent_leader_same,0.0,0.0005,Stay because the current strategy remains the recent block leader.
126079,984,sgd_lr_0_0001,sgd_lr_0_0001,stay,False,recent_leader_same,0.0,0.0005,Stay because the current strategy remains the recent block leader.
126207,985,sgd_lr_0_0001,sgd_lr_0_0001,stay,False,recent_leader_same,0.0,0.0005,Stay because the current strategy remains the recent block leader.
126335,986,sgd_lr_0_0001,sgd_lr_0_0001,stay,False,recent_leader_same,0.0,0.0005,Stay because the current strategy remains the recent block leader.
126463,987,sgd_lr_0_0001,sgd_lr_0_0001,stay,False,recent_leader_same,0.0,0.0005,Stay because the current strategy remains the recent block leader.
126591,988,sgd_lr_0_0001,sgd_lr_0_0001,stay,False,recent_leader_same,0.0,0.0005,Stay because the current strategy remains the recent block leader.
126719,989,sgd_lr_0_0001,sgd_lr_0_0001,stay,False,recent_leader_same,0.0,0.0005,Stay because the current strategy remains the recent block leader.
126847,990,sgd_lr_0_0001,sgd_lr_0_0001,stay,False,recent_leader_same,0.0,0.0005,Stay because the current strategy remains the recent block leader.
126975,991,sgd_lr_0_0001,sgd_lr_0_0001,stay,False,recent_leader_same,0.0,0.0005,Stay because the current strategy remains the recent block leader.
127103,992,sgd_lr_0_0001,sgd_lr_0_0001,stay,False,recent_leader_same,0.0,0.0005,Stay because the current strategy remains the recent block leader.
127231,993,sgd_lr_0_0001,sgd_lr_0_0001,stay,False,recent_leader_same,0.0,0.0005,Stay because the current strategy remains the recent block leader.
127359,994,sgd_lr_0_0001,sgd_lr_0_0001,stay,False,recent_leader_same,0.0,0.0005,Stay because the current strategy remains the recent block leader.
127487,995,sgd_lr_0_0001,sgd_lr_0_0001,stay,False,recent_leader_same,0.0,0.0005,Stay because the current strategy remains the recent block leader.
127615,996,sgd_lr_0_0001,sgd_lr_0_0001,stay,False,recent_leader_same,0.0,0.0005,Stay because the current strategy remains the recent block leader.
127743,997,sgd_lr_0_0001,sgd_lr_0_0001,stay,False,recent_leader_same,0.0,0.0005,Stay because the current strategy remains the recent block leader.
127871,998,sgd_lr_0_0001,sgd_lr_0_0001,stay,False,recent_leader_same,0.0,0.0005,Stay because the current strategy remains the recent block leader.
127999,999,sgd_lr_0_0001,sgd_lr_0_0001,stay,False,recent_leader_same,0.0,0.0005,Stay because the current strategy remains the recent block leader.
128127,1000,sgd_lr_0_0001,sgd_lr_0_0001,stay,False,recent_leader_same,0.0,0.0005,Stay because the current strategy remains the recent block leader.
128255,1001,sgd_lr_0_0001,sgd_lr_0_0001,stay,False,recent_leader_same,0.0,0.0005,Stay because the current strategy remains the recent block leader.
128383,1002,sgd_lr_0_0001,sgd_lr_0_0001,stay,False,recent_leader_same,0.0,0.0005,Stay because the current strategy remains the recent block leader.
128511,1003,sgd_lr_0_0001,sgd_lr_0_0001,stay,False,recent_leader_same,0.0,0.0005,Stay because the current strategy remains the recent block leader.
128639,1004,sgd_lr_0_0001,sgd_lr_0_0001,stay,False,recent_leader_same,0.0,0.0005,Stay because the current strategy remains the recent block leader.
128767,1005,sgd_lr_0_0001,sgd_lr_0_0001,stay,False,recent_leader_same,0.0,0.0005,Stay because the current strategy remains the recent block leader.
128895,1006,sgd_lr_0_0001,sgd_lr_0_0001,stay,False,recent_leader_same,0.0,0.0005,Stay because the current strategy remains the recent block leader.
129023,1007,sgd_lr_0_0001,sgd_lr_0_0001,stay,False,recent_leader_same,0.0,0.0005,Stay because the current strategy remains the recent block leader.
129151,1008,sgd_lr_0_0001,sgd_lr_0_0001,stay,False,recent_leader_same,0.0,0.0005,Stay because the current strategy remains the recent block leader.
129279,1009,sgd_lr_0_0001,sgd_lr_0_0001,stay,False,recent_leader_same,0.0,0.0005,Stay because the current strategy remains the recent block leader.
129407,1010,sgd_lr_0_0001,sgd_lr_0_0001,stay,False,recent_leader_same,0.0,0.0005,Stay because the current strategy remains the recent block leader.
129535,1011,sgd_lr_0_0001,sgd_lr_0_0001,stay,False,recent_leader_same,0.0,0.0005,Stay because the current strategy remains the recent block leader.
129663,1012,sgd_lr_0_0001,sgd_lr_0_0001,stay,False,recent_leader_same,0.0,0.0005,Stay because the current strategy remains the recent block leader.
129791,1013,sgd_lr_0_0001,sgd_lr_0_0001,stay,False,recent_leader_same,0.0,0.0005,Stay because the current strategy remains the recent block leader.
129919,1014,sgd_lr_0_0001,sgd_lr_0_0001,stay,False,recent_leader_same,0.0,0.0005,Stay because the current strategy remains the recent block leader.
130047,1015,sgd_lr_0_0001,sgd_lr_0_0001,stay,False,recent_leader_same,0.0,0.0005,Stay because the current strategy remains the recent block leader.
130175,1016,sgd_lr_0_0001,sgd_lr_0_0001,stay,False,recent_leader_same,0.0,0.0005,Stay because the current strategy remains the recent block leader.
130303,1017,sgd_lr_0_0001,sgd_lr_0_0001,stay,False,recent_leader_same,0.0,0.0005,Stay because the current strategy remains the recent block leader.
130431,1018,sgd_lr_0_0001,sgd_lr_0_0001,stay,False,recent_leader_same,0.0,0.0005,Stay because the current strategy remains the recent block leader.
130559,1019,sgd_lr_0_0001,sgd_lr_0_0001,stay,False,recent_leader_same,0.0,0.0005,Stay because the current strategy remains the recent block leader.
130687,1020,sgd_lr_0_0001,sgd_lr_0_0001,stay,False,recent_leader_same,0.0,0.0005,Stay because the current strategy remains the recent block leader.
130815,1021,sgd_lr_0_0001,sgd_lr_0_0001,stay,False,recent_leader_same,0.0,0.0005,Stay because the current strategy remains the recent block leader.
130943,1022,sgd_lr_0_0001,sgd_lr_0_0001,stay,False,recent_leader_same,0.0,0.0005,Stay because the current strategy remains the recent block leader.
131071,1023,sgd_lr_0_0001,sgd_lr_0_0001,stay,False,recent_leader_same,0.0,0.0005,Stay because the current strategy remains the recent block leader.
131199,1024,sgd_lr_0_0001,sgd_lr_0_0001,stay,False,recent_leader_same,0.0,0.0005,Stay because the current strategy remains the recent block leader.
131327,1025,sgd_lr_0_0001,sgd_lr_0_0001,stay,False,recent_leader_same,0.0,0.0005,Stay because the current strategy remains the recent block leader.
131455,1026,sgd_lr_0_0001,sgd_lr_0_0001,stay,False,recent_leader_same,0.0,0.0005,Stay because the current strategy remains the recent block leader.
131583,1027,sgd_lr_0_0001,sgd_lr_0_0001,stay,False,recent_leader_same,0.0,0.0005,Stay because the current strategy remains the recent block leader.
131711,1028,sgd_lr_0_0001,sgd_lr_0_0001,stay,False,recent_leader_same,0.0,0.0005,Stay because the current strategy remains the recent block leader.
131839,1029,sgd_lr_0_0001,sgd_lr_0_0001,stay,False,recent_leader_same,0.0,0.0005,Stay because the current strategy remains the recent block leader.
131967,1030,sgd_lr_0_0001,sgd_lr_0_0001,stay,False,recent_leader_same,0.0,0.0005,Stay because the current strategy remains the recent block leader.
132095,1031,sgd_lr_0_0001,sgd_lr_0_0001,stay,False,recent_leader_same,0.0,0.0005,Stay because the current strategy remains the recent block leader.
132223,1032,sgd_lr_0_0001,sgd_lr_0_0001,stay,False,recent_leader_same,0.0,0.0005,Stay because the current strategy remains the recent block leader.
132351,1033,sgd_lr_0_0001,sgd_lr_0_0001,stay,False,recent_leader_same,0.0,0.0005,Stay because the current strategy remains the recent block leader.
132479,1034,sgd_lr_0_0001,sgd_lr_0_0001,stay,False,recent_leader_same,0.0,0.0005,Stay because the current strategy remains the recent block leader.
132607,1035,sgd_lr_0_0001,sgd_lr_0_0001,stay,False,recent_leader_same,0.0,0.0005,Stay because the current strategy remains the recent block leader.
132735,1036,sgd_lr_0_0001,sgd_lr_0_0001,stay,False,recent_leader_same,0.0,0.0005,Stay because the current strategy remains the recent block leader.
132863,1037,sgd_lr_0_0001,sgd_lr_0_0001,stay,False,recent_leader_same,0.0,0.0005,Stay because the current strategy remains the recent block leader.
132991,1038,sgd_lr_0_0001,sgd_lr_0_0001,stay,False,recent_leader_same,0.0,0.0005,Stay because the current strategy remains the recent block leader.
133119,1039,sgd_lr_0_0001,sgd_lr_0_0001,stay,False,recent_leader_same,0.0,0.0005,Stay because the current strategy remains the recent block leader.
133247,1040,sgd_lr_0_0001,sgd_lr_0_0001,stay,False,recent_leader_same,0.0,0.0005,Stay because the current strategy remains the recent block leader.
133375,1041,sgd_lr_0_0001,sgd_lr_0_0001,stay,False,recent_leader_same,0.0,0.0005,Stay because the current strategy remains the recent block leader.
133503,1042,sgd_lr_0_0001,sgd_lr_0_0001,stay,False,recent_leader_same,0.0,0.0005,Stay because the current strategy remains the recent block leader.
133631,1043,sgd_lr_0_0001,sgd_lr_0_0001,stay,False,recent_leader_same,0.0,0.0005,Stay because the current strategy remains the recent block leader.
133759,1044,sgd_lr_0_0001,sgd_lr_0_0001,stay,False,recent_leader_same,0.0,0.0005,Stay because the current strategy remains the recent block leader.
133887,1045,sgd_lr_0_0001,sgd_lr_0_0001,stay,False,recent_leader_same,0.0,0.0005,Stay because the current strategy remains the recent block leader.
134015,1046,sgd_lr_0_0001,sgd_lr_0_0001,stay,False,recent_leader_same,0.0,0.0005,Stay because the current strategy remains the recent block leader.
134143,1047,sgd_lr_0_0001,sgd_lr_0_0001,stay,False,recent_leader_same,0.0,0.0005,Stay because the current strategy remains the recent block leader.
134271,1048,sgd_lr_0_0001,sgd_lr_0_0001,stay,False,recent_leader_same,0.0,0.0005,Stay because the current strategy remains the recent block leader.
134399,1049,sgd_lr_0_0001,sgd_lr_0_0001,stay,False,recent_leader_same,0.0,0.0005,Stay because the current strategy remains the recent block leader.
134527,1050,sgd_lr_0_0001,sgd_lr_0_0001,stay,False,recent_leader_same,0.0,0.0005,Stay because the current strategy remains the recent block leader.
134655,1051,sgd_lr_0_0001,sgd_lr_0_0001,stay,False,recent_leader_same,0.0,0.0005,Stay because the current strategy remains the recent block leader.
134783,1052,sgd_lr_0_0001,sgd_lr_0_0001,stay,False,recent_leader_same,0.0,0.0005,Stay because the current strategy remains the recent block leader.
134911,1053,sgd_lr_0_0001,sgd_lr_0_0001,stay,False,recent_leader_same,0.0,0.0005,Stay because the current strategy remains the recent block leader.
135039,1054,sgd_lr_0_0001,sgd_lr_0_0001,stay,False,recent_leader_same,0.0,0.0005,Stay because the current strategy remains the recent block leader.
135167,1055,sgd_lr_0_0001,sgd_lr_0_0001,stay,False,recent_leader_same,0.0,0.0005,Stay because the current strategy remains the recent block leader.
135295,1056,sgd_lr_0_0001,sgd_lr_0_0001,stay,False,recent_leader_same,0.0,0.0005,Stay because the current strategy remains the recent block leader.
135423,1057,sgd_lr_0_0001,sgd_lr_0_0001,stay,False,recent_leader_same,0.0,0.0005,Stay because the current strategy remains the recent block leader.
135551,1058,sgd_lr_0_0001,sgd_lr_0_0001,stay,False,recent_leader_same,0.0,0.0005,Stay because the current strategy remains the recent block leader.
135679,1059,sgd_lr_0_0001,sgd_lr_0_0001,stay,False,recent_leader_same,0.0,0.0005,Stay because the current strategy remains the recent block leader.
135807,1060,sgd_lr_0_0001,sgd_lr_0_0001,stay,False,recent_leader_same,0.0,0.0005,Stay because the current strategy remains the recent block leader.
135935,1061,sgd_lr_0_0001,sgd_lr_0_0001,stay,False,recent_leader_same,0.0,0.0005,Stay because the current strategy remains the recent block leader.
136063,1062,sgd_lr_0_0001,sgd_lr_0_0001,stay,False,recent_leader_same,0.0,0.0005,Stay because the current strategy remains the recent block leader.
136191,1063,sgd_lr_0_0001,sgd_lr_0_0001,stay,False,recent_leader_same,0.0,0.0005,Stay because the current strategy remains the recent block leader.
136319,1064,sgd_lr_0_0001,sgd_lr_0_0001,stay,False,recent_leader_same,0.0,0.0005,Stay because the current strategy remains the recent block leader.
136447,1065,sgd_lr_0_0001,sgd_lr_0_0001,stay,False,recent_leader_same,0.0,0.0005,Stay because the current strategy remains the recent block leader.
136575,1066,sgd_lr_0_0001,sgd_lr_0_0001,stay,False,recent_leader_same,0.0,0.0005,Stay because the current strategy remains the recent block leader.
136703,1067,sgd_lr_0_0001,sgd_lr_0_0001,stay,False,recent_leader_same,0.0,0.0005,Stay because the current strategy remains the recent block leader.
136831,1068,sgd_lr_0_0001,sgd_lr_0_0001,stay,False,recent_leader_same,0.0,0.0005,Stay because the current strategy remains the recent block leader.
136959,1069,sgd_lr_0_0001,sgd_lr_0_0001,stay,False,recent_leader_same,0.0,0.0005,Stay because the current strategy remains the recent block leader.
137087,1070,sgd_lr_0_0001,sgd_lr_0_0001,stay,False,recent_leader_same,0.0,0.0005,Stay because the current strategy remains the recent block leader.
137215,1071,sgd_lr_0_0001,sgd_lr_0_0001,stay,False,recent_leader_same,0.0,0.0005,Stay because the current strategy remains the recent block leader.
137343,1072,sgd_lr_0_0001,sgd_lr_0_0001,stay,False,recent_leader_same,0.0,0.0005,Stay because the current strategy remains the recent block leader.
137471,1073,sgd_lr_0_0001,sgd_lr_0_0001,stay,False,recent_leader_same,0.0,0.0005,Stay because the current strategy remains the recent block leader.
137599,1074,sgd_lr_0_0001,sgd_lr_0_0001,stay,False,recent_leader_same,0.0,0.0005,Stay because the current strategy remains the recent block leader.
137727,1075,sgd_lr_0_0001,sgd_lr_0_0001,stay,False,recent_leader_same,0.0,0.0005,Stay because the current strategy remains the recent block leader.
137855,1076,sgd_lr_0_0001,sgd_lr_0_0001,stay,False,recent_leader_same,0.0,0.0005,Stay because the current strategy remains the recent block leader.
137983,1077,sgd_lr_0_0001,sgd_lr_0_0001,stay,False,recent_leader_same,0.0,0.0005,Stay because the current strategy remains the recent block leader.
138111,1078,sgd_lr_0_0001,sgd_lr_0_0001,stay,False,recent_leader_same,0.0,0.0005,Stay because the current strategy remains the recent block leader.
138239,1079,sgd_lr_0_0001,sgd_lr_0_0001,stay,False,recent_leader_same,0.0,0.0005,Stay because the current strategy remains the recent block leader.
138367,1080,sgd_lr_0_0001,sgd_lr_0_0001,stay,False,recent_leader_same,0.0,0.0005,Stay because the current strategy remains the recent block leader.
138495,1081,sgd_lr_0_0001,sgd_lr_0_0001,stay,False,recent_leader_same,0.0,0.0005,Stay because the current strategy remains the recent block leader.
138623,1082,sgd_lr_0_0001,sgd_lr_0_0001,stay,False,recent_leader_same,0.0,0.0005,Stay because the current strategy remains the recent block leader.
138751,1083,sgd_lr_0_0001,sgd_lr_0_0001,stay,False,recent_leader_same,0.0,0.0005,Stay because the current strategy remains the recent block leader.
138879,1084,sgd_lr_0_0001,sgd_lr_0_0001,stay,False,recent_leader_same,0.0,0.0005,Stay because the current strategy remains the recent block leader.
139007,1085,sgd_lr_0_0001,sgd_lr_0_0001,stay,False,recent_leader_same,0.0,0.0005,Stay because the current strategy remains the recent block leader.
139135,1086,sgd_lr_0_0001,sgd_lr_0_0001,stay,False,recent_leader_same,0.0,0.0005,Stay because the current strategy remains the recent block leader.
139263,1087,sgd_lr_0_0001,sgd_lr_0_0001,stay,False,recent_leader_same,0.0,0.0005,Stay because the current strategy remains the recent block leader.
139391,1088,sgd_lr_0_0001,sgd_lr_0_0001,stay,False,recent_leader_same,0.0,0.0005,Stay because the current strategy remains the recent block leader.
139519,1089,sgd_lr_0_0001,sgd_lr_0_0001,stay,False,recent_leader_same,0.0,0.0005,Stay because the current strategy remains the recent block leader.
139647,1090,sgd_lr_0_0001,sgd_lr_0_0001,stay,False,recent_leader_same,0.0,0.0005,Stay because the current strategy remains the recent block leader.
139775,1091,sgd_lr_0_0001,sgd_lr_0_0001,stay,False,recent_leader_same,0.0,0.0005,Stay because the current strategy remains the recent block leader.
139903,1092,sgd_lr_0_0001,sgd_lr_0_0001,stay,False,recent_leader_same,0.0,0.0005,Stay because the current strategy remains the recent block leader.
140031,1093,sgd_lr_0_0001,sgd_lr_0_0001,stay,False,recent_leader_same,0.0,0.0005,Stay because the current strategy remains the recent block leader.
140159,1094,sgd_lr_0_0001,sgd_lr_0_0001,stay,False,recent_leader_same,0.0,0.0005,Stay because the current strategy remains the recent block leader.
140287,1095,sgd_lr_0_0001,sgd_lr_0_0001,stay,False,recent_leader_same,0.0,0.0005,Stay because the current strategy remains the recent block leader.
140415,1096,sgd_lr_0_0001,sgd_lr_0_0001,stay,False,recent_leader_same,0.0,0.0005,Stay because the current strategy remains the recent block leader.
140543,1097,sgd_lr_0_0001,sgd_lr_0_0001,stay,False,recent_leader_same,0.0,0.0005,Stay because the current strategy remains the recent block leader.
140671,1098,sgd_lr_0_0001,sgd_lr_0_0001,stay,False,recent_leader_same,0.0,0.0005,Stay because the current strategy remains the recent block leader.
140799,1099,sgd_lr_0_0001,sgd_lr_0_0001,stay,False,recent_leader_same,0.0,0.0005,Stay because the current strategy remains the recent block leader.
140927,1100,sgd_lr_0_0001,sgd_lr_0_0001,stay,False,recent_leader_same,0.0,0.0005,Stay because the current strategy remains the recent block leader.
141055,1101,sgd_lr_0_0001,sgd_lr_0_0001,stay,False,recent_leader_same,0.0,0.0005,Stay because the current strategy remains the recent block leader.
141183,1102,sgd_lr_0_0001,sgd_lr_0_0001,stay,False,recent_leader_same,0.0,0.0005,Stay because the current strategy remains the recent block leader.
141311,1103,sgd_lr_0_0001,sgd_lr_0_0001,stay,False,recent_leader_same,0.0,0.0005,Stay because the current strategy remains the recent block leader.
141439,1104,sgd_lr_0_0001,sgd_lr_0_0001,stay,False,recent_leader_same,0.0,0.0005,Stay because the current strategy remains the recent block leader.
141567,1105,sgd_lr_0_0001,sgd_lr_0_0001,stay,False,recent_leader_same,0.0,0.0005,Stay because the current strategy remains the recent block leader.
141695,1106,sgd_lr_0_0001,sgd_lr_0_0001,stay,False,recent_leader_same,0.0,0.0005,Stay because the current strategy remains the recent block leader.
141823,1107,sgd_lr_0_0001,sgd_lr_0_0001,stay,False,recent_leader_same,0.0,0.0005,Stay because the current strategy remains the recent block leader.
141951,1108,sgd_lr_0_0001,sgd_lr_0_0001,stay,False,recent_leader_same,0.0,0.0005,Stay because the current strategy remains the recent block leader.
142079,1109,sgd_lr_0_0001,sgd_lr_0_0001,stay,False,recent_leader_same,0.0,0.0005,Stay because the current strategy remains the recent block leader.
142207,1110,sgd_lr_0_0001,sgd_lr_0_0001,stay,False,recent_leader_same,0.0,0.0005,Stay because the current strategy remains the recent block leader.
142335,1111,sgd_lr_0_0001,sgd_lr_0_0001,stay,False,recent_leader_same,0.0,0.0005,Stay because the current strategy remains the recent block leader.
142463,1112,sgd_lr_0_0001,sgd_lr_0_0001,stay,False,recent_leader_same,0.0,0.0005,Stay because the current strategy remains the recent block leader.
142591,1113,sgd_lr_0_0001,sgd_lr_0_0001,stay,False,recent_leader_same,0.0,0.0005,Stay because the current strategy remains the recent block leader.
142719,1114,sgd_lr_0_0001,sgd_lr_0_0001,stay,False,recent_leader_same,0.0,0.0005,Stay because the current strategy remains the recent block leader.
142847,1115,sgd_lr_0_0001,sgd_lr_0_0001,stay,False,recent_leader_same,0.0,0.0005,Stay because the current strategy remains the recent block leader.
142975,1116,sgd_lr_0_0001,sgd_lr_0_0001,stay,False,recent_leader_same,0.0,0.0005,Stay because the current strategy remains the recent block leader.
143103,1117,sgd_lr_0_0001,sgd_lr_0_0001,stay,False,recent_leader_same,0.0,0.0005,Stay because the current strategy remains the recent block leader.
143231,1118,sgd_lr_0_0001,sgd_lr_0_0001,stay,False,recent_leader_same,0.0,0.0005,Stay because the current strategy remains the recent block leader.
143359,1119,sgd_lr_0_0001,sgd_lr_0_0001,stay,False,recent_leader_same,0.0,0.0005,Stay because the current strategy remains the recent block leader.
143487,1120,sgd_lr_0_0001,sgd_lr_0_0001,stay,False,recent_leader_same,0.0,0.0005,Stay because the current strategy remains the recent block leader.
143615,1121,sgd_lr_0_0001,sgd_lr_0_0001,stay,False,recent_leader_same,0.0,0.0005,Stay because the current strategy remains the recent block leader.
143743,1122,sgd_lr_0_0001,sgd_lr_0_0001,stay,False,recent_leader_same,0.0,0.0005,Stay because the current strategy remains the recent block leader.
143871,1123,sgd_lr_0_0001,sgd_lr_0_0001,stay,False,recent_leader_same,0.0,0.0005,Stay because the current strategy remains the recent block leader.
143999,1124,sgd_lr_0_0001,sgd_lr_0_0001,stay,False,recent_leader_same,0.0,0.0005,Stay because the current strategy remains the recent block leader.
144127,1125,sgd_lr_0_0001,sgd_lr_0_0001,stay,False,recent_leader_same,0.0,0.0005,Stay because the current strategy remains the recent block leader.
144255,1126,sgd_lr_0_0001,sgd_lr_0_0001,stay,False,recent_leader_same,0.0,0.0005,Stay because the current strategy remains the recent block leader.
144383,1127,sgd_lr_0_0001,sgd_lr_0_0001,stay,False,recent_leader_same,0.0,0.0005,Stay because the current strategy remains the recent block leader.
144511,1128,sgd_lr_0_0001,sgd_lr_0_0001,stay,False,recent_leader_same,0.0,0.0005,Stay because the current strategy remains the recent block leader.
144639,1129,sgd_lr_0_0001,sgd_lr_0_0001,stay,False,recent_leader_same,0.0,0.0005,Stay because the current strategy remains the recent block leader.
144767,1130,sgd_lr_0_0001,sgd_lr_0_0001,stay,False,recent_leader_same,0.0,0.0005,Stay because the current strategy remains the recent block leader.
144895,1131,sgd_lr_0_0001,sgd_lr_0_0001,stay,False,recent_leader_same,0.0,0.0005,Stay because the current strategy remains the recent block leader.
145023,1132,sgd_lr_0_0001,sgd_lr_0_0001,stay,False,recent_leader_same,0.0,0.0005,Stay because the current strategy remains the recent block leader.
145151,1133,sgd_lr_0_0001,sgd_lr_0_0001,stay,False,recent_leader_same,0.0,0.0005,Stay because the current strategy remains the recent block leader.
145279,1134,sgd_lr_0_0001,sgd_lr_0_0001,stay,False,recent_leader_same,0.0,0.0005,Stay because the current strategy remains the recent block leader.
145407,1135,sgd_lr_0_0001,sgd_lr_0_0001,stay,False,recent_leader_same,0.0,0.0005,Stay because the current strategy remains the recent block leader.
145535,1136,sgd_lr_0_0001,sgd_lr_0_0001,stay,False,recent_leader_same,0.0,0.0005,Stay because the current strategy remains the recent block leader.
145663,1137,sgd_lr_0_0001,sgd_lr_0_0001,stay,False,recent_leader_same,0.0,0.0005,Stay because the current strategy remains the recent block leader.
145791,1138,sgd_lr_0_0001,sgd_lr_0_0001,stay,False,recent_leader_same,0.0,0.0005,Stay because the current strategy remains the recent block leader.
145919,1139,sgd_lr_0_0001,sgd_lr_0_0001,stay,False,recent_leader_same,0.0,0.0005,Stay because the current strategy remains the recent block leader.
146047,1140,sgd_lr_0_0001,sgd_lr_0_0001,stay,False,recent_leader_same,0.0,0.0005,Stay because the current strategy remains the recent block leader.
146175,1141,sgd_lr_0_0001,sgd_lr_0_0001,stay,False,recent_leader_same,0.0,0.0005,Stay because the current strategy remains the recent block leader.
146303,1142,sgd_lr_0_0001,sgd_lr_0_0001,stay,False,recent_leader_same,0.0,0.0005,Stay because the current strategy remains the recent block leader.
146431,1143,sgd_lr_0_0001,sgd_lr_0_0001,stay,False,recent_leader_same,0.0,0.0005,Stay because the current strategy remains the recent block leader.
146559,1144,sgd_lr_0_0001,sgd_lr_0_0001,stay,False,recent_leader_same,0.0,0.0005,Stay because the current strategy remains the recent block leader.
146687,1145,sgd_lr_0_0001,sgd_lr_0_0001,stay,False,recent_leader_same,0.0,0.0005,Stay because the current strategy remains the recent block leader.
146815,1146,sgd_lr_0_0001,sgd_lr_0_0001,stay,False,recent_leader_same,0.0,0.0005,Stay because the current strategy remains the recent block leader.
146943,1147,sgd_lr_0_0001,sgd_lr_0_0001,stay,False,recent_leader_same,0.0,0.0005,Stay because the current strategy remains the recent block leader.
147071,1148,sgd_lr_0_0001,sgd_lr_0_0001,stay,False,recent_leader_same,0.0,0.0005,Stay because the current strategy remains the recent block leader.
147199,1149,sgd_lr_0_0001,sgd_lr_0_0001,stay,False,recent_leader_same,0.0,0.0005,Stay because the current strategy remains the recent block leader.
147327,1150,sgd_lr_0_0001,sgd_lr_0_0001,stay,False,recent_leader_same,0.0,0.0005,Stay because the current strategy remains the recent block leader.
147455,1151,sgd_lr_0_0001,sgd_lr_0_0001,stay,False,recent_leader_same,0.0,0.0005,Stay because the current strategy remains the recent block leader.
147583,1152,sgd_lr_0_0001,sgd_lr_0_0001,stay,False,recent_leader_same,0.0,0.0005,Stay because the current strategy remains the recent block leader.
147711,1153,sgd_lr_0_0001,sgd_lr_0_0001,stay,False,recent_leader_same,0.0,0.0005,Stay because the current strategy remains the recent block leader.
147839,1154,sgd_lr_0_0001,sgd_lr_0_0001,stay,False,recent_leader_same,0.0,0.0005,Stay because the current strategy remains the recent block leader.
147967,1155,sgd_lr_0_0001,sgd_lr_0_0001,stay,False,recent_leader_same,0.0,0.0005,Stay because the current strategy remains the recent block leader.
148095,1156,sgd_lr_0_0001,sgd_lr_0_0001,stay,False,recent_leader_same,0.0,0.0005,Stay because the current strategy remains the recent block leader.
148223,1157,sgd_lr_0_0001,sgd_lr_0_0001,stay,False,recent_leader_same,0.0,0.0005,Stay because the current strategy remains the recent block leader.
148351,1158,sgd_lr_0_0001,sgd_lr_0_0001,stay,False,recent_leader_same,0.0,0.0005,Stay because the current strategy remains the recent block leader.
148479,1159,sgd_lr_0_0001,sgd_lr_0_0001,stay,False,recent_leader_same,0.0,0.0005,Stay because the current strategy remains the recent block leader.
148607,1160,sgd_lr_0_0001,sgd_lr_0_0001,stay,False,recent_leader_same,0.0,0.0005,Stay because the current strategy remains the recent block leader.
148735,1161,sgd_lr_0_0001,sgd_lr_0_0001,stay,False,recent_leader_same,0.0,0.0005,Stay because the current strategy remains the recent block leader.
148863,1162,sgd_lr_0_0001,sgd_lr_0_0001,stay,False,recent_leader_same,0.0,0.0005,Stay because the current strategy remains the recent block leader.
148991,1163,sgd_lr_0_0001,sgd_lr_0_0001,stay,False,recent_leader_same,0.0,0.0005,Stay because the current strategy remains the recent block leader.
149119,1164,sgd_lr_0_0001,sgd_lr_0_0001,stay,False,recent_leader_same,0.0,0.0005,Stay because the current strategy remains the recent block leader.
149247,1165,sgd_lr_0_0001,sgd_lr_0_0001,stay,False,recent_leader_same,0.0,0.0005,Stay because the current strategy remains the recent block leader.
149375,1166,sgd_lr_0_0001,sgd_lr_0_0001,stay,False,recent_leader_same,0.0,0.0005,Stay because the current strategy remains the recent block leader.
149503,1167,sgd_lr_0_0001,sgd_lr_0_0001,stay,False,recent_leader_same,0.0,0.0005,Stay because the current strategy remains the recent block leader.
149631,1168,sgd_lr_0_0001,sgd_lr_0_0001,stay,False,recent_leader_same,0.0,0.0005,Stay because the current strategy remains the recent block leader.
149759,1169,sgd_lr_0_0001,sgd_lr_0_0001,stay,False,recent_leader_same,0.0,0.0005,Stay because the current strategy remains the recent block leader.
149887,1170,sgd_lr_0_0001,sgd_lr_0_0001,stay,False,recent_leader_same,0.0,0.0005,Stay because the current strategy remains the recent block leader.
150015,1171,sgd_lr_0_0001,sgd_lr_0_0001,stay,False,recent_leader_same,0.0,0.0005,Stay because the current strategy remains the recent block leader.
150143,1172,sgd_lr_0_0001,sgd_lr_0_0001,stay,False,recent_leader_same,0.0,0.0005,Stay because the current strategy remains the recent block leader.
150271,1173,sgd_lr_0_0001,sgd_lr_0_0001,stay,False,recent_leader_same,0.0,0.0005,Stay because the current strategy remains the recent block leader.
150399,1174,sgd_lr_0_0001,sgd_lr_0_0001,stay,False,recent_leader_same,0.0,0.0005,Stay because the current strategy remains the recent block leader.
150527,1175,sgd_lr_0_0001,sgd_lr_0_0001,stay,False,recent_leader_same,0.0,0.0005,Stay because the current strategy remains the recent block leader.
150655,1176,sgd_lr_0_0001,sgd_lr_0_0001,stay,False,recent_leader_same,0.0,0.0005,Stay because the current strategy remains the recent block leader.
150783,1177,sgd_lr_0_0001,sgd_lr_0_0001,stay,False,recent_leader_same,0.0,0.0005,Stay because the current strategy remains the recent block leader.
150911,1178,sgd_lr_0_0001,sgd_lr_0_0001,stay,False,recent_leader_same,0.0,0.0005,Stay because the current strategy remains the recent block leader.
151039,1179,sgd_lr_0_0001,sgd_lr_0_0001,stay,False,recent_leader_same,0.0,0.0005,Stay because the current strategy remains the recent block leader.
151167,1180,sgd_lr_0_0001,sgd_lr_0_0001,stay,False,recent_leader_same,0.0,0.0005,Stay because the current strategy remains the recent block leader.
151295,1181,sgd_lr_0_0001,sgd_lr_0_0001,stay,False,recent_leader_same,0.0,0.0005,Stay because the current strategy remains the recent block leader.
151423,1182,sgd_lr_0_0001,sgd_lr_0_0001,stay,False,recent_leader_same,0.0,0.0005,Stay because the current strategy remains the recent block leader.
151551,1183,sgd_lr_0_0001,sgd_lr_0_0001,stay,False,recent_leader_same,0.0,0.0005,Stay because the current strategy remains the recent block leader.
151679,1184,sgd_lr_0_0001,sgd_lr_0_0001,stay,False,recent_leader_same,0.0,0.0005,Stay because the current strategy remains the recent block leader.
151807,1185,sgd_lr_0_0001,sgd_lr_0_0001,stay,False,recent_leader_same,0.0,0.0005,Stay because the current strategy remains the recent block leader.
151935,1186,sgd_lr_0_0001,sgd_lr_0_0001,stay,False,recent_leader_same,0.0,0.0005,Stay because the current strategy remains the recent block leader.
152063,1187,sgd_lr_0_0001,sgd_lr_0_0001,stay,False,recent_leader_same,0.0,0.0005,Stay because the current strategy remains the recent block leader.
152191,1188,sgd_lr_0_0001,sgd_lr_0_0001,stay,False,recent_leader_same,0.0,0.0005,Stay because the current strategy remains the recent block leader.
152319,1189,sgd_lr_0_0001,sgd_lr_0_0001,stay,False,recent_leader_same,0.0,0.0005,Stay because the current strategy remains the recent block leader.
152447,1190,sgd_lr_0_0001,sgd_lr_0_0001,stay,False,recent_leader_same,0.0,0.0005,Stay because the current strategy remains the recent block leader.
152575,1191,sgd_lr_0_0001,sgd_lr_0_0001,stay,False,recent_leader_same,0.0,0.0005,Stay because the current strategy remains the recent block leader.
152703,1192,sgd_lr_0_0001,sgd_lr_0_0001,stay,False,recent_leader_same,0.0,0.0005,Stay because the current strategy remains the recent block leader.
152831,1193,sgd_lr_0_0001,sgd_lr_0_0001,stay,False,recent_leader_same,0.0,0.0005,Stay because the current strategy remains the recent block leader.
152959,1194,sgd_lr_0_0001,sgd_lr_0_0001,stay,False,recent_leader_same,0.0,0.0005,Stay because the current strategy remains the recent block leader.
153087,1195,sgd_lr_0_0001,sgd_lr_0_0001,stay,False,recent_leader_same,0.0,0.0005,Stay because the current strategy remains the recent block leader.
153215,1196,sgd_lr_0_0001,sgd_lr_0_0001,stay,False,recent_leader_same,0.0,0.0005,Stay because the current strategy remains the recent block leader.
153343,1197,sgd_lr_0_0001,sgd_lr_0_0001,stay,False,recent_leader_same,0.0,0.0005,Stay because the current strategy remains the recent block leader.
153471,1198,sgd_lr_0_0001,sgd_lr_0_0001,stay,False,recent_leader_same,0.0,0.0005,Stay because the current strategy remains the recent block leader.
153599,1199,sgd_lr_0_0001,sgd_lr_0_0001,stay,False,recent_leader_same,0.0,0.0005,Stay because the current strategy remains the recent block leader.
153727,1200,sgd_lr_0_0001,sgd_lr_0_0001,stay,False,recent_leader_same,0.0,0.0005,Stay because the current strategy remains the recent block leader.
153855,1201,sgd_lr_0_0001,sgd_lr_0_0001,stay,False,recent_leader_same,0.0,0.0005,Stay because the current strategy remains the recent block leader.
153983,1202,sgd_lr_0_0001,sgd_lr_0_0001,stay,False,recent_leader_same,0.0,0.0005,Stay because the current strategy remains the recent block leader.
154111,1203,sgd_lr_0_0001,sgd_lr_0_0001,stay,False,recent_leader_same,0.0,0.0005,Stay because the current strategy remains the recent block leader.
154239,1204,sgd_lr_0_0001,sgd_lr_0_0001,stay,False,recent_leader_same,0.0,0.0005,Stay because the current strategy remains the recent block leader.
154367,1205,sgd_lr_0_0001,sgd_lr_0_0001,stay,False,recent_leader_same,0.0,0.0005,Stay because the current strategy remains the recent block leader.
154495,1206,sgd_lr_0_0001,sgd_lr_0_0001,stay,False,recent_leader_same,0.0,0.0005,Stay because the current strategy remains the recent block leader.
154623,1207,sgd_lr_0_0001,sgd_lr_0_0001,stay,False,recent_leader_same,0.0,0.0005,Stay because the current strategy remains the recent block leader.
154751,1208,sgd_lr_0_0001,sgd_lr_0_0001,stay,False,recent_leader_same,0.0,0.0005,Stay because the current strategy remains the recent block leader.
154879,1209,sgd_lr_0_0001,sgd_lr_0_0001,stay,False,recent_leader_same,0.0,0.0005,Stay because the current strategy remains the recent block leader.
155007,1210,sgd_lr_0_0001,sgd_lr_0_0001,stay,False,recent_leader_same,0.0,0.0005,Stay because the current strategy remains the recent block leader.
155135,1211,sgd_lr_0_0001,sgd_lr_0_0001,stay,False,recent_leader_same,0.0,0.0005,Stay because the current strategy remains the recent block leader.
155263,1212,sgd_lr_0_0001,sgd_lr_0_0001,stay,False,recent_leader_same,0.0,0.0005,Stay because the current strategy remains the recent block leader.
155391,1213,sgd_lr_0_0001,sgd_lr_0_0001,stay,False,recent_leader_same,0.0,0.0005,Stay because the current strategy remains the recent block leader.
155519,1214,sgd_lr_0_0001,sgd_lr_0_0001,stay,False,recent_leader_same,0.0,0.0005,Stay because the current strategy remains the recent block leader.
155647,1215,sgd_lr_0_0001,sgd_lr_0_0001,stay,False,recent_leader_same,0.0,0.0005,Stay because the current strategy remains the recent block leader.
155775,1216,sgd_lr_0_0001,sgd_lr_0_0001,stay,False,recent_leader_same,0.0,0.0005,Stay because the current strategy remains the recent block leader.
155903,1217,sgd_lr_0_0001,sgd_lr_0_0001,stay,False,recent_leader_same,0.0,0.0005,Stay because the current strategy remains the recent block leader.
156031,1218,sgd_lr_0_0001,sgd_lr_0_0001,stay,False,recent_leader_same,0.0,0.0005,Stay because the current strategy remains the recent block leader.
156159,1219,sgd_lr_0_0001,sgd_lr_0_0001,stay,False,recent_leader_same,0.0,0.0005,Stay because the current strategy remains the recent block leader.
156287,1220,sgd_lr_0_0001,sgd_lr_0_0001,stay,False,recent_leader_same,0.0,0.0005,Stay because the current strategy remains the recent block leader.
156415,1221,sgd_lr_0_0001,sgd_lr_0_0001,stay,False,recent_leader_same,0.0,0.0005,Stay because the current strategy remains the recent block leader.
156543,1222,sgd_lr_0_0001,sgd_lr_0_0001,stay,False,recent_leader_same,0.0,0.0005,Stay because the current strategy remains the recent block leader.
156671,1223,sgd_lr_0_0001,sgd_lr_0_0001,stay,False,recent_leader_same,0.0,0.0005,Stay because the current strategy remains the recent block leader.
156799,1224,sgd_lr_0_0001,sgd_lr_0_0001,stay,False,recent_leader_same,0.0,0.0005,Stay because the current strategy remains the recent block leader.
156927,1225,sgd_lr_0_0001,sgd_lr_0_0001,stay,False,recent_leader_same,0.0,0.0005,Stay because the current strategy remains the recent block leader.
157055,1226,sgd_lr_0_0001,sgd_lr_0_0001,stay,False,recent_leader_same,0.0,0.0005,Stay because the current strategy remains the recent block leader.
157183,1227,sgd_lr_0_0001,sgd_lr_0_0001,stay,False,recent_leader_same,0.0,0.0005,Stay because the current strategy remains the recent block leader.
157311,1228,sgd_lr_0_0001,sgd_lr_0_0001,stay,False,recent_leader_same,0.0,0.0005,Stay because the current strategy remains the recent block leader.
157439,1229,sgd_lr_0_0001,sgd_lr_0_0001,stay,False,recent_leader_same,0.0,0.0005,Stay because the current strategy remains the recent block leader.
157567,1230,sgd_lr_0_0001,sgd_lr_0_0001,stay,False,recent_leader_same,0.0,0.0005,Stay because the current strategy remains the recent block leader.
157695,1231,sgd_lr_0_0001,sgd_lr_0_0001,stay,False,recent_leader_same,0.0,0.0005,Stay because the current strategy remains the recent block leader.
157823,1232,sgd_lr_0_0001,sgd_lr_0_0001,stay,False,recent_leader_same,0.0,0.0005,Stay because the current strategy remains the recent block leader.
157951,1233,sgd_lr_0_0001,sgd_lr_0_0001,stay,False,recent_leader_same,0.0,0.0005,Stay because the current strategy remains the recent block leader.
158079,1234,sgd_lr_0_0001,sgd_lr_0_0001,stay,False,recent_leader_same,0.0,0.0005,Stay because the current strategy remains the recent block leader.
158207,1235,sgd_lr_0_0001,sgd_lr_0_0001,stay,False,recent_leader_same,0.0,0.0005,Stay because the current strategy remains the recent block leader.
158335,1236,sgd_lr_0_0001,sgd_lr_0_0001,stay,False,recent_leader_same,0.0,0.0005,Stay because the current strategy remains the recent block leader.
158463,1237,sgd_lr_0_0001,sgd_lr_0_0001,stay,False,recent_leader_same,0.0,0.0005,Stay because the current strategy remains the recent block leader.
158591,1238,sgd_lr_0_0001,sgd_lr_0_0001,stay,False,recent_leader_same,0.0,0.0005,Stay because the current strategy remains the recent block leader.
158719,1239,sgd_lr_0_0001,sgd_lr_0_0001,stay,False,recent_leader_same,0.0,0.0005,Stay because the current strategy remains the recent block leader.
158847,1240,sgd_lr_0_0001,sgd_lr_0_0001,stay,False,recent_leader_same,0.0,0.0005,Stay because the current strategy remains the recent block leader.
158975,1241,sgd_lr_0_0001,sgd_lr_0_0001,stay,False,recent_leader_same,0.0,0.0005,Stay because the current strategy remains the recent block leader.
159103,1242,sgd_lr_0_0001,sgd_lr_0_0001,stay,False,recent_leader_same,0.0,0.0005,Stay because the current strategy remains the recent block leader.
159231,1243,sgd_lr_0_0001,sgd_lr_0_0001,stay,False,recent_leader_same,0.0,0.0005,Stay because the current strategy remains the recent block leader.
159359,1244,sgd_lr_0_0001,sgd_lr_0_0001,stay,False,recent_leader_same,0.0,0.0005,Stay because the current strategy remains the recent block leader.
159487,1245,sgd_lr_0_0001,sgd_lr_0_0001,stay,False,recent_leader_same,0.0,0.0005,Stay because the current strategy remains the recent block leader.
159615,1246,sgd_lr_0_0001,sgd_lr_0_0001,stay,False,recent_leader_same,0.0,0.0005,Stay because the current strategy remains the recent block leader.
159743,1247,sgd_lr_0_0001,sgd_lr_0_0001,stay,False,recent_leader_same,0.0,0.0005,Stay because the current strategy remains the recent block leader.
159871,1248,sgd_lr_0_0001,sgd_lr_0_0001,stay,False,recent_leader_same,0.0,0.0005,Stay because the current strategy remains the recent block leader.
159999,1249,sgd_lr_0_0001,sgd_lr_0_0001,stay,False,recent_leader_same,0.0,0.0005,Stay because the current strategy remains the recent block leader.
160127,1250,sgd_lr_0_0001,sgd_lr_0_0001,stay,False,recent_leader_same,0.0,0.0005,Stay because the current strategy remains the recent block leader.
160255,1251,sgd_lr_0_0001,sgd_lr_0_0001,stay,False,recent_leader_same,0.0,0.0005,Stay because the current strategy remains the recent block leader.
160383,1252,sgd_lr_0_0001,sgd_lr_0_0001,stay,False,recent_leader_same,0.0,0.0005,Stay because the current strategy remains the recent block leader.
160511,1253,sgd_lr_0_0001,sgd_lr_0_0001,stay,False,recent_leader_same,0.0,0.0005,Stay because the current strategy remains the recent block leader.
160639,1254,sgd_lr_0_0001,sgd_lr_0_0001,stay,False,recent_leader_same,0.0,0.0005,Stay because the current strategy remains the recent block leader.
160767,1255,sgd_lr_0_0001,sgd_lr_0_0001,stay,False,recent_leader_same,0.0,0.0005,Stay because the current strategy remains the recent block leader.
160895,1256,sgd_lr_0_0001,sgd_lr_0_0001,stay,False,recent_leader_same,0.0,0.0005,Stay because the current strategy remains the recent block leader.
161023,1257,sgd_lr_0_0001,sgd_lr_0_0001,stay,False,recent_leader_same,0.0,0.0005,Stay because the current strategy remains the recent block leader.
161151,1258,sgd_lr_0_0001,sgd_lr_0_0001,stay,False,recent_leader_same,0.0,0.0005,Stay because the current strategy remains the recent block leader.
161279,1259,sgd_lr_0_0001,sgd_lr_0_0001,stay,False,recent_leader_same,0.0,0.0005,Stay because the current strategy remains the recent block leader.
161407,1260,sgd_lr_0_0001,sgd_lr_0_0001,stay,False,recent_leader_same,0.0,0.0005,Stay because the current strategy remains the recent block leader.
161535,1261,sgd_lr_0_0001,sgd_lr_0_0001,stay,False,recent_leader_same,0.0,0.0005,Stay because the current strategy remains the recent block leader.
161663,1262,sgd_lr_0_0001,sgd_lr_0_0001,stay,False,recent_leader_same,0.0,0.0005,Stay because the current strategy remains the recent block leader.
161791,1263,sgd_lr_0_0001,sgd_lr_0_0001,stay,False,recent_leader_same,0.0,0.0005,Stay because the current strategy remains the recent block leader.
161919,1264,sgd_lr_0_0001,sgd_lr_0_0001,stay,False,recent_leader_same,0.0,0.0005,Stay because the current strategy remains the recent block leader.
162047,1265,sgd_lr_0_0001,sgd_lr_0_0001,stay,False,recent_leader_same,0.0,0.0005,Stay because the current strategy remains the recent block leader.
162175,1266,sgd_lr_0_0001,sgd_lr_0_0001,stay,False,recent_leader_same,0.0,0.0005,Stay because the current strategy remains the recent block leader.
162303,1267,sgd_lr_0_0001,sgd_lr_0_0001,stay,False,recent_leader_same,0.0,0.0005,Stay because the current strategy remains the recent block leader.
162431,1268,sgd_lr_0_0001,sgd_lr_0_0001,stay,False,recent_leader_same,0.0,0.0005,Stay because the current strategy remains the recent block leader.
162559,1269,sgd_lr_0_0001,sgd_lr_0_0001,stay,False,recent_leader_same,0.0,0.0005,Stay because the current strategy remains the recent block leader.
162687,1270,sgd_lr_0_0001,sgd_lr_0_0001,stay,False,recent_leader_same,0.0,0.0005,Stay because the current strategy remains the recent block leader.
162815,1271,sgd_lr_0_0001,sgd_lr_0_0001,stay,False,recent_leader_same,0.0,0.0005,Stay because the current strategy remains the recent block leader.
162943,1272,sgd_lr_0_0001,sgd_lr_0_0001,stay,False,recent_leader_same,0.0,0.0005,Stay because the current strategy remains the recent block leader.
163071,1273,sgd_lr_0_0001,sgd_lr_0_0001,stay,False,recent_leader_same,0.0,0.0005,Stay because the current strategy remains the recent block leader.
163199,1274,sgd_lr_0_0001,sgd_lr_0_0001,stay,False,recent_leader_same,0.0,0.0005,Stay because the current strategy remains the recent block leader.
163327,1275,sgd_lr_0_0001,sgd_lr_0_0001,stay,False,recent_leader_same,0.0,0.0005,Stay because the current strategy remains the recent block leader.
163455,1276,sgd_lr_0_0001,sgd_lr_0_0001,stay,False,recent_leader_same,0.0,0.0005,Stay because the current strategy remains the recent block leader.
163583,1277,sgd_lr_0_0001,sgd_lr_0_0001,stay,False,recent_leader_same,0.0,0.0005,Stay because the current strategy remains the recent block leader.
163711,1278,sgd_lr_0_0001,sgd_lr_0_0001,stay,False,recent_leader_same,0.0,0.0005,Stay because the current strategy remains the recent block leader.
163839,1279,sgd_lr_0_0001,sgd_lr_0_0001,stay,False,recent_leader_same,0.0,0.0005,Stay because the current strategy remains the recent block leader.
163967,1280,sgd_lr_0_0001,sgd_lr_0_0001,stay,False,recent_leader_same,0.0,0.0005,Stay because the current strategy remains the recent block leader.
164095,1281,sgd_lr_0_0001,sgd_lr_0_0001,stay,False,recent_leader_same,0.0,0.0005,Stay because the current strategy remains the recent block leader.
164223,1282,sgd_lr_0_0001,sgd_lr_0_0001,stay,False,recent_leader_same,0.0,0.0005,Stay because the current strategy remains the recent block leader.
164351,1283,sgd_lr_0_0001,sgd_lr_0_0001,stay,False,recent_leader_same,0.0,0.0005,Stay because the current strategy remains the recent block leader.
164479,1284,sgd_lr_0_0001,sgd_lr_0_0001,stay,False,recent_leader_same,0.0,0.0005,Stay because the current strategy remains the recent block leader.
164607,1285,sgd_lr_0_0001,sgd_lr_0_0001,stay,False,recent_leader_same,0.0,0.0005,Stay because the current strategy remains the recent block leader.
164735,1286,sgd_lr_0_0001,sgd_lr_0_0001,stay,False,recent_leader_same,0.0,0.0005,Stay because the current strategy remains the recent block leader.
164863,1287,sgd_lr_0_0001,sgd_lr_0_0001,stay,False,recent_leader_same,0.0,0.0005,Stay because the current strategy remains the recent block leader.
164991,1288,sgd_lr_0_0001,sgd_lr_0_0001,stay,False,recent_leader_same,0.0,0.0005,Stay because the current strategy remains the recent block leader.
165119,1289,sgd_lr_0_0001,sgd_lr_0_0001,stay,False,recent_leader_same,0.0,0.0005,Stay because the current strategy remains the recent block leader.
165247,1290,sgd_lr_0_0001,sgd_lr_0_0001,stay,False,recent_leader_same,0.0,0.0005,Stay because the current strategy remains the recent block leader.
165375,1291,sgd_lr_0_0001,sgd_lr_0_0001,stay,False,recent_leader_same,0.0,0.0005,Stay because the current strategy remains the recent block leader.
165503,1292,sgd_lr_0_0001,sgd_lr_0_0001,stay,False,recent_leader_same,0.0,0.0005,Stay because the current strategy remains the recent block leader.
165631,1293,sgd_lr_0_0001,sgd_lr_0_0001,stay,False,recent_leader_same,0.0,0.0005,Stay because the current strategy remains the recent block leader.
165759,1294,sgd_lr_0_0001,sgd_lr_0_0001,stay,False,recent_leader_same,0.0,0.0005,Stay because the current strategy remains the recent block leader.
165887,1295,sgd_lr_0_0001,sgd_lr_0_0001,stay,False,recent_leader_same,0.0,0.0005,Stay because the current strategy remains the recent block leader.
166015,1296,sgd_lr_0_0001,sgd_lr_0_0001,stay,False,recent_leader_same,0.0,0.0005,Stay because the current strategy remains the recent block leader.
166143,1297,sgd_lr_0_0001,sgd_lr_0_0001,stay,False,recent_leader_same,0.0,0.0005,Stay because the current strategy remains the recent block leader.
166271,1298,sgd_lr_0_0001,sgd_lr_0_0001,stay,False,recent_leader_same,0.0,0.0005,Stay because the current strategy remains the recent block leader.
166399,1299,sgd_lr_0_0001,sgd_lr_0_0001,stay,False,recent_leader_same,0.0,0.0005,Stay because the current strategy remains the recent block leader.
166527,1300,sgd_lr_0_0001,sgd_lr_0_0001,stay,False,recent_leader_same,0.0,0.0005,Stay because the current strategy remains the recent block leader.
166655,1301,sgd_lr_0_0001,sgd_lr_0_0001,stay,False,recent_leader_same,0.0,0.0005,Stay because the current strategy remains the recent block leader.
166783,1302,sgd_lr_0_0001,sgd_lr_0_0001,stay,False,recent_leader_same,0.0,0.0005,Stay because the current strategy remains the recent block leader.
166911,1303,sgd_lr_0_0001,sgd_lr_0_0001,stay,False,recent_leader_same,0.0,0.0005,Stay because the current strategy remains the recent block leader.
167039,1304,sgd_lr_0_0001,sgd_lr_0_0001,stay,False,recent_leader_same,0.0,0.0005,Stay because the current strategy remains the recent block leader.
167167,1305,sgd_lr_0_0001,sgd_lr_0_0001,stay,False,recent_leader_same,0.0,0.0005,Stay because the current strategy remains the recent block leader.
167295,1306,sgd_lr_0_0001,sgd_lr_0_0001,stay,False,recent_leader_same,0.0,0.0005,Stay because the current strategy remains the recent block leader.
167423,1307,sgd_lr_0_0001,sgd_lr_0_0001,stay,False,recent_leader_same,0.0,0.0005,Stay because the current strategy remains the recent block leader.
167551,1308,sgd_lr_0_0001,sgd_lr_0_0001,stay,False,recent_leader_same,0.0,0.0005,Stay because the current strategy remains the recent block leader.
167679,1309,sgd_lr_0_0001,sgd_lr_0_0001,stay,False,recent_leader_same,0.0,0.0005,Stay because the current strategy remains the recent block leader.
167807,1310,sgd_lr_0_0001,sgd_lr_0_0001,stay,False,recent_leader_same,0.0,0.0005,Stay because the current strategy remains the recent block leader.
167935,1311,sgd_lr_0_0001,sgd_lr_0_0001,stay,False,recent_leader_same,0.0,0.0005,Stay because the current strategy remains the recent block leader.
168063,1312,sgd_lr_0_0001,sgd_lr_0_0001,stay,False,recent_leader_same,0.0,0.0005,Stay because the current strategy remains the recent block leader.
168191,1313,sgd_lr_0_0001,sgd_lr_0_0001,stay,False,recent_leader_same,0.0,0.0005,Stay because the current strategy remains the recent block leader.
168319,1314,sgd_lr_0_0001,sgd_lr_0_0001,stay,False,recent_leader_same,0.0,0.0005,Stay because the current strategy remains the recent block leader.
168447,1315,sgd_lr_0_0001,sgd_lr_0_0001,stay,False,recent_leader_same,0.0,0.0005,Stay because the current strategy remains the recent block leader.
168575,1316,sgd_lr_0_0001,sgd_lr_0_0001,stay,False,recent_leader_same,0.0,0.0005,Stay because the current strategy remains the recent block leader.
168703,1317,sgd_lr_0_0001,sgd_lr_0_0001,stay,False,recent_leader_same,0.0,0.0005,Stay because the current strategy remains the recent block leader.
168831,1318,sgd_lr_0_0001,sgd_lr_0_0001,stay,False,recent_leader_same,0.0,0.0005,Stay because the current strategy remains the recent block leader.
168959,1319,sgd_lr_0_0001,sgd_lr_0_0001,stay,False,recent_leader_same,0.0,0.0005,Stay because the current strategy remains the recent block leader.
169087,1320,sgd_lr_0_0001,sgd_lr_0_0001,stay,False,recent_leader_same,0.0,0.0005,Stay because the current strategy remains the recent block leader.
169215,1321,sgd_lr_0_0001,sgd_lr_0_0001,stay,False,recent_leader_same,0.0,0.0005,Stay because the current strategy remains the recent block leader.
169343,1322,sgd_lr_0_0001,sgd_lr_0_0001,stay,False,recent_leader_same,0.0,0.0005,Stay because the current strategy remains the recent block leader.
169471,1323,sgd_lr_0_0001,sgd_lr_0_0001,stay,False,recent_leader_same,0.0,0.0005,Stay because the current strategy remains the recent block leader.
169599,1324,sgd_lr_0_0001,sgd_lr_0_0001,stay,False,recent_leader_same,0.0,0.0005,Stay because the current strategy remains the recent block leader.
169727,1325,sgd_lr_0_0001,sgd_lr_0_0001,stay,False,recent_leader_same,0.0,0.0005,Stay because the current strategy remains the recent block leader.
169855,1326,sgd_lr_0_0001,sgd_lr_0_0001,stay,False,recent_leader_same,0.0,0.0005,Stay because the current strategy remains the recent block leader.
169983,1327,sgd_lr_0_0001,sgd_lr_0_0001,stay,False,recent_leader_same,0.0,0.0005,Stay because the current strategy remains the recent block leader.
170111,1328,sgd_lr_0_0001,sgd_lr_0_0001,stay,False,recent_leader_same,0.0,0.0005,Stay because the current strategy remains the recent block leader.
170239,1329,sgd_lr_0_0001,sgd_lr_0_0001,stay,False,recent_leader_same,0.0,0.0005,Stay because the current strategy remains the recent block leader.
170367,1330,sgd_lr_0_0001,sgd_lr_0_0001,stay,False,recent_leader_same,0.0,0.0005,Stay because the current strategy remains the recent block leader.
170495,1331,sgd_lr_0_0001,sgd_lr_0_0001,stay,False,recent_leader_same,0.0,0.0005,Stay because the current strategy remains the recent block leader.
170623,1332,sgd_lr_0_0001,sgd_lr_0_0001,stay,False,recent_leader_same,0.0,0.0005,Stay because the current strategy remains the recent block leader.
170751,1333,sgd_lr_0_0001,sgd_lr_0_0001,stay,False,recent_leader_same,0.0,0.0005,Stay because the current strategy remains the recent block leader.
170879,1334,sgd_lr_0_0001,sgd_lr_0_0001,stay,False,recent_leader_same,0.0,0.0005,Stay because the current strategy remains the recent block leader.
171007,1335,sgd_lr_0_0001,sgd_lr_0_0001,stay,False,recent_leader_same,0.0,0.0005,Stay because the current strategy remains the recent block leader.
171135,1336,sgd_lr_0_0001,sgd_lr_0_0001,stay,False,recent_leader_same,0.0,0.0005,Stay because the current strategy remains the recent block leader.
171263,1337,sgd_lr_0_0001,sgd_lr_0_0001,stay,False,recent_leader_same,0.0,0.0005,Stay because the current strategy remains the recent block leader.
171391,1338,sgd_lr_0_0001,sgd_lr_0_0001,stay,False,recent_leader_same,0.0,0.0005,Stay because the current strategy remains the recent block leader.
171519,1339,sgd_lr_0_0001,sgd_lr_0_0001,stay,False,recent_leader_same,0.0,0.0005,Stay because the current strategy remains the recent block leader.
171647,1340,sgd_lr_0_0001,sgd_lr_0_0001,stay,False,recent_leader_same,0.0,0.0005,Stay because the current strategy remains the recent block leader.
171775,1341,sgd_lr_0_0001,sgd_lr_0_0001,stay,False,recent_leader_same,0.0,0.0005,Stay because the current strategy remains the recent block leader.
171903,1342,sgd_lr_0_0001,sgd_lr_0_0001,stay,False,recent_leader_same,0.0,0.0005,Stay because the current strategy remains the recent block leader.
172031,1343,sgd_lr_0_0001,sgd_lr_0_0001,stay,False,recent_leader_same,0.0,0.0005,Stay because the current strategy remains the recent block leader.
172159,1344,sgd_lr_0_0001,sgd_lr_0_0001,stay,False,recent_leader_same,0.0,0.0005,Stay because the current strategy remains the recent block leader.
172287,1345,sgd_lr_0_0001,sgd_lr_0_0001,stay,False,recent_leader_same,0.0,0.0005,Stay because the current strategy remains the recent block leader.
172415,1346,sgd_lr_0_0001,sgd_lr_0_0001,stay,False,recent_leader_same,0.0,0.0005,Stay because the current strategy remains the recent block leader.
172543,1347,sgd_lr_0_0001,sgd_lr_0_0001,stay,False,recent_leader_same,0.0,0.0005,Stay because the current strategy remains the recent block leader.
172671,1348,sgd_lr_0_0001,sgd_lr_0_0001,stay,False,recent_leader_same,0.0,0.0005,Stay because the current strategy remains the recent block leader.
172799,1349,sgd_lr_0_0001,sgd_lr_0_0001,stay,False,recent_leader_same,0.0,0.0005,Stay because the current strategy remains the recent block leader.
172927,1350,sgd_lr_0_0001,sgd_lr_0_0001,stay,False,recent_leader_same,0.0,0.0005,Stay because the current strategy remains the recent block leader.
173055,1351,sgd_lr_0_0001,sgd_lr_0_0001,stay,False,recent_leader_same,0.0,0.0005,Stay because the current strategy remains the recent block leader.
173183,1352,sgd_lr_0_0001,sgd_lr_0_0001,stay,False,recent_leader_same,0.0,0.0005,Stay because the current strategy remains the recent block leader.
173311,1353,sgd_lr_0_0001,sgd_lr_0_0001,stay,False,recent_leader_same,0.0,0.0005,Stay because the current strategy remains the recent block leader.
173439,1354,sgd_lr_0_0001,sgd_lr_0_0001,stay,False,recent_leader_same,0.0,0.0005,Stay because the current strategy remains the recent block leader.
173567,1355,sgd_lr_0_0001,sgd_lr_0_0001,stay,False,recent_leader_same,0.0,0.0005,Stay because the current strategy remains the recent block leader.
173695,1356,sgd_lr_0_0001,sgd_lr_0_0001,stay,False,recent_leader_same,0.0,0.0005,Stay because the current strategy remains the recent block leader.
173823,1357,sgd_lr_0_0001,sgd_lr_0_0001,stay,False,recent_leader_same,0.0,0.0005,Stay because the current strategy remains the recent block leader.
173951,1358,sgd_lr_0_0001,sgd_lr_0_0001,stay,False,recent_leader_same,0.0,0.0005,Stay because the current strategy remains the recent block leader.
174079,1359,sgd_lr_0_0001,sgd_lr_0_0001,stay,False,recent_leader_same,0.0,0.0005,Stay because the current strategy remains the recent block leader.
174207,1360,sgd_lr_0_0001,sgd_lr_0_0001,stay,False,recent_leader_same,0.0,0.0005,Stay because the current strategy remains the recent block leader.
174335,1361,sgd_lr_0_0001,sgd_lr_0_0001,stay,False,recent_leader_same,0.0,0.0005,Stay because the current strategy remains the recent block leader.
174463,1362,sgd_lr_0_0001,sgd_lr_0_0001,stay,False,recent_leader_same,0.0,0.0005,Stay because the current strategy remains the recent block leader.
174591,1363,sgd_lr_0_0001,sgd_lr_0_0001,stay,False,recent_leader_same,0.0,0.0005,Stay because the current strategy remains the recent block leader.
174719,1364,sgd_lr_0_0001,sgd_lr_0_0001,stay,False,recent_leader_same,0.0,0.0005,Stay because the current strategy remains the recent block leader.
174847,1365,sgd_lr_0_0001,sgd_lr_0_0001,stay,False,recent_leader_same,0.0,0.0005,Stay because the current strategy remains the recent block leader.
174975,1366,sgd_lr_0_0001,sgd_lr_0_0001,stay,False,recent_leader_same,0.0,0.0005,Stay because the current strategy remains the recent block leader.
175103,1367,sgd_lr_0_0001,sgd_lr_0_0001,stay,False,recent_leader_same,0.0,0.0005,Stay because the current strategy remains the recent block leader.
175231,1368,sgd_lr_0_0001,sgd_lr_0_0001,stay,False,recent_leader_same,0.0,0.0005,Stay because the current strategy remains the recent block leader.
175359,1369,sgd_lr_0_0001,sgd_lr_0_0001,stay,False,recent_leader_same,0.0,0.0005,Stay because the current strategy remains the recent block leader.
175487,1370,sgd_lr_0_0001,sgd_lr_0_0001,stay,False,recent_leader_same,0.0,0.0005,Stay because the current strategy remains the recent block leader.
175615,1371,sgd_lr_0_0001,sgd_lr_0_0001,stay,False,recent_leader_same,0.0,0.0005,Stay because the current strategy remains the recent block leader.
175743,1372,sgd_lr_0_0001,sgd_lr_0_0001,stay,False,recent_leader_same,0.0,0.0005,Stay because the current strategy remains the recent block leader.
175871,1373,sgd_lr_0_0001,sgd_lr_0_0001,stay,False,recent_leader_same,0.0,0.0005,Stay because the current strategy remains the recent block leader.
175999,1374,sgd_lr_0_0001,sgd_lr_0_0001,stay,False,recent_leader_same,0.0,0.0005,Stay because the current strategy remains the recent block leader.
176127,1375,sgd_lr_0_0001,sgd_lr_0_0001,stay,False,recent_leader_same,0.0,0.0005,Stay because the current strategy remains the recent block leader.
176255,1376,sgd_lr_0_0001,sgd_lr_0_0001,stay,False,recent_leader_same,0.0,0.0005,Stay because the current strategy remains the recent block leader.
176383,1377,sgd_lr_0_0001,sgd_lr_0_0001,stay,False,recent_leader_same,0.0,0.0005,Stay because the current strategy remains the recent block leader.
176511,1378,sgd_lr_0_0001,sgd_lr_0_0001,stay,False,recent_leader_same,0.0,0.0005,Stay because the current strategy remains the recent block leader.
176639,1379,sgd_lr_0_0001,sgd_lr_0_0001,stay,False,recent_leader_same,0.0,0.0005,Stay because the current strategy remains the recent block leader.
176767,1380,sgd_lr_0_0001,sgd_lr_0_0001,stay,False,recent_leader_same,0.0,0.0005,Stay because the current strategy remains the recent block leader.
176895,1381,sgd_lr_0_0001,sgd_lr_0_0001,stay,False,recent_leader_same,0.0,0.0005,Stay because the current strategy remains the recent block leader.
177023,1382,sgd_lr_0_0001,sgd_lr_0_0001,stay,False,recent_leader_same,0.0,0.0005,Stay because the current strategy remains the recent block leader.
177151,1383,sgd_lr_0_0001,sgd_lr_0_0001,stay,False,recent_leader_same,0.0,0.0005,Stay because the current strategy remains the recent block leader.
177279,1384,sgd_lr_0_0001,sgd_lr_0_0001,stay,False,recent_leader_same,0.0,0.0005,Stay because the current strategy remains the recent block leader.
177407,1385,sgd_lr_0_0001,sgd_lr_0_0001,stay,False,recent_leader_same,0.0,0.0005,Stay because the current strategy remains the recent block leader.
177535,1386,sgd_lr_0_0001,sgd_lr_0_0001,stay,False,recent_leader_same,0.0,0.0005,Stay because the current strategy remains the recent block leader.
177663,1387,sgd_lr_0_0001,sgd_lr_0_0001,stay,False,recent_leader_same,0.0,0.0005,Stay because the current strategy remains the recent block leader.
177791,1388,sgd_lr_0_0001,sgd_lr_0_0001,stay,False,recent_leader_same,0.0,0.0005,Stay because the current strategy remains the recent block leader.
177919,1389,sgd_lr_0_0001,sgd_lr_0_0001,stay,False,recent_leader_same,0.0,0.0005,Stay because the current strategy remains the recent block leader.
178047,1390,sgd_lr_0_0001,sgd_lr_0_0001,stay,False,recent_leader_same,0.0,0.0005,Stay because the current strategy remains the recent block leader.
178175,1391,sgd_lr_0_0001,sgd_lr_0_0001,stay,False,recent_leader_same,0.0,0.0005,Stay because the current strategy remains the recent block leader.
178303,1392,sgd_lr_0_0001,sgd_lr_0_0001,stay,False,recent_leader_same,0.0,0.0005,Stay because the current strategy remains the recent block leader.
178431,1393,sgd_lr_0_0001,sgd_lr_0_0001,stay,False,recent_leader_same,0.0,0.0005,Stay because the current strategy remains the recent block leader.
178559,1394,sgd_lr_0_0001,sgd_lr_0_0001,stay,False,recent_leader_same,0.0,0.0005,Stay because the current strategy remains the recent block leader.
178687,1395,sgd_lr_0_0001,sgd_lr_0_0001,stay,False,recent_leader_same,0.0,0.0005,Stay because the current strategy remains the recent block leader.
178815,1396,sgd_lr_0_0001,sgd_lr_0_0001,stay,False,recent_leader_same,0.0,0.0005,Stay because the current strategy remains the recent block leader.
178943,1397,sgd_lr_0_0001,sgd_lr_0_0001,stay,False,recent_leader_same,0.0,0.0005,Stay because the current strategy remains the recent block leader.
179071,1398,sgd_lr_0_0001,sgd_lr_0_0001,stay,False,recent_leader_same,0.0,0.0005,Stay because the current strategy remains the recent block leader.
179199,1399,sgd_lr_0_0001,sgd_lr_0_0001,stay,False,recent_leader_same,0.0,0.0005,Stay because the current strategy remains the recent block leader.
179327,1400,sgd_lr_0_0001,sgd_lr_0_0001,stay,False,recent_leader_same,0.0,0.0005,Stay because the current strategy remains the recent block leader.
179455,1401,sgd_lr_0_0001,sgd_lr_0_0001,stay,False,recent_leader_same,0.0,0.0005,Stay because the current strategy remains the recent block leader.
179583,1402,sgd_lr_0_0001,sgd_lr_0_0001,stay,False,recent_leader_same,0.0,0.0005,Stay because the current strategy remains the recent block leader.
179711,1403,sgd_lr_0_0001,sgd_lr_0_0001,stay,False,recent_leader_same,0.0,0.0005,Stay because the current strategy remains the recent block leader.
179839,1404,sgd_lr_0_0001,sgd_lr_0_0001,stay,False,recent_leader_same,0.0,0.0005,Stay because the current strategy remains the recent block leader.
179967,1405,sgd_lr_0_0001,sgd_lr_0_0001,stay,False,recent_leader_same,0.0,0.0005,Stay because the current strategy remains the recent block leader.
180095,1406,sgd_lr_0_0001,sgd_lr_0_0001,stay,False,recent_leader_same,0.0,0.0005,Stay because the current strategy remains the recent block leader.
180223,1407,sgd_lr_0_0001,sgd_lr_0_0001,stay,False,recent_leader_same,0.0,0.0005,Stay because the current strategy remains the recent block leader.
180351,1408,sgd_lr_0_0001,sgd_lr_0_0001,stay,False,recent_leader_same,0.0,0.0005,Stay because the current strategy remains the recent block leader.
180479,1409,sgd_lr_0_0001,sgd_lr_0_0001,stay,False,recent_leader_same,0.0,0.0005,Stay because the current strategy remains the recent block leader.
180607,1410,sgd_lr_0_0001,sgd_lr_0_0001,stay,False,recent_leader_same,0.0,0.0005,Stay because the current strategy remains the recent block leader.
180735,1411,sgd_lr_0_0001,sgd_lr_0_0001,stay,False,recent_leader_same,0.0,0.0005,Stay because the current strategy remains the recent block leader.
180863,1412,sgd_lr_0_0001,sgd_lr_0_0001,stay,False,recent_leader_same,0.0,0.0005,Stay because the current strategy remains the recent block leader.
180991,1413,sgd_lr_0_0001,sgd_lr_0_0001,stay,False,recent_leader_same,0.0,0.0005,Stay because the current strategy remains the recent block leader.
181119,1414,sgd_lr_0_0001,sgd_lr_0_0001,stay,False,recent_leader_same,0.0,0.0005,Stay because the current strategy remains the recent block leader.
181247,1415,sgd_lr_0_0001,sgd_lr_0_0001,stay,False,recent_leader_same,0.0,0.0005,Stay because the current strategy remains the recent block leader.
181375,1416,sgd_lr_0_0001,sgd_lr_0_0001,stay,False,recent_leader_same,0.0,0.0005,Stay because the current strategy remains the recent block leader.
181503,1417,sgd_lr_0_0001,sgd_lr_0_0001,stay,False,recent_leader_same,0.0,0.0005,Stay because the current strategy remains the recent block leader.
181631,1418,sgd_lr_0_0001,sgd_lr_0_0001,stay,False,recent_leader_same,0.0,0.0005,Stay because the current strategy remains the recent block leader.
181759,1419,sgd_lr_0_0001,sgd_lr_0_0001,stay,False,recent_leader_same,0.0,0.0005,Stay because the current strategy remains the recent block leader.
181887,1420,sgd_lr_0_0001,sgd_lr_0_0001,stay,False,recent_leader_same,0.0,0.0005,Stay because the current strategy remains the recent block leader.
182015,1421,sgd_lr_0_0001,sgd_lr_0_0001,stay,False,recent_leader_same,0.0,0.0005,Stay because the current strategy remains the recent block leader.
182143,1422,sgd_lr_0_0001,sgd_lr_0_0001,stay,False,recent_leader_same,0.0,0.0005,Stay because the current strategy remains the recent block leader.
182271,1423,sgd_lr_0_0001,sgd_lr_0_0001,stay,False,recent_leader_same,0.0,0.0005,Stay because the current strategy remains the recent block leader.
182399,1424,sgd_lr_0_0001,sgd_lr_0_0001,stay,False,recent_leader_same,0.0,0.0005,Stay because the current strategy remains the recent block leader.
