sample_index,evaluation_index,current_strategy,candidate_strategy,action,switched,reason_code,decision_margin,decision_threshold,reason
127,0,river_logreg,river_nb,switch,True,fixed_share_warmup_leader,,0.01,Switch after warmup because the cumulative reward leader differs from the starting strategy: river_nb.
127,0,river_nb,river_nb,stay,False,fixed_share_same_leader,0.0,0.01,Stay because the current strategy remains the highest-weight Fixed-Share expert.
255,1,river_nb,windowed_rf,switch,True,fixed_share_weight_advantage,0.3045357476939109,0.01,Switch because Fixed-Share reallocated enough weight to the candidate expert: 0.4033 - 0.0988 = 0.3045 >= 0.0100.
383,2,windowed_rf,windowed_rf,stay,False,fixed_share_same_leader,0.0,0.01,Stay because the current strategy remains the highest-weight Fixed-Share expert.
511,3,windowed_rf,windowed_rf,stay,False,fixed_share_same_leader,0.0,0.01,Stay because the current strategy remains the highest-weight Fixed-Share expert.
639,4,windowed_rf,river_logreg,switch,True,fixed_share_weight_advantage,0.015945213778610107,0.01,Switch because Fixed-Share reallocated enough weight to the candidate expert: 0.2421 - 0.2261 = 0.0159 >= 0.0100.
767,5,river_logreg,windowed_rf,switch,True,fixed_share_weight_advantage,0.22398206453030822,0.01,Switch because Fixed-Share reallocated enough weight to the candidate expert: 0.3468 - 0.1228 = 0.2240 >= 0.0100.
895,6,windowed_rf,windowed_rf,stay,False,fixed_share_same_leader,0.0,0.01,Stay because the current strategy remains the highest-weight Fixed-Share expert.
1023,7,windowed_rf,river_logreg,switch,True,fixed_share_weight_advantage,0.36191559140937235,0.01,Switch because Fixed-Share reallocated enough weight to the candidate expert: 0.4779 - 0.1160 = 0.3619 >= 0.0100.
1151,8,river_logreg,river_logreg,stay,False,fixed_share_same_leader,0.0,0.01,Stay because the current strategy remains the highest-weight Fixed-Share expert.
1279,9,river_logreg,windowed_histgb,switch,True,fixed_share_weight_advantage,0.06685513220358669,0.01,Switch because Fixed-Share reallocated enough weight to the candidate expert: 0.2867 - 0.2198 = 0.0669 >= 0.0100.
1407,10,windowed_histgb,windowed_rf,switch,True,fixed_share_weight_advantage,0.036581511851078274,0.01,Switch because Fixed-Share reallocated enough weight to the candidate expert: 0.2724 - 0.2358 = 0.0366 >= 0.0100.
1535,11,windowed_rf,windowed_histgb,switch,True,fixed_share_weight_advantage,0.09004959138999044,0.01,Switch because Fixed-Share reallocated enough weight to the candidate expert: 0.3284 - 0.2384 = 0.0900 >= 0.0100.
1663,12,windowed_histgb,river_logreg,switch,True,fixed_share_weight_advantage,0.02909179280790783,0.01,Switch because Fixed-Share reallocated enough weight to the candidate expert: 0.2251 - 0.1960 = 0.0291 >= 0.0100.
1791,13,river_logreg,windowed_rf,switch,True,fixed_share_weight_advantage,0.029651765901952565,0.01,Switch because Fixed-Share reallocated enough weight to the candidate expert: 0.2311 - 0.2015 = 0.0297 >= 0.0100.
1919,14,windowed_rf,windowed_rf,stay,False,fixed_share_same_leader,0.0,0.01,Stay because the current strategy remains the highest-weight Fixed-Share expert.
2047,15,windowed_rf,river_logreg,switch,True,fixed_share_weight_advantage,0.11410883465812238,0.01,Switch because Fixed-Share reallocated enough weight to the candidate expert: 0.2819 - 0.1678 = 0.1141 >= 0.0100.
2175,16,river_logreg,river_nb,stay,False,fixed_share_margin_too_small,0.009012174997223066,0.01,"Stay because the recovered Fixed-Share candidate is still too close to the incumbent: margin=0.0090, threshold=0.0100."
2303,17,river_logreg,river_logreg,stay,False,fixed_share_same_leader,0.0,0.01,Stay because the current strategy remains the highest-weight Fixed-Share expert.
2431,18,river_logreg,river_logreg,stay,False,fixed_share_same_leader,0.0,0.01,Stay because the current strategy remains the highest-weight Fixed-Share expert.
2559,19,river_logreg,windowed_rf,switch,True,fixed_share_weight_advantage,0.02998931297363161,0.01,Switch because Fixed-Share reallocated enough weight to the candidate expert: 0.2463 - 0.2163 = 0.0300 >= 0.0100.
2687,20,windowed_rf,river_nb,switch,True,fixed_share_weight_advantage,0.06965156018015584,0.01,Switch because Fixed-Share reallocated enough weight to the candidate expert: 0.2415 - 0.1719 = 0.0697 >= 0.0100.
2815,21,river_nb,windowed_histgb,switch,True,fixed_share_weight_advantage,0.15162442457920688,0.01,Switch because Fixed-Share reallocated enough weight to the candidate expert: 0.2768 - 0.1252 = 0.1516 >= 0.0100.
2943,22,windowed_histgb,river_nb,switch,True,fixed_share_weight_advantage,0.03252370181620656,0.01,Switch because Fixed-Share reallocated enough weight to the candidate expert: 0.2344 - 0.2019 = 0.0325 >= 0.0100.
3071,23,river_nb,windowed_histgb,switch,True,fixed_share_weight_advantage,0.030973269630691358,0.01,Switch because Fixed-Share reallocated enough weight to the candidate expert: 0.2227 - 0.1917 = 0.0310 >= 0.0100.
3199,24,windowed_histgb,river_nb,switch,True,fixed_share_weight_advantage,0.07255442708667381,0.01,Switch because Fixed-Share reallocated enough weight to the candidate expert: 0.2339 - 0.1614 = 0.0726 >= 0.0100.
3327,25,river_nb,river_nb,stay,False,fixed_share_same_leader,0.0,0.01,Stay because the current strategy remains the highest-weight Fixed-Share expert.
3455,26,river_nb,river_logreg,switch,True,fixed_share_weight_advantage,0.04772709165069966,0.01,Switch because Fixed-Share reallocated enough weight to the candidate expert: 0.2691 - 0.2214 = 0.0477 >= 0.0100.
3583,27,river_logreg,windowed_histgb,switch,True,fixed_share_weight_advantage,0.09328735870281143,0.01,Switch because Fixed-Share reallocated enough weight to the candidate expert: 0.2648 - 0.1715 = 0.0933 >= 0.0100.
3711,28,windowed_histgb,windowed_histgb,stay,False,fixed_share_same_leader,0.0,0.01,Stay because the current strategy remains the highest-weight Fixed-Share expert.
3839,29,windowed_histgb,river_logreg,switch,True,fixed_share_weight_advantage,0.111744690838389,0.01,Switch because Fixed-Share reallocated enough weight to the candidate expert: 0.2790 - 0.1673 = 0.1117 >= 0.0100.
3967,30,river_logreg,windowed_rf,switch,True,fixed_share_weight_advantage,0.08920221655121599,0.01,Switch because Fixed-Share reallocated enough weight to the candidate expert: 0.2697 - 0.1805 = 0.0892 >= 0.0100.
4095,31,windowed_rf,river_logreg,switch,True,fixed_share_weight_advantage,0.11137441123231748,0.01,Switch because Fixed-Share reallocated enough weight to the candidate expert: 0.2796 - 0.1682 = 0.1114 >= 0.0100.
4223,32,river_logreg,river_nb,switch,True,fixed_share_weight_advantage,0.043409669911348064,0.01,Switch because Fixed-Share reallocated enough weight to the candidate expert: 0.2226 - 0.1792 = 0.0434 >= 0.0100.
4351,33,river_nb,windowed_rf,switch,True,fixed_share_weight_advantage,0.16446321141239517,0.01,Switch because Fixed-Share reallocated enough weight to the candidate expert: 0.2863 - 0.1218 = 0.1645 >= 0.0100.
4479,34,windowed_rf,windowed_histgb,switch,True,fixed_share_weight_advantage,0.012862374103703639,0.01,Switch because Fixed-Share reallocated enough weight to the candidate expert: 0.2523 - 0.2395 = 0.0129 >= 0.0100.
4607,35,windowed_histgb,windowed_histgb,stay,False,fixed_share_same_leader,0.0,0.01,Stay because the current strategy remains the highest-weight Fixed-Share expert.
4735,36,windowed_histgb,windowed_histgb,stay,False,fixed_share_same_leader,0.0,0.01,Stay because the current strategy remains the highest-weight Fixed-Share expert.
4863,37,windowed_histgb,windowed_rf,switch,True,fixed_share_weight_advantage,0.09197072269878437,0.01,Switch because Fixed-Share reallocated enough weight to the candidate expert: 0.3116 - 0.2196 = 0.0920 >= 0.0100.
4991,38,windowed_rf,windowed_histgb,switch,True,fixed_share_weight_advantage,0.10228586964993244,0.01,Switch because Fixed-Share reallocated enough weight to the candidate expert: 0.2751 - 0.1728 = 0.1023 >= 0.0100.
5119,39,windowed_histgb,windowed_rf,switch,True,fixed_share_weight_advantage,0.10547475402410517,0.01,Switch because Fixed-Share reallocated enough weight to the candidate expert: 0.2269 - 0.1214 = 0.1055 >= 0.0100.
5247,40,windowed_rf,windowed_histgb,switch,True,fixed_share_weight_advantage,0.0984140450156489,0.01,Switch because Fixed-Share reallocated enough weight to the candidate expert: 0.2893 - 0.1909 = 0.0984 >= 0.0100.
5375,41,windowed_histgb,windowed_rf,switch,True,fixed_share_weight_advantage,0.08857657940006322,0.01,Switch because Fixed-Share reallocated enough weight to the candidate expert: 0.2861 - 0.1975 = 0.0886 >= 0.0100.
5503,42,windowed_rf,river_logreg,switch,True,fixed_share_weight_advantage,0.19702887136656475,0.01,Switch because Fixed-Share reallocated enough weight to the candidate expert: 0.3647 - 0.1676 = 0.1970 >= 0.0100.
5631,43,river_logreg,windowed_histgb,switch,True,fixed_share_weight_advantage,0.0721711556760655,0.01,Switch because Fixed-Share reallocated enough weight to the candidate expert: 0.2407 - 0.1685 = 0.0722 >= 0.0100.
5759,44,windowed_histgb,river_logreg,switch,True,fixed_share_weight_advantage,0.15056812028636396,0.01,Switch because Fixed-Share reallocated enough weight to the candidate expert: 0.2935 - 0.1429 = 0.1506 >= 0.0100.
5887,45,river_logreg,river_logreg,stay,False,fixed_share_same_leader,0.0,0.01,Stay because the current strategy remains the highest-weight Fixed-Share expert.
6015,46,river_logreg,windowed_histgb,switch,True,fixed_share_weight_advantage,0.1672679990212119,0.01,Switch because Fixed-Share reallocated enough weight to the candidate expert: 0.3535 - 0.1862 = 0.1673 >= 0.0100.
6143,47,windowed_histgb,windowed_rf,switch,True,fixed_share_weight_advantage,0.10325529454602522,0.01,Switch because Fixed-Share reallocated enough weight to the candidate expert: 0.3310 - 0.2277 = 0.1033 >= 0.0100.
6271,48,windowed_rf,windowed_rf,stay,False,fixed_share_same_leader,0.0,0.01,Stay because the current strategy remains the highest-weight Fixed-Share expert.
6399,49,windowed_rf,windowed_rf,stay,False,fixed_share_same_leader,0.0,0.01,Stay because the current strategy remains the highest-weight Fixed-Share expert.
6527,50,windowed_rf,river_logreg,switch,True,fixed_share_weight_advantage,0.11403029435002066,0.01,Switch because Fixed-Share reallocated enough weight to the candidate expert: 0.3109 - 0.1969 = 0.1140 >= 0.0100.
6655,51,river_logreg,windowed_rf,switch,True,fixed_share_weight_advantage,0.07118497142075991,0.01,Switch because Fixed-Share reallocated enough weight to the candidate expert: 0.2399 - 0.1687 = 0.0712 >= 0.0100.
6783,52,windowed_rf,windowed_rf,stay,False,fixed_share_same_leader,0.0,0.01,Stay because the current strategy remains the highest-weight Fixed-Share expert.
6911,53,windowed_rf,windowed_histgb,switch,True,fixed_share_weight_advantage,0.11431834800334739,0.01,Switch because Fixed-Share reallocated enough weight to the candidate expert: 0.3194 - 0.2051 = 0.1143 >= 0.0100.
7039,54,windowed_histgb,windowed_histgb,stay,False,fixed_share_same_leader,0.0,0.01,Stay because the current strategy remains the highest-weight Fixed-Share expert.
7167,55,windowed_histgb,windowed_rf,switch,True,fixed_share_weight_advantage,0.1764246318758111,0.01,Switch because Fixed-Share reallocated enough weight to the candidate expert: 0.3301 - 0.1537 = 0.1764 >= 0.0100.
7295,56,windowed_rf,windowed_rf,stay,False,fixed_share_same_leader,0.0,0.01,Stay because the current strategy remains the highest-weight Fixed-Share expert.
7423,57,windowed_rf,river_logreg,switch,True,fixed_share_weight_advantage,0.15827028292324188,0.01,Switch because Fixed-Share reallocated enough weight to the candidate expert: 0.3563 - 0.1981 = 0.1583 >= 0.0100.
7551,58,river_logreg,river_nb,switch,True,fixed_share_weight_advantage,0.0507263272549896,0.01,Switch because Fixed-Share reallocated enough weight to the candidate expert: 0.2513 - 0.2006 = 0.0507 >= 0.0100.
7679,59,river_nb,river_logreg,switch,True,fixed_share_weight_advantage,0.08619315925402293,0.01,Switch because Fixed-Share reallocated enough weight to the candidate expert: 0.2563 - 0.1701 = 0.0862 >= 0.0100.
7807,60,river_logreg,river_hoeffding_tree,stay,False,fixed_share_margin_too_small,0.0073401627111655265,0.01,"Stay because the recovered Fixed-Share candidate is still too close to the incumbent: margin=0.0073, threshold=0.0100."
7935,61,river_logreg,windowed_rf,switch,True,fixed_share_weight_advantage,0.07122418266679315,0.01,Switch because Fixed-Share reallocated enough weight to the candidate expert: 0.2948 - 0.2236 = 0.0712 >= 0.0100.
8063,62,windowed_rf,windowed_rf,stay,False,fixed_share_same_leader,0.0,0.01,Stay because the current strategy remains the highest-weight Fixed-Share expert.
8191,63,windowed_rf,windowed_histgb,switch,True,fixed_share_weight_advantage,0.22819137831688863,0.01,Switch because Fixed-Share reallocated enough weight to the candidate expert: 0.3456 - 0.1174 = 0.2282 >= 0.0100.
8319,64,windowed_histgb,windowed_histgb,stay,False,fixed_share_same_leader,0.0,0.01,Stay because the current strategy remains the highest-weight Fixed-Share expert.
8447,65,windowed_histgb,windowed_histgb,stay,False,fixed_share_same_leader,0.0,0.01,Stay because the current strategy remains the highest-weight Fixed-Share expert.
8575,66,windowed_histgb,windowed_histgb,stay,False,fixed_share_same_leader,0.0,0.01,Stay because the current strategy remains the highest-weight Fixed-Share expert.
8703,67,windowed_histgb,river_logreg,switch,True,fixed_share_weight_advantage,0.02933718967498955,0.01,Switch because Fixed-Share reallocated enough weight to the candidate expert: 0.2586 - 0.2293 = 0.0293 >= 0.0100.
8831,68,river_logreg,windowed_rf,switch,True,fixed_share_weight_advantage,0.1944979994818156,0.01,Switch because Fixed-Share reallocated enough weight to the candidate expert: 0.3886 - 0.1941 = 0.1945 >= 0.0100.
8959,69,windowed_rf,river_logreg,switch,True,fixed_share_weight_advantage,0.016293059637690677,0.01,Switch because Fixed-Share reallocated enough weight to the candidate expert: 0.3019 - 0.2856 = 0.0163 >= 0.0100.
9087,70,river_logreg,windowed_histgb,switch,True,fixed_share_weight_advantage,0.04713200378801649,0.01,Switch because Fixed-Share reallocated enough weight to the candidate expert: 0.2353 - 0.1882 = 0.0471 >= 0.0100.
9215,71,windowed_histgb,windowed_histgb,stay,False,fixed_share_same_leader,0.0,0.01,Stay because the current strategy remains the highest-weight Fixed-Share expert.
9343,72,windowed_histgb,river_logreg,switch,True,fixed_share_weight_advantage,0.0741288686665745,0.01,Switch because Fixed-Share reallocated enough weight to the candidate expert: 0.2902 - 0.2161 = 0.0741 >= 0.0100.
9471,73,river_logreg,windowed_histgb,switch,True,fixed_share_weight_advantage,0.08602208721317395,0.01,Switch because Fixed-Share reallocated enough weight to the candidate expert: 0.2980 - 0.2120 = 0.0860 >= 0.0100.
9599,74,windowed_histgb,windowed_rf,switch,True,fixed_share_weight_advantage,0.10872068371938029,0.01,Switch because Fixed-Share reallocated enough weight to the candidate expert: 0.3413 - 0.2325 = 0.1087 >= 0.0100.
9727,75,windowed_rf,windowed_histgb,switch,True,fixed_share_weight_advantage,0.13830621881328722,0.01,Switch because Fixed-Share reallocated enough weight to the candidate expert: 0.2867 - 0.1484 = 0.1383 >= 0.0100.
9855,76,windowed_histgb,windowed_rf,switch,True,fixed_share_weight_advantage,0.010701395886695941,0.01,Switch because Fixed-Share reallocated enough weight to the candidate expert: 0.2502 - 0.2395 = 0.0107 >= 0.0100.
9983,77,windowed_rf,windowed_histgb,switch,True,fixed_share_weight_advantage,0.03187409888200615,0.01,Switch because Fixed-Share reallocated enough weight to the candidate expert: 0.3022 - 0.2703 = 0.0319 >= 0.0100.
10111,78,windowed_histgb,river_logreg,switch,True,fixed_share_weight_advantage,0.026319473075624877,0.01,Switch because Fixed-Share reallocated enough weight to the candidate expert: 0.2232 - 0.1968 = 0.0263 >= 0.0100.
10239,79,river_logreg,river_logreg,stay,False,fixed_share_same_leader,0.0,0.01,Stay because the current strategy remains the highest-weight Fixed-Share expert.
10367,80,river_logreg,windowed_histgb,switch,True,fixed_share_weight_advantage,0.010149975531667271,0.01,Switch because Fixed-Share reallocated enough weight to the candidate expert: 0.2486 - 0.2385 = 0.0101 >= 0.0100.
10495,81,windowed_histgb,river_logreg,switch,True,fixed_share_weight_advantage,0.1347762795784119,0.01,Switch because Fixed-Share reallocated enough weight to the candidate expert: 0.2957 - 0.1609 = 0.1348 >= 0.0100.
10623,82,river_logreg,windowed_histgb,switch,True,fixed_share_weight_advantage,0.029751716335229217,0.01,Switch because Fixed-Share reallocated enough weight to the candidate expert: 0.2566 - 0.2268 = 0.0298 >= 0.0100.
10751,83,windowed_histgb,river_hoeffding_tree,switch,True,fixed_share_weight_advantage,0.08726209368766688,0.01,Switch because Fixed-Share reallocated enough weight to the candidate expert: 0.2314 - 0.1441 = 0.0873 >= 0.0100.
10879,84,river_hoeffding_tree,windowed_histgb,switch,True,fixed_share_weight_advantage,0.1250176160929281,0.01,Switch because Fixed-Share reallocated enough weight to the candidate expert: 0.2742 - 0.1491 = 0.1250 >= 0.0100.
11007,85,windowed_histgb,river_nb,stay,False,fixed_share_margin_too_small,0.006510416726399543,0.01,"Stay because the recovered Fixed-Share candidate is still too close to the incumbent: margin=0.0065, threshold=0.0100."
11135,86,windowed_histgb,river_logreg,switch,True,fixed_share_weight_advantage,0.09324104348569859,0.01,Switch because Fixed-Share reallocated enough weight to the candidate expert: 0.2963 - 0.2030 = 0.0932 >= 0.0100.
11263,87,river_logreg,windowed_histgb,switch,True,fixed_share_weight_advantage,0.021528031373828665,0.01,Switch because Fixed-Share reallocated enough weight to the candidate expert: 0.2418 - 0.2203 = 0.0215 >= 0.0100.
11391,88,windowed_histgb,windowed_rf,switch,True,fixed_share_weight_advantage,0.06997579209102722,0.01,Switch because Fixed-Share reallocated enough weight to the candidate expert: 0.2296 - 0.1597 = 0.0700 >= 0.0100.
11519,89,windowed_rf,windowed_histgb,switch,True,fixed_share_weight_advantage,0.11857045251590365,0.01,Switch because Fixed-Share reallocated enough weight to the candidate expert: 0.2631 - 0.1446 = 0.1186 >= 0.0100.
11647,90,windowed_histgb,river_logreg,stay,False,fixed_share_margin_too_small,0.006365646927821822,0.01,"Stay because the recovered Fixed-Share candidate is still too close to the incumbent: margin=0.0064, threshold=0.0100."
11775,91,windowed_histgb,windowed_histgb,stay,False,fixed_share_same_leader,0.0,0.01,Stay because the current strategy remains the highest-weight Fixed-Share expert.
11903,92,windowed_histgb,river_logreg,switch,True,fixed_share_weight_advantage,0.11605773585756476,0.01,Switch because Fixed-Share reallocated enough weight to the candidate expert: 0.2898 - 0.1737 = 0.1161 >= 0.0100.
12031,93,river_logreg,windowed_histgb,stay,False,fixed_share_margin_too_small,0.0024251173330590015,0.01,"Stay because the recovered Fixed-Share candidate is still too close to the incumbent: margin=0.0024, threshold=0.0100."
12159,94,river_logreg,windowed_histgb,switch,True,fixed_share_weight_advantage,0.06811652848068256,0.01,Switch because Fixed-Share reallocated enough weight to the candidate expert: 0.2448 - 0.1767 = 0.0681 >= 0.0100.
12287,95,windowed_histgb,windowed_rf,switch,True,fixed_share_weight_advantage,0.014681088117716956,0.01,Switch because Fixed-Share reallocated enough weight to the candidate expert: 0.2213 - 0.2066 = 0.0147 >= 0.0100.
12415,96,windowed_rf,windowed_rf,stay,False,fixed_share_same_leader,0.0,0.01,Stay because the current strategy remains the highest-weight Fixed-Share expert.
12543,97,windowed_rf,river_logreg,switch,True,fixed_share_weight_advantage,0.07842746109392054,0.01,Switch because Fixed-Share reallocated enough weight to the candidate expert: 0.2918 - 0.2133 = 0.0784 >= 0.0100.
12671,98,river_logreg,river_logreg,stay,False,fixed_share_same_leader,0.0,0.01,Stay because the current strategy remains the highest-weight Fixed-Share expert.
12799,99,river_logreg,river_logreg,stay,False,fixed_share_same_leader,0.0,0.01,Stay because the current strategy remains the highest-weight Fixed-Share expert.
12927,100,river_logreg,river_logreg,stay,False,fixed_share_same_leader,0.0,0.01,Stay because the current strategy remains the highest-weight Fixed-Share expert.
13055,101,river_logreg,river_nb,switch,True,fixed_share_weight_advantage,0.019323946159748723,0.01,Switch because Fixed-Share reallocated enough weight to the candidate expert: 0.2209 - 0.2016 = 0.0193 >= 0.0100.
13183,102,river_nb,windowed_rf,switch,True,fixed_share_weight_advantage,0.17225482507530884,0.01,Switch because Fixed-Share reallocated enough weight to the candidate expert: 0.3253 - 0.1531 = 0.1723 >= 0.0100.
13311,103,windowed_rf,windowed_rf,stay,False,fixed_share_same_leader,0.0,0.01,Stay because the current strategy remains the highest-weight Fixed-Share expert.
13439,104,windowed_rf,river_logreg,switch,True,fixed_share_weight_advantage,0.014595346085483019,0.01,Switch because Fixed-Share reallocated enough weight to the candidate expert: 0.2395 - 0.2249 = 0.0146 >= 0.0100.
13567,105,river_logreg,windowed_histgb,stay,False,fixed_share_margin_too_small,0.008836584539004044,0.01,"Stay because the recovered Fixed-Share candidate is still too close to the incumbent: margin=0.0088, threshold=0.0100."
13695,106,river_logreg,windowed_histgb,switch,True,fixed_share_weight_advantage,0.1166597338384597,0.01,Switch because Fixed-Share reallocated enough weight to the candidate expert: 0.2516 - 0.1349 = 0.1167 >= 0.0100.
13823,107,windowed_histgb,windowed_histgb,stay,False,fixed_share_same_leader,0.0,0.01,Stay because the current strategy remains the highest-weight Fixed-Share expert.
13951,108,windowed_histgb,windowed_rf,stay,False,fixed_share_margin_too_small,0.00791073386541033,0.01,"Stay because the recovered Fixed-Share candidate is still too close to the incumbent: margin=0.0079, threshold=0.0100."
14079,109,windowed_histgb,river_logreg,switch,True,fixed_share_weight_advantage,0.2319794131185514,0.01,Switch because Fixed-Share reallocated enough weight to the candidate expert: 0.3644 - 0.1324 = 0.2320 >= 0.0100.
14207,110,river_logreg,river_hoeffding_tree,switch,True,fixed_share_weight_advantage,0.06900848982462826,0.01,Switch because Fixed-Share reallocated enough weight to the candidate expert: 0.2449 - 0.1759 = 0.0690 >= 0.0100.
14335,111,river_hoeffding_tree,windowed_histgb,switch,True,fixed_share_weight_advantage,0.12939382369163194,0.01,Switch because Fixed-Share reallocated enough weight to the candidate expert: 0.2754 - 0.1460 = 0.1294 >= 0.0100.
14463,112,windowed_histgb,river_logreg,switch,True,fixed_share_weight_advantage,0.21020732961428687,0.01,Switch because Fixed-Share reallocated enough weight to the candidate expert: 0.3653 - 0.1551 = 0.2102 >= 0.0100.
14591,113,river_logreg,river_logreg,stay,False,fixed_share_same_leader,0.0,0.01,Stay because the current strategy remains the highest-weight Fixed-Share expert.
14719,114,river_logreg,windowed_histgb,switch,True,fixed_share_weight_advantage,0.027421084025558096,0.01,Switch because Fixed-Share reallocated enough weight to the candidate expert: 0.2670 - 0.2396 = 0.0274 >= 0.0100.
14847,115,windowed_histgb,windowed_histgb,stay,False,fixed_share_same_leader,0.0,0.01,Stay because the current strategy remains the highest-weight Fixed-Share expert.
14975,116,windowed_histgb,windowed_histgb,stay,False,fixed_share_same_leader,0.0,0.01,Stay because the current strategy remains the highest-weight Fixed-Share expert.
15103,117,windowed_histgb,river_nb,switch,True,fixed_share_weight_advantage,0.10893125057082662,0.01,Switch because Fixed-Share reallocated enough weight to the candidate expert: 0.2620 - 0.1530 = 0.1089 >= 0.0100.
15231,118,river_nb,river_logreg,switch,True,fixed_share_weight_advantage,0.22098346465645163,0.01,Switch because Fixed-Share reallocated enough weight to the candidate expert: 0.3258 - 0.1048 = 0.2210 >= 0.0100.
15359,119,river_logreg,river_logreg,stay,False,fixed_share_same_leader,0.0,0.01,Stay because the current strategy remains the highest-weight Fixed-Share expert.
15487,120,river_logreg,windowed_rf,switch,True,fixed_share_weight_advantage,0.1337545956072214,0.01,Switch because Fixed-Share reallocated enough weight to the candidate expert: 0.3629 - 0.2292 = 0.1338 >= 0.0100.
15615,121,windowed_rf,windowed_histgb,switch,True,fixed_share_weight_advantage,0.21055106010871302,0.01,Switch because Fixed-Share reallocated enough weight to the candidate expert: 0.3664 - 0.1558 = 0.2106 >= 0.0100.
15743,122,windowed_histgb,windowed_histgb,stay,False,fixed_share_same_leader,0.0,0.01,Stay because the current strategy remains the highest-weight Fixed-Share expert.
15871,123,windowed_histgb,windowed_histgb,stay,False,fixed_share_same_leader,0.0,0.01,Stay because the current strategy remains the highest-weight Fixed-Share expert.
15999,124,windowed_histgb,windowed_rf,switch,True,fixed_share_weight_advantage,0.08066890506945779,0.01,Switch because Fixed-Share reallocated enough weight to the candidate expert: 0.3816 - 0.3010 = 0.0807 >= 0.0100.
16127,125,windowed_rf,windowed_histgb,switch,True,fixed_share_weight_advantage,0.07020020531613727,0.01,Switch because Fixed-Share reallocated enough weight to the candidate expert: 0.3154 - 0.2452 = 0.0702 >= 0.0100.
16255,126,windowed_histgb,river_logreg,switch,True,fixed_share_weight_advantage,0.08038234456469923,0.01,Switch because Fixed-Share reallocated enough weight to the candidate expert: 0.3542 - 0.2738 = 0.0804 >= 0.0100.
16383,127,river_logreg,windowed_rf,switch,True,fixed_share_weight_advantage,0.013637299748793685,0.01,Switch because Fixed-Share reallocated enough weight to the candidate expert: 0.3424 - 0.3288 = 0.0136 >= 0.0100.
16511,128,windowed_rf,windowed_histgb,switch,True,fixed_share_weight_advantage,0.09298243610307821,0.01,Switch because Fixed-Share reallocated enough weight to the candidate expert: 0.3753 - 0.2823 = 0.0930 >= 0.0100.
16639,129,windowed_histgb,windowed_rf,switch,True,fixed_share_weight_advantage,0.09981265765350572,0.01,Switch because Fixed-Share reallocated enough weight to the candidate expert: 0.3241 - 0.2243 = 0.0998 >= 0.0100.
16767,130,windowed_rf,windowed_histgb,switch,True,fixed_share_weight_advantage,0.04406998829613906,0.01,Switch because Fixed-Share reallocated enough weight to the candidate expert: 0.3307 - 0.2866 = 0.0441 >= 0.0100.
16895,131,windowed_histgb,windowed_rf,switch,True,fixed_share_weight_advantage,0.045568653685540195,0.01,Switch because Fixed-Share reallocated enough weight to the candidate expert: 0.3073 - 0.2617 = 0.0456 >= 0.0100.
17023,132,windowed_rf,river_logreg,switch,True,fixed_share_weight_advantage,0.12722571017861173,0.01,Switch because Fixed-Share reallocated enough weight to the candidate expert: 0.3786 - 0.2514 = 0.1272 >= 0.0100.
17151,133,river_logreg,river_logreg,stay,False,fixed_share_same_leader,0.0,0.01,Stay because the current strategy remains the highest-weight Fixed-Share expert.
17279,134,river_logreg,windowed_rf,switch,True,fixed_share_weight_advantage,0.23562512266508637,0.01,Switch because Fixed-Share reallocated enough weight to the candidate expert: 0.4071 - 0.1714 = 0.2356 >= 0.0100.
17407,135,windowed_rf,river_logreg,switch,True,fixed_share_weight_advantage,0.13436725599576219,0.01,Switch because Fixed-Share reallocated enough weight to the candidate expert: 0.3196 - 0.1852 = 0.1344 >= 0.0100.
17535,136,river_logreg,windowed_rf,switch,True,fixed_share_weight_advantage,0.2552797383600307,0.01,Switch because Fixed-Share reallocated enough weight to the candidate expert: 0.4873 - 0.2320 = 0.2553 >= 0.0100.
17663,137,windowed_rf,windowed_histgb,switch,True,fixed_share_weight_advantage,0.05570167929052755,0.01,Switch because Fixed-Share reallocated enough weight to the candidate expert: 0.3520 - 0.2963 = 0.0557 >= 0.0100.
17791,138,windowed_histgb,windowed_rf,switch,True,fixed_share_weight_advantage,0.014250901365713942,0.01,Switch because Fixed-Share reallocated enough weight to the candidate expert: 0.2554 - 0.2411 = 0.0143 >= 0.0100.
17919,139,windowed_rf,windowed_histgb,stay,False,fixed_share_margin_too_small,0.0009109879274397104,0.01,"Stay because the recovered Fixed-Share candidate is still too close to the incumbent: margin=0.0009, threshold=0.0100."
18047,140,windowed_rf,windowed_histgb,switch,True,fixed_share_weight_advantage,0.018221767315738102,0.01,Switch because Fixed-Share reallocated enough weight to the candidate expert: 0.3056 - 0.2874 = 0.0182 >= 0.0100.
18175,141,windowed_histgb,windowed_histgb,stay,False,fixed_share_same_leader,0.0,0.01,Stay because the current strategy remains the highest-weight Fixed-Share expert.
18303,142,windowed_histgb,windowed_histgb,stay,False,fixed_share_same_leader,0.0,0.01,Stay because the current strategy remains the highest-weight Fixed-Share expert.
18431,143,windowed_histgb,windowed_rf,switch,True,fixed_share_weight_advantage,0.06796343586339637,0.01,Switch because Fixed-Share reallocated enough weight to the candidate expert: 0.2861 - 0.2181 = 0.0680 >= 0.0100.
18559,144,windowed_rf,windowed_rf,stay,False,fixed_share_same_leader,0.0,0.01,Stay because the current strategy remains the highest-weight Fixed-Share expert.
18687,145,windowed_rf,windowed_rf,stay,False,fixed_share_same_leader,0.0,0.01,Stay because the current strategy remains the highest-weight Fixed-Share expert.
18815,146,windowed_rf,windowed_histgb,switch,True,fixed_share_weight_advantage,0.06022320471165668,0.01,Switch because Fixed-Share reallocated enough weight to the candidate expert: 0.3011 - 0.2409 = 0.0602 >= 0.0100.
18943,147,windowed_histgb,river_hoeffding_tree,switch,True,fixed_share_weight_advantage,0.023240000470785005,0.01,Switch because Fixed-Share reallocated enough weight to the candidate expert: 0.2569 - 0.2336 = 0.0232 >= 0.0100.
19071,148,river_hoeffding_tree,river_logreg,switch,True,fixed_share_weight_advantage,0.21569591772507196,0.01,Switch because Fixed-Share reallocated enough weight to the candidate expert: 0.3680 - 0.1523 = 0.2157 >= 0.0100.
19199,149,river_logreg,windowed_histgb,switch,True,fixed_share_weight_advantage,0.11283337806117028,0.01,Switch because Fixed-Share reallocated enough weight to the candidate expert: 0.2615 - 0.1487 = 0.1128 >= 0.0100.
19327,150,windowed_histgb,river_hoeffding_tree,switch,True,fixed_share_weight_advantage,0.02025508893777897,0.01,Switch because Fixed-Share reallocated enough weight to the candidate expert: 0.2412 - 0.2210 = 0.0203 >= 0.0100.
19455,151,river_hoeffding_tree,river_hoeffding_tree,stay,False,fixed_share_same_leader,0.0,0.01,Stay because the current strategy remains the highest-weight Fixed-Share expert.
19583,152,river_hoeffding_tree,river_hoeffding_tree,stay,False,fixed_share_same_leader,0.0,0.01,Stay because the current strategy remains the highest-weight Fixed-Share expert.
19711,153,river_hoeffding_tree,river_hoeffding_tree,stay,False,fixed_share_same_leader,0.0,0.01,Stay because the current strategy remains the highest-weight Fixed-Share expert.
19839,154,river_hoeffding_tree,windowed_histgb,switch,True,fixed_share_weight_advantage,0.11058626062034876,0.01,Switch because Fixed-Share reallocated enough weight to the candidate expert: 0.3149 - 0.2043 = 0.1106 >= 0.0100.
19967,155,windowed_histgb,windowed_rf,switch,True,fixed_share_weight_advantage,0.05833171086142372,0.01,Switch because Fixed-Share reallocated enough weight to the candidate expert: 0.2932 - 0.2349 = 0.0583 >= 0.0100.
20095,156,windowed_rf,windowed_rf,stay,False,fixed_share_same_leader,0.0,0.01,Stay because the current strategy remains the highest-weight Fixed-Share expert.
20223,157,windowed_rf,river_logreg,switch,True,fixed_share_weight_advantage,0.09213904589367894,0.01,Switch because Fixed-Share reallocated enough weight to the candidate expert: 0.2986 - 0.2065 = 0.0921 >= 0.0100.
20351,158,river_logreg,windowed_rf,switch,True,fixed_share_weight_advantage,0.03395053789395669,0.01,Switch because Fixed-Share reallocated enough weight to the candidate expert: 0.2516 - 0.2177 = 0.0340 >= 0.0100.
20479,159,windowed_rf,windowed_histgb,switch,True,fixed_share_weight_advantage,0.03291702504880942,0.01,Switch because Fixed-Share reallocated enough weight to the candidate expert: 0.2502 - 0.2173 = 0.0329 >= 0.0100.
20607,160,windowed_histgb,river_logreg,switch,True,fixed_share_weight_advantage,0.12037980791131128,0.01,Switch because Fixed-Share reallocated enough weight to the candidate expert: 0.3011 - 0.1808 = 0.1204 >= 0.0100.
20735,161,river_logreg,windowed_rf,switch,True,fixed_share_weight_advantage,0.1400596974467297,0.01,Switch because Fixed-Share reallocated enough weight to the candidate expert: 0.2793 - 0.1393 = 0.1401 >= 0.0100.
20863,162,windowed_rf,windowed_rf,stay,False,fixed_share_same_leader,0.0,0.01,Stay because the current strategy remains the highest-weight Fixed-Share expert.
20991,163,windowed_rf,river_logreg,switch,True,fixed_share_weight_advantage,0.24550913281618203,0.01,Switch because Fixed-Share reallocated enough weight to the candidate expert: 0.3467 - 0.1012 = 0.2455 >= 0.0100.
21119,164,river_logreg,river_logreg,stay,False,fixed_share_same_leader,0.0,0.01,Stay because the current strategy remains the highest-weight Fixed-Share expert.
21247,165,river_logreg,windowed_rf,switch,True,fixed_share_weight_advantage,0.011754258599740275,0.01,Switch because Fixed-Share reallocated enough weight to the candidate expert: 0.2575 - 0.2457 = 0.0118 >= 0.0100.
21375,166,windowed_rf,windowed_rf,stay,False,fixed_share_same_leader,0.0,0.01,Stay because the current strategy remains the highest-weight Fixed-Share expert.
21503,167,windowed_rf,windowed_rf,stay,False,fixed_share_same_leader,0.0,0.01,Stay because the current strategy remains the highest-weight Fixed-Share expert.
21631,168,windowed_rf,windowed_rf,stay,False,fixed_share_same_leader,0.0,0.01,Stay because the current strategy remains the highest-weight Fixed-Share expert.
21759,169,windowed_rf,windowed_rf,stay,False,fixed_share_same_leader,0.0,0.01,Stay because the current strategy remains the highest-weight Fixed-Share expert.
21887,170,windowed_rf,windowed_histgb,stay,False,fixed_share_margin_too_small,0.0012152389563794275,0.01,"Stay because the recovered Fixed-Share candidate is still too close to the incumbent: margin=0.0012, threshold=0.0100."
22015,171,windowed_rf,windowed_rf,stay,False,fixed_share_same_leader,0.0,0.01,Stay because the current strategy remains the highest-weight Fixed-Share expert.
22143,172,windowed_rf,windowed_rf,stay,False,fixed_share_same_leader,0.0,0.01,Stay because the current strategy remains the highest-weight Fixed-Share expert.
22271,173,windowed_rf,river_logreg,stay,False,fixed_share_margin_too_small,0.0015892794191582071,0.01,"Stay because the recovered Fixed-Share candidate is still too close to the incumbent: margin=0.0016, threshold=0.0100."
22399,174,windowed_rf,windowed_rf,stay,False,fixed_share_same_leader,0.0,0.01,Stay because the current strategy remains the highest-weight Fixed-Share expert.
22527,175,windowed_rf,windowed_rf,stay,False,fixed_share_same_leader,0.0,0.01,Stay because the current strategy remains the highest-weight Fixed-Share expert.
22655,176,windowed_rf,windowed_histgb,stay,False,fixed_share_margin_too_small,0.0001993440174888894,0.01,"Stay because the recovered Fixed-Share candidate is still too close to the incumbent: margin=0.0002, threshold=0.0100."
22783,177,windowed_rf,windowed_histgb,stay,False,fixed_share_margin_too_small,0.00019604683304627613,0.01,"Stay because the recovered Fixed-Share candidate is still too close to the incumbent: margin=0.0002, threshold=0.0100."
22911,178,windowed_rf,river_logreg,stay,False,fixed_share_margin_too_small,0.005642720571838011,0.01,"Stay because the recovered Fixed-Share candidate is still too close to the incumbent: margin=0.0056, threshold=0.0100."
23039,179,windowed_rf,river_logreg,switch,True,fixed_share_weight_advantage,0.0750307073806552,0.01,Switch because Fixed-Share reallocated enough weight to the candidate expert: 0.2455 - 0.1705 = 0.0750 >= 0.0100.
23167,180,river_logreg,river_logreg,stay,False,fixed_share_same_leader,0.0,0.01,Stay because the current strategy remains the highest-weight Fixed-Share expert.
23295,181,river_logreg,windowed_rf,stay,False,fixed_share_margin_too_small,0.005721035221309373,0.01,"Stay because the recovered Fixed-Share candidate is still too close to the incumbent: margin=0.0057, threshold=0.0100."
23423,182,river_logreg,windowed_histgb,stay,False,fixed_share_margin_too_small,0.002043379238470061,0.01,"Stay because the recovered Fixed-Share candidate is still too close to the incumbent: margin=0.0020, threshold=0.0100."
23551,183,river_logreg,windowed_rf,stay,False,fixed_share_margin_too_small,0.0005867202418790851,0.01,"Stay because the recovered Fixed-Share candidate is still too close to the incumbent: margin=0.0006, threshold=0.0100."
23679,184,river_logreg,windowed_rf,stay,False,fixed_share_margin_too_small,7.473838575799974e-08,0.01,"Stay because the recovered Fixed-Share candidate is still too close to the incumbent: margin=0.0000, threshold=0.0100."
23807,185,river_logreg,windowed_rf,stay,False,fixed_share_margin_too_small,1.7940298209312422e-05,0.01,"Stay because the recovered Fixed-Share candidate is still too close to the incumbent: margin=0.0000, threshold=0.0100."
23935,186,river_logreg,windowed_rf,switch,True,fixed_share_weight_advantage,0.012303386859252141,0.01,Switch because Fixed-Share reallocated enough weight to the candidate expert: 0.2126 - 0.2003 = 0.0123 >= 0.0100.
24063,187,windowed_rf,windowed_rf,stay,False,fixed_share_same_leader,0.0,0.01,Stay because the current strategy remains the highest-weight Fixed-Share expert.
24191,188,windowed_rf,windowed_rf,stay,False,fixed_share_same_leader,0.0,0.01,Stay because the current strategy remains the highest-weight Fixed-Share expert.
24319,189,windowed_rf,windowed_rf,stay,False,fixed_share_same_leader,0.0,0.01,Stay because the current strategy remains the highest-weight Fixed-Share expert.
24447,190,windowed_rf,windowed_rf,stay,False,fixed_share_same_leader,0.0,0.01,Stay because the current strategy remains the highest-weight Fixed-Share expert.
24575,191,windowed_rf,windowed_histgb,stay,False,fixed_share_margin_too_small,6.705899822492811e-05,0.01,"Stay because the recovered Fixed-Share candidate is still too close to the incumbent: margin=0.0001, threshold=0.0100."
24703,192,windowed_rf,windowed_rf,stay,False,fixed_share_same_leader,0.0,0.01,Stay because the current strategy remains the highest-weight Fixed-Share expert.
24831,193,windowed_rf,windowed_rf,stay,False,fixed_share_same_leader,0.0,0.01,Stay because the current strategy remains the highest-weight Fixed-Share expert.
24959,194,windowed_rf,windowed_rf,stay,False,fixed_share_same_leader,0.0,0.01,Stay because the current strategy remains the highest-weight Fixed-Share expert.
25087,195,windowed_rf,windowed_rf,stay,False,fixed_share_same_leader,0.0,0.01,Stay because the current strategy remains the highest-weight Fixed-Share expert.
25215,196,windowed_rf,windowed_rf,stay,False,fixed_share_same_leader,0.0,0.01,Stay because the current strategy remains the highest-weight Fixed-Share expert.
25343,197,windowed_rf,windowed_rf,stay,False,fixed_share_same_leader,0.0,0.01,Stay because the current strategy remains the highest-weight Fixed-Share expert.
25471,198,windowed_rf,windowed_rf,stay,False,fixed_share_same_leader,0.0,0.01,Stay because the current strategy remains the highest-weight Fixed-Share expert.
25599,199,windowed_rf,windowed_rf,stay,False,fixed_share_same_leader,0.0,0.01,Stay because the current strategy remains the highest-weight Fixed-Share expert.
25727,200,windowed_rf,windowed_rf,stay,False,fixed_share_same_leader,0.0,0.01,Stay because the current strategy remains the highest-weight Fixed-Share expert.
25855,201,windowed_rf,windowed_rf,stay,False,fixed_share_same_leader,0.0,0.01,Stay because the current strategy remains the highest-weight Fixed-Share expert.
25983,202,windowed_rf,river_logreg,switch,True,fixed_share_weight_advantage,0.010508300876096693,0.01,Switch because Fixed-Share reallocated enough weight to the candidate expert: 0.2104 - 0.1999 = 0.0105 >= 0.0100.
26111,203,river_logreg,river_logreg,stay,False,fixed_share_same_leader,0.0,0.01,Stay because the current strategy remains the highest-weight Fixed-Share expert.
26239,204,river_logreg,windowed_rf,stay,False,fixed_share_margin_too_small,0.0007948362078090687,0.01,"Stay because the recovered Fixed-Share candidate is still too close to the incumbent: margin=0.0008, threshold=0.0100."
26367,205,river_logreg,river_logreg,stay,False,fixed_share_same_leader,0.0,0.01,Stay because the current strategy remains the highest-weight Fixed-Share expert.
26495,206,river_logreg,windowed_rf,switch,True,fixed_share_weight_advantage,0.04630026464476425,0.01,Switch because Fixed-Share reallocated enough weight to the candidate expert: 0.2487 - 0.2024 = 0.0463 >= 0.0100.
26623,207,windowed_rf,river_logreg,switch,True,fixed_share_weight_advantage,0.6401400992766385,0.01,Switch because Fixed-Share reallocated enough weight to the candidate expert: 0.7087 - 0.0686 = 0.6401 >= 0.0100.
26751,208,river_logreg,river_logreg,stay,False,fixed_share_same_leader,0.0,0.01,Stay because the current strategy remains the highest-weight Fixed-Share expert.
26879,209,river_logreg,windowed_histgb,switch,True,fixed_share_weight_advantage,0.22001994439291217,0.01,Switch because Fixed-Share reallocated enough weight to the candidate expert: 0.3689 - 0.1489 = 0.2200 >= 0.0100.
27007,210,windowed_histgb,windowed_rf,switch,True,fixed_share_weight_advantage,0.033219032401990645,0.01,Switch because Fixed-Share reallocated enough weight to the candidate expert: 0.2859 - 0.2526 = 0.0332 >= 0.0100.
27135,211,windowed_rf,river_logreg,switch,True,fixed_share_weight_advantage,0.15635458045808076,0.01,Switch because Fixed-Share reallocated enough weight to the candidate expert: 0.3590 - 0.2027 = 0.1564 >= 0.0100.
27263,212,river_logreg,river_logreg,stay,False,fixed_share_same_leader,0.0,0.01,Stay because the current strategy remains the highest-weight Fixed-Share expert.
27391,213,river_logreg,windowed_rf,switch,True,fixed_share_weight_advantage,0.038323488311703735,0.01,Switch because Fixed-Share reallocated enough weight to the candidate expert: 0.2992 - 0.2609 = 0.0383 >= 0.0100.
27519,214,windowed_rf,windowed_histgb,switch,True,fixed_share_weight_advantage,0.08962185044228094,0.01,Switch because Fixed-Share reallocated enough weight to the candidate expert: 0.3412 - 0.2515 = 0.0896 >= 0.0100.
27647,215,windowed_histgb,windowed_histgb,stay,False,fixed_share_same_leader,0.0,0.01,Stay because the current strategy remains the highest-weight Fixed-Share expert.
27775,216,windowed_histgb,windowed_rf,switch,True,fixed_share_weight_advantage,0.0304599215103179,0.01,Switch because Fixed-Share reallocated enough weight to the candidate expert: 0.3018 - 0.2713 = 0.0305 >= 0.0100.
27903,217,windowed_rf,river_logreg,switch,True,fixed_share_weight_advantage,0.09240761730692243,0.01,Switch because Fixed-Share reallocated enough weight to the candidate expert: 0.2694 - 0.1770 = 0.0924 >= 0.0100.
28031,218,river_logreg,windowed_histgb,stay,False,fixed_share_margin_too_small,0.0002460444700124187,0.01,"Stay because the recovered Fixed-Share candidate is still too close to the incumbent: margin=0.0002, threshold=0.0100."
28159,219,river_logreg,river_logreg,stay,False,fixed_share_same_leader,0.0,0.01,Stay because the current strategy remains the highest-weight Fixed-Share expert.
28287,220,river_logreg,river_logreg,stay,False,fixed_share_same_leader,0.0,0.01,Stay because the current strategy remains the highest-weight Fixed-Share expert.
28415,221,river_logreg,windowed_histgb,switch,True,fixed_share_weight_advantage,0.056229631380859735,0.01,Switch because Fixed-Share reallocated enough weight to the candidate expert: 0.2607 - 0.2045 = 0.0562 >= 0.0100.
28543,222,windowed_histgb,river_logreg,switch,True,fixed_share_weight_advantage,0.13123788527325528,0.01,Switch because Fixed-Share reallocated enough weight to the candidate expert: 0.3150 - 0.1838 = 0.1312 >= 0.0100.
28671,223,river_logreg,windowed_histgb,switch,True,fixed_share_weight_advantage,0.013585409545735228,0.01,Switch because Fixed-Share reallocated enough weight to the candidate expert: 0.2875 - 0.2739 = 0.0136 >= 0.0100.
28799,224,windowed_histgb,river_logreg,switch,True,fixed_share_weight_advantage,0.04415154566923968,0.01,Switch because Fixed-Share reallocated enough weight to the candidate expert: 0.3157 - 0.2715 = 0.0442 >= 0.0100.
28927,225,river_logreg,river_logreg,stay,False,fixed_share_same_leader,0.0,0.01,Stay because the current strategy remains the highest-weight Fixed-Share expert.
29055,226,river_logreg,windowed_histgb,switch,True,fixed_share_weight_advantage,0.06352471991141137,0.01,Switch because Fixed-Share reallocated enough weight to the candidate expert: 0.2731 - 0.2096 = 0.0635 >= 0.0100.
29183,227,windowed_histgb,river_logreg,switch,True,fixed_share_weight_advantage,0.16092343858846578,0.01,Switch because Fixed-Share reallocated enough weight to the candidate expert: 0.3982 - 0.2373 = 0.1609 >= 0.0100.
29311,228,river_logreg,windowed_histgb,switch,True,fixed_share_weight_advantage,0.1173008693482088,0.01,Switch because Fixed-Share reallocated enough weight to the candidate expert: 0.3336 - 0.2163 = 0.1173 >= 0.0100.
29439,229,windowed_histgb,river_logreg,switch,True,fixed_share_weight_advantage,0.06306914496593374,0.01,Switch because Fixed-Share reallocated enough weight to the candidate expert: 0.3152 - 0.2521 = 0.0631 >= 0.0100.
29567,230,river_logreg,windowed_histgb,switch,True,fixed_share_weight_advantage,0.07491349998576985,0.01,Switch because Fixed-Share reallocated enough weight to the candidate expert: 0.3240 - 0.2490 = 0.0749 >= 0.0100.
29695,231,windowed_histgb,river_logreg,switch,True,fixed_share_weight_advantage,0.017707892114556645,0.01,Switch because Fixed-Share reallocated enough weight to the candidate expert: 0.2269 - 0.2092 = 0.0177 >= 0.0100.
29823,232,river_logreg,windowed_rf,switch,True,fixed_share_weight_advantage,0.13118823775958013,0.01,Switch because Fixed-Share reallocated enough weight to the candidate expert: 0.3267 - 0.1955 = 0.1312 >= 0.0100.
29951,233,windowed_rf,windowed_histgb,switch,True,fixed_share_weight_advantage,0.058207607547268836,0.01,Switch because Fixed-Share reallocated enough weight to the candidate expert: 0.3057 - 0.2475 = 0.0582 >= 0.0100.
30079,234,windowed_histgb,windowed_histgb,stay,False,fixed_share_same_leader,0.0,0.01,Stay because the current strategy remains the highest-weight Fixed-Share expert.
30207,235,windowed_histgb,river_logreg,stay,False,fixed_share_margin_too_small,0.005837925562424906,0.01,"Stay because the recovered Fixed-Share candidate is still too close to the incumbent: margin=0.0058, threshold=0.0100."
30335,236,windowed_histgb,river_logreg,switch,True,fixed_share_weight_advantage,0.1825143423395577,0.01,Switch because Fixed-Share reallocated enough weight to the candidate expert: 0.4192 - 0.2367 = 0.1825 >= 0.0100.
30463,237,river_logreg,river_logreg,stay,False,fixed_share_same_leader,0.0,0.01,Stay because the current strategy remains the highest-weight Fixed-Share expert.
30591,238,river_logreg,river_logreg,stay,False,fixed_share_same_leader,0.0,0.01,Stay because the current strategy remains the highest-weight Fixed-Share expert.
30719,239,river_logreg,windowed_histgb,switch,True,fixed_share_weight_advantage,0.08186095866229698,0.01,Switch because Fixed-Share reallocated enough weight to the candidate expert: 0.2966 - 0.2148 = 0.0819 >= 0.0100.
30847,240,windowed_histgb,river_logreg,switch,True,fixed_share_weight_advantage,0.2386322381798686,0.01,Switch because Fixed-Share reallocated enough weight to the candidate expert: 0.4213 - 0.1827 = 0.2386 >= 0.0100.
30975,241,river_logreg,windowed_histgb,switch,True,fixed_share_weight_advantage,0.03174535023555969,0.01,Switch because Fixed-Share reallocated enough weight to the candidate expert: 0.2811 - 0.2494 = 0.0317 >= 0.0100.
31103,242,windowed_histgb,river_logreg,switch,True,fixed_share_weight_advantage,0.020281934055406292,0.01,Switch because Fixed-Share reallocated enough weight to the candidate expert: 0.2674 - 0.2471 = 0.0203 >= 0.0100.
31231,243,river_logreg,river_logreg,stay,False,fixed_share_same_leader,0.0,0.01,Stay because the current strategy remains the highest-weight Fixed-Share expert.
31359,244,river_logreg,windowed_histgb,switch,True,fixed_share_weight_advantage,0.0960058617876928,0.01,Switch because Fixed-Share reallocated enough weight to the candidate expert: 0.2878 - 0.1918 = 0.0960 >= 0.0100.
31487,245,windowed_histgb,river_logreg,switch,True,fixed_share_weight_advantage,0.02375853059992905,0.01,Switch because Fixed-Share reallocated enough weight to the candidate expert: 0.2692 - 0.2454 = 0.0238 >= 0.0100.
31615,246,river_logreg,windowed_histgb,switch,True,fixed_share_weight_advantage,0.07236519313934103,0.01,Switch because Fixed-Share reallocated enough weight to the candidate expert: 0.2823 - 0.2099 = 0.0724 >= 0.0100.
31743,247,windowed_histgb,windowed_rf,switch,True,fixed_share_weight_advantage,0.07171645229438506,0.01,Switch because Fixed-Share reallocated enough weight to the candidate expert: 0.3114 - 0.2397 = 0.0717 >= 0.0100.
31871,248,windowed_rf,windowed_rf,stay,False,fixed_share_same_leader,0.0,0.01,Stay because the current strategy remains the highest-weight Fixed-Share expert.
31999,249,windowed_rf,windowed_rf,stay,False,fixed_share_same_leader,0.0,0.01,Stay because the current strategy remains the highest-weight Fixed-Share expert.
32127,250,windowed_rf,windowed_histgb,switch,True,fixed_share_weight_advantage,0.10451966325683174,0.01,Switch because Fixed-Share reallocated enough weight to the candidate expert: 0.3193 - 0.2148 = 0.1045 >= 0.0100.
32255,251,windowed_histgb,windowed_rf,switch,True,fixed_share_weight_advantage,0.03449366660282399,0.01,Switch because Fixed-Share reallocated enough weight to the candidate expert: 0.2671 - 0.2326 = 0.0345 >= 0.0100.
32383,252,windowed_rf,windowed_histgb,switch,True,fixed_share_weight_advantage,0.023872360513671198,0.01,Switch because Fixed-Share reallocated enough weight to the candidate expert: 0.3013 - 0.2775 = 0.0239 >= 0.0100.
32511,253,windowed_histgb,windowed_rf,switch,True,fixed_share_weight_advantage,0.10025188564976417,0.01,Switch because Fixed-Share reallocated enough weight to the candidate expert: 0.3286 - 0.2283 = 0.1003 >= 0.0100.
32639,254,windowed_rf,windowed_rf,stay,False,fixed_share_same_leader,0.0,0.01,Stay because the current strategy remains the highest-weight Fixed-Share expert.
32767,255,windowed_rf,windowed_rf,stay,False,fixed_share_same_leader,0.0,0.01,Stay because the current strategy remains the highest-weight Fixed-Share expert.
32895,256,windowed_rf,river_logreg,switch,True,fixed_share_weight_advantage,0.03219659268554273,0.01,Switch because Fixed-Share reallocated enough weight to the candidate expert: 0.2737 - 0.2415 = 0.0322 >= 0.0100.
33023,257,river_logreg,windowed_histgb,switch,True,fixed_share_weight_advantage,0.054315963247223376,0.01,Switch because Fixed-Share reallocated enough weight to the candidate expert: 0.2644 - 0.2101 = 0.0543 >= 0.0100.
33151,258,windowed_histgb,river_logreg,switch,True,fixed_share_weight_advantage,0.022202614402173387,0.01,Switch because Fixed-Share reallocated enough weight to the candidate expert: 0.2656 - 0.2434 = 0.0222 >= 0.0100.
33279,259,river_logreg,windowed_rf,switch,True,fixed_share_weight_advantage,0.04607159101218433,0.01,Switch because Fixed-Share reallocated enough weight to the candidate expert: 0.2828 - 0.2367 = 0.0461 >= 0.0100.
33407,260,windowed_rf,river_logreg,switch,True,fixed_share_weight_advantage,0.05288384450954928,0.01,Switch because Fixed-Share reallocated enough weight to the candidate expert: 0.2908 - 0.2380 = 0.0529 >= 0.0100.
33535,261,river_logreg,windowed_histgb,switch,True,fixed_share_weight_advantage,0.07541263517607125,0.01,Switch because Fixed-Share reallocated enough weight to the candidate expert: 0.2840 - 0.2086 = 0.0754 >= 0.0100.
33663,262,windowed_histgb,river_logreg,switch,True,fixed_share_weight_advantage,0.01803317228712334,0.01,Switch because Fixed-Share reallocated enough weight to the candidate expert: 0.2229 - 0.2049 = 0.0180 >= 0.0100.
33791,263,river_logreg,river_logreg,stay,False,fixed_share_same_leader,0.0,0.01,Stay because the current strategy remains the highest-weight Fixed-Share expert.
33919,264,river_logreg,windowed_rf,switch,True,fixed_share_weight_advantage,0.14574526955094988,0.01,Switch because Fixed-Share reallocated enough weight to the candidate expert: 0.3592 - 0.2134 = 0.1457 >= 0.0100.
34047,265,windowed_rf,windowed_rf,stay,False,fixed_share_same_leader,0.0,0.01,Stay because the current strategy remains the highest-weight Fixed-Share expert.
34175,266,windowed_rf,river_logreg,switch,True,fixed_share_weight_advantage,0.10830676240795142,0.01,Switch because Fixed-Share reallocated enough weight to the candidate expert: 0.3356 - 0.2272 = 0.1083 >= 0.0100.
34303,267,river_logreg,river_logreg,stay,False,fixed_share_same_leader,0.0,0.01,Stay because the current strategy remains the highest-weight Fixed-Share expert.
34431,268,river_logreg,windowed_rf,switch,True,fixed_share_weight_advantage,0.0144983635926067,0.01,Switch because Fixed-Share reallocated enough weight to the candidate expert: 0.2732 - 0.2587 = 0.0145 >= 0.0100.
34559,269,windowed_rf,river_logreg,switch,True,fixed_share_weight_advantage,0.03806016973114196,0.01,Switch because Fixed-Share reallocated enough weight to the candidate expert: 0.2612 - 0.2232 = 0.0381 >= 0.0100.
34687,270,river_logreg,river_logreg,stay,False,fixed_share_same_leader,0.0,0.01,Stay because the current strategy remains the highest-weight Fixed-Share expert.
34815,271,river_logreg,river_logreg,stay,False,fixed_share_same_leader,0.0,0.01,Stay because the current strategy remains the highest-weight Fixed-Share expert.
34943,272,river_logreg,river_logreg,stay,False,fixed_share_same_leader,0.0,0.01,Stay because the current strategy remains the highest-weight Fixed-Share expert.
35071,273,river_logreg,windowed_histgb,switch,True,fixed_share_weight_advantage,0.031441399249947266,0.01,Switch because Fixed-Share reallocated enough weight to the candidate expert: 0.2667 - 0.2352 = 0.0314 >= 0.0100.
35199,274,windowed_histgb,windowed_rf,switch,True,fixed_share_weight_advantage,0.014726886836442576,0.01,Switch because Fixed-Share reallocated enough weight to the candidate expert: 0.2946 - 0.2799 = 0.0147 >= 0.0100.
35327,275,windowed_rf,river_logreg,stay,False,fixed_share_margin_too_small,0.009803590972109033,0.01,"Stay because the recovered Fixed-Share candidate is still too close to the incumbent: margin=0.0098, threshold=0.0100."
35455,276,windowed_rf,river_logreg,switch,True,fixed_share_weight_advantage,0.13159014467814725,0.01,Switch because Fixed-Share reallocated enough weight to the candidate expert: 0.3218 - 0.1902 = 0.1316 >= 0.0100.
35583,277,river_logreg,windowed_rf,switch,True,fixed_share_weight_advantage,0.23070056804092623,0.01,Switch because Fixed-Share reallocated enough weight to the candidate expert: 0.3805 - 0.1498 = 0.2307 >= 0.0100.
35711,278,windowed_rf,windowed_rf,stay,False,fixed_share_same_leader,0.0,0.01,Stay because the current strategy remains the highest-weight Fixed-Share expert.
35839,279,windowed_rf,windowed_rf,stay,False,fixed_share_same_leader,0.0,0.01,Stay because the current strategy remains the highest-weight Fixed-Share expert.
35967,280,windowed_rf,windowed_histgb,switch,True,fixed_share_weight_advantage,0.1181892843222864,0.01,Switch because Fixed-Share reallocated enough weight to the candidate expert: 0.2989 - 0.1807 = 0.1182 >= 0.0100.
36095,281,windowed_histgb,windowed_rf,switch,True,fixed_share_weight_advantage,0.055375971651095174,0.01,Switch because Fixed-Share reallocated enough weight to the candidate expert: 0.2638 - 0.2084 = 0.0554 >= 0.0100.
36223,282,windowed_rf,windowed_histgb,switch,True,fixed_share_weight_advantage,0.0776488188776279,0.01,Switch because Fixed-Share reallocated enough weight to the candidate expert: 0.2727 - 0.1950 = 0.0776 >= 0.0100.
36351,283,windowed_histgb,windowed_rf,switch,True,fixed_share_weight_advantage,0.01670946731933759,0.01,Switch because Fixed-Share reallocated enough weight to the candidate expert: 0.2872 - 0.2705 = 0.0167 >= 0.0100.
36479,284,windowed_rf,windowed_rf,stay,False,fixed_share_same_leader,0.0,0.01,Stay because the current strategy remains the highest-weight Fixed-Share expert.
36607,285,windowed_rf,river_logreg,switch,True,fixed_share_weight_advantage,0.06435078483309328,0.01,Switch because Fixed-Share reallocated enough weight to the candidate expert: 0.2982 - 0.2339 = 0.0644 >= 0.0100.
36735,286,river_logreg,windowed_rf,switch,True,fixed_share_weight_advantage,0.13321730228209702,0.01,Switch because Fixed-Share reallocated enough weight to the candidate expert: 0.3313 - 0.1981 = 0.1332 >= 0.0100.
36863,287,windowed_rf,river_logreg,switch,True,fixed_share_weight_advantage,0.05163816882669672,0.01,Switch because Fixed-Share reallocated enough weight to the candidate expert: 0.2623 - 0.2107 = 0.0516 >= 0.0100.
36991,288,river_logreg,windowed_rf,switch,True,fixed_share_weight_advantage,0.05977236447289708,0.01,Switch because Fixed-Share reallocated enough weight to the candidate expert: 0.3329 - 0.2731 = 0.0598 >= 0.0100.
37119,289,windowed_rf,windowed_histgb,switch,True,fixed_share_weight_advantage,0.07257543436991787,0.01,Switch because Fixed-Share reallocated enough weight to the candidate expert: 0.3145 - 0.2420 = 0.0726 >= 0.0100.
37247,290,windowed_histgb,river_logreg,switch,True,fixed_share_weight_advantage,0.11727083686507561,0.01,Switch because Fixed-Share reallocated enough weight to the candidate expert: 0.2874 - 0.1701 = 0.1173 >= 0.0100.
37375,291,river_logreg,windowed_histgb,switch,True,fixed_share_weight_advantage,0.024649798012350954,0.01,Switch because Fixed-Share reallocated enough weight to the candidate expert: 0.2888 - 0.2641 = 0.0246 >= 0.0100.
37503,292,windowed_histgb,river_logreg,switch,True,fixed_share_weight_advantage,0.016009194975058733,0.01,Switch because Fixed-Share reallocated enough weight to the candidate expert: 0.2554 - 0.2394 = 0.0160 >= 0.0100.
37631,293,river_logreg,river_logreg,stay,False,fixed_share_same_leader,0.0,0.01,Stay because the current strategy remains the highest-weight Fixed-Share expert.
37759,294,river_logreg,river_logreg,stay,False,fixed_share_same_leader,0.0,0.01,Stay because the current strategy remains the highest-weight Fixed-Share expert.
37887,295,river_logreg,windowed_histgb,switch,True,fixed_share_weight_advantage,0.0851304791391298,0.01,Switch because Fixed-Share reallocated enough weight to the candidate expert: 0.3115 - 0.2264 = 0.0851 >= 0.0100.
38015,296,windowed_histgb,river_logreg,switch,True,fixed_share_weight_advantage,0.0766246536210631,0.01,Switch because Fixed-Share reallocated enough weight to the candidate expert: 0.2731 - 0.1964 = 0.0766 >= 0.0100.
38143,297,river_logreg,river_logreg,stay,False,fixed_share_same_leader,0.0,0.01,Stay because the current strategy remains the highest-weight Fixed-Share expert.
38271,298,river_logreg,windowed_histgb,switch,True,fixed_share_weight_advantage,0.12578651671392066,0.01,Switch because Fixed-Share reallocated enough weight to the candidate expert: 0.3628 - 0.2370 = 0.1258 >= 0.0100.
38399,299,windowed_histgb,windowed_histgb,stay,False,fixed_share_same_leader,0.0,0.01,Stay because the current strategy remains the highest-weight Fixed-Share expert.
38527,300,windowed_histgb,windowed_rf,switch,True,fixed_share_weight_advantage,0.1798418634184295,0.01,Switch because Fixed-Share reallocated enough weight to the candidate expert: 0.4081 - 0.2282 = 0.1798 >= 0.0100.
38655,301,windowed_rf,river_logreg,switch,True,fixed_share_weight_advantage,0.03700609553884476,0.01,Switch because Fixed-Share reallocated enough weight to the candidate expert: 0.3126 - 0.2756 = 0.0370 >= 0.0100.
38783,302,river_logreg,windowed_histgb,switch,True,fixed_share_weight_advantage,0.04901584803771736,0.01,Switch because Fixed-Share reallocated enough weight to the candidate expert: 0.2844 - 0.2354 = 0.0490 >= 0.0100.
38911,303,windowed_histgb,river_logreg,switch,True,fixed_share_weight_advantage,0.35695796650257006,0.01,Switch because Fixed-Share reallocated enough weight to the candidate expert: 0.5174 - 0.1604 = 0.3570 >= 0.0100.
39039,304,river_logreg,windowed_histgb,switch,True,fixed_share_weight_advantage,0.025738435333385212,0.01,Switch because Fixed-Share reallocated enough weight to the candidate expert: 0.2674 - 0.2417 = 0.0257 >= 0.0100.
39167,305,windowed_histgb,windowed_rf,switch,True,fixed_share_weight_advantage,0.023140760486243916,0.01,Switch because Fixed-Share reallocated enough weight to the candidate expert: 0.2837 - 0.2606 = 0.0231 >= 0.0100.
39295,306,windowed_rf,river_logreg,switch,True,fixed_share_weight_advantage,0.1369960621738295,0.01,Switch because Fixed-Share reallocated enough weight to the candidate expert: 0.3605 - 0.2235 = 0.1370 >= 0.0100.
39423,307,river_logreg,windowed_rf,switch,True,fixed_share_weight_advantage,0.04921220859694947,0.01,Switch because Fixed-Share reallocated enough weight to the candidate expert: 0.2762 - 0.2270 = 0.0492 >= 0.0100.
39551,308,windowed_rf,river_logreg,switch,True,fixed_share_weight_advantage,0.22219267796127098,0.01,Switch because Fixed-Share reallocated enough weight to the candidate expert: 0.4087 - 0.1865 = 0.2222 >= 0.0100.
39679,309,river_logreg,windowed_histgb,switch,True,fixed_share_weight_advantage,0.021163710665777186,0.01,Switch because Fixed-Share reallocated enough weight to the candidate expert: 0.2644 - 0.2432 = 0.0212 >= 0.0100.
39807,310,windowed_histgb,windowed_rf,switch,True,fixed_share_weight_advantage,0.06601709039764347,0.01,Switch because Fixed-Share reallocated enough weight to the candidate expert: 0.2757 - 0.2097 = 0.0660 >= 0.0100.
39935,311,windowed_rf,windowed_rf,stay,False,fixed_share_same_leader,0.0,0.01,Stay because the current strategy remains the highest-weight Fixed-Share expert.
40063,312,windowed_rf,river_logreg,switch,True,fixed_share_weight_advantage,0.10820587273715584,0.01,Switch because Fixed-Share reallocated enough weight to the candidate expert: 0.2890 - 0.1808 = 0.1082 >= 0.0100.
40191,313,river_logreg,windowed_rf,switch,True,fixed_share_weight_advantage,0.08869785522003754,0.01,Switch because Fixed-Share reallocated enough weight to the candidate expert: 0.2730 - 0.1843 = 0.0887 >= 0.0100.
40319,314,windowed_rf,windowed_rf,stay,False,fixed_share_same_leader,0.0,0.01,Stay because the current strategy remains the highest-weight Fixed-Share expert.
40447,315,windowed_rf,windowed_histgb,switch,True,fixed_share_weight_advantage,0.01786963673940059,0.01,Switch because Fixed-Share reallocated enough weight to the candidate expert: 0.2633 - 0.2455 = 0.0179 >= 0.0100.
40575,316,windowed_histgb,river_logreg,switch,True,fixed_share_weight_advantage,0.0469085069007425,0.01,Switch because Fixed-Share reallocated enough weight to the candidate expert: 0.2779 - 0.2310 = 0.0469 >= 0.0100.
40703,317,river_logreg,river_hoeffding_tree,stay,False,fixed_share_margin_too_small,0.006363562325275851,0.01,"Stay because the recovered Fixed-Share candidate is still too close to the incumbent: margin=0.0064, threshold=0.0100."
40831,318,river_logreg,river_logreg,stay,False,fixed_share_same_leader,0.0,0.01,Stay because the current strategy remains the highest-weight Fixed-Share expert.
40959,319,river_logreg,windowed_rf,switch,True,fixed_share_weight_advantage,0.07631190944522104,0.01,Switch because Fixed-Share reallocated enough weight to the candidate expert: 0.2380 - 0.1617 = 0.0763 >= 0.0100.
41087,320,windowed_rf,river_logreg,switch,True,fixed_share_weight_advantage,0.14883438785601716,0.01,Switch because Fixed-Share reallocated enough weight to the candidate expert: 0.3417 - 0.1928 = 0.1488 >= 0.0100.
41215,321,river_logreg,windowed_histgb,switch,True,fixed_share_weight_advantage,0.14000413567725856,0.01,Switch because Fixed-Share reallocated enough weight to the candidate expert: 0.3246 - 0.1846 = 0.1400 >= 0.0100.
41343,322,windowed_histgb,windowed_histgb,stay,False,fixed_share_same_leader,0.0,0.01,Stay because the current strategy remains the highest-weight Fixed-Share expert.
41471,323,windowed_histgb,windowed_rf,switch,True,fixed_share_weight_advantage,0.06853344767138092,0.01,Switch because Fixed-Share reallocated enough weight to the candidate expert: 0.2790 - 0.2105 = 0.0685 >= 0.0100.
41599,324,windowed_rf,windowed_histgb,switch,True,fixed_share_weight_advantage,0.01621471022284493,0.01,Switch because Fixed-Share reallocated enough weight to the candidate expert: 0.2679 - 0.2517 = 0.0162 >= 0.0100.
41727,325,windowed_histgb,river_logreg,switch,True,fixed_share_weight_advantage,0.12976991545855693,0.01,Switch because Fixed-Share reallocated enough weight to the candidate expert: 0.3152 - 0.1854 = 0.1298 >= 0.0100.
41855,326,river_logreg,river_logreg,stay,False,fixed_share_same_leader,0.0,0.01,Stay because the current strategy remains the highest-weight Fixed-Share expert.
41983,327,river_logreg,windowed_histgb,switch,True,fixed_share_weight_advantage,0.09207341862827015,0.01,Switch because Fixed-Share reallocated enough weight to the candidate expert: 0.2946 - 0.2026 = 0.0921 >= 0.0100.
42111,328,windowed_histgb,river_logreg,switch,True,fixed_share_weight_advantage,0.05578325861106048,0.01,Switch because Fixed-Share reallocated enough weight to the candidate expert: 0.2810 - 0.2252 = 0.0558 >= 0.0100.
42239,329,river_logreg,windowed_histgb,switch,True,fixed_share_weight_advantage,0.12316941819647076,0.01,Switch because Fixed-Share reallocated enough weight to the candidate expert: 0.3285 - 0.2053 = 0.1232 >= 0.0100.
42367,330,windowed_histgb,river_logreg,switch,True,fixed_share_weight_advantage,0.05824425611386935,0.01,Switch because Fixed-Share reallocated enough weight to the candidate expert: 0.2997 - 0.2414 = 0.0582 >= 0.0100.
42495,331,river_logreg,river_logreg,stay,False,fixed_share_same_leader,0.0,0.01,Stay because the current strategy remains the highest-weight Fixed-Share expert.
42623,332,river_logreg,river_logreg,stay,False,fixed_share_same_leader,0.0,0.01,Stay because the current strategy remains the highest-weight Fixed-Share expert.
42751,333,river_logreg,windowed_rf,switch,True,fixed_share_weight_advantage,0.07964697897117595,0.01,Switch because Fixed-Share reallocated enough weight to the candidate expert: 0.2583 - 0.1786 = 0.0796 >= 0.0100.
42879,334,windowed_rf,river_logreg,switch,True,fixed_share_weight_advantage,0.02599765907905821,0.01,Switch because Fixed-Share reallocated enough weight to the candidate expert: 0.2825 - 0.2565 = 0.0260 >= 0.0100.
43007,335,river_logreg,windowed_rf,switch,True,fixed_share_weight_advantage,0.1368357361271756,0.01,Switch because Fixed-Share reallocated enough weight to the candidate expert: 0.3488 - 0.2120 = 0.1368 >= 0.0100.
43135,336,windowed_rf,windowed_histgb,switch,True,fixed_share_weight_advantage,0.12333091079823688,0.01,Switch because Fixed-Share reallocated enough weight to the candidate expert: 0.3524 - 0.2291 = 0.1233 >= 0.0100.
43263,337,windowed_histgb,windowed_rf,switch,True,fixed_share_weight_advantage,0.030104362292588283,0.01,Switch because Fixed-Share reallocated enough weight to the candidate expert: 0.2761 - 0.2460 = 0.0301 >= 0.0100.
43391,338,windowed_rf,river_logreg,switch,True,fixed_share_weight_advantage,0.12682605912409045,0.01,Switch because Fixed-Share reallocated enough weight to the candidate expert: 0.3151 - 0.1882 = 0.1268 >= 0.0100.
43519,339,river_logreg,windowed_rf,switch,True,fixed_share_weight_advantage,0.021111153559190687,0.01,Switch because Fixed-Share reallocated enough weight to the candidate expert: 0.2563 - 0.2352 = 0.0211 >= 0.0100.
43647,340,windowed_rf,windowed_rf,stay,False,fixed_share_same_leader,0.0,0.01,Stay because the current strategy remains the highest-weight Fixed-Share expert.
43775,341,windowed_rf,river_logreg,switch,True,fixed_share_weight_advantage,0.04161752950404157,0.01,Switch because Fixed-Share reallocated enough weight to the candidate expert: 0.3134 - 0.2717 = 0.0416 >= 0.0100.
43903,342,river_logreg,river_logreg,stay,False,fixed_share_same_leader,0.0,0.01,Stay because the current strategy remains the highest-weight Fixed-Share expert.
44031,343,river_logreg,windowed_histgb,stay,False,fixed_share_margin_too_small,0.008641287260423791,0.01,"Stay because the recovered Fixed-Share candidate is still too close to the incumbent: margin=0.0086, threshold=0.0100."
44159,344,river_logreg,river_logreg,stay,False,fixed_share_same_leader,0.0,0.01,Stay because the current strategy remains the highest-weight Fixed-Share expert.
44287,345,river_logreg,river_logreg,stay,False,fixed_share_same_leader,0.0,0.01,Stay because the current strategy remains the highest-weight Fixed-Share expert.
44415,346,river_logreg,windowed_histgb,switch,True,fixed_share_weight_advantage,0.02249177122457735,0.01,Switch because Fixed-Share reallocated enough weight to the candidate expert: 0.2748 - 0.2524 = 0.0225 >= 0.0100.
44543,347,windowed_histgb,river_hoeffding_tree,switch,True,fixed_share_weight_advantage,0.05912398477149114,0.01,Switch because Fixed-Share reallocated enough weight to the candidate expert: 0.2479 - 0.1888 = 0.0591 >= 0.0100.
44671,348,river_hoeffding_tree,windowed_histgb,switch,True,fixed_share_weight_advantage,0.14012098107806678,0.01,Switch because Fixed-Share reallocated enough weight to the candidate expert: 0.3042 - 0.1641 = 0.1401 >= 0.0100.
44799,349,windowed_histgb,windowed_histgb,stay,False,fixed_share_same_leader,0.0,0.01,Stay because the current strategy remains the highest-weight Fixed-Share expert.
44927,350,windowed_histgb,windowed_rf,switch,True,fixed_share_weight_advantage,0.012654419937249084,0.01,Switch because Fixed-Share reallocated enough weight to the candidate expert: 0.2537 - 0.2410 = 0.0127 >= 0.0100.
45055,351,windowed_rf,windowed_rf,stay,False,fixed_share_same_leader,0.0,0.01,Stay because the current strategy remains the highest-weight Fixed-Share expert.
45183,352,windowed_rf,windowed_rf,stay,False,fixed_share_same_leader,0.0,0.01,Stay because the current strategy remains the highest-weight Fixed-Share expert.
45311,353,windowed_rf,windowed_histgb,switch,True,fixed_share_weight_advantage,0.037375017067598104,0.01,Switch because Fixed-Share reallocated enough weight to the candidate expert: 0.2981 - 0.2607 = 0.0374 >= 0.0100.
45439,354,windowed_histgb,windowed_rf,stay,False,fixed_share_margin_too_small,0.004496290093156163,0.01,"Stay because the recovered Fixed-Share candidate is still too close to the incumbent: margin=0.0045, threshold=0.0100."
45567,355,windowed_histgb,windowed_rf,switch,True,fixed_share_weight_advantage,0.07731971641335109,0.01,Switch because Fixed-Share reallocated enough weight to the candidate expert: 0.2892 - 0.2119 = 0.0773 >= 0.0100.
45695,356,windowed_rf,windowed_rf,stay,False,fixed_share_same_leader,0.0,0.01,Stay because the current strategy remains the highest-weight Fixed-Share expert.
45823,357,windowed_rf,windowed_histgb,switch,True,fixed_share_weight_advantage,0.010952734168505285,0.01,Switch because Fixed-Share reallocated enough weight to the candidate expert: 0.2832 - 0.2723 = 0.0110 >= 0.0100.
45951,358,windowed_histgb,windowed_histgb,stay,False,fixed_share_same_leader,0.0,0.01,Stay because the current strategy remains the highest-weight Fixed-Share expert.
46079,359,windowed_histgb,windowed_histgb,stay,False,fixed_share_same_leader,0.0,0.01,Stay because the current strategy remains the highest-weight Fixed-Share expert.
46207,360,windowed_histgb,windowed_histgb,stay,False,fixed_share_same_leader,0.0,0.01,Stay because the current strategy remains the highest-weight Fixed-Share expert.
46335,361,windowed_histgb,river_logreg,switch,True,fixed_share_weight_advantage,0.05586114073826881,0.01,Switch because Fixed-Share reallocated enough weight to the candidate expert: 0.2727 - 0.2168 = 0.0559 >= 0.0100.
46463,362,river_logreg,windowed_histgb,switch,True,fixed_share_weight_advantage,0.020722023218060437,0.01,Switch because Fixed-Share reallocated enough weight to the candidate expert: 0.2899 - 0.2692 = 0.0207 >= 0.0100.
46591,363,windowed_histgb,windowed_histgb,stay,False,fixed_share_same_leader,0.0,0.01,Stay because the current strategy remains the highest-weight Fixed-Share expert.
46719,364,windowed_histgb,windowed_rf,switch,True,fixed_share_weight_advantage,0.0724492736607169,0.01,Switch because Fixed-Share reallocated enough weight to the candidate expert: 0.3351 - 0.2626 = 0.0724 >= 0.0100.
46847,365,windowed_rf,windowed_rf,stay,False,fixed_share_same_leader,0.0,0.01,Stay because the current strategy remains the highest-weight Fixed-Share expert.
46975,366,windowed_rf,river_logreg,stay,False,fixed_share_margin_too_small,0.002511558770672162,0.01,"Stay because the recovered Fixed-Share candidate is still too close to the incumbent: margin=0.0025, threshold=0.0100."
47103,367,windowed_rf,windowed_rf,stay,False,fixed_share_same_leader,0.0,0.01,Stay because the current strategy remains the highest-weight Fixed-Share expert.
47231,368,windowed_rf,river_logreg,switch,True,fixed_share_weight_advantage,0.07279465700707502,0.01,Switch because Fixed-Share reallocated enough weight to the candidate expert: 0.3115 - 0.2387 = 0.0728 >= 0.0100.
47359,369,river_logreg,river_logreg,stay,False,fixed_share_same_leader,0.0,0.01,Stay because the current strategy remains the highest-weight Fixed-Share expert.
47487,370,river_logreg,windowed_histgb,switch,True,fixed_share_weight_advantage,0.01548328079304917,0.01,Switch because Fixed-Share reallocated enough weight to the candidate expert: 0.2678 - 0.2523 = 0.0155 >= 0.0100.
47615,371,windowed_histgb,river_logreg,switch,True,fixed_share_weight_advantage,0.07657262297387485,0.01,Switch because Fixed-Share reallocated enough weight to the candidate expert: 0.2882 - 0.2116 = 0.0766 >= 0.0100.
47743,372,river_logreg,river_logreg,stay,False,fixed_share_same_leader,0.0,0.01,Stay because the current strategy remains the highest-weight Fixed-Share expert.
47871,373,river_logreg,windowed_histgb,switch,True,fixed_share_weight_advantage,0.052349643877334984,0.01,Switch because Fixed-Share reallocated enough weight to the candidate expert: 0.2673 - 0.2149 = 0.0523 >= 0.0100.
47999,374,windowed_histgb,windowed_rf,stay,False,fixed_share_margin_too_small,0.004385368015535129,0.01,"Stay because the recovered Fixed-Share candidate is still too close to the incumbent: margin=0.0044, threshold=0.0100."
48127,375,windowed_histgb,river_hoeffding_tree,switch,True,fixed_share_weight_advantage,0.16615070493423645,0.01,Switch because Fixed-Share reallocated enough weight to the candidate expert: 0.3226 - 0.1564 = 0.1662 >= 0.0100.
48255,376,river_hoeffding_tree,river_logreg,switch,True,fixed_share_weight_advantage,0.08782557094073792,0.01,Switch because Fixed-Share reallocated enough weight to the candidate expert: 0.2978 - 0.2099 = 0.0878 >= 0.0100.
48383,377,river_logreg,windowed_rf,switch,True,fixed_share_weight_advantage,0.029582388933628218,0.01,Switch because Fixed-Share reallocated enough weight to the candidate expert: 0.2719 - 0.2423 = 0.0296 >= 0.0100.
48511,378,windowed_rf,windowed_rf,stay,False,fixed_share_same_leader,0.0,0.01,Stay because the current strategy remains the highest-weight Fixed-Share expert.
48639,379,windowed_rf,river_logreg,switch,True,fixed_share_weight_advantage,0.011692918962526722,0.01,Switch because Fixed-Share reallocated enough weight to the candidate expert: 0.2673 - 0.2556 = 0.0117 >= 0.0100.
48767,380,river_logreg,river_logreg,stay,False,fixed_share_same_leader,0.0,0.01,Stay because the current strategy remains the highest-weight Fixed-Share expert.
48895,381,river_logreg,windowed_histgb,switch,True,fixed_share_weight_advantage,0.06627533587227746,0.01,Switch because Fixed-Share reallocated enough weight to the candidate expert: 0.2699 - 0.2036 = 0.0663 >= 0.0100.
49023,382,windowed_histgb,river_logreg,stay,False,fixed_share_margin_too_small,2.563276798950298e-05,0.01,"Stay because the recovered Fixed-Share candidate is still too close to the incumbent: margin=0.0000, threshold=0.0100."
49151,383,windowed_histgb,river_logreg,switch,True,fixed_share_weight_advantage,0.2554404762121527,0.01,Switch because Fixed-Share reallocated enough weight to the candidate expert: 0.3764 - 0.1209 = 0.2554 >= 0.0100.
49279,384,river_logreg,windowed_histgb,switch,True,fixed_share_weight_advantage,0.03279838276137162,0.01,Switch because Fixed-Share reallocated enough weight to the candidate expert: 0.2687 - 0.2359 = 0.0328 >= 0.0100.
49407,385,windowed_histgb,river_logreg,switch,True,fixed_share_weight_advantage,0.03411318772309446,0.01,Switch because Fixed-Share reallocated enough weight to the candidate expert: 0.2902 - 0.2561 = 0.0341 >= 0.0100.
49535,386,river_logreg,windowed_histgb,stay,False,fixed_share_margin_too_small,0.0022048280136005016,0.01,"Stay because the recovered Fixed-Share candidate is still too close to the incumbent: margin=0.0022, threshold=0.0100."
49663,387,river_logreg,windowed_histgb,switch,True,fixed_share_weight_advantage,0.018003670709018343,0.01,Switch because Fixed-Share reallocated enough weight to the candidate expert: 0.2469 - 0.2289 = 0.0180 >= 0.0100.
49791,388,windowed_histgb,windowed_histgb,stay,False,fixed_share_same_leader,0.0,0.01,Stay because the current strategy remains the highest-weight Fixed-Share expert.
49919,389,windowed_histgb,windowed_histgb,stay,False,fixed_share_same_leader,0.0,0.01,Stay because the current strategy remains the highest-weight Fixed-Share expert.
50047,390,windowed_histgb,windowed_rf,switch,True,fixed_share_weight_advantage,0.026552046818663216,0.01,Switch because Fixed-Share reallocated enough weight to the candidate expert: 0.2459 - 0.2194 = 0.0266 >= 0.0100.
50175,391,windowed_rf,windowed_rf,stay,False,fixed_share_same_leader,0.0,0.01,Stay because the current strategy remains the highest-weight Fixed-Share expert.
50303,392,windowed_rf,windowed_rf,stay,False,fixed_share_same_leader,0.0,0.01,Stay because the current strategy remains the highest-weight Fixed-Share expert.
50431,393,windowed_rf,river_logreg,stay,False,fixed_share_margin_too_small,5.023633791148563e-05,0.01,"Stay because the recovered Fixed-Share candidate is still too close to the incumbent: margin=0.0001, threshold=0.0100."
50559,394,windowed_rf,river_logreg,switch,True,fixed_share_weight_advantage,0.07707252565050607,0.01,Switch because Fixed-Share reallocated enough weight to the candidate expert: 0.3216 - 0.2446 = 0.0771 >= 0.0100.
50687,395,river_logreg,river_logreg,stay,False,fixed_share_same_leader,0.0,0.01,Stay because the current strategy remains the highest-weight Fixed-Share expert.
50815,396,river_logreg,river_logreg,stay,False,fixed_share_same_leader,0.0,0.01,Stay because the current strategy remains the highest-weight Fixed-Share expert.
50943,397,river_logreg,river_logreg,stay,False,fixed_share_same_leader,0.0,0.01,Stay because the current strategy remains the highest-weight Fixed-Share expert.
51071,398,river_logreg,river_logreg,stay,False,fixed_share_same_leader,0.0,0.01,Stay because the current strategy remains the highest-weight Fixed-Share expert.
51199,399,river_logreg,windowed_rf,switch,True,fixed_share_weight_advantage,0.034817087970254845,0.01,Switch because Fixed-Share reallocated enough weight to the candidate expert: 0.2523 - 0.2175 = 0.0348 >= 0.0100.
51327,400,windowed_rf,windowed_histgb,stay,False,fixed_share_margin_too_small,0.006506306877381823,0.01,"Stay because the recovered Fixed-Share candidate is still too close to the incumbent: margin=0.0065, threshold=0.0100."
51455,401,windowed_rf,river_logreg,stay,False,fixed_share_margin_too_small,0.00018444290698521604,0.01,"Stay because the recovered Fixed-Share candidate is still too close to the incumbent: margin=0.0002, threshold=0.0100."
51583,402,windowed_rf,windowed_rf,stay,False,fixed_share_same_leader,0.0,0.01,Stay because the current strategy remains the highest-weight Fixed-Share expert.
51711,403,windowed_rf,windowed_histgb,switch,True,fixed_share_weight_advantage,0.030734336679100138,0.01,Switch because Fixed-Share reallocated enough weight to the candidate expert: 0.2802 - 0.2495 = 0.0307 >= 0.0100.
51839,404,windowed_histgb,river_logreg,switch,True,fixed_share_weight_advantage,0.061843144742526446,0.01,Switch because Fixed-Share reallocated enough weight to the candidate expert: 0.2803 - 0.2184 = 0.0618 >= 0.0100.
51967,405,river_logreg,windowed_histgb,stay,False,fixed_share_margin_too_small,6.830432134169451e-05,0.01,"Stay because the recovered Fixed-Share candidate is still too close to the incumbent: margin=0.0001, threshold=0.0100."
52095,406,river_logreg,windowed_histgb,switch,True,fixed_share_weight_advantage,0.01132057119631577,0.01,Switch because Fixed-Share reallocated enough weight to the candidate expert: 0.2504 - 0.2391 = 0.0113 >= 0.0100.
52223,407,windowed_histgb,river_logreg,switch,True,fixed_share_weight_advantage,0.018927568562348007,0.01,Switch because Fixed-Share reallocated enough weight to the candidate expert: 0.2624 - 0.2434 = 0.0189 >= 0.0100.
52351,408,river_logreg,windowed_histgb,stay,False,fixed_share_margin_too_small,0.006738363125310731,0.01,"Stay because the recovered Fixed-Share candidate is still too close to the incumbent: margin=0.0067, threshold=0.0100."
52479,409,river_logreg,river_logreg,stay,False,fixed_share_same_leader,0.0,0.01,Stay because the current strategy remains the highest-weight Fixed-Share expert.
52607,410,river_logreg,river_logreg,stay,False,fixed_share_same_leader,0.0,0.01,Stay because the current strategy remains the highest-weight Fixed-Share expert.
52735,411,river_logreg,river_logreg,stay,False,fixed_share_same_leader,0.0,0.01,Stay because the current strategy remains the highest-weight Fixed-Share expert.
52863,412,river_logreg,windowed_rf,stay,False,fixed_share_margin_too_small,0.0006910614607034127,0.01,"Stay because the recovered Fixed-Share candidate is still too close to the incumbent: margin=0.0007, threshold=0.0100."
52991,413,river_logreg,windowed_histgb,switch,True,fixed_share_weight_advantage,0.08126018915121569,0.01,Switch because Fixed-Share reallocated enough weight to the candidate expert: 0.3397 - 0.2585 = 0.0813 >= 0.0100.
53119,414,windowed_histgb,river_logreg,stay,False,fixed_share_margin_too_small,0.007599725872556196,0.01,"Stay because the recovered Fixed-Share candidate is still too close to the incumbent: margin=0.0076, threshold=0.0100."
53247,415,windowed_histgb,river_logreg,stay,False,fixed_share_margin_too_small,0.001915567051159972,0.01,"Stay because the recovered Fixed-Share candidate is still too close to the incumbent: margin=0.0019, threshold=0.0100."
53375,416,windowed_histgb,river_logreg,switch,True,fixed_share_weight_advantage,0.11500439924527162,0.01,Switch because Fixed-Share reallocated enough weight to the candidate expert: 0.3066 - 0.1916 = 0.1150 >= 0.0100.
53503,417,river_logreg,windowed_rf,switch,True,fixed_share_weight_advantage,0.17399823196992734,0.01,Switch because Fixed-Share reallocated enough weight to the candidate expert: 0.3722 - 0.1982 = 0.1740 >= 0.0100.
53631,418,windowed_rf,windowed_histgb,switch,True,fixed_share_weight_advantage,0.106219276183918,0.01,Switch because Fixed-Share reallocated enough weight to the candidate expert: 0.3328 - 0.2266 = 0.1062 >= 0.0100.
53759,419,windowed_histgb,windowed_histgb,stay,False,fixed_share_same_leader,0.0,0.01,Stay because the current strategy remains the highest-weight Fixed-Share expert.
53887,420,windowed_histgb,windowed_histgb,stay,False,fixed_share_same_leader,0.0,0.01,Stay because the current strategy remains the highest-weight Fixed-Share expert.
54015,421,windowed_histgb,river_logreg,switch,True,fixed_share_weight_advantage,0.015885825675088783,0.01,Switch because Fixed-Share reallocated enough weight to the candidate expert: 0.3004 - 0.2845 = 0.0159 >= 0.0100.
54143,422,river_logreg,windowed_rf,switch,True,fixed_share_weight_advantage,0.11906742471795786,0.01,Switch because Fixed-Share reallocated enough weight to the candidate expert: 0.3223 - 0.2032 = 0.1191 >= 0.0100.
54271,423,windowed_rf,river_nb,switch,True,fixed_share_weight_advantage,0.15798467196197288,0.01,Switch because Fixed-Share reallocated enough weight to the candidate expert: 0.3121 - 0.1541 = 0.1580 >= 0.0100.
54399,424,river_nb,river_logreg,switch,True,fixed_share_weight_advantage,0.3171646792063243,0.01,Switch because Fixed-Share reallocated enough weight to the candidate expert: 0.4781 - 0.1609 = 0.3172 >= 0.0100.
54527,425,river_logreg,river_logreg,stay,False,fixed_share_same_leader,0.0,0.01,Stay because the current strategy remains the highest-weight Fixed-Share expert.
54655,426,river_logreg,windowed_histgb,switch,True,fixed_share_weight_advantage,0.07641972339521033,0.01,Switch because Fixed-Share reallocated enough weight to the candidate expert: 0.2740 - 0.1976 = 0.0764 >= 0.0100.
54783,427,windowed_histgb,river_logreg,switch,True,fixed_share_weight_advantage,0.03641524685753711,0.01,Switch because Fixed-Share reallocated enough weight to the candidate expert: 0.2861 - 0.2497 = 0.0364 >= 0.0100.
54911,428,river_logreg,river_logreg,stay,False,fixed_share_same_leader,0.0,0.01,Stay because the current strategy remains the highest-weight Fixed-Share expert.
55039,429,river_logreg,river_hoeffding_tree,switch,True,fixed_share_weight_advantage,0.05514734170430313,0.01,Switch because Fixed-Share reallocated enough weight to the candidate expert: 0.2449 - 0.1897 = 0.0551 >= 0.0100.
55167,430,river_hoeffding_tree,windowed_rf,switch,True,fixed_share_weight_advantage,0.169033502063337,0.01,Switch because Fixed-Share reallocated enough weight to the candidate expert: 0.3165 - 0.1475 = 0.1690 >= 0.0100.
55295,431,windowed_rf,windowed_histgb,switch,True,fixed_share_weight_advantage,0.03425485479415122,0.01,Switch because Fixed-Share reallocated enough weight to the candidate expert: 0.2763 - 0.2420 = 0.0343 >= 0.0100.
55423,432,windowed_histgb,windowed_rf,switch,True,fixed_share_weight_advantage,0.08185730683789327,0.01,Switch because Fixed-Share reallocated enough weight to the candidate expert: 0.2669 - 0.1850 = 0.0819 >= 0.0100.
55551,433,windowed_rf,windowed_rf,stay,False,fixed_share_same_leader,0.0,0.01,Stay because the current strategy remains the highest-weight Fixed-Share expert.
55679,434,windowed_rf,windowed_histgb,stay,False,fixed_share_margin_too_small,0.00020937115802865947,0.01,"Stay because the recovered Fixed-Share candidate is still too close to the incumbent: margin=0.0002, threshold=0.0100."
55807,435,windowed_rf,river_hoeffding_tree,switch,True,fixed_share_weight_advantage,0.07010175895123677,0.01,Switch because Fixed-Share reallocated enough weight to the candidate expert: 0.2596 - 0.1895 = 0.0701 >= 0.0100.
55935,436,river_hoeffding_tree,river_logreg,switch,True,fixed_share_weight_advantage,0.07935423617211643,0.01,Switch because Fixed-Share reallocated enough weight to the candidate expert: 0.2934 - 0.2140 = 0.0794 >= 0.0100.
56063,437,river_logreg,windowed_histgb,switch,True,fixed_share_weight_advantage,0.14538870959386663,0.01,Switch because Fixed-Share reallocated enough weight to the candidate expert: 0.3346 - 0.1892 = 0.1454 >= 0.0100.
56191,438,windowed_histgb,river_hoeffding_tree,switch,True,fixed_share_weight_advantage,0.027046362827156306,0.01,Switch because Fixed-Share reallocated enough weight to the candidate expert: 0.2589 - 0.2319 = 0.0270 >= 0.0100.
56319,439,river_hoeffding_tree,river_hoeffding_tree,stay,False,fixed_share_same_leader,0.0,0.01,Stay because the current strategy remains the highest-weight Fixed-Share expert.
56447,440,river_hoeffding_tree,windowed_histgb,switch,True,fixed_share_weight_advantage,0.015059788586359313,0.01,Switch because Fixed-Share reallocated enough weight to the candidate expert: 0.2571 - 0.2421 = 0.0151 >= 0.0100.
56575,441,windowed_histgb,river_logreg,stay,False,fixed_share_margin_too_small,0.008720022605999939,0.01,"Stay because the recovered Fixed-Share candidate is still too close to the incumbent: margin=0.0087, threshold=0.0100."
56703,442,windowed_histgb,river_logreg,switch,True,fixed_share_weight_advantage,0.09959306201001461,0.01,Switch because Fixed-Share reallocated enough weight to the candidate expert: 0.2843 - 0.1847 = 0.0996 >= 0.0100.
56831,443,river_logreg,river_hoeffding_tree,switch,True,fixed_share_weight_advantage,0.010073015760107079,0.01,Switch because Fixed-Share reallocated enough weight to the candidate expert: 0.2452 - 0.2351 = 0.0101 >= 0.0100.
56959,444,river_hoeffding_tree,windowed_rf,switch,True,fixed_share_weight_advantage,0.05157087023435733,0.01,Switch because Fixed-Share reallocated enough weight to the candidate expert: 0.2707 - 0.2191 = 0.0516 >= 0.0100.
57087,445,windowed_rf,windowed_rf,stay,False,fixed_share_same_leader,0.0,0.01,Stay because the current strategy remains the highest-weight Fixed-Share expert.
57215,446,windowed_rf,windowed_rf,stay,False,fixed_share_same_leader,0.0,0.01,Stay because the current strategy remains the highest-weight Fixed-Share expert.
57343,447,windowed_rf,river_logreg,switch,True,fixed_share_weight_advantage,0.03748219891802207,0.01,Switch because Fixed-Share reallocated enough weight to the candidate expert: 0.2714 - 0.2339 = 0.0375 >= 0.0100.
57471,448,river_logreg,windowed_rf,switch,True,fixed_share_weight_advantage,0.13595458091707255,0.01,Switch because Fixed-Share reallocated enough weight to the candidate expert: 0.3261 - 0.1902 = 0.1360 >= 0.0100.
57599,449,windowed_rf,windowed_rf,stay,False,fixed_share_same_leader,0.0,0.01,Stay because the current strategy remains the highest-weight Fixed-Share expert.
57727,450,windowed_rf,river_logreg,switch,True,fixed_share_weight_advantage,0.07195730923024724,0.01,Switch because Fixed-Share reallocated enough weight to the candidate expert: 0.2815 - 0.2095 = 0.0720 >= 0.0100.
57855,451,river_logreg,windowed_histgb,switch,True,fixed_share_weight_advantage,0.1318834543572907,0.01,Switch because Fixed-Share reallocated enough weight to the candidate expert: 0.3110 - 0.1791 = 0.1319 >= 0.0100.
57983,452,windowed_histgb,river_logreg,switch,True,fixed_share_weight_advantage,0.05963391037080737,0.01,Switch because Fixed-Share reallocated enough weight to the candidate expert: 0.2669 - 0.2073 = 0.0596 >= 0.0100.
58111,453,river_logreg,windowed_rf,switch,True,fixed_share_weight_advantage,0.036019651213511084,0.01,Switch because Fixed-Share reallocated enough weight to the candidate expert: 0.2647 - 0.2287 = 0.0360 >= 0.0100.
58239,454,windowed_rf,river_logreg,switch,True,fixed_share_weight_advantage,0.08470194307369477,0.01,Switch because Fixed-Share reallocated enough weight to the candidate expert: 0.2938 - 0.2091 = 0.0847 >= 0.0100.
58367,455,river_logreg,river_logreg,stay,False,fixed_share_same_leader,0.0,0.01,Stay because the current strategy remains the highest-weight Fixed-Share expert.
58495,456,river_logreg,windowed_rf,switch,True,fixed_share_weight_advantage,0.08388622463202661,0.01,Switch because Fixed-Share reallocated enough weight to the candidate expert: 0.2654 - 0.1815 = 0.0839 >= 0.0100.
58623,457,windowed_rf,river_logreg,switch,True,fixed_share_weight_advantage,0.06424355378918939,0.01,Switch because Fixed-Share reallocated enough weight to the candidate expert: 0.3131 - 0.2488 = 0.0642 >= 0.0100.
58751,458,river_logreg,windowed_rf,switch,True,fixed_share_weight_advantage,0.011713868800989485,0.01,Switch because Fixed-Share reallocated enough weight to the candidate expert: 0.2597 - 0.2480 = 0.0117 >= 0.0100.
58879,459,windowed_rf,windowed_histgb,switch,True,fixed_share_weight_advantage,0.13720379363828994,0.01,Switch because Fixed-Share reallocated enough weight to the candidate expert: 0.3194 - 0.1822 = 0.1372 >= 0.0100.
59007,460,windowed_histgb,windowed_histgb,stay,False,fixed_share_same_leader,0.0,0.01,Stay because the current strategy remains the highest-weight Fixed-Share expert.
59135,461,windowed_histgb,windowed_histgb,stay,False,fixed_share_same_leader,0.0,0.01,Stay because the current strategy remains the highest-weight Fixed-Share expert.
59263,462,windowed_histgb,windowed_rf,switch,True,fixed_share_weight_advantage,0.20136287624673838,0.01,Switch because Fixed-Share reallocated enough weight to the candidate expert: 0.3599 - 0.1586 = 0.2014 >= 0.0100.
59391,463,windowed_rf,river_logreg,switch,True,fixed_share_weight_advantage,0.08728548024463012,0.01,Switch because Fixed-Share reallocated enough weight to the candidate expert: 0.2630 - 0.1757 = 0.0873 >= 0.0100.
59519,464,river_logreg,river_hoeffding_tree,switch,True,fixed_share_weight_advantage,0.07242070275943424,0.01,Switch because Fixed-Share reallocated enough weight to the candidate expert: 0.2540 - 0.1816 = 0.0724 >= 0.0100.
59647,465,river_hoeffding_tree,windowed_rf,switch,True,fixed_share_weight_advantage,0.07883305559416037,0.01,Switch because Fixed-Share reallocated enough weight to the candidate expert: 0.2662 - 0.1874 = 0.0788 >= 0.0100.
59775,466,windowed_rf,windowed_rf,stay,False,fixed_share_same_leader,0.0,0.01,Stay because the current strategy remains the highest-weight Fixed-Share expert.
59903,467,windowed_rf,windowed_histgb,switch,True,fixed_share_weight_advantage,0.09496529538070325,0.01,Switch because Fixed-Share reallocated enough weight to the candidate expert: 0.2955 - 0.2005 = 0.0950 >= 0.0100.
60031,468,windowed_histgb,windowed_histgb,stay,False,fixed_share_same_leader,0.0,0.01,Stay because the current strategy remains the highest-weight Fixed-Share expert.
60159,469,windowed_histgb,river_logreg,switch,True,fixed_share_weight_advantage,0.04663111808747811,0.01,Switch because Fixed-Share reallocated enough weight to the candidate expert: 0.3200 - 0.2734 = 0.0466 >= 0.0100.
60287,470,river_logreg,windowed_rf,switch,True,fixed_share_weight_advantage,0.14924015735736104,0.01,Switch because Fixed-Share reallocated enough weight to the candidate expert: 0.2999 - 0.1507 = 0.1492 >= 0.0100.
60415,471,windowed_rf,windowed_histgb,switch,True,fixed_share_weight_advantage,0.10379416933510438,0.01,Switch because Fixed-Share reallocated enough weight to the candidate expert: 0.2797 - 0.1759 = 0.1038 >= 0.0100.
60543,472,windowed_histgb,windowed_histgb,stay,False,fixed_share_same_leader,0.0,0.01,Stay because the current strategy remains the highest-weight Fixed-Share expert.
60671,473,windowed_histgb,windowed_histgb,stay,False,fixed_share_same_leader,0.0,0.01,Stay because the current strategy remains the highest-weight Fixed-Share expert.
60799,474,windowed_histgb,river_logreg,switch,True,fixed_share_weight_advantage,0.08804222280316404,0.01,Switch because Fixed-Share reallocated enough weight to the candidate expert: 0.2642 - 0.1762 = 0.0880 >= 0.0100.
60927,475,river_logreg,windowed_histgb,switch,True,fixed_share_weight_advantage,0.07149908549646292,0.01,Switch because Fixed-Share reallocated enough weight to the candidate expert: 0.3132 - 0.2417 = 0.0715 >= 0.0100.
61055,476,windowed_histgb,river_nb,switch,True,fixed_share_weight_advantage,0.25368528381987815,0.01,Switch because Fixed-Share reallocated enough weight to the candidate expert: 0.3540 - 0.1003 = 0.2537 >= 0.0100.
61183,477,river_nb,river_hoeffding_tree,switch,True,fixed_share_weight_advantage,0.21428374409146442,0.01,Switch because Fixed-Share reallocated enough weight to the candidate expert: 0.3292 - 0.1149 = 0.2143 >= 0.0100.
61311,478,river_hoeffding_tree,windowed_rf,switch,True,fixed_share_weight_advantage,0.14085366793327064,0.01,Switch because Fixed-Share reallocated enough weight to the candidate expert: 0.2735 - 0.1327 = 0.1409 >= 0.0100.
61439,479,windowed_rf,windowed_histgb,switch,True,fixed_share_weight_advantage,0.1635638249770359,0.01,Switch because Fixed-Share reallocated enough weight to the candidate expert: 0.3652 - 0.2016 = 0.1636 >= 0.0100.
61567,480,windowed_histgb,river_hoeffding_tree,switch,True,fixed_share_weight_advantage,0.04857741335507548,0.01,Switch because Fixed-Share reallocated enough weight to the candidate expert: 0.2542 - 0.2057 = 0.0486 >= 0.0100.
61695,481,river_hoeffding_tree,river_logreg,switch,True,fixed_share_weight_advantage,0.3227716683746123,0.01,Switch because Fixed-Share reallocated enough weight to the candidate expert: 0.4375 - 0.1147 = 0.3228 >= 0.0100.
61823,482,river_logreg,river_logreg,stay,False,fixed_share_same_leader,0.0,0.01,Stay because the current strategy remains the highest-weight Fixed-Share expert.
61951,483,river_logreg,windowed_rf,switch,True,fixed_share_weight_advantage,0.09063108839611822,0.01,Switch because Fixed-Share reallocated enough weight to the candidate expert: 0.2722 - 0.1816 = 0.0906 >= 0.0100.
62079,484,windowed_rf,river_logreg,switch,True,fixed_share_weight_advantage,0.07108287005720065,0.01,Switch because Fixed-Share reallocated enough weight to the candidate expert: 0.3137 - 0.2426 = 0.0711 >= 0.0100.
62207,485,river_logreg,river_hoeffding_tree,stay,False,fixed_share_margin_too_small,0.0062983643854002125,0.01,"Stay because the recovered Fixed-Share candidate is still too close to the incumbent: margin=0.0063, threshold=0.0100."
62335,486,river_logreg,windowed_rf,switch,True,fixed_share_weight_advantage,0.01011324126991106,0.01,Switch because Fixed-Share reallocated enough weight to the candidate expert: 0.2273 - 0.2172 = 0.0101 >= 0.0100.
62463,487,windowed_rf,windowed_rf,stay,False,fixed_share_same_leader,0.0,0.01,Stay because the current strategy remains the highest-weight Fixed-Share expert.
62591,488,windowed_rf,river_logreg,switch,True,fixed_share_weight_advantage,0.019100954510231694,0.01,Switch because Fixed-Share reallocated enough weight to the candidate expert: 0.2607 - 0.2416 = 0.0191 >= 0.0100.
62719,489,river_logreg,river_logreg,stay,False,fixed_share_same_leader,0.0,0.01,Stay because the current strategy remains the highest-weight Fixed-Share expert.
62847,490,river_logreg,windowed_rf,switch,True,fixed_share_weight_advantage,0.07131302163248338,0.01,Switch because Fixed-Share reallocated enough weight to the candidate expert: 0.2872 - 0.2159 = 0.0713 >= 0.0100.
62975,491,windowed_rf,river_logreg,switch,True,fixed_share_weight_advantage,0.02387507890586485,0.01,Switch because Fixed-Share reallocated enough weight to the candidate expert: 0.2490 - 0.2252 = 0.0239 >= 0.0100.
63103,492,river_logreg,river_logreg,stay,False,fixed_share_same_leader,0.0,0.01,Stay because the current strategy remains the highest-weight Fixed-Share expert.
63231,493,river_logreg,windowed_rf,switch,True,fixed_share_weight_advantage,0.1087674111119975,0.01,Switch because Fixed-Share reallocated enough weight to the candidate expert: 0.2906 - 0.1818 = 0.1088 >= 0.0100.
63359,494,windowed_rf,river_logreg,switch,True,fixed_share_weight_advantage,0.18047514297878242,0.01,Switch because Fixed-Share reallocated enough weight to the candidate expert: 0.3720 - 0.1915 = 0.1805 >= 0.0100.
63487,495,river_logreg,windowed_histgb,switch,True,fixed_share_weight_advantage,0.21173915680632807,0.01,Switch because Fixed-Share reallocated enough weight to the candidate expert: 0.3833 - 0.1715 = 0.2117 >= 0.0100.
63615,496,windowed_histgb,river_logreg,switch,True,fixed_share_weight_advantage,0.07500192507981271,0.01,Switch because Fixed-Share reallocated enough weight to the candidate expert: 0.2648 - 0.1898 = 0.0750 >= 0.0100.
63743,497,river_logreg,windowed_histgb,switch,True,fixed_share_weight_advantage,0.04471431125860706,0.01,Switch because Fixed-Share reallocated enough weight to the candidate expert: 0.2810 - 0.2363 = 0.0447 >= 0.0100.
63871,498,windowed_histgb,river_hoeffding_tree,switch,True,fixed_share_weight_advantage,0.07055962055974513,0.01,Switch because Fixed-Share reallocated enough weight to the candidate expert: 0.2521 - 0.1816 = 0.0706 >= 0.0100.
63999,499,river_hoeffding_tree,river_logreg,switch,True,fixed_share_weight_advantage,0.02370204957253938,0.01,Switch because Fixed-Share reallocated enough weight to the candidate expert: 0.2600 - 0.2363 = 0.0237 >= 0.0100.
64127,500,river_logreg,river_logreg,stay,False,fixed_share_same_leader,0.0,0.01,Stay because the current strategy remains the highest-weight Fixed-Share expert.
64255,501,river_logreg,windowed_rf,switch,True,fixed_share_weight_advantage,0.028150819827920115,0.01,Switch because Fixed-Share reallocated enough weight to the candidate expert: 0.2868 - 0.2586 = 0.0282 >= 0.0100.
64383,502,windowed_rf,windowed_histgb,switch,True,fixed_share_weight_advantage,0.058475447741020314,0.01,Switch because Fixed-Share reallocated enough weight to the candidate expert: 0.2887 - 0.2302 = 0.0585 >= 0.0100.
64511,503,windowed_histgb,windowed_rf,switch,True,fixed_share_weight_advantage,0.03855747582995794,0.01,Switch because Fixed-Share reallocated enough weight to the candidate expert: 0.2479 - 0.2094 = 0.0386 >= 0.0100.
64639,504,windowed_rf,windowed_histgb,switch,True,fixed_share_weight_advantage,0.026571287874870814,0.01,Switch because Fixed-Share reallocated enough weight to the candidate expert: 0.2371 - 0.2105 = 0.0266 >= 0.0100.
64767,505,windowed_histgb,windowed_histgb,stay,False,fixed_share_same_leader,0.0,0.01,Stay because the current strategy remains the highest-weight Fixed-Share expert.
64895,506,windowed_histgb,windowed_histgb,stay,False,fixed_share_same_leader,0.0,0.01,Stay because the current strategy remains the highest-weight Fixed-Share expert.
65023,507,windowed_histgb,windowed_rf,switch,True,fixed_share_weight_advantage,0.153144755390419,0.01,Switch because Fixed-Share reallocated enough weight to the candidate expert: 0.3399 - 0.1868 = 0.1531 >= 0.0100.
65151,508,windowed_rf,river_hoeffding_tree,switch,True,fixed_share_weight_advantage,0.03142816781983543,0.01,Switch because Fixed-Share reallocated enough weight to the candidate expert: 0.2397 - 0.2083 = 0.0314 >= 0.0100.
65279,509,river_hoeffding_tree,windowed_histgb,switch,True,fixed_share_weight_advantage,0.1464522533831096,0.01,Switch because Fixed-Share reallocated enough weight to the candidate expert: 0.2607 - 0.1143 = 0.1465 >= 0.0100.
65407,510,windowed_histgb,river_logreg,switch,True,fixed_share_weight_advantage,0.13868642588258148,0.01,Switch because Fixed-Share reallocated enough weight to the candidate expert: 0.2953 - 0.1566 = 0.1387 >= 0.0100.
65535,511,river_logreg,windowed_histgb,switch,True,fixed_share_weight_advantage,0.142362762990759,0.01,Switch because Fixed-Share reallocated enough weight to the candidate expert: 0.3228 - 0.1804 = 0.1424 >= 0.0100.
65663,512,windowed_histgb,river_logreg,switch,True,fixed_share_weight_advantage,0.11807906960121484,0.01,Switch because Fixed-Share reallocated enough weight to the candidate expert: 0.2851 - 0.1670 = 0.1181 >= 0.0100.
65791,513,river_logreg,river_logreg,stay,False,fixed_share_same_leader,0.0,0.01,Stay because the current strategy remains the highest-weight Fixed-Share expert.
65919,514,river_logreg,river_nb,switch,True,fixed_share_weight_advantage,0.09437463003671706,0.01,Switch because Fixed-Share reallocated enough weight to the candidate expert: 0.2640 - 0.1696 = 0.0944 >= 0.0100.
66047,515,river_nb,windowed_histgb,switch,True,fixed_share_weight_advantage,0.1496595840906988,0.01,Switch because Fixed-Share reallocated enough weight to the candidate expert: 0.2658 - 0.1161 = 0.1497 >= 0.0100.
66175,516,windowed_histgb,river_hoeffding_tree,switch,True,fixed_share_weight_advantage,0.018965568166252,0.01,Switch because Fixed-Share reallocated enough weight to the candidate expert: 0.3018 - 0.2829 = 0.0190 >= 0.0100.
66303,517,river_hoeffding_tree,windowed_rf,switch,True,fixed_share_weight_advantage,0.1807734780663018,0.01,Switch because Fixed-Share reallocated enough weight to the candidate expert: 0.3185 - 0.1377 = 0.1808 >= 0.0100.
66431,518,windowed_rf,windowed_histgb,switch,True,fixed_share_weight_advantage,0.03336288087283637,0.01,Switch because Fixed-Share reallocated enough weight to the candidate expert: 0.2545 - 0.2211 = 0.0334 >= 0.0100.
66559,519,windowed_histgb,river_logreg,switch,True,fixed_share_weight_advantage,0.05038182057194701,0.01,Switch because Fixed-Share reallocated enough weight to the candidate expert: 0.2618 - 0.2114 = 0.0504 >= 0.0100.
66687,520,river_logreg,river_logreg,stay,False,fixed_share_same_leader,0.0,0.01,Stay because the current strategy remains the highest-weight Fixed-Share expert.
66815,521,river_logreg,river_logreg,stay,False,fixed_share_same_leader,0.0,0.01,Stay because the current strategy remains the highest-weight Fixed-Share expert.
66943,522,river_logreg,river_logreg,stay,False,fixed_share_same_leader,0.0,0.01,Stay because the current strategy remains the highest-weight Fixed-Share expert.
67071,523,river_logreg,river_logreg,stay,False,fixed_share_same_leader,0.0,0.01,Stay because the current strategy remains the highest-weight Fixed-Share expert.
67199,524,river_logreg,windowed_rf,switch,True,fixed_share_weight_advantage,0.07167806064057944,0.01,Switch because Fixed-Share reallocated enough weight to the candidate expert: 0.2689 - 0.1972 = 0.0717 >= 0.0100.
67327,525,windowed_rf,windowed_histgb,switch,True,fixed_share_weight_advantage,0.07541219807808522,0.01,Switch because Fixed-Share reallocated enough weight to the candidate expert: 0.2734 - 0.1980 = 0.0754 >= 0.0100.
67455,526,windowed_histgb,windowed_histgb,stay,False,fixed_share_same_leader,0.0,0.01,Stay because the current strategy remains the highest-weight Fixed-Share expert.
67583,527,windowed_histgb,windowed_rf,switch,True,fixed_share_weight_advantage,0.021558721045735085,0.01,Switch because Fixed-Share reallocated enough weight to the candidate expert: 0.2538 - 0.2323 = 0.0216 >= 0.0100.
67711,528,windowed_rf,windowed_histgb,switch,True,fixed_share_weight_advantage,0.0317029511211655,0.01,Switch because Fixed-Share reallocated enough weight to the candidate expert: 0.3031 - 0.2714 = 0.0317 >= 0.0100.
67839,529,windowed_histgb,river_hoeffding_tree,switch,True,fixed_share_weight_advantage,0.10396775359448482,0.01,Switch because Fixed-Share reallocated enough weight to the candidate expert: 0.2945 - 0.1906 = 0.1040 >= 0.0100.
67967,530,river_hoeffding_tree,windowed_histgb,switch,True,fixed_share_weight_advantage,0.1701184884775086,0.01,Switch because Fixed-Share reallocated enough weight to the candidate expert: 0.3144 - 0.1443 = 0.1701 >= 0.0100.
68095,531,windowed_histgb,river_logreg,switch,True,fixed_share_weight_advantage,0.03366842061629166,0.01,Switch because Fixed-Share reallocated enough weight to the candidate expert: 0.2413 - 0.2076 = 0.0337 >= 0.0100.
68223,532,river_logreg,river_logreg,stay,False,fixed_share_same_leader,0.0,0.01,Stay because the current strategy remains the highest-weight Fixed-Share expert.
68351,533,river_logreg,river_logreg,stay,False,fixed_share_same_leader,0.0,0.01,Stay because the current strategy remains the highest-weight Fixed-Share expert.
68479,534,river_logreg,river_logreg,stay,False,fixed_share_same_leader,0.0,0.01,Stay because the current strategy remains the highest-weight Fixed-Share expert.
68607,535,river_logreg,river_logreg,stay,False,fixed_share_same_leader,0.0,0.01,Stay because the current strategy remains the highest-weight Fixed-Share expert.
68735,536,river_logreg,windowed_rf,switch,True,fixed_share_weight_advantage,0.12249484759840057,0.01,Switch because Fixed-Share reallocated enough weight to the candidate expert: 0.3739 - 0.2514 = 0.1225 >= 0.0100.
68863,537,windowed_rf,windowed_rf,stay,False,fixed_share_same_leader,0.0,0.01,Stay because the current strategy remains the highest-weight Fixed-Share expert.
68991,538,windowed_rf,river_logreg,switch,True,fixed_share_weight_advantage,0.11300245152184502,0.01,Switch because Fixed-Share reallocated enough weight to the candidate expert: 0.3591 - 0.2461 = 0.1130 >= 0.0100.
69119,539,river_logreg,river_logreg,stay,False,fixed_share_same_leader,0.0,0.01,Stay because the current strategy remains the highest-weight Fixed-Share expert.
69247,540,river_logreg,windowed_rf,switch,True,fixed_share_weight_advantage,0.02025619813876528,0.01,Switch because Fixed-Share reallocated enough weight to the candidate expert: 0.3124 - 0.2922 = 0.0203 >= 0.0100.
69375,541,windowed_rf,windowed_histgb,stay,False,fixed_share_margin_too_small,0.002254794344865585,0.01,"Stay because the recovered Fixed-Share candidate is still too close to the incumbent: margin=0.0023, threshold=0.0100."
69503,542,windowed_rf,windowed_rf,stay,False,fixed_share_same_leader,0.0,0.01,Stay because the current strategy remains the highest-weight Fixed-Share expert.
69631,543,windowed_rf,windowed_rf,stay,False,fixed_share_same_leader,0.0,0.01,Stay because the current strategy remains the highest-weight Fixed-Share expert.
69759,544,windowed_rf,river_logreg,switch,True,fixed_share_weight_advantage,0.03277165467523557,0.01,Switch because Fixed-Share reallocated enough weight to the candidate expert: 0.3351 - 0.3023 = 0.0328 >= 0.0100.
69887,545,river_logreg,windowed_histgb,switch,True,fixed_share_weight_advantage,0.0820950516717395,0.01,Switch because Fixed-Share reallocated enough weight to the candidate expert: 0.3320 - 0.2499 = 0.0821 >= 0.0100.
70015,546,windowed_histgb,windowed_histgb,stay,False,fixed_share_same_leader,0.0,0.01,Stay because the current strategy remains the highest-weight Fixed-Share expert.
70143,547,windowed_histgb,windowed_rf,switch,True,fixed_share_weight_advantage,0.112236308698969,0.01,Switch because Fixed-Share reallocated enough weight to the candidate expert: 0.3433 - 0.2311 = 0.1122 >= 0.0100.
70271,548,windowed_rf,river_logreg,switch,True,fixed_share_weight_advantage,0.054191083512920346,0.01,Switch because Fixed-Share reallocated enough weight to the candidate expert: 0.3617 - 0.3075 = 0.0542 >= 0.0100.
70399,549,river_logreg,windowed_rf,switch,True,fixed_share_weight_advantage,0.23530799147856782,0.01,Switch because Fixed-Share reallocated enough weight to the candidate expert: 0.4680 - 0.2327 = 0.2353 >= 0.0100.
70527,550,windowed_rf,river_logreg,switch,True,fixed_share_weight_advantage,0.04733822893542505,0.01,Switch because Fixed-Share reallocated enough weight to the candidate expert: 0.3224 - 0.2751 = 0.0473 >= 0.0100.
70655,551,river_logreg,windowed_rf,switch,True,fixed_share_weight_advantage,0.026078670545795768,0.01,Switch because Fixed-Share reallocated enough weight to the candidate expert: 0.3002 - 0.2741 = 0.0261 >= 0.0100.
70783,552,windowed_rf,windowed_histgb,switch,True,fixed_share_weight_advantage,0.12648030332220872,0.01,Switch because Fixed-Share reallocated enough weight to the candidate expert: 0.3566 - 0.2301 = 0.1265 >= 0.0100.
70911,553,windowed_histgb,river_logreg,switch,True,fixed_share_weight_advantage,0.24579219451208428,0.01,Switch because Fixed-Share reallocated enough weight to the candidate expert: 0.4243 - 0.1785 = 0.2458 >= 0.0100.
71039,554,river_logreg,windowed_histgb,switch,True,fixed_share_weight_advantage,0.16176105109812688,0.01,Switch because Fixed-Share reallocated enough weight to the candidate expert: 0.3933 - 0.2315 = 0.1618 >= 0.0100.
71167,555,windowed_histgb,windowed_rf,switch,True,fixed_share_weight_advantage,0.015072270550350986,0.01,Switch because Fixed-Share reallocated enough weight to the candidate expert: 0.3288 - 0.3137 = 0.0151 >= 0.0100.
71295,556,windowed_rf,river_logreg,switch,True,fixed_share_weight_advantage,0.182141631200101,0.01,Switch because Fixed-Share reallocated enough weight to the candidate expert: 0.4109 - 0.2287 = 0.1821 >= 0.0100.
71423,557,river_logreg,windowed_rf,switch,True,fixed_share_weight_advantage,0.069136865240225,0.01,Switch because Fixed-Share reallocated enough weight to the candidate expert: 0.3418 - 0.2727 = 0.0691 >= 0.0100.
71551,558,windowed_rf,windowed_histgb,switch,True,fixed_share_weight_advantage,0.16121645717239322,0.01,Switch because Fixed-Share reallocated enough weight to the candidate expert: 0.3705 - 0.2092 = 0.1612 >= 0.0100.
71679,559,windowed_histgb,river_logreg,switch,True,fixed_share_weight_advantage,0.28221649995812104,0.01,Switch because Fixed-Share reallocated enough weight to the candidate expert: 0.4799 - 0.1977 = 0.2822 >= 0.0100.
71807,560,river_logreg,river_logreg,stay,False,fixed_share_same_leader,0.0,0.01,Stay because the current strategy remains the highest-weight Fixed-Share expert.
71935,561,river_logreg,river_logreg,stay,False,fixed_share_same_leader,0.0,0.01,Stay because the current strategy remains the highest-weight Fixed-Share expert.
72063,562,river_logreg,windowed_histgb,switch,True,fixed_share_weight_advantage,0.06725724387274667,0.01,Switch because Fixed-Share reallocated enough weight to the candidate expert: 0.3038 - 0.2366 = 0.0673 >= 0.0100.
72191,563,windowed_histgb,windowed_rf,switch,True,fixed_share_weight_advantage,0.1946696248217892,0.01,Switch because Fixed-Share reallocated enough weight to the candidate expert: 0.3509 - 0.1562 = 0.1947 >= 0.0100.
72319,564,windowed_rf,windowed_rf,stay,False,fixed_share_same_leader,0.0,0.01,Stay because the current strategy remains the highest-weight Fixed-Share expert.
72447,565,windowed_rf,windowed_rf,stay,False,fixed_share_same_leader,0.0,0.01,Stay because the current strategy remains the highest-weight Fixed-Share expert.
72575,566,windowed_rf,windowed_histgb,switch,True,fixed_share_weight_advantage,0.026247900779889866,0.01,Switch because Fixed-Share reallocated enough weight to the candidate expert: 0.3144 - 0.2882 = 0.0262 >= 0.0100.
72703,567,windowed_histgb,windowed_histgb,stay,False,fixed_share_same_leader,0.0,0.01,Stay because the current strategy remains the highest-weight Fixed-Share expert.
72831,568,windowed_histgb,river_logreg,switch,True,fixed_share_weight_advantage,0.12967293281245965,0.01,Switch because Fixed-Share reallocated enough weight to the candidate expert: 0.2875 - 0.1578 = 0.1297 >= 0.0100.
72959,569,river_logreg,windowed_rf,switch,True,fixed_share_weight_advantage,0.1984873515027075,0.01,Switch because Fixed-Share reallocated enough weight to the candidate expert: 0.3361 - 0.1376 = 0.1985 >= 0.0100.
73087,570,windowed_rf,river_hoeffding_tree,switch,True,fixed_share_weight_advantage,0.1210008491835034,0.01,Switch because Fixed-Share reallocated enough weight to the candidate expert: 0.2834 - 0.1624 = 0.1210 >= 0.0100.
73215,571,river_hoeffding_tree,windowed_rf,switch,True,fixed_share_weight_advantage,0.029003737914651495,0.01,Switch because Fixed-Share reallocated enough weight to the candidate expert: 0.2950 - 0.2660 = 0.0290 >= 0.0100.
73343,572,windowed_rf,windowed_rf,stay,False,fixed_share_same_leader,0.0,0.01,Stay because the current strategy remains the highest-weight Fixed-Share expert.
73471,573,windowed_rf,windowed_histgb,stay,False,fixed_share_margin_too_small,0.003753351460485832,0.01,"Stay because the recovered Fixed-Share candidate is still too close to the incumbent: margin=0.0038, threshold=0.0100."
73599,574,windowed_rf,river_hoeffding_tree,switch,True,fixed_share_weight_advantage,0.13156585435491416,0.01,Switch because Fixed-Share reallocated enough weight to the candidate expert: 0.3061 - 0.1746 = 0.1316 >= 0.0100.
73727,575,river_hoeffding_tree,river_logreg,switch,True,fixed_share_weight_advantage,0.16401231838996694,0.01,Switch because Fixed-Share reallocated enough weight to the candidate expert: 0.3430 - 0.1790 = 0.1640 >= 0.0100.
73855,576,river_logreg,windowed_rf,switch,True,fixed_share_weight_advantage,0.12114614411575686,0.01,Switch because Fixed-Share reallocated enough weight to the candidate expert: 0.3327 - 0.2116 = 0.1211 >= 0.0100.
73983,577,windowed_rf,river_logreg,switch,True,fixed_share_weight_advantage,0.09888365340583102,0.01,Switch because Fixed-Share reallocated enough weight to the candidate expert: 0.3182 - 0.2193 = 0.0989 >= 0.0100.
74111,578,river_logreg,river_logreg,stay,False,fixed_share_same_leader,0.0,0.01,Stay because the current strategy remains the highest-weight Fixed-Share expert.
74239,579,river_logreg,river_hoeffding_tree,switch,True,fixed_share_weight_advantage,0.01474928956092214,0.01,Switch because Fixed-Share reallocated enough weight to the candidate expert: 0.2401 - 0.2253 = 0.0147 >= 0.0100.
74367,580,river_hoeffding_tree,river_logreg,switch,True,fixed_share_weight_advantage,0.18043426490709474,0.01,Switch because Fixed-Share reallocated enough weight to the candidate expert: 0.4445 - 0.2641 = 0.1804 >= 0.0100.
74495,581,river_logreg,river_logreg,stay,False,fixed_share_same_leader,0.0,0.01,Stay because the current strategy remains the highest-weight Fixed-Share expert.
74623,582,river_logreg,windowed_rf,switch,True,fixed_share_weight_advantage,0.09171504244627601,0.01,Switch because Fixed-Share reallocated enough weight to the candidate expert: 0.3054 - 0.2137 = 0.0917 >= 0.0100.
74751,583,windowed_rf,windowed_histgb,stay,False,fixed_share_margin_too_small,6.942788166230951e-05,0.01,"Stay because the recovered Fixed-Share candidate is still too close to the incumbent: margin=0.0001, threshold=0.0100."
74879,584,windowed_rf,windowed_histgb,stay,False,fixed_share_margin_too_small,0.00012097343261141535,0.01,"Stay because the recovered Fixed-Share candidate is still too close to the incumbent: margin=0.0001, threshold=0.0100."
75007,585,windowed_rf,river_logreg,switch,True,fixed_share_weight_advantage,0.014950835019560127,0.01,Switch because Fixed-Share reallocated enough weight to the candidate expert: 0.2733 - 0.2583 = 0.0150 >= 0.0100.
75135,586,river_logreg,river_logreg,stay,False,fixed_share_same_leader,0.0,0.01,Stay because the current strategy remains the highest-weight Fixed-Share expert.
75263,587,river_logreg,river_logreg,stay,False,fixed_share_same_leader,0.0,0.01,Stay because the current strategy remains the highest-weight Fixed-Share expert.
75391,588,river_logreg,windowed_histgb,switch,True,fixed_share_weight_advantage,0.04594497226117775,0.01,Switch because Fixed-Share reallocated enough weight to the candidate expert: 0.2609 - 0.2149 = 0.0459 >= 0.0100.
75519,589,windowed_histgb,windowed_histgb,stay,False,fixed_share_same_leader,0.0,0.01,Stay because the current strategy remains the highest-weight Fixed-Share expert.
75647,590,windowed_histgb,windowed_histgb,stay,False,fixed_share_same_leader,0.0,0.01,Stay because the current strategy remains the highest-weight Fixed-Share expert.
75775,591,windowed_histgb,windowed_rf,switch,True,fixed_share_weight_advantage,0.014843988800691682,0.01,Switch because Fixed-Share reallocated enough weight to the candidate expert: 0.2624 - 0.2475 = 0.0148 >= 0.0100.
75903,592,windowed_rf,river_logreg,switch,True,fixed_share_weight_advantage,0.03551018514903409,0.01,Switch because Fixed-Share reallocated enough weight to the candidate expert: 0.2672 - 0.2316 = 0.0355 >= 0.0100.
76031,593,river_logreg,windowed_histgb,stay,False,fixed_share_margin_too_small,0.0001893286042932707,0.01,"Stay because the recovered Fixed-Share candidate is still too close to the incumbent: margin=0.0002, threshold=0.0100."
76159,594,river_logreg,windowed_histgb,stay,False,fixed_share_margin_too_small,0.005706102768646193,0.01,"Stay because the recovered Fixed-Share candidate is still too close to the incumbent: margin=0.0057, threshold=0.0100."
76287,595,river_logreg,windowed_histgb,switch,True,fixed_share_weight_advantage,0.011940521659049519,0.01,Switch because Fixed-Share reallocated enough weight to the candidate expert: 0.2842 - 0.2723 = 0.0119 >= 0.0100.
76415,596,windowed_histgb,river_logreg,switch,True,fixed_share_weight_advantage,0.040040478281363784,0.01,Switch because Fixed-Share reallocated enough weight to the candidate expert: 0.2303 - 0.1903 = 0.0400 >= 0.0100.
76543,597,river_logreg,river_logreg,stay,False,fixed_share_same_leader,0.0,0.01,Stay because the current strategy remains the highest-weight Fixed-Share expert.
76671,598,river_logreg,windowed_rf,switch,True,fixed_share_weight_advantage,0.1281832187220116,0.01,Switch because Fixed-Share reallocated enough weight to the candidate expert: 0.3701 - 0.2419 = 0.1282 >= 0.0100.
76799,599,windowed_rf,windowed_histgb,stay,False,fixed_share_margin_too_small,0.00033005600295307747,0.01,"Stay because the recovered Fixed-Share candidate is still too close to the incumbent: margin=0.0003, threshold=0.0100."
76927,600,windowed_rf,windowed_histgb,switch,True,fixed_share_weight_advantage,0.06851356220256277,0.01,Switch because Fixed-Share reallocated enough weight to the candidate expert: 0.2759 - 0.2074 = 0.0685 >= 0.0100.
77055,601,windowed_histgb,windowed_rf,stay,False,fixed_share_margin_too_small,0.0010579078096433214,0.01,"Stay because the recovered Fixed-Share candidate is still too close to the incumbent: margin=0.0011, threshold=0.0100."
77183,602,windowed_histgb,river_logreg,switch,True,fixed_share_weight_advantage,0.01763226085264913,0.01,Switch because Fixed-Share reallocated enough weight to the candidate expert: 0.2348 - 0.2172 = 0.0176 >= 0.0100.
77311,603,river_logreg,river_logreg,stay,False,fixed_share_same_leader,0.0,0.01,Stay because the current strategy remains the highest-weight Fixed-Share expert.
77439,604,river_logreg,river_logreg,stay,False,fixed_share_same_leader,0.0,0.01,Stay because the current strategy remains the highest-weight Fixed-Share expert.
77567,605,river_logreg,river_logreg,stay,False,fixed_share_same_leader,0.0,0.01,Stay because the current strategy remains the highest-weight Fixed-Share expert.
77695,606,river_logreg,river_logreg,stay,False,fixed_share_same_leader,0.0,0.01,Stay because the current strategy remains the highest-weight Fixed-Share expert.
77823,607,river_logreg,river_logreg,stay,False,fixed_share_same_leader,0.0,0.01,Stay because the current strategy remains the highest-weight Fixed-Share expert.
77951,608,river_logreg,river_logreg,stay,False,fixed_share_same_leader,0.0,0.01,Stay because the current strategy remains the highest-weight Fixed-Share expert.
78079,609,river_logreg,river_logreg,stay,False,fixed_share_same_leader,0.0,0.01,Stay because the current strategy remains the highest-weight Fixed-Share expert.
78207,610,river_logreg,river_logreg,stay,False,fixed_share_same_leader,0.0,0.01,Stay because the current strategy remains the highest-weight Fixed-Share expert.
78335,611,river_logreg,river_logreg,stay,False,fixed_share_same_leader,0.0,0.01,Stay because the current strategy remains the highest-weight Fixed-Share expert.
78463,612,river_logreg,river_logreg,stay,False,fixed_share_same_leader,0.0,0.01,Stay because the current strategy remains the highest-weight Fixed-Share expert.
78591,613,river_logreg,river_logreg,stay,False,fixed_share_same_leader,0.0,0.01,Stay because the current strategy remains the highest-weight Fixed-Share expert.
78719,614,river_logreg,river_logreg,stay,False,fixed_share_same_leader,0.0,0.01,Stay because the current strategy remains the highest-weight Fixed-Share expert.
78847,615,river_logreg,river_logreg,stay,False,fixed_share_same_leader,0.0,0.01,Stay because the current strategy remains the highest-weight Fixed-Share expert.
78975,616,river_logreg,river_logreg,stay,False,fixed_share_same_leader,0.0,0.01,Stay because the current strategy remains the highest-weight Fixed-Share expert.
79103,617,river_logreg,windowed_histgb,stay,False,fixed_share_margin_too_small,0.0029709878390302147,0.01,"Stay because the recovered Fixed-Share candidate is still too close to the incumbent: margin=0.0030, threshold=0.0100."
79231,618,river_logreg,river_logreg,stay,False,fixed_share_same_leader,0.0,0.01,Stay because the current strategy remains the highest-weight Fixed-Share expert.
79359,619,river_logreg,river_logreg,stay,False,fixed_share_same_leader,0.0,0.01,Stay because the current strategy remains the highest-weight Fixed-Share expert.
79487,620,river_logreg,river_logreg,stay,False,fixed_share_same_leader,0.0,0.01,Stay because the current strategy remains the highest-weight Fixed-Share expert.
79615,621,river_logreg,river_logreg,stay,False,fixed_share_same_leader,0.0,0.01,Stay because the current strategy remains the highest-weight Fixed-Share expert.
79743,622,river_logreg,river_logreg,stay,False,fixed_share_same_leader,0.0,0.01,Stay because the current strategy remains the highest-weight Fixed-Share expert.
79871,623,river_logreg,river_logreg,stay,False,fixed_share_same_leader,0.0,0.01,Stay because the current strategy remains the highest-weight Fixed-Share expert.
