sample_index,evaluation_index,current_strategy,candidate_strategy,action,switched,reason_code,decision_margin,decision_threshold,reason
95,1,tree_classifier,softmax_lr_0_20,stay,False,no_candidate_improvement,0.0,0.0,"Stay because candidate improvement is not sufficient after LCB comparison: margin=0.0000, threshold=0.0000."
143,2,tree_classifier,softmax_lr_0_20,stay,False,high_uncertainty,0.125,0.0,"Stay because utility uncertainty is too high: current_std=0.1250, candidate_std=0.0000, threshold=0.0000."
191,3,tree_classifier,softmax_lr_0_20,stay,False,high_uncertainty,0.25,0.0,"Stay because utility uncertainty is too high: current_std=0.1250, candidate_std=0.1250, threshold=0.0000."
239,4,tree_classifier,softmax_lr_0_20,stay,False,high_uncertainty,0.25,0.0,"Stay because utility uncertainty is too high: current_std=0.1250, candidate_std=0.1250, threshold=0.0000."
287,5,tree_classifier,softmax_lr_0_20,stay,False,high_uncertainty,0.125,0.0,"Stay because utility uncertainty is too high: current_std=0.1250, candidate_std=0.0000, threshold=0.0000."
335,6,tree_classifier,softmax_lr_0_20,stay,False,high_uncertainty,0.125,0.0,"Stay because utility uncertainty is too high: current_std=0.3750, candidate_std=0.2500, threshold=0.0000."
383,7,tree_classifier,softmax_lr_0_05,stay,False,high_uncertainty,0.25,0.0,"Stay because utility uncertainty is too high: current_std=0.1250, candidate_std=0.1250, threshold=0.0000."
431,8,tree_classifier,softmax_lr_0_05,stay,False,high_uncertainty,0.125,0.0,"Stay because utility uncertainty is too high: current_std=0.2500, candidate_std=0.1250, threshold=0.0000."
479,9,tree_classifier,softmax_lr_0_05,stay,False,high_uncertainty,0.125,0.0,"Stay because utility uncertainty is too high: current_std=0.1250, candidate_std=0.0000, threshold=0.0000."
527,10,tree_classifier,softmax_lr_0_05,stay,False,high_uncertainty,0.125,0.0,"Stay because utility uncertainty is too high: current_std=0.1250, candidate_std=0.0000, threshold=0.0000."
575,11,tree_classifier,softmax_lr_0_20,stay,False,no_candidate_improvement,0.0,0.0,"Stay because candidate improvement is not sufficient after LCB comparison: margin=0.0000, threshold=0.0000."
623,12,tree_classifier,softmax_lr_0_05,stay,False,no_candidate_improvement,0.0,0.0,"Stay because candidate improvement is not sufficient after LCB comparison: margin=0.0000, threshold=0.0000."
671,13,tree_classifier,softmax_lr_0_05,stay,False,no_candidate_improvement,0.0,0.0,"Stay because candidate improvement is not sufficient after LCB comparison: margin=0.0000, threshold=0.0000."
719,14,tree_classifier,softmax_lr_0_20,stay,False,no_candidate_improvement,0.0,0.0,"Stay because candidate improvement is not sufficient after LCB comparison: margin=0.0000, threshold=0.0000."
767,15,tree_classifier,softmax_lr_0_20,stay,False,no_candidate_improvement,0.0,0.0,"Stay because candidate improvement is not sufficient after LCB comparison: margin=0.0000, threshold=0.0000."
815,16,tree_classifier,softmax_lr_0_20,stay,False,no_candidate_improvement,0.0,0.0,"Stay because candidate improvement is not sufficient after LCB comparison: margin=0.0000, threshold=0.0000."
863,17,tree_classifier,softmax_lr_0_20,stay,False,no_candidate_improvement,0.0,0.0,"Stay because candidate improvement is not sufficient after LCB comparison: margin=0.0000, threshold=0.0000."
911,18,tree_classifier,softmax_lr_0_20,stay,False,high_uncertainty,0.375,0.0,"Stay because utility uncertainty is too high: current_std=0.3750, candidate_std=0.0000, threshold=0.0000."
959,19,tree_classifier,softmax_lr_0_20,stay,False,high_uncertainty,0.5,0.0,"Stay because utility uncertainty is too high: current_std=0.2500, candidate_std=0.0000, threshold=0.0000."
1007,20,tree_classifier,pa_classifier,stay,False,high_uncertainty,0.625,0.0,"Stay because utility uncertainty is too high: current_std=0.3750, candidate_std=0.0000, threshold=0.0000."
1055,21,tree_classifier,pa_classifier,stay,False,high_uncertainty,0.5,0.0,"Stay because utility uncertainty is too high: current_std=0.5000, candidate_std=0.0000, threshold=0.0000."
1103,22,tree_classifier,pa_classifier,stay,False,no_candidate_improvement,0.0,0.0,"Stay because candidate improvement is not sufficient after LCB comparison: margin=0.0000, threshold=0.0000."
1151,23,tree_classifier,pa_classifier,stay,False,no_candidate_improvement,0.0,0.0,"Stay because candidate improvement is not sufficient after LCB comparison: margin=0.0000, threshold=0.0000."
1199,24,tree_classifier,softmax_lr_0_20,stay,False,no_candidate_improvement,0.0,0.0,"Stay because candidate improvement is not sufficient after LCB comparison: margin=0.0000, threshold=0.0000."
1247,25,tree_classifier,softmax_lr_0_20,stay,False,no_candidate_improvement,0.0,0.0,"Stay because candidate improvement is not sufficient after LCB comparison: margin=0.0000, threshold=0.0000."
1295,26,tree_classifier,softmax_lr_0_20,stay,False,no_candidate_improvement,0.0,0.0,"Stay because candidate improvement is not sufficient after LCB comparison: margin=0.0000, threshold=0.0000."
1343,27,tree_classifier,pa_classifier,stay,False,no_candidate_improvement,0.0,0.0,"Stay because candidate improvement is not sufficient after LCB comparison: margin=0.0000, threshold=0.0000."
1391,28,tree_classifier,pa_classifier,stay,False,no_candidate_improvement,0.0,0.0,"Stay because candidate improvement is not sufficient after LCB comparison: margin=0.0000, threshold=0.0000."
1439,29,tree_classifier,softmax_lr_0_20,stay,False,no_candidate_improvement,0.0,0.0,"Stay because candidate improvement is not sufficient after LCB comparison: margin=0.0000, threshold=0.0000."
1487,30,tree_classifier,softmax_lr_0_20,stay,False,no_candidate_improvement,0.0,0.0,"Stay because candidate improvement is not sufficient after LCB comparison: margin=0.0000, threshold=0.0000."
1535,31,tree_classifier,softmax_lr_0_20,stay,False,no_candidate_improvement,0.0,0.0,"Stay because candidate improvement is not sufficient after LCB comparison: margin=0.0000, threshold=0.0000."
1583,32,tree_classifier,softmax_lr_0_20,stay,False,high_uncertainty,-0.125,0.0,"Stay because utility uncertainty is too high: current_std=0.0000, candidate_std=0.1250, threshold=0.0000."
1631,33,tree_classifier,softmax_lr_0_05,stay,False,no_candidate_improvement,0.0,0.0,"Stay because candidate improvement is not sufficient after LCB comparison: margin=0.0000, threshold=0.0000."
1679,34,tree_classifier,softmax_lr_0_20,stay,False,no_candidate_improvement,0.0,0.0,"Stay because candidate improvement is not sufficient after LCB comparison: margin=0.0000, threshold=0.0000."
1727,35,tree_classifier,softmax_lr_0_20,stay,False,high_uncertainty,0.375,0.0,"Stay because utility uncertainty is too high: current_std=0.3750, candidate_std=0.0000, threshold=0.0000."
1775,36,tree_classifier,softmax_lr_0_20,stay,False,high_uncertainty,0.5,0.0,"Stay because utility uncertainty is too high: current_std=0.1250, candidate_std=0.1250, threshold=0.0000."
1823,37,tree_classifier,pa_classifier,stay,False,high_uncertainty,0.25,0.0,"Stay because utility uncertainty is too high: current_std=0.2500, candidate_std=0.0000, threshold=0.0000."
1871,38,tree_classifier,softmax_lr_0_20,stay,False,high_uncertainty,0.125,0.0,"Stay because utility uncertainty is too high: current_std=0.1250, candidate_std=0.0000, threshold=0.0000."
1919,39,tree_classifier,softmax_lr_0_20,stay,False,high_uncertainty,0.125,0.0,"Stay because utility uncertainty is too high: current_std=0.1250, candidate_std=0.0000, threshold=0.0000."
1967,40,tree_classifier,softmax_lr_0_20,stay,False,high_uncertainty,0.125,0.0,"Stay because utility uncertainty is too high: current_std=0.1250, candidate_std=0.0000, threshold=0.0000."
2015,41,tree_classifier,softmax_lr_0_20,stay,False,high_uncertainty,0.125,0.0,"Stay because utility uncertainty is too high: current_std=0.1250, candidate_std=0.0000, threshold=0.0000."
2063,42,tree_classifier,softmax_lr_0_20,stay,False,no_candidate_improvement,0.0,0.0,"Stay because candidate improvement is not sufficient after LCB comparison: margin=0.0000, threshold=0.0000."
2111,43,tree_classifier,pa_classifier,stay,False,high_uncertainty,0.125,0.0,"Stay because utility uncertainty is too high: current_std=0.2500, candidate_std=0.1250, threshold=0.0000."
2159,44,tree_classifier,pa_classifier,stay,False,high_uncertainty,0.125,0.0,"Stay because utility uncertainty is too high: current_std=0.2500, candidate_std=0.1250, threshold=0.0000."
2207,45,tree_classifier,softmax_lr_0_20,stay,False,high_uncertainty,0.125,0.0,"Stay because utility uncertainty is too high: current_std=0.2500, candidate_std=0.1250, threshold=0.0000."
2255,46,tree_classifier,softmax_lr_0_20,stay,False,high_uncertainty,0.125,0.0,"Stay because utility uncertainty is too high: current_std=0.1250, candidate_std=0.0000, threshold=0.0000."
2303,47,tree_classifier,softmax_lr_0_05,stay,False,high_uncertainty,0.125,0.0,"Stay because utility uncertainty is too high: current_std=0.1250, candidate_std=0.0000, threshold=0.0000."
2351,48,tree_classifier,softmax_lr_0_20,stay,False,no_candidate_improvement,0.0,0.0,"Stay because candidate improvement is not sufficient after LCB comparison: margin=0.0000, threshold=0.0000."
2399,49,tree_classifier,softmax_lr_0_20,stay,False,no_candidate_improvement,0.0,0.0,"Stay because candidate improvement is not sufficient after LCB comparison: margin=0.0000, threshold=0.0000."
2447,50,tree_classifier,softmax_lr_0_20,stay,False,no_candidate_improvement,0.0,0.0,"Stay because candidate improvement is not sufficient after LCB comparison: margin=0.0000, threshold=0.0000."
2495,51,tree_classifier,softmax_lr_0_20,stay,False,no_candidate_improvement,0.0,0.0,"Stay because candidate improvement is not sufficient after LCB comparison: margin=0.0000, threshold=0.0000."
2543,52,tree_classifier,softmax_lr_0_20,stay,False,no_candidate_improvement,0.0,0.0,"Stay because candidate improvement is not sufficient after LCB comparison: margin=0.0000, threshold=0.0000."
2591,53,tree_classifier,softmax_lr_0_20,stay,False,high_uncertainty,0.0,0.0,"Stay because utility uncertainty is too high: current_std=0.1250, candidate_std=0.1250, threshold=0.0000."
2639,54,tree_classifier,softmax_lr_0_20,stay,False,high_uncertainty,0.0,0.0,"Stay because utility uncertainty is too high: current_std=0.1250, candidate_std=0.1250, threshold=0.0000."
2687,55,tree_classifier,softmax_lr_0_20,stay,False,high_uncertainty,0.375,0.0,"Stay because utility uncertainty is too high: current_std=0.3750, candidate_std=0.0000, threshold=0.0000."
2735,56,tree_classifier,softmax_lr_0_20,stay,False,high_uncertainty,0.375,0.0,"Stay because utility uncertainty is too high: current_std=0.3750, candidate_std=0.0000, threshold=0.0000."
2783,57,tree_classifier,softmax_lr_0_20,stay,False,no_candidate_improvement,0.0,0.0,"Stay because candidate improvement is not sufficient after LCB comparison: margin=0.0000, threshold=0.0000."
2831,58,tree_classifier,softmax_lr_0_20,stay,False,no_candidate_improvement,0.0,0.0,"Stay because candidate improvement is not sufficient after LCB comparison: margin=0.0000, threshold=0.0000."
2879,59,tree_classifier,softmax_lr_0_20,stay,False,no_candidate_improvement,0.0,0.0,"Stay because candidate improvement is not sufficient after LCB comparison: margin=0.0000, threshold=0.0000."
2927,60,tree_classifier,softmax_lr_0_20,stay,False,no_candidate_improvement,0.0,0.0,"Stay because candidate improvement is not sufficient after LCB comparison: margin=0.0000, threshold=0.0000."
2975,61,tree_classifier,softmax_lr_0_20,stay,False,no_candidate_improvement,0.0,0.0,"Stay because candidate improvement is not sufficient after LCB comparison: margin=0.0000, threshold=0.0000."
3023,62,tree_classifier,softmax_lr_0_20,stay,False,no_candidate_improvement,0.0,0.0,"Stay because candidate improvement is not sufficient after LCB comparison: margin=0.0000, threshold=0.0000."
3071,63,tree_classifier,softmax_lr_0_20,stay,False,no_candidate_improvement,0.0,0.0,"Stay because candidate improvement is not sufficient after LCB comparison: margin=0.0000, threshold=0.0000."
3119,64,tree_classifier,softmax_lr_0_20,stay,False,high_uncertainty,0.0,0.0,"Stay because utility uncertainty is too high: current_std=0.1250, candidate_std=0.1250, threshold=0.0000."
3167,65,tree_classifier,softmax_lr_0_20,stay,False,high_uncertainty,0.5,0.0,"Stay because utility uncertainty is too high: current_std=0.3750, candidate_std=0.1250, threshold=0.0000."
3215,66,tree_classifier,softmax_lr_0_20,stay,False,high_uncertainty,0.875,0.0,"Stay because utility uncertainty is too high: current_std=0.1250, candidate_std=0.0000, threshold=0.0000."
3263,67,tree_classifier,softmax_lr_0_20,stay,False,high_uncertainty,0.625,0.0,"Stay because utility uncertainty is too high: current_std=0.1250, candidate_std=0.0000, threshold=0.0000."
3311,68,tree_classifier,softmax_lr_0_20,stay,False,high_uncertainty,0.25,0.0,"Stay because utility uncertainty is too high: current_std=0.2500, candidate_std=0.0000, threshold=0.0000."
3359,69,tree_classifier,softmax_lr_0_20,stay,False,no_candidate_improvement,0.0,0.0,"Stay because candidate improvement is not sufficient after LCB comparison: margin=0.0000, threshold=0.0000."
3407,70,tree_classifier,pa_classifier,stay,False,high_uncertainty,0.375,0.0,"Stay because utility uncertainty is too high: current_std=0.3750, candidate_std=0.0000, threshold=0.0000."
3455,71,tree_classifier,pa_classifier,stay,False,high_uncertainty,0.375,0.0,"Stay because utility uncertainty is too high: current_std=0.3750, candidate_std=0.0000, threshold=0.0000."
3503,72,tree_classifier,softmax_lr_0_20,stay,False,no_candidate_improvement,0.0,0.0,"Stay because candidate improvement is not sufficient after LCB comparison: margin=0.0000, threshold=0.0000."
3551,73,tree_classifier,softmax_lr_0_20,stay,False,no_candidate_improvement,0.0,0.0,"Stay because candidate improvement is not sufficient after LCB comparison: margin=0.0000, threshold=0.0000."
3599,74,tree_classifier,softmax_lr_0_20,stay,False,no_candidate_improvement,0.0,0.0,"Stay because candidate improvement is not sufficient after LCB comparison: margin=0.0000, threshold=0.0000."
3647,75,tree_classifier,softmax_lr_0_20,stay,False,no_candidate_improvement,0.0,0.0,"Stay because candidate improvement is not sufficient after LCB comparison: margin=0.0000, threshold=0.0000."
3695,76,tree_classifier,softmax_lr_0_20,stay,False,high_uncertainty,0.0,0.0,"Stay because utility uncertainty is too high: current_std=0.1250, candidate_std=0.1250, threshold=0.0000."
3743,77,tree_classifier,softmax_lr_0_20,stay,False,high_uncertainty,0.0,0.0,"Stay because utility uncertainty is too high: current_std=0.1250, candidate_std=0.1250, threshold=0.0000."
3791,78,tree_classifier,softmax_lr_0_20,stay,False,high_uncertainty,-0.25,0.0,"Stay because utility uncertainty is too high: current_std=0.0000, candidate_std=0.2500, threshold=0.0000."
3839,79,tree_classifier,softmax_lr_0_20,stay,False,high_uncertainty,0.0,0.0,"Stay because utility uncertainty is too high: current_std=0.2500, candidate_std=0.2500, threshold=0.0000."
3887,80,tree_classifier,pa_classifier,stay,False,high_uncertainty,0.25,0.0,"Stay because utility uncertainty is too high: current_std=0.2500, candidate_std=0.0000, threshold=0.0000."
3935,81,tree_classifier,pa_classifier,stay,False,no_candidate_improvement,0.0,0.0,"Stay because candidate improvement is not sufficient after LCB comparison: margin=0.0000, threshold=0.0000."
3983,82,tree_classifier,softmax_lr_0_20,stay,False,no_candidate_improvement,0.0,0.0,"Stay because candidate improvement is not sufficient after LCB comparison: margin=0.0000, threshold=0.0000."
4031,83,tree_classifier,softmax_lr_0_20,stay,False,no_candidate_improvement,0.0,0.0,"Stay because candidate improvement is not sufficient after LCB comparison: margin=0.0000, threshold=0.0000."
4079,84,tree_classifier,softmax_lr_0_20,stay,False,no_candidate_improvement,0.0,0.0,"Stay because candidate improvement is not sufficient after LCB comparison: margin=0.0000, threshold=0.0000."
4127,85,tree_classifier,softmax_lr_0_20,stay,False,no_candidate_improvement,0.0,0.0,"Stay because candidate improvement is not sufficient after LCB comparison: margin=0.0000, threshold=0.0000."
4175,86,tree_classifier,softmax_lr_0_20,stay,False,high_uncertainty,0.25,0.0,"Stay because utility uncertainty is too high: current_std=0.2500, candidate_std=0.0000, threshold=0.0000."
4223,87,tree_classifier,pa_classifier,stay,False,high_uncertainty,0.375,0.0,"Stay because utility uncertainty is too high: current_std=0.0000, candidate_std=0.1250, threshold=0.0000."
4271,88,tree_classifier,pa_classifier,stay,False,high_uncertainty,0.125,0.0,"Stay because utility uncertainty is too high: current_std=0.2500, candidate_std=0.1250, threshold=0.0000."
4319,89,tree_classifier,softmax_lr_0_20,stay,False,no_candidate_improvement,0.0,0.0,"Stay because candidate improvement is not sufficient after LCB comparison: margin=0.0000, threshold=0.0000."
4367,90,tree_classifier,softmax_lr_0_20,stay,False,high_uncertainty,0.25,0.0,"Stay because utility uncertainty is too high: current_std=0.3750, candidate_std=0.1250, threshold=0.0000."
4415,91,tree_classifier,softmax_lr_0_20,stay,False,high_uncertainty,0.25,0.0,"Stay because utility uncertainty is too high: current_std=0.3750, candidate_std=0.1250, threshold=0.0000."
4463,92,tree_classifier,softmax_lr_0_20,stay,False,no_candidate_improvement,0.0,0.0,"Stay because candidate improvement is not sufficient after LCB comparison: margin=0.0000, threshold=0.0000."
4511,93,tree_classifier,softmax_lr_0_20,stay,False,no_candidate_improvement,0.0,0.0,"Stay because candidate improvement is not sufficient after LCB comparison: margin=0.0000, threshold=0.0000."
4559,94,tree_classifier,softmax_lr_0_20,stay,False,no_candidate_improvement,0.0,0.0,"Stay because candidate improvement is not sufficient after LCB comparison: margin=0.0000, threshold=0.0000."
4607,95,tree_classifier,softmax_lr_0_05,stay,False,high_uncertainty,0.375,0.0,"Stay because utility uncertainty is too high: current_std=0.3750, candidate_std=0.0000, threshold=0.0000."
4655,96,tree_classifier,softmax_lr_0_05,stay,False,high_uncertainty,0.375,0.0,"Stay because utility uncertainty is too high: current_std=0.2500, candidate_std=0.1250, threshold=0.0000."
4703,97,tree_classifier,softmax_lr_0_20,stay,False,high_uncertainty,0.0,0.0,"Stay because utility uncertainty is too high: current_std=0.1250, candidate_std=0.1250, threshold=0.0000."
4751,98,tree_classifier,softmax_lr_0_20,stay,False,no_candidate_improvement,0.0,0.0,"Stay because candidate improvement is not sufficient after LCB comparison: margin=0.0000, threshold=0.0000."
4799,99,tree_classifier,softmax_lr_0_20,stay,False,no_candidate_improvement,0.0,0.0,"Stay because candidate improvement is not sufficient after LCB comparison: margin=0.0000, threshold=0.0000."
4847,100,tree_classifier,softmax_lr_0_20,stay,False,no_candidate_improvement,0.0,0.0,"Stay because candidate improvement is not sufficient after LCB comparison: margin=0.0000, threshold=0.0000."
4895,101,tree_classifier,pa_classifier,stay,False,high_uncertainty,0.25,0.0,"Stay because utility uncertainty is too high: current_std=0.3750, candidate_std=0.1250, threshold=0.0000."
4943,102,tree_classifier,pa_classifier,stay,False,high_uncertainty,0.25,0.0,"Stay because utility uncertainty is too high: current_std=0.3750, candidate_std=0.1250, threshold=0.0000."
4991,103,tree_classifier,softmax_lr_0_20,stay,False,no_candidate_improvement,0.0,0.0,"Stay because candidate improvement is not sufficient after LCB comparison: margin=0.0000, threshold=0.0000."
5039,104,tree_classifier,pa_classifier,stay,False,high_uncertainty,0.375,0.0,"Stay because utility uncertainty is too high: current_std=0.3750, candidate_std=0.0000, threshold=0.0000."
5087,105,tree_classifier,pa_classifier,switch,True,switch_advantage,0.75,0.0,Switch because candidate LCB exceeds current LCB beyond the decision threshold: 1.0000 - 0.2500 = 0.7500 > 0.0000.
5135,106,pa_classifier,softmax_lr_0_20,stay,False,no_candidate_improvement,0.0,0.0,"Stay because candidate improvement is not sufficient after LCB comparison: margin=0.0000, threshold=0.0000."
5183,107,pa_classifier,softmax_lr_0_20,stay,False,high_uncertainty,-0.25,0.0,"Stay because utility uncertainty is too high: current_std=0.0000, candidate_std=0.2500, threshold=0.0000."
5231,108,pa_classifier,softmax_lr_0_20,stay,False,no_candidate_improvement,-0.5,0.0,"Stay because candidate improvement is not sufficient after LCB comparison: margin=-0.5000, threshold=0.0000."
5279,109,pa_classifier,softmax_lr_0_20,stay,False,high_uncertainty,-0.25,0.0,"Stay because utility uncertainty is too high: current_std=0.0000, candidate_std=0.2500, threshold=0.0000."
5327,110,pa_classifier,softmax_lr_0_20,stay,False,no_candidate_improvement,0.0,0.0,"Stay because candidate improvement is not sufficient after LCB comparison: margin=0.0000, threshold=0.0000."
5375,111,pa_classifier,softmax_lr_0_20,stay,False,high_uncertainty,0.0,0.0,"Stay because utility uncertainty is too high: current_std=0.1250, candidate_std=0.1250, threshold=0.0000."
5423,112,pa_classifier,tree_classifier,stay,False,high_uncertainty,0.0,0.0,"Stay because utility uncertainty is too high: current_std=0.1250, candidate_std=0.1250, threshold=0.0000."
5471,113,pa_classifier,tree_classifier,stay,False,no_candidate_improvement,0.0,0.0,"Stay because candidate improvement is not sufficient after LCB comparison: margin=0.0000, threshold=0.0000."
5519,114,pa_classifier,tree_classifier,stay,False,no_candidate_improvement,0.0,0.0,"Stay because candidate improvement is not sufficient after LCB comparison: margin=0.0000, threshold=0.0000."
5567,115,pa_classifier,tree_classifier,stay,False,high_uncertainty,0.0,0.0,"Stay because utility uncertainty is too high: current_std=0.1250, candidate_std=0.1250, threshold=0.0000."
5615,116,pa_classifier,softmax_lr_0_20,stay,False,high_uncertainty,0.125,0.0,"Stay because utility uncertainty is too high: current_std=0.0000, candidate_std=0.1250, threshold=0.0000."
5663,117,pa_classifier,softmax_lr_0_20,stay,False,high_uncertainty,0.125,0.0,"Stay because utility uncertainty is too high: current_std=0.1250, candidate_std=0.0000, threshold=0.0000."
5711,118,pa_classifier,softmax_lr_0_20,stay,False,no_candidate_improvement,0.0,0.0,"Stay because candidate improvement is not sufficient after LCB comparison: margin=0.0000, threshold=0.0000."
5759,119,pa_classifier,tree_classifier,stay,False,no_candidate_improvement,0.0,0.0,"Stay because candidate improvement is not sufficient after LCB comparison: margin=0.0000, threshold=0.0000."
5807,120,pa_classifier,tree_classifier,stay,False,high_uncertainty,0.0,0.0,"Stay because utility uncertainty is too high: current_std=0.1250, candidate_std=0.1250, threshold=0.0000."
5855,121,pa_classifier,softmax_lr_0_20,stay,False,high_uncertainty,0.0,0.0,"Stay because utility uncertainty is too high: current_std=0.1250, candidate_std=0.1250, threshold=0.0000."
5903,122,pa_classifier,softmax_lr_0_20,stay,False,no_candidate_improvement,0.0,0.0,"Stay because candidate improvement is not sufficient after LCB comparison: margin=0.0000, threshold=0.0000."
5951,123,pa_classifier,softmax_lr_0_20,stay,False,high_uncertainty,-0.125,0.0,"Stay because utility uncertainty is too high: current_std=0.0000, candidate_std=0.1250, threshold=0.0000."
5999,124,pa_classifier,tree_classifier,stay,False,high_uncertainty,-0.125,0.0,"Stay because utility uncertainty is too high: current_std=0.0000, candidate_std=0.1250, threshold=0.0000."
6047,125,pa_classifier,softmax_lr_0_20,stay,False,no_candidate_improvement,0.0,0.0,"Stay because candidate improvement is not sufficient after LCB comparison: margin=0.0000, threshold=0.0000."
6095,126,pa_classifier,softmax_lr_0_20,stay,False,no_candidate_improvement,0.0,0.0,"Stay because candidate improvement is not sufficient after LCB comparison: margin=0.0000, threshold=0.0000."
6143,127,pa_classifier,softmax_lr_0_20,stay,False,no_candidate_improvement,0.0,0.0,"Stay because candidate improvement is not sufficient after LCB comparison: margin=0.0000, threshold=0.0000."
6191,128,pa_classifier,softmax_lr_0_20,stay,False,no_candidate_improvement,0.0,0.0,"Stay because candidate improvement is not sufficient after LCB comparison: margin=0.0000, threshold=0.0000."
6239,129,pa_classifier,softmax_lr_0_20,stay,False,no_candidate_improvement,0.0,0.0,"Stay because candidate improvement is not sufficient after LCB comparison: margin=0.0000, threshold=0.0000."
6287,130,pa_classifier,softmax_lr_0_20,stay,False,no_candidate_improvement,0.0,0.0,"Stay because candidate improvement is not sufficient after LCB comparison: margin=0.0000, threshold=0.0000."
6335,131,pa_classifier,softmax_lr_0_20,stay,False,high_uncertainty,-0.125,0.0,"Stay because utility uncertainty is too high: current_std=0.0000, candidate_std=0.1250, threshold=0.0000."
6383,132,pa_classifier,softmax_lr_0_20,stay,False,no_candidate_improvement,-0.25,0.0,"Stay because candidate improvement is not sufficient after LCB comparison: margin=-0.2500, threshold=0.0000."
6431,133,pa_classifier,gaussian_nb,stay,False,no_candidate_improvement,0.0,0.0,"Stay because candidate improvement is not sufficient after LCB comparison: margin=0.0000, threshold=0.0000."
6479,134,pa_classifier,tree_classifier,stay,False,high_uncertainty,-0.375,0.0,"Stay because utility uncertainty is too high: current_std=0.0000, candidate_std=0.3750, threshold=0.0000."
6527,135,pa_classifier,softmax_lr_0_20,stay,False,high_uncertainty,-0.125,0.0,"Stay because utility uncertainty is too high: current_std=0.3750, candidate_std=0.2500, threshold=0.0000."
6575,136,pa_classifier,softmax_lr_0_20,stay,False,high_uncertainty,0.25,0.0,"Stay because utility uncertainty is too high: current_std=0.3750, candidate_std=0.1250, threshold=0.0000."
6623,137,pa_classifier,tree_classifier,stay,False,no_candidate_improvement,0.0,0.0,"Stay because candidate improvement is not sufficient after LCB comparison: margin=0.0000, threshold=0.0000."
6671,138,pa_classifier,tree_classifier,stay,False,no_candidate_improvement,0.0,0.0,"Stay because candidate improvement is not sufficient after LCB comparison: margin=0.0000, threshold=0.0000."
6719,139,pa_classifier,tree_classifier,stay,False,no_candidate_improvement,0.0,0.0,"Stay because candidate improvement is not sufficient after LCB comparison: margin=0.0000, threshold=0.0000."
6767,140,pa_classifier,tree_classifier,stay,False,no_candidate_improvement,0.0,0.0,"Stay because candidate improvement is not sufficient after LCB comparison: margin=0.0000, threshold=0.0000."
6815,141,pa_classifier,tree_classifier,stay,False,high_uncertainty,0.0,0.0,"Stay because utility uncertainty is too high: current_std=0.1250, candidate_std=0.1250, threshold=0.0000."
6863,142,pa_classifier,tree_classifier,stay,False,high_uncertainty,0.0,0.0,"Stay because utility uncertainty is too high: current_std=0.1250, candidate_std=0.1250, threshold=0.0000."
6911,143,pa_classifier,tree_classifier,stay,False,high_uncertainty,0.25,0.0,"Stay because utility uncertainty is too high: current_std=0.5000, candidate_std=0.2500, threshold=0.0000."
6959,144,pa_classifier,tree_classifier,stay,False,high_uncertainty,0.25,0.0,"Stay because utility uncertainty is too high: current_std=0.3750, candidate_std=0.1250, threshold=0.0000."
7007,145,pa_classifier,tree_classifier,stay,False,high_uncertainty,0.0,0.0,"Stay because utility uncertainty is too high: current_std=0.1250, candidate_std=0.1250, threshold=0.0000."
7055,146,pa_classifier,tree_classifier,stay,False,no_candidate_improvement,0.0,0.0,"Stay because candidate improvement is not sufficient after LCB comparison: margin=0.0000, threshold=0.0000."
7103,147,pa_classifier,softmax_lr_0_20,stay,False,no_candidate_improvement,0.0,0.0,"Stay because candidate improvement is not sufficient after LCB comparison: margin=0.0000, threshold=0.0000."
7151,148,pa_classifier,softmax_lr_0_20,stay,False,no_candidate_improvement,0.0,0.0,"Stay because candidate improvement is not sufficient after LCB comparison: margin=0.0000, threshold=0.0000."
7199,149,pa_classifier,softmax_lr_0_05,stay,False,high_uncertainty,0.125,0.0,"Stay because utility uncertainty is too high: current_std=0.1250, candidate_std=0.0000, threshold=0.0000."
7247,150,pa_classifier,softmax_lr_0_05,stay,False,high_uncertainty,0.125,0.0,"Stay because utility uncertainty is too high: current_std=0.1250, candidate_std=0.0000, threshold=0.0000."
7295,151,pa_classifier,softmax_lr_0_05,stay,False,no_candidate_improvement,0.0,0.0,"Stay because candidate improvement is not sufficient after LCB comparison: margin=0.0000, threshold=0.0000."
7343,152,pa_classifier,softmax_lr_0_20,stay,False,no_candidate_improvement,0.0,0.0,"Stay because candidate improvement is not sufficient after LCB comparison: margin=0.0000, threshold=0.0000."
7391,153,pa_classifier,tree_classifier,stay,False,high_uncertainty,0.0,0.0,"Stay because utility uncertainty is too high: current_std=0.1250, candidate_std=0.1250, threshold=0.0000."
7439,154,pa_classifier,tree_classifier,stay,False,no_candidate_improvement,0.0,0.0,"Stay because candidate improvement is not sufficient after LCB comparison: margin=0.0000, threshold=0.0000."
7487,155,pa_classifier,tree_classifier,stay,False,high_uncertainty,0.0,0.0,"Stay because utility uncertainty is too high: current_std=0.1250, candidate_std=0.1250, threshold=0.0000."
7535,156,pa_classifier,tree_classifier,stay,False,high_uncertainty,0.25,0.0,"Stay because utility uncertainty is too high: current_std=0.2500, candidate_std=0.0000, threshold=0.0000."
7583,157,pa_classifier,tree_classifier,stay,False,high_uncertainty,0.25,0.0,"Stay because utility uncertainty is too high: current_std=0.2500, candidate_std=0.0000, threshold=0.0000."
7631,158,pa_classifier,tree_classifier,stay,False,no_candidate_improvement,0.0,0.0,"Stay because candidate improvement is not sufficient after LCB comparison: margin=0.0000, threshold=0.0000."
7679,159,pa_classifier,tree_classifier,stay,False,no_candidate_improvement,0.0,0.0,"Stay because candidate improvement is not sufficient after LCB comparison: margin=0.0000, threshold=0.0000."
7727,160,pa_classifier,tree_classifier,stay,False,no_candidate_improvement,0.0,0.0,"Stay because candidate improvement is not sufficient after LCB comparison: margin=0.0000, threshold=0.0000."
7775,161,pa_classifier,softmax_lr_0_20,stay,False,high_uncertainty,0.375,0.0,"Stay because utility uncertainty is too high: current_std=0.5000, candidate_std=0.1250, threshold=0.0000."
7823,162,pa_classifier,softmax_lr_0_20,stay,False,high_uncertainty,0.375,0.0,"Stay because utility uncertainty is too high: current_std=0.5000, candidate_std=0.1250, threshold=0.0000."
7871,163,pa_classifier,softmax_lr_0_20,stay,False,no_candidate_improvement,0.0,0.0,"Stay because candidate improvement is not sufficient after LCB comparison: margin=0.0000, threshold=0.0000."
7919,164,pa_classifier,softmax_lr_0_20,stay,False,no_candidate_improvement,0.0,0.0,"Stay because candidate improvement is not sufficient after LCB comparison: margin=0.0000, threshold=0.0000."
7967,165,pa_classifier,softmax_lr_0_20,stay,False,no_candidate_improvement,0.0,0.0,"Stay because candidate improvement is not sufficient after LCB comparison: margin=0.0000, threshold=0.0000."
8015,166,pa_classifier,softmax_lr_0_20,stay,False,high_uncertainty,0.0,0.0,"Stay because utility uncertainty is too high: current_std=0.1250, candidate_std=0.1250, threshold=0.0000."
8063,167,pa_classifier,gaussian_nb,stay,False,high_uncertainty,0.125,0.0,"Stay because utility uncertainty is too high: current_std=0.1250, candidate_std=0.0000, threshold=0.0000."
8111,168,pa_classifier,tree_classifier,stay,False,no_candidate_improvement,0.0,0.0,"Stay because candidate improvement is not sufficient after LCB comparison: margin=0.0000, threshold=0.0000."
8159,169,pa_classifier,tree_classifier,stay,False,no_candidate_improvement,0.0,0.0,"Stay because candidate improvement is not sufficient after LCB comparison: margin=0.0000, threshold=0.0000."
8207,170,pa_classifier,tree_classifier,stay,False,high_uncertainty,-0.125,0.0,"Stay because utility uncertainty is too high: current_std=0.0000, candidate_std=0.1250, threshold=0.0000."
8255,171,pa_classifier,tree_classifier,stay,False,high_uncertainty,-0.125,0.0,"Stay because utility uncertainty is too high: current_std=0.0000, candidate_std=0.1250, threshold=0.0000."
8303,172,pa_classifier,tree_classifier,stay,False,high_uncertainty,0.125,0.0,"Stay because utility uncertainty is too high: current_std=0.1250, candidate_std=0.0000, threshold=0.0000."
8351,173,pa_classifier,softmax_lr_0_05,switch,True,switch_advantage,0.25,0.0,Switch because candidate LCB exceeds current LCB beyond the decision threshold: 1.0000 - 0.7500 = 0.2500 > 0.0000.
8399,174,softmax_lr_0_05,softmax_lr_0_20,stay,False,high_uncertainty,-0.125,0.0,"Stay because utility uncertainty is too high: current_std=0.0000, candidate_std=0.1250, threshold=0.0000."
8447,175,softmax_lr_0_05,softmax_lr_0_20,stay,False,no_candidate_improvement,0.0,0.0,"Stay because candidate improvement is not sufficient after LCB comparison: margin=0.0000, threshold=0.0000."
8495,176,softmax_lr_0_05,tree_classifier,stay,False,high_uncertainty,0.125,0.0,"Stay because utility uncertainty is too high: current_std=0.2500, candidate_std=0.1250, threshold=0.0000."
8543,177,softmax_lr_0_05,tree_classifier,stay,False,high_uncertainty,0.25,0.0,"Stay because utility uncertainty is too high: current_std=0.1250, candidate_std=0.1250, threshold=0.0000."
8591,178,softmax_lr_0_05,tree_classifier,stay,False,high_uncertainty,0.125,0.0,"Stay because utility uncertainty is too high: current_std=0.1250, candidate_std=0.0000, threshold=0.0000."
8639,179,softmax_lr_0_05,tree_classifier,stay,False,no_candidate_improvement,0.0,0.0,"Stay because candidate improvement is not sufficient after LCB comparison: margin=0.0000, threshold=0.0000."
8687,180,softmax_lr_0_05,tree_classifier,stay,False,no_candidate_improvement,0.0,0.0,"Stay because candidate improvement is not sufficient after LCB comparison: margin=0.0000, threshold=0.0000."
8735,181,softmax_lr_0_05,tree_classifier,stay,False,no_candidate_improvement,0.0,0.0,"Stay because candidate improvement is not sufficient after LCB comparison: margin=0.0000, threshold=0.0000."
8783,182,softmax_lr_0_05,tree_classifier,stay,False,no_candidate_improvement,0.0,0.0,"Stay because candidate improvement is not sufficient after LCB comparison: margin=0.0000, threshold=0.0000."
8831,183,softmax_lr_0_05,tree_classifier,stay,False,no_candidate_improvement,0.0,0.0,"Stay because candidate improvement is not sufficient after LCB comparison: margin=0.0000, threshold=0.0000."
8879,184,softmax_lr_0_05,tree_classifier,stay,False,no_candidate_improvement,0.0,0.0,"Stay because candidate improvement is not sufficient after LCB comparison: margin=0.0000, threshold=0.0000."
8927,185,softmax_lr_0_05,tree_classifier,stay,False,high_uncertainty,-0.125,0.0,"Stay because utility uncertainty is too high: current_std=0.0000, candidate_std=0.1250, threshold=0.0000."
8975,186,softmax_lr_0_05,tree_classifier,stay,False,high_uncertainty,-0.125,0.0,"Stay because utility uncertainty is too high: current_std=0.0000, candidate_std=0.1250, threshold=0.0000."
9023,187,softmax_lr_0_05,softmax_lr_0_20,stay,False,no_candidate_improvement,0.0,0.0,"Stay because candidate improvement is not sufficient after LCB comparison: margin=0.0000, threshold=0.0000."
9071,188,softmax_lr_0_05,softmax_lr_0_20,stay,False,no_candidate_improvement,0.0,0.0,"Stay because candidate improvement is not sufficient after LCB comparison: margin=0.0000, threshold=0.0000."
9119,189,softmax_lr_0_05,pa_classifier,stay,False,high_uncertainty,0.125,0.0,"Stay because utility uncertainty is too high: current_std=0.1250, candidate_std=0.0000, threshold=0.0000."
9167,190,softmax_lr_0_05,pa_classifier,stay,False,high_uncertainty,0.125,0.0,"Stay because utility uncertainty is too high: current_std=0.1250, candidate_std=0.0000, threshold=0.0000."
9215,191,softmax_lr_0_05,pa_classifier,stay,False,high_uncertainty,0.25,0.0,"Stay because utility uncertainty is too high: current_std=0.3750, candidate_std=0.1250, threshold=0.0000."
9263,192,softmax_lr_0_05,pa_classifier,stay,False,high_uncertainty,0.5,0.0,"Stay because utility uncertainty is too high: current_std=0.1250, candidate_std=0.1250, threshold=0.0000."
9311,193,softmax_lr_0_05,pa_classifier,stay,False,high_uncertainty,0.375,0.0,"Stay because utility uncertainty is too high: current_std=0.0000, candidate_std=0.1250, threshold=0.0000."
9359,194,softmax_lr_0_05,pa_classifier,stay,False,high_uncertainty,0.125,0.0,"Stay because utility uncertainty is too high: current_std=0.2500, candidate_std=0.1250, threshold=0.0000."
9407,195,softmax_lr_0_05,softmax_lr_0_20,stay,False,no_candidate_improvement,0.0,0.0,"Stay because candidate improvement is not sufficient after LCB comparison: margin=0.0000, threshold=0.0000."
9455,196,softmax_lr_0_05,tree_classifier,stay,False,no_candidate_improvement,0.0,0.0,"Stay because candidate improvement is not sufficient after LCB comparison: margin=0.0000, threshold=0.0000."
9503,197,softmax_lr_0_05,softmax_lr_0_20,stay,False,high_uncertainty,0.25,0.0,"Stay because utility uncertainty is too high: current_std=0.2500, candidate_std=0.0000, threshold=0.0000."
9551,198,softmax_lr_0_05,softmax_lr_0_20,stay,False,high_uncertainty,0.25,0.0,"Stay because utility uncertainty is too high: current_std=0.2500, candidate_std=0.0000, threshold=0.0000."
9599,199,softmax_lr_0_05,pa_classifier,stay,False,high_uncertainty,0.125,0.0,"Stay because utility uncertainty is too high: current_std=0.2500, candidate_std=0.1250, threshold=0.0000."
9647,200,softmax_lr_0_05,pa_classifier,stay,False,high_uncertainty,0.125,0.0,"Stay because utility uncertainty is too high: current_std=0.2500, candidate_std=0.1250, threshold=0.0000."
9695,201,softmax_lr_0_05,softmax_lr_0_20,stay,False,no_candidate_improvement,0.0,0.0,"Stay because candidate improvement is not sufficient after LCB comparison: margin=0.0000, threshold=0.0000."
9743,202,softmax_lr_0_05,softmax_lr_0_20,stay,False,no_candidate_improvement,0.0,0.0,"Stay because candidate improvement is not sufficient after LCB comparison: margin=0.0000, threshold=0.0000."
9791,203,softmax_lr_0_05,softmax_lr_0_20,stay,False,high_uncertainty,0.125,0.0,"Stay because utility uncertainty is too high: current_std=0.1250, candidate_std=0.0000, threshold=0.0000."
9839,204,softmax_lr_0_05,softmax_lr_0_20,stay,False,high_uncertainty,0.125,0.0,"Stay because utility uncertainty is too high: current_std=0.1250, candidate_std=0.0000, threshold=0.0000."
9887,205,softmax_lr_0_05,softmax_lr_0_20,stay,False,high_uncertainty,0.125,0.0,"Stay because utility uncertainty is too high: current_std=0.1250, candidate_std=0.0000, threshold=0.0000."
9935,206,softmax_lr_0_05,softmax_lr_0_20,stay,False,high_uncertainty,0.125,0.0,"Stay because utility uncertainty is too high: current_std=0.1250, candidate_std=0.0000, threshold=0.0000."
9983,207,softmax_lr_0_05,softmax_lr_0_20,stay,False,no_candidate_improvement,0.0,0.0,"Stay because candidate improvement is not sufficient after LCB comparison: margin=0.0000, threshold=0.0000."
10031,208,softmax_lr_0_05,tree_classifier,stay,False,high_uncertainty,0.0,0.0,"Stay because utility uncertainty is too high: current_std=0.1250, candidate_std=0.1250, threshold=0.0000."
10079,209,softmax_lr_0_05,softmax_lr_0_20,stay,False,high_uncertainty,0.25,0.0,"Stay because utility uncertainty is too high: current_std=0.1250, candidate_std=0.1250, threshold=0.0000."
10127,210,softmax_lr_0_05,softmax_lr_0_20,stay,False,high_uncertainty,0.25,0.0,"Stay because utility uncertainty is too high: current_std=0.2500, candidate_std=0.0000, threshold=0.0000."
10175,211,softmax_lr_0_05,tree_classifier,stay,False,no_candidate_improvement,0.0,0.0,"Stay because candidate improvement is not sufficient after LCB comparison: margin=0.0000, threshold=0.0000."
10223,212,softmax_lr_0_05,tree_classifier,stay,False,no_candidate_improvement,0.0,0.0,"Stay because candidate improvement is not sufficient after LCB comparison: margin=0.0000, threshold=0.0000."
10271,213,softmax_lr_0_05,tree_classifier,stay,False,no_candidate_improvement,0.0,0.0,"Stay because candidate improvement is not sufficient after LCB comparison: margin=0.0000, threshold=0.0000."
10319,214,softmax_lr_0_05,tree_classifier,stay,False,no_candidate_improvement,0.0,0.0,"Stay because candidate improvement is not sufficient after LCB comparison: margin=0.0000, threshold=0.0000."
10367,215,softmax_lr_0_05,tree_classifier,stay,False,no_candidate_improvement,0.0,0.0,"Stay because candidate improvement is not sufficient after LCB comparison: margin=0.0000, threshold=0.0000."
10415,216,softmax_lr_0_05,tree_classifier,stay,False,no_candidate_improvement,0.0,0.0,"Stay because candidate improvement is not sufficient after LCB comparison: margin=0.0000, threshold=0.0000."
10463,217,softmax_lr_0_05,softmax_lr_0_20,stay,False,high_uncertainty,-0.125,0.0,"Stay because utility uncertainty is too high: current_std=0.0000, candidate_std=0.1250, threshold=0.0000."
10511,218,softmax_lr_0_05,softmax_lr_0_20,stay,False,high_uncertainty,0.125,0.0,"Stay because utility uncertainty is too high: current_std=0.1250, candidate_std=0.0000, threshold=0.0000."
10559,219,softmax_lr_0_05,tree_classifier,stay,False,high_uncertainty,0.125,0.0,"Stay because utility uncertainty is too high: current_std=0.1250, candidate_std=0.0000, threshold=0.0000."
10607,220,softmax_lr_0_05,softmax_lr_0_20,stay,False,no_candidate_improvement,0.0,0.0,"Stay because candidate improvement is not sufficient after LCB comparison: margin=0.0000, threshold=0.0000."
10655,221,softmax_lr_0_05,softmax_lr_0_20,stay,False,no_candidate_improvement,0.0,0.0,"Stay because candidate improvement is not sufficient after LCB comparison: margin=0.0000, threshold=0.0000."
10703,222,softmax_lr_0_05,tree_classifier,stay,False,no_candidate_improvement,0.0,0.0,"Stay because candidate improvement is not sufficient after LCB comparison: margin=0.0000, threshold=0.0000."
10751,223,softmax_lr_0_05,tree_classifier,stay,False,no_candidate_improvement,0.0,0.0,"Stay because candidate improvement is not sufficient after LCB comparison: margin=0.0000, threshold=0.0000."
10799,224,softmax_lr_0_05,softmax_lr_0_20,stay,False,no_candidate_improvement,0.0,0.0,"Stay because candidate improvement is not sufficient after LCB comparison: margin=0.0000, threshold=0.0000."
10847,225,softmax_lr_0_05,softmax_lr_0_20,stay,False,no_candidate_improvement,0.0,0.0,"Stay because candidate improvement is not sufficient after LCB comparison: margin=0.0000, threshold=0.0000."
10895,226,softmax_lr_0_05,tree_classifier,stay,False,no_candidate_improvement,0.0,0.0,"Stay because candidate improvement is not sufficient after LCB comparison: margin=0.0000, threshold=0.0000."
10943,227,softmax_lr_0_05,softmax_lr_0_20,stay,False,high_uncertainty,0.375,0.0,"Stay because utility uncertainty is too high: current_std=0.3750, candidate_std=0.0000, threshold=0.0000."
10991,228,softmax_lr_0_05,softmax_lr_0_20,stay,False,high_uncertainty,0.375,0.0,"Stay because utility uncertainty is too high: current_std=0.3750, candidate_std=0.0000, threshold=0.0000."
11039,229,softmax_lr_0_05,tree_classifier,stay,False,high_uncertainty,0.0,0.0,"Stay because utility uncertainty is too high: current_std=0.1250, candidate_std=0.1250, threshold=0.0000."
11087,230,softmax_lr_0_05,pa_classifier,stay,False,high_uncertainty,0.25,0.0,"Stay because utility uncertainty is too high: current_std=0.3750, candidate_std=0.1250, threshold=0.0000."
11135,231,softmax_lr_0_05,pa_classifier,stay,False,high_uncertainty,0.375,0.0,"Stay because utility uncertainty is too high: current_std=0.5000, candidate_std=0.1250, threshold=0.0000."
11183,232,softmax_lr_0_05,tree_classifier,stay,False,high_uncertainty,0.25,0.0,"Stay because utility uncertainty is too high: current_std=0.2500, candidate_std=0.0000, threshold=0.0000."
11231,233,softmax_lr_0_05,tree_classifier,stay,False,high_uncertainty,0.25,0.0,"Stay because utility uncertainty is too high: current_std=0.2500, candidate_std=0.0000, threshold=0.0000."
11279,234,softmax_lr_0_05,softmax_lr_0_20,stay,False,no_candidate_improvement,0.0,0.0,"Stay because candidate improvement is not sufficient after LCB comparison: margin=0.0000, threshold=0.0000."
11327,235,softmax_lr_0_05,softmax_lr_0_20,stay,False,no_candidate_improvement,0.0,0.0,"Stay because candidate improvement is not sufficient after LCB comparison: margin=0.0000, threshold=0.0000."
11375,236,softmax_lr_0_05,tree_classifier,stay,False,no_candidate_improvement,0.0,0.0,"Stay because candidate improvement is not sufficient after LCB comparison: margin=0.0000, threshold=0.0000."
11423,237,softmax_lr_0_05,tree_classifier,stay,False,no_candidate_improvement,0.0,0.0,"Stay because candidate improvement is not sufficient after LCB comparison: margin=0.0000, threshold=0.0000."
11471,238,softmax_lr_0_05,tree_classifier,stay,False,no_candidate_improvement,0.0,0.0,"Stay because candidate improvement is not sufficient after LCB comparison: margin=0.0000, threshold=0.0000."
11519,239,softmax_lr_0_05,pa_classifier,stay,False,high_uncertainty,0.25,0.0,"Stay because utility uncertainty is too high: current_std=0.2500, candidate_std=0.0000, threshold=0.0000."
11567,240,softmax_lr_0_05,pa_classifier,stay,False,high_uncertainty,0.25,0.0,"Stay because utility uncertainty is too high: current_std=0.2500, candidate_std=0.0000, threshold=0.0000."
11615,241,softmax_lr_0_05,softmax_lr_0_20,stay,False,no_candidate_improvement,0.0,0.0,"Stay because candidate improvement is not sufficient after LCB comparison: margin=0.0000, threshold=0.0000."
11663,242,softmax_lr_0_05,pa_classifier,stay,False,high_uncertainty,0.125,0.0,"Stay because utility uncertainty is too high: current_std=0.1250, candidate_std=0.0000, threshold=0.0000."
11711,243,softmax_lr_0_05,pa_classifier,stay,False,high_uncertainty,0.125,0.0,"Stay because utility uncertainty is too high: current_std=0.1250, candidate_std=0.0000, threshold=0.0000."
11759,244,softmax_lr_0_05,tree_classifier,stay,False,no_candidate_improvement,0.0,0.0,"Stay because candidate improvement is not sufficient after LCB comparison: margin=0.0000, threshold=0.0000."
11807,245,softmax_lr_0_05,tree_classifier,stay,False,no_candidate_improvement,0.0,0.0,"Stay because candidate improvement is not sufficient after LCB comparison: margin=0.0000, threshold=0.0000."
11855,246,softmax_lr_0_05,pa_classifier,stay,False,high_uncertainty,0.25,0.0,"Stay because utility uncertainty is too high: current_std=0.3750, candidate_std=0.1250, threshold=0.0000."
11903,247,softmax_lr_0_05,pa_classifier,stay,False,high_uncertainty,0.25,0.0,"Stay because utility uncertainty is too high: current_std=0.3750, candidate_std=0.1250, threshold=0.0000."
11951,248,softmax_lr_0_05,softmax_lr_0_20,stay,False,high_uncertainty,0.125,0.0,"Stay because utility uncertainty is too high: current_std=0.2500, candidate_std=0.1250, threshold=0.0000."
11999,249,softmax_lr_0_05,softmax_lr_0_20,stay,False,high_uncertainty,0.125,0.0,"Stay because utility uncertainty is too high: current_std=0.2500, candidate_std=0.1250, threshold=0.0000."
12047,250,softmax_lr_0_05,tree_classifier,stay,False,no_candidate_improvement,0.0,0.0,"Stay because candidate improvement is not sufficient after LCB comparison: margin=0.0000, threshold=0.0000."
12095,251,softmax_lr_0_05,pa_classifier,stay,False,no_candidate_improvement,0.0,0.0,"Stay because candidate improvement is not sufficient after LCB comparison: margin=0.0000, threshold=0.0000."
12143,252,softmax_lr_0_05,softmax_lr_0_20,stay,False,no_candidate_improvement,0.0,0.0,"Stay because candidate improvement is not sufficient after LCB comparison: margin=0.0000, threshold=0.0000."
12191,253,softmax_lr_0_05,softmax_lr_0_20,stay,False,no_candidate_improvement,0.0,0.0,"Stay because candidate improvement is not sufficient after LCB comparison: margin=0.0000, threshold=0.0000."
12239,254,softmax_lr_0_05,softmax_lr_0_20,stay,False,high_uncertainty,0.0,0.0,"Stay because utility uncertainty is too high: current_std=0.1250, candidate_std=0.1250, threshold=0.0000."
12287,255,softmax_lr_0_05,tree_classifier,stay,False,high_uncertainty,0.0,0.0,"Stay because utility uncertainty is too high: current_std=0.1250, candidate_std=0.1250, threshold=0.0000."
12335,256,softmax_lr_0_05,pa_classifier,stay,False,high_uncertainty,-0.125,0.0,"Stay because utility uncertainty is too high: current_std=0.0000, candidate_std=0.1250, threshold=0.0000."
12383,257,softmax_lr_0_05,pa_classifier,stay,False,high_uncertainty,-0.25,0.0,"Stay because utility uncertainty is too high: current_std=0.1250, candidate_std=0.1250, threshold=0.0000."
12431,258,softmax_lr_0_05,softmax_lr_0_20,stay,False,high_uncertainty,0.0,0.0,"Stay because utility uncertainty is too high: current_std=0.1250, candidate_std=0.1250, threshold=0.0000."
12479,259,softmax_lr_0_05,softmax_lr_0_20,stay,False,high_uncertainty,0.25,0.0,"Stay because utility uncertainty is too high: current_std=0.1250, candidate_std=0.1250, threshold=0.0000."
12527,260,softmax_lr_0_05,softmax_lr_0_20,switch,True,switch_advantage,0.25,0.0,Switch because candidate LCB exceeds current LCB beyond the decision threshold: 1.0000 - 0.7500 = 0.2500 > 0.0000.
12575,261,softmax_lr_0_20,pa_classifier,stay,False,no_candidate_improvement,0.0,0.0,"Stay because candidate improvement is not sufficient after LCB comparison: margin=0.0000, threshold=0.0000."
12623,262,softmax_lr_0_20,softmax_lr_0_05,stay,False,no_candidate_improvement,0.0,0.0,"Stay because candidate improvement is not sufficient after LCB comparison: margin=0.0000, threshold=0.0000."
12671,263,softmax_lr_0_20,tree_classifier,stay,False,no_candidate_improvement,0.0,0.0,"Stay because candidate improvement is not sufficient after LCB comparison: margin=0.0000, threshold=0.0000."
12719,264,softmax_lr_0_20,tree_classifier,stay,False,no_candidate_improvement,0.0,0.0,"Stay because candidate improvement is not sufficient after LCB comparison: margin=0.0000, threshold=0.0000."
12767,265,softmax_lr_0_20,tree_classifier,stay,False,no_candidate_improvement,0.0,0.0,"Stay because candidate improvement is not sufficient after LCB comparison: margin=0.0000, threshold=0.0000."
12815,266,softmax_lr_0_20,tree_classifier,stay,False,no_candidate_improvement,0.0,0.0,"Stay because candidate improvement is not sufficient after LCB comparison: margin=0.0000, threshold=0.0000."
12863,267,softmax_lr_0_20,pa_classifier,stay,False,no_candidate_improvement,0.0,0.0,"Stay because candidate improvement is not sufficient after LCB comparison: margin=0.0000, threshold=0.0000."
12911,268,softmax_lr_0_20,pa_classifier,stay,False,high_uncertainty,0.0,0.0,"Stay because utility uncertainty is too high: current_std=0.1250, candidate_std=0.1250, threshold=0.0000."
12959,269,softmax_lr_0_20,softmax_lr_0_05,stay,False,high_uncertainty,0.0,0.0,"Stay because utility uncertainty is too high: current_std=0.0000, candidate_std=0.2500, threshold=0.0000."
13007,270,softmax_lr_0_20,softmax_lr_0_05,stay,False,high_uncertainty,0.125,0.0,"Stay because utility uncertainty is too high: current_std=0.1250, candidate_std=0.0000, threshold=0.0000."
13055,271,softmax_lr_0_20,softmax_lr_0_05,stay,False,no_candidate_improvement,0.0,0.0,"Stay because candidate improvement is not sufficient after LCB comparison: margin=0.0000, threshold=0.0000."
13103,272,softmax_lr_0_20,tree_classifier,stay,False,no_candidate_improvement,0.0,0.0,"Stay because candidate improvement is not sufficient after LCB comparison: margin=0.0000, threshold=0.0000."
13151,273,softmax_lr_0_20,tree_classifier,stay,False,high_uncertainty,0.125,0.0,"Stay because utility uncertainty is too high: current_std=0.1250, candidate_std=0.0000, threshold=0.0000."
13199,274,softmax_lr_0_20,tree_classifier,stay,False,high_uncertainty,0.125,0.0,"Stay because utility uncertainty is too high: current_std=0.0000, candidate_std=0.1250, threshold=0.0000."
13247,275,softmax_lr_0_20,pa_classifier,stay,False,high_uncertainty,0.125,0.0,"Stay because utility uncertainty is too high: current_std=0.1250, candidate_std=0.0000, threshold=0.0000."
13295,276,softmax_lr_0_20,softmax_lr_0_05,stay,False,no_candidate_improvement,0.0,0.0,"Stay because candidate improvement is not sufficient after LCB comparison: margin=0.0000, threshold=0.0000."
13343,277,softmax_lr_0_20,softmax_lr_0_05,stay,False,no_candidate_improvement,0.0,0.0,"Stay because candidate improvement is not sufficient after LCB comparison: margin=0.0000, threshold=0.0000."
13391,278,softmax_lr_0_20,pa_classifier,stay,False,high_uncertainty,0.0,0.0,"Stay because utility uncertainty is too high: current_std=0.1250, candidate_std=0.1250, threshold=0.0000."
13439,279,softmax_lr_0_20,pa_classifier,stay,False,high_uncertainty,0.0,0.0,"Stay because utility uncertainty is too high: current_std=0.1250, candidate_std=0.1250, threshold=0.0000."
13487,280,softmax_lr_0_20,softmax_lr_0_05,stay,False,no_candidate_improvement,0.0,0.0,"Stay because candidate improvement is not sufficient after LCB comparison: margin=0.0000, threshold=0.0000."
13535,281,softmax_lr_0_20,tree_classifier,stay,False,no_candidate_improvement,0.0,0.0,"Stay because candidate improvement is not sufficient after LCB comparison: margin=0.0000, threshold=0.0000."
13583,282,softmax_lr_0_20,tree_classifier,stay,False,no_candidate_improvement,0.0,0.0,"Stay because candidate improvement is not sufficient after LCB comparison: margin=0.0000, threshold=0.0000."
13631,283,softmax_lr_0_20,tree_classifier,stay,False,no_candidate_improvement,0.0,0.0,"Stay because candidate improvement is not sufficient after LCB comparison: margin=0.0000, threshold=0.0000."
13679,284,softmax_lr_0_20,tree_classifier,stay,False,no_candidate_improvement,0.0,0.0,"Stay because candidate improvement is not sufficient after LCB comparison: margin=0.0000, threshold=0.0000."
13727,285,softmax_lr_0_20,tree_classifier,stay,False,no_candidate_improvement,0.0,0.0,"Stay because candidate improvement is not sufficient after LCB comparison: margin=0.0000, threshold=0.0000."
13775,286,softmax_lr_0_20,tree_classifier,stay,False,no_candidate_improvement,0.0,0.0,"Stay because candidate improvement is not sufficient after LCB comparison: margin=0.0000, threshold=0.0000."
13823,287,softmax_lr_0_20,tree_classifier,stay,False,no_candidate_improvement,0.0,0.0,"Stay because candidate improvement is not sufficient after LCB comparison: margin=0.0000, threshold=0.0000."
13871,288,softmax_lr_0_20,tree_classifier,stay,False,no_candidate_improvement,0.0,0.0,"Stay because candidate improvement is not sufficient after LCB comparison: margin=0.0000, threshold=0.0000."
13919,289,softmax_lr_0_20,tree_classifier,stay,False,no_candidate_improvement,0.0,0.0,"Stay because candidate improvement is not sufficient after LCB comparison: margin=0.0000, threshold=0.0000."
13967,290,softmax_lr_0_20,tree_classifier,stay,False,no_candidate_improvement,0.0,0.0,"Stay because candidate improvement is not sufficient after LCB comparison: margin=0.0000, threshold=0.0000."
14015,291,softmax_lr_0_20,tree_classifier,stay,False,high_uncertainty,0.0,0.0,"Stay because utility uncertainty is too high: current_std=0.1250, candidate_std=0.1250, threshold=0.0000."
14063,292,softmax_lr_0_20,tree_classifier,stay,False,no_candidate_improvement,0.0,0.0,"Stay because candidate improvement is not sufficient after LCB comparison: margin=0.0000, threshold=0.0000."
14111,293,softmax_lr_0_20,softmax_lr_0_05,stay,False,high_uncertainty,0.0,0.0,"Stay because utility uncertainty is too high: current_std=0.1250, candidate_std=0.1250, threshold=0.0000."
14159,294,softmax_lr_0_20,pa_classifier,stay,False,high_uncertainty,0.125,0.0,"Stay because utility uncertainty is too high: current_std=0.1250, candidate_std=0.0000, threshold=0.0000."
14207,295,softmax_lr_0_20,pa_classifier,stay,False,high_uncertainty,0.125,0.0,"Stay because utility uncertainty is too high: current_std=0.1250, candidate_std=0.0000, threshold=0.0000."
14255,296,softmax_lr_0_20,softmax_lr_0_05,stay,False,high_uncertainty,0.0,0.0,"Stay because utility uncertainty is too high: current_std=0.2500, candidate_std=0.2500, threshold=0.0000."
14303,297,softmax_lr_0_20,gaussian_nb,stay,False,high_uncertainty,0.125,0.0,"Stay because utility uncertainty is too high: current_std=0.2500, candidate_std=0.1250, threshold=0.0000."
14351,298,softmax_lr_0_20,softmax_lr_0_05,stay,False,no_candidate_improvement,0.0,0.0,"Stay because candidate improvement is not sufficient after LCB comparison: margin=0.0000, threshold=0.0000."
14399,299,softmax_lr_0_20,pa_classifier,stay,False,no_candidate_improvement,0.0,0.0,"Stay because candidate improvement is not sufficient after LCB comparison: margin=0.0000, threshold=0.0000."
14447,300,softmax_lr_0_20,pa_classifier,stay,False,high_uncertainty,0.0,0.0,"Stay because utility uncertainty is too high: current_std=0.1250, candidate_std=0.1250, threshold=0.0000."
14495,301,softmax_lr_0_20,tree_classifier,stay,False,high_uncertainty,0.0,0.0,"Stay because utility uncertainty is too high: current_std=0.1250, candidate_std=0.1250, threshold=0.0000."
14543,302,softmax_lr_0_20,tree_classifier,stay,False,no_candidate_improvement,0.0,0.0,"Stay because candidate improvement is not sufficient after LCB comparison: margin=0.0000, threshold=0.0000."
14591,303,softmax_lr_0_20,tree_classifier,stay,False,no_candidate_improvement,0.0,0.0,"Stay because candidate improvement is not sufficient after LCB comparison: margin=0.0000, threshold=0.0000."
14639,304,softmax_lr_0_20,gaussian_nb,stay,False,high_uncertainty,0.125,0.0,"Stay because utility uncertainty is too high: current_std=0.1250, candidate_std=0.0000, threshold=0.0000."
14687,305,softmax_lr_0_20,pa_classifier,stay,False,high_uncertainty,0.0,0.0,"Stay because utility uncertainty is too high: current_std=0.1250, candidate_std=0.1250, threshold=0.0000."
14735,306,softmax_lr_0_20,tree_classifier,stay,False,no_candidate_improvement,0.0,0.0,"Stay because candidate improvement is not sufficient after LCB comparison: margin=0.0000, threshold=0.0000."
14783,307,softmax_lr_0_20,tree_classifier,stay,False,no_candidate_improvement,0.0,0.0,"Stay because candidate improvement is not sufficient after LCB comparison: margin=0.0000, threshold=0.0000."
14831,308,softmax_lr_0_20,tree_classifier,stay,False,no_candidate_improvement,0.0,0.0,"Stay because candidate improvement is not sufficient after LCB comparison: margin=0.0000, threshold=0.0000."
14879,309,softmax_lr_0_20,tree_classifier,stay,False,no_candidate_improvement,0.0,0.0,"Stay because candidate improvement is not sufficient after LCB comparison: margin=0.0000, threshold=0.0000."
14927,310,softmax_lr_0_20,tree_classifier,stay,False,no_candidate_improvement,0.0,0.0,"Stay because candidate improvement is not sufficient after LCB comparison: margin=0.0000, threshold=0.0000."
14975,311,softmax_lr_0_20,tree_classifier,stay,False,no_candidate_improvement,0.0,0.0,"Stay because candidate improvement is not sufficient after LCB comparison: margin=0.0000, threshold=0.0000."
15023,312,softmax_lr_0_20,softmax_lr_0_05,stay,False,high_uncertainty,0.125,0.0,"Stay because utility uncertainty is too high: current_std=0.1250, candidate_std=0.0000, threshold=0.0000."
15071,313,softmax_lr_0_20,softmax_lr_0_05,stay,False,high_uncertainty,0.125,0.0,"Stay because utility uncertainty is too high: current_std=0.1250, candidate_std=0.0000, threshold=0.0000."
15119,314,softmax_lr_0_20,tree_classifier,stay,False,no_candidate_improvement,0.0,0.0,"Stay because candidate improvement is not sufficient after LCB comparison: margin=0.0000, threshold=0.0000."
15167,315,softmax_lr_0_20,tree_classifier,stay,False,no_candidate_improvement,0.0,0.0,"Stay because candidate improvement is not sufficient after LCB comparison: margin=0.0000, threshold=0.0000."
15215,316,softmax_lr_0_20,pa_classifier,stay,False,no_candidate_improvement,0.0,0.0,"Stay because candidate improvement is not sufficient after LCB comparison: margin=0.0000, threshold=0.0000."
15263,317,softmax_lr_0_20,pa_classifier,stay,False,no_candidate_improvement,0.0,0.0,"Stay because candidate improvement is not sufficient after LCB comparison: margin=0.0000, threshold=0.0000."
15311,318,softmax_lr_0_20,tree_classifier,stay,False,no_candidate_improvement,0.0,0.0,"Stay because candidate improvement is not sufficient after LCB comparison: margin=0.0000, threshold=0.0000."
15359,319,softmax_lr_0_20,tree_classifier,stay,False,no_candidate_improvement,0.0,0.0,"Stay because candidate improvement is not sufficient after LCB comparison: margin=0.0000, threshold=0.0000."
15407,320,softmax_lr_0_20,tree_classifier,stay,False,no_candidate_improvement,0.0,0.0,"Stay because candidate improvement is not sufficient after LCB comparison: margin=0.0000, threshold=0.0000."
15455,321,softmax_lr_0_20,tree_classifier,stay,False,no_candidate_improvement,0.0,0.0,"Stay because candidate improvement is not sufficient after LCB comparison: margin=0.0000, threshold=0.0000."
15503,322,softmax_lr_0_20,tree_classifier,stay,False,high_uncertainty,0.125,0.0,"Stay because utility uncertainty is too high: current_std=0.1250, candidate_std=0.0000, threshold=0.0000."
15551,323,softmax_lr_0_20,tree_classifier,stay,False,high_uncertainty,0.125,0.0,"Stay because utility uncertainty is too high: current_std=0.1250, candidate_std=0.0000, threshold=0.0000."
15599,324,softmax_lr_0_20,tree_classifier,stay,False,no_candidate_improvement,0.0,0.0,"Stay because candidate improvement is not sufficient after LCB comparison: margin=0.0000, threshold=0.0000."
15647,325,softmax_lr_0_20,softmax_lr_0_05,stay,False,no_candidate_improvement,0.0,0.0,"Stay because candidate improvement is not sufficient after LCB comparison: margin=0.0000, threshold=0.0000."
15695,326,softmax_lr_0_20,softmax_lr_0_05,stay,False,high_uncertainty,0.125,0.0,"Stay because utility uncertainty is too high: current_std=0.1250, candidate_std=0.0000, threshold=0.0000."
15743,327,softmax_lr_0_20,softmax_lr_0_05,stay,False,high_uncertainty,0.125,0.0,"Stay because utility uncertainty is too high: current_std=0.1250, candidate_std=0.0000, threshold=0.0000."
15791,328,softmax_lr_0_20,softmax_lr_0_05,stay,False,no_candidate_improvement,0.0,0.0,"Stay because candidate improvement is not sufficient after LCB comparison: margin=0.0000, threshold=0.0000."
15839,329,softmax_lr_0_20,tree_classifier,stay,False,no_candidate_improvement,0.0,0.0,"Stay because candidate improvement is not sufficient after LCB comparison: margin=0.0000, threshold=0.0000."
15887,330,softmax_lr_0_20,tree_classifier,stay,False,no_candidate_improvement,0.0,0.0,"Stay because candidate improvement is not sufficient after LCB comparison: margin=0.0000, threshold=0.0000."
15935,331,softmax_lr_0_20,tree_classifier,stay,False,no_candidate_improvement,0.0,0.0,"Stay because candidate improvement is not sufficient after LCB comparison: margin=0.0000, threshold=0.0000."
15983,332,softmax_lr_0_20,tree_classifier,stay,False,no_candidate_improvement,0.0,0.0,"Stay because candidate improvement is not sufficient after LCB comparison: margin=0.0000, threshold=0.0000."
16031,333,softmax_lr_0_20,softmax_lr_0_05,stay,False,no_candidate_improvement,0.0,0.0,"Stay because candidate improvement is not sufficient after LCB comparison: margin=0.0000, threshold=0.0000."
16079,334,softmax_lr_0_20,pa_classifier,stay,False,no_candidate_improvement,0.0,0.0,"Stay because candidate improvement is not sufficient after LCB comparison: margin=0.0000, threshold=0.0000."
16127,335,softmax_lr_0_20,pa_classifier,stay,False,no_candidate_improvement,0.0,0.0,"Stay because candidate improvement is not sufficient after LCB comparison: margin=0.0000, threshold=0.0000."
16175,336,softmax_lr_0_20,softmax_lr_0_05,stay,False,no_candidate_improvement,0.0,0.0,"Stay because candidate improvement is not sufficient after LCB comparison: margin=0.0000, threshold=0.0000."
16223,337,softmax_lr_0_20,softmax_lr_0_05,stay,False,no_candidate_improvement,0.0,0.0,"Stay because candidate improvement is not sufficient after LCB comparison: margin=0.0000, threshold=0.0000."
16271,338,softmax_lr_0_20,softmax_lr_0_05,stay,False,high_uncertainty,0.0,0.0,"Stay because utility uncertainty is too high: current_std=0.1250, candidate_std=0.1250, threshold=0.0000."
16319,339,softmax_lr_0_20,pa_classifier,stay,False,high_uncertainty,0.125,0.0,"Stay because utility uncertainty is too high: current_std=0.1250, candidate_std=0.0000, threshold=0.0000."
16367,340,softmax_lr_0_20,softmax_lr_0_05,stay,False,no_candidate_improvement,0.0,0.0,"Stay because candidate improvement is not sufficient after LCB comparison: margin=0.0000, threshold=0.0000."
16415,341,softmax_lr_0_20,softmax_lr_0_05,stay,False,no_candidate_improvement,0.0,0.0,"Stay because candidate improvement is not sufficient after LCB comparison: margin=0.0000, threshold=0.0000."
16463,342,softmax_lr_0_20,softmax_lr_0_05,stay,False,no_candidate_improvement,0.0,0.0,"Stay because candidate improvement is not sufficient after LCB comparison: margin=0.0000, threshold=0.0000."
16511,343,softmax_lr_0_20,tree_classifier,stay,False,no_candidate_improvement,0.0,0.0,"Stay because candidate improvement is not sufficient after LCB comparison: margin=0.0000, threshold=0.0000."
16559,344,softmax_lr_0_20,tree_classifier,stay,False,no_candidate_improvement,0.0,0.0,"Stay because candidate improvement is not sufficient after LCB comparison: margin=0.0000, threshold=0.0000."
16607,345,softmax_lr_0_20,tree_classifier,stay,False,no_candidate_improvement,0.0,0.0,"Stay because candidate improvement is not sufficient after LCB comparison: margin=0.0000, threshold=0.0000."
16655,346,softmax_lr_0_20,tree_classifier,stay,False,no_candidate_improvement,0.0,0.0,"Stay because candidate improvement is not sufficient after LCB comparison: margin=0.0000, threshold=0.0000."
16703,347,softmax_lr_0_20,tree_classifier,stay,False,no_candidate_improvement,0.0,0.0,"Stay because candidate improvement is not sufficient after LCB comparison: margin=0.0000, threshold=0.0000."
16751,348,softmax_lr_0_20,tree_classifier,stay,False,high_uncertainty,0.125,0.0,"Stay because utility uncertainty is too high: current_std=0.2500, candidate_std=0.1250, threshold=0.0000."
16799,349,softmax_lr_0_20,softmax_lr_0_05,stay,False,high_uncertainty,0.125,0.0,"Stay because utility uncertainty is too high: current_std=0.2500, candidate_std=0.1250, threshold=0.0000."
16847,350,softmax_lr_0_20,softmax_lr_0_05,stay,False,no_candidate_improvement,0.0,0.0,"Stay because candidate improvement is not sufficient after LCB comparison: margin=0.0000, threshold=0.0000."
16895,351,softmax_lr_0_20,tree_classifier,stay,False,no_candidate_improvement,0.0,0.0,"Stay because candidate improvement is not sufficient after LCB comparison: margin=0.0000, threshold=0.0000."
16943,352,softmax_lr_0_20,tree_classifier,stay,False,no_candidate_improvement,0.0,0.0,"Stay because candidate improvement is not sufficient after LCB comparison: margin=0.0000, threshold=0.0000."
16991,353,softmax_lr_0_20,tree_classifier,stay,False,no_candidate_improvement,0.0,0.0,"Stay because candidate improvement is not sufficient after LCB comparison: margin=0.0000, threshold=0.0000."
17039,354,softmax_lr_0_20,softmax_lr_0_05,stay,False,high_uncertainty,0.125,0.0,"Stay because utility uncertainty is too high: current_std=0.1250, candidate_std=0.0000, threshold=0.0000."
17087,355,softmax_lr_0_20,tree_classifier,stay,False,high_uncertainty,0.5,0.0,"Stay because utility uncertainty is too high: current_std=0.3750, candidate_std=0.1250, threshold=0.0000."
17135,356,softmax_lr_0_20,softmax_lr_0_05,stay,False,high_uncertainty,0.25,0.0,"Stay because utility uncertainty is too high: current_std=0.5000, candidate_std=0.2500, threshold=0.0000."
17183,357,softmax_lr_0_20,softmax_lr_0_05,stay,False,no_candidate_improvement,0.0,0.0,"Stay because candidate improvement is not sufficient after LCB comparison: margin=0.0000, threshold=0.0000."
17231,358,softmax_lr_0_20,tree_classifier,stay,False,no_candidate_improvement,0.0,0.0,"Stay because candidate improvement is not sufficient after LCB comparison: margin=0.0000, threshold=0.0000."
17279,359,softmax_lr_0_20,pa_classifier,stay,False,high_uncertainty,0.125,0.0,"Stay because utility uncertainty is too high: current_std=0.1250, candidate_std=0.0000, threshold=0.0000."
17327,360,softmax_lr_0_20,pa_classifier,stay,False,high_uncertainty,0.125,0.0,"Stay because utility uncertainty is too high: current_std=0.1250, candidate_std=0.0000, threshold=0.0000."
17375,361,softmax_lr_0_20,tree_classifier,stay,False,high_uncertainty,-0.125,0.0,"Stay because utility uncertainty is too high: current_std=0.1250, candidate_std=0.2500, threshold=0.0000."
17423,362,softmax_lr_0_20,softmax_lr_0_05,stay,False,high_uncertainty,-0.125,0.0,"Stay because utility uncertainty is too high: current_std=0.1250, candidate_std=0.2500, threshold=0.0000."
17471,363,softmax_lr_0_20,softmax_lr_0_05,stay,False,high_uncertainty,0.0,0.0,"Stay because utility uncertainty is too high: current_std=0.1250, candidate_std=0.1250, threshold=0.0000."
17519,364,softmax_lr_0_20,softmax_lr_0_05,stay,False,high_uncertainty,0.0,0.0,"Stay because utility uncertainty is too high: current_std=0.1250, candidate_std=0.1250, threshold=0.0000."
17567,365,softmax_lr_0_20,softmax_lr_0_05,stay,False,no_candidate_improvement,0.0,0.0,"Stay because candidate improvement is not sufficient after LCB comparison: margin=0.0000, threshold=0.0000."
17615,366,softmax_lr_0_20,softmax_lr_0_05,stay,False,high_uncertainty,0.0,0.0,"Stay because utility uncertainty is too high: current_std=0.2500, candidate_std=0.2500, threshold=0.0000."
17663,367,softmax_lr_0_20,tree_classifier,stay,False,high_uncertainty,0.375,0.0,"Stay because utility uncertainty is too high: current_std=0.0000, candidate_std=0.1250, threshold=0.0000."
17711,368,softmax_lr_0_20,tree_classifier,stay,False,high_uncertainty,0.375,0.0,"Stay because utility uncertainty is too high: current_std=0.0000, candidate_std=0.1250, threshold=0.0000."
17759,369,softmax_lr_0_20,tree_classifier,stay,False,high_uncertainty,0.125,0.0,"Stay because utility uncertainty is too high: current_std=0.1250, candidate_std=0.0000, threshold=0.0000."
17807,370,softmax_lr_0_20,tree_classifier,stay,False,high_uncertainty,0.0,0.0,"Stay because utility uncertainty is too high: current_std=0.1250, candidate_std=0.1250, threshold=0.0000."
17855,371,softmax_lr_0_20,tree_classifier,stay,False,high_uncertainty,0.0,0.0,"Stay because utility uncertainty is too high: current_std=0.1250, candidate_std=0.1250, threshold=0.0000."
17903,372,softmax_lr_0_20,tree_classifier,stay,False,high_uncertainty,0.125,0.0,"Stay because utility uncertainty is too high: current_std=0.0000, candidate_std=0.1250, threshold=0.0000."
17951,373,softmax_lr_0_20,tree_classifier,stay,False,high_uncertainty,0.125,0.0,"Stay because utility uncertainty is too high: current_std=0.1250, candidate_std=0.0000, threshold=0.0000."
17999,374,softmax_lr_0_20,softmax_lr_0_05,stay,False,high_uncertainty,-0.125,0.0,"Stay because utility uncertainty is too high: current_std=0.1250, candidate_std=0.2500, threshold=0.0000."
18047,375,softmax_lr_0_20,softmax_lr_0_05,stay,False,high_uncertainty,-0.125,0.0,"Stay because utility uncertainty is too high: current_std=0.1250, candidate_std=0.2500, threshold=0.0000."
18095,376,softmax_lr_0_20,pa_classifier,stay,False,no_candidate_improvement,0.0,0.0,"Stay because candidate improvement is not sufficient after LCB comparison: margin=0.0000, threshold=0.0000."
18143,377,softmax_lr_0_20,pa_classifier,stay,False,no_candidate_improvement,0.0,0.0,"Stay because candidate improvement is not sufficient after LCB comparison: margin=0.0000, threshold=0.0000."
18191,378,softmax_lr_0_20,softmax_lr_0_05,stay,False,no_candidate_improvement,0.0,0.0,"Stay because candidate improvement is not sufficient after LCB comparison: margin=0.0000, threshold=0.0000."
18239,379,softmax_lr_0_20,tree_classifier,stay,False,no_candidate_improvement,0.0,0.0,"Stay because candidate improvement is not sufficient after LCB comparison: margin=0.0000, threshold=0.0000."
18287,380,softmax_lr_0_20,tree_classifier,stay,False,no_candidate_improvement,0.0,0.0,"Stay because candidate improvement is not sufficient after LCB comparison: margin=0.0000, threshold=0.0000."
18335,381,softmax_lr_0_20,softmax_lr_0_05,stay,False,no_candidate_improvement,0.0,0.0,"Stay because candidate improvement is not sufficient after LCB comparison: margin=0.0000, threshold=0.0000."
18383,382,softmax_lr_0_20,softmax_lr_0_05,stay,False,no_candidate_improvement,0.0,0.0,"Stay because candidate improvement is not sufficient after LCB comparison: margin=0.0000, threshold=0.0000."
18431,383,softmax_lr_0_20,softmax_lr_0_05,stay,False,high_uncertainty,0.0,0.0,"Stay because utility uncertainty is too high: current_std=0.1250, candidate_std=0.1250, threshold=0.0000."
18479,384,softmax_lr_0_20,tree_classifier,stay,False,high_uncertainty,0.0,0.0,"Stay because utility uncertainty is too high: current_std=0.1250, candidate_std=0.1250, threshold=0.0000."
18527,385,softmax_lr_0_20,tree_classifier,stay,False,no_candidate_improvement,0.0,0.0,"Stay because candidate improvement is not sufficient after LCB comparison: margin=0.0000, threshold=0.0000."
18575,386,softmax_lr_0_20,tree_classifier,stay,False,no_candidate_improvement,0.0,0.0,"Stay because candidate improvement is not sufficient after LCB comparison: margin=0.0000, threshold=0.0000."
18623,387,softmax_lr_0_20,tree_classifier,stay,False,no_candidate_improvement,0.0,0.0,"Stay because candidate improvement is not sufficient after LCB comparison: margin=0.0000, threshold=0.0000."
18671,388,softmax_lr_0_20,tree_classifier,stay,False,no_candidate_improvement,0.0,0.0,"Stay because candidate improvement is not sufficient after LCB comparison: margin=0.0000, threshold=0.0000."
18719,389,softmax_lr_0_20,tree_classifier,stay,False,high_uncertainty,0.125,0.0,"Stay because utility uncertainty is too high: current_std=0.1250, candidate_std=0.0000, threshold=0.0000."
18767,390,softmax_lr_0_20,softmax_lr_0_05,stay,False,high_uncertainty,0.0,0.0,"Stay because utility uncertainty is too high: current_std=0.1250, candidate_std=0.1250, threshold=0.0000."
18815,391,softmax_lr_0_20,softmax_lr_0_05,stay,False,no_candidate_improvement,0.0,0.0,"Stay because candidate improvement is not sufficient after LCB comparison: margin=0.0000, threshold=0.0000."
18863,392,softmax_lr_0_20,tree_classifier,stay,False,no_candidate_improvement,0.0,0.0,"Stay because candidate improvement is not sufficient after LCB comparison: margin=0.0000, threshold=0.0000."
18911,393,softmax_lr_0_20,tree_classifier,stay,False,no_candidate_improvement,0.0,0.0,"Stay because candidate improvement is not sufficient after LCB comparison: margin=0.0000, threshold=0.0000."
18959,394,softmax_lr_0_20,tree_classifier,stay,False,no_candidate_improvement,0.0,0.0,"Stay because candidate improvement is not sufficient after LCB comparison: margin=0.0000, threshold=0.0000."
19007,395,softmax_lr_0_20,tree_classifier,stay,False,no_candidate_improvement,0.0,0.0,"Stay because candidate improvement is not sufficient after LCB comparison: margin=0.0000, threshold=0.0000."
19055,396,softmax_lr_0_20,softmax_lr_0_05,stay,False,no_candidate_improvement,0.0,0.0,"Stay because candidate improvement is not sufficient after LCB comparison: margin=0.0000, threshold=0.0000."
19103,397,softmax_lr_0_20,softmax_lr_0_05,stay,False,no_candidate_improvement,0.0,0.0,"Stay because candidate improvement is not sufficient after LCB comparison: margin=0.0000, threshold=0.0000."
19151,398,softmax_lr_0_20,softmax_lr_0_05,stay,False,high_uncertainty,0.0,0.0,"Stay because utility uncertainty is too high: current_std=0.1250, candidate_std=0.1250, threshold=0.0000."
19199,399,softmax_lr_0_20,pa_classifier,stay,False,high_uncertainty,0.125,0.0,"Stay because utility uncertainty is too high: current_std=0.0000, candidate_std=0.1250, threshold=0.0000."
19247,400,softmax_lr_0_20,pa_classifier,stay,False,high_uncertainty,0.125,0.0,"Stay because utility uncertainty is too high: current_std=0.1250, candidate_std=0.0000, threshold=0.0000."
19295,401,softmax_lr_0_20,softmax_lr_0_05,stay,False,no_candidate_improvement,0.0,0.0,"Stay because candidate improvement is not sufficient after LCB comparison: margin=0.0000, threshold=0.0000."
19343,402,softmax_lr_0_20,tree_classifier,stay,False,no_candidate_improvement,0.0,0.0,"Stay because candidate improvement is not sufficient after LCB comparison: margin=0.0000, threshold=0.0000."
19391,403,softmax_lr_0_20,tree_classifier,stay,False,no_candidate_improvement,0.0,0.0,"Stay because candidate improvement is not sufficient after LCB comparison: margin=0.0000, threshold=0.0000."
19439,404,softmax_lr_0_20,tree_classifier,stay,False,high_uncertainty,0.25,0.0,"Stay because utility uncertainty is too high: current_std=0.3750, candidate_std=0.1250, threshold=0.0000."
19487,405,softmax_lr_0_20,tree_classifier,stay,False,high_uncertainty,0.25,0.0,"Stay because utility uncertainty is too high: current_std=0.3750, candidate_std=0.1250, threshold=0.0000."
19535,406,softmax_lr_0_20,tree_classifier,stay,False,no_candidate_improvement,0.0,0.0,"Stay because candidate improvement is not sufficient after LCB comparison: margin=0.0000, threshold=0.0000."
19583,407,softmax_lr_0_20,tree_classifier,stay,False,no_candidate_improvement,0.0,0.0,"Stay because candidate improvement is not sufficient after LCB comparison: margin=0.0000, threshold=0.0000."
19631,408,softmax_lr_0_20,pa_classifier,stay,False,no_candidate_improvement,0.0,0.0,"Stay because candidate improvement is not sufficient after LCB comparison: margin=0.0000, threshold=0.0000."
19679,409,softmax_lr_0_20,pa_classifier,stay,False,no_candidate_improvement,0.0,0.0,"Stay because candidate improvement is not sufficient after LCB comparison: margin=0.0000, threshold=0.0000."
19727,410,softmax_lr_0_20,tree_classifier,stay,False,no_candidate_improvement,0.0,0.0,"Stay because candidate improvement is not sufficient after LCB comparison: margin=0.0000, threshold=0.0000."
19775,411,softmax_lr_0_20,tree_classifier,stay,False,high_uncertainty,0.125,0.0,"Stay because utility uncertainty is too high: current_std=0.5000, candidate_std=0.3750, threshold=0.0000."
19823,412,softmax_lr_0_20,tree_classifier,stay,False,high_uncertainty,0.125,0.0,"Stay because utility uncertainty is too high: current_std=0.5000, candidate_std=0.3750, threshold=0.0000."
19871,413,softmax_lr_0_20,tree_classifier,stay,False,no_candidate_improvement,0.0,0.0,"Stay because candidate improvement is not sufficient after LCB comparison: margin=0.0000, threshold=0.0000."
19919,414,softmax_lr_0_20,tree_classifier,stay,False,no_candidate_improvement,0.0,0.0,"Stay because candidate improvement is not sufficient after LCB comparison: margin=0.0000, threshold=0.0000."
19967,415,softmax_lr_0_20,tree_classifier,stay,False,no_candidate_improvement,0.0,0.0,"Stay because candidate improvement is not sufficient after LCB comparison: margin=0.0000, threshold=0.0000."
20015,416,softmax_lr_0_20,tree_classifier,stay,False,high_uncertainty,0.125,0.0,"Stay because utility uncertainty is too high: current_std=0.3750, candidate_std=0.2500, threshold=0.0000."
20063,417,softmax_lr_0_20,pa_classifier,stay,False,high_uncertainty,0.25,0.0,"Stay because utility uncertainty is too high: current_std=0.0000, candidate_std=0.2500, threshold=0.0000."
20111,418,softmax_lr_0_20,pa_classifier,stay,False,high_uncertainty,0.375,0.0,"Stay because utility uncertainty is too high: current_std=0.1250, candidate_std=0.0000, threshold=0.0000."
20159,419,softmax_lr_0_20,pa_classifier,stay,False,high_uncertainty,0.625,0.0,"Stay because utility uncertainty is too high: current_std=0.2500, candidate_std=0.1250, threshold=0.0000."
20207,420,softmax_lr_0_20,pa_classifier,stay,False,high_uncertainty,0.5,0.0,"Stay because utility uncertainty is too high: current_std=0.5000, candidate_std=0.0000, threshold=0.0000."
20255,421,softmax_lr_0_20,tree_classifier,stay,False,high_uncertainty,0.125,0.0,"Stay because utility uncertainty is too high: current_std=0.1250, candidate_std=0.0000, threshold=0.0000."
20303,422,softmax_lr_0_20,softmax_lr_0_05,stay,False,high_uncertainty,0.125,0.0,"Stay because utility uncertainty is too high: current_std=0.1250, candidate_std=0.0000, threshold=0.0000."
20351,423,softmax_lr_0_20,softmax_lr_0_05,stay,False,no_candidate_improvement,0.0,0.0,"Stay because candidate improvement is not sufficient after LCB comparison: margin=0.0000, threshold=0.0000."
20399,424,softmax_lr_0_20,tree_classifier,stay,False,no_candidate_improvement,0.0,0.0,"Stay because candidate improvement is not sufficient after LCB comparison: margin=0.0000, threshold=0.0000."
20447,425,softmax_lr_0_20,tree_classifier,stay,False,no_candidate_improvement,0.0,0.0,"Stay because candidate improvement is not sufficient after LCB comparison: margin=0.0000, threshold=0.0000."
20495,426,softmax_lr_0_20,softmax_lr_0_05,stay,False,no_candidate_improvement,0.0,0.0,"Stay because candidate improvement is not sufficient after LCB comparison: margin=0.0000, threshold=0.0000."
20543,427,softmax_lr_0_20,softmax_lr_0_05,stay,False,no_candidate_improvement,0.0,0.0,"Stay because candidate improvement is not sufficient after LCB comparison: margin=0.0000, threshold=0.0000."
20591,428,softmax_lr_0_20,softmax_lr_0_05,stay,False,high_uncertainty,0.0,0.0,"Stay because utility uncertainty is too high: current_std=0.1250, candidate_std=0.1250, threshold=0.0000."
20639,429,softmax_lr_0_20,tree_classifier,stay,False,high_uncertainty,0.25,0.0,"Stay because utility uncertainty is too high: current_std=0.3750, candidate_std=0.1250, threshold=0.0000."
20687,430,softmax_lr_0_20,tree_classifier,stay,False,high_uncertainty,0.25,0.0,"Stay because utility uncertainty is too high: current_std=0.5000, candidate_std=0.2500, threshold=0.0000."
20735,431,softmax_lr_0_20,pa_classifier,stay,False,no_candidate_improvement,0.0,0.0,"Stay because candidate improvement is not sufficient after LCB comparison: margin=0.0000, threshold=0.0000."
20783,432,softmax_lr_0_20,pa_classifier,stay,False,no_candidate_improvement,0.0,0.0,"Stay because candidate improvement is not sufficient after LCB comparison: margin=0.0000, threshold=0.0000."
20831,433,softmax_lr_0_20,tree_classifier,stay,False,no_candidate_improvement,0.0,0.0,"Stay because candidate improvement is not sufficient after LCB comparison: margin=0.0000, threshold=0.0000."
20879,434,softmax_lr_0_20,softmax_lr_0_05,stay,False,no_candidate_improvement,0.0,0.0,"Stay because candidate improvement is not sufficient after LCB comparison: margin=0.0000, threshold=0.0000."
20927,435,softmax_lr_0_20,softmax_lr_0_05,stay,False,high_uncertainty,0.125,0.0,"Stay because utility uncertainty is too high: current_std=0.1250, candidate_std=0.0000, threshold=0.0000."
20975,436,softmax_lr_0_20,tree_classifier,switch,True,switch_advantage,0.25,0.0,Switch because candidate LCB exceeds current LCB beyond the decision threshold: 1.0000 - 0.7500 = 0.2500 > 0.0000.
21023,437,tree_classifier,softmax_lr_0_20,stay,False,high_uncertainty,-0.125,0.0,"Stay because utility uncertainty is too high: current_std=0.0000, candidate_std=0.1250, threshold=0.0000."
21071,438,tree_classifier,softmax_lr_0_20,stay,False,no_candidate_improvement,0.0,0.0,"Stay because candidate improvement is not sufficient after LCB comparison: margin=0.0000, threshold=0.0000."
21119,439,tree_classifier,softmax_lr_0_20,stay,False,no_candidate_improvement,0.0,0.0,"Stay because candidate improvement is not sufficient after LCB comparison: margin=0.0000, threshold=0.0000."
21167,440,tree_classifier,softmax_lr_0_20,stay,False,no_candidate_improvement,0.0,0.0,"Stay because candidate improvement is not sufficient after LCB comparison: margin=0.0000, threshold=0.0000."
21215,441,tree_classifier,softmax_lr_0_20,stay,False,no_candidate_improvement,0.0,0.0,"Stay because candidate improvement is not sufficient after LCB comparison: margin=0.0000, threshold=0.0000."
21263,442,tree_classifier,softmax_lr_0_20,stay,False,no_candidate_improvement,0.0,0.0,"Stay because candidate improvement is not sufficient after LCB comparison: margin=0.0000, threshold=0.0000."
21311,443,tree_classifier,softmax_lr_0_20,stay,False,no_candidate_improvement,0.0,0.0,"Stay because candidate improvement is not sufficient after LCB comparison: margin=0.0000, threshold=0.0000."
21359,444,tree_classifier,softmax_lr_0_20,stay,False,high_uncertainty,0.0,0.0,"Stay because utility uncertainty is too high: current_std=0.1250, candidate_std=0.1250, threshold=0.0000."
21407,445,tree_classifier,softmax_lr_0_20,stay,False,high_uncertainty,0.0,0.0,"Stay because utility uncertainty is too high: current_std=0.1250, candidate_std=0.1250, threshold=0.0000."
21455,446,tree_classifier,softmax_lr_0_20,stay,False,no_candidate_improvement,0.0,0.0,"Stay because candidate improvement is not sufficient after LCB comparison: margin=0.0000, threshold=0.0000."
21503,447,tree_classifier,softmax_lr_0_20,stay,False,high_uncertainty,0.0,0.0,"Stay because utility uncertainty is too high: current_std=0.1250, candidate_std=0.1250, threshold=0.0000."
21551,448,tree_classifier,pa_classifier,stay,False,high_uncertainty,0.25,0.0,"Stay because utility uncertainty is too high: current_std=0.1250, candidate_std=0.1250, threshold=0.0000."
21599,449,tree_classifier,pa_classifier,stay,False,high_uncertainty,0.125,0.0,"Stay because utility uncertainty is too high: current_std=0.2500, candidate_std=0.1250, threshold=0.0000."
21647,450,tree_classifier,softmax_lr_0_20,stay,False,no_candidate_improvement,-0.25,0.0,"Stay because candidate improvement is not sufficient after LCB comparison: margin=-0.2500, threshold=0.0000."
21695,451,tree_classifier,softmax_lr_0_20,stay,False,high_uncertainty,0.25,0.0,"Stay because utility uncertainty is too high: current_std=0.3750, candidate_std=0.1250, threshold=0.0000."
21743,452,tree_classifier,softmax_lr_0_20,stay,False,high_uncertainty,0.25,0.0,"Stay because utility uncertainty is too high: current_std=0.2500, candidate_std=0.2500, threshold=0.0000."
21791,453,tree_classifier,softmax_lr_0_05,stay,False,high_uncertainty,0.0,0.0,"Stay because utility uncertainty is too high: current_std=0.1250, candidate_std=0.1250, threshold=0.0000."
21839,454,tree_classifier,softmax_lr_0_20,stay,False,high_uncertainty,0.25,0.0,"Stay because utility uncertainty is too high: current_std=0.3750, candidate_std=0.1250, threshold=0.0000."
21887,455,tree_classifier,softmax_lr_0_20,stay,False,high_uncertainty,0.125,0.0,"Stay because utility uncertainty is too high: current_std=0.2500, candidate_std=0.1250, threshold=0.0000."
21935,456,tree_classifier,softmax_lr_0_20,stay,False,high_uncertainty,-0.125,0.0,"Stay because utility uncertainty is too high: current_std=0.1250, candidate_std=0.2500, threshold=0.0000."
21983,457,tree_classifier,softmax_lr_0_20,stay,False,no_candidate_improvement,0.0,0.0,"Stay because candidate improvement is not sufficient after LCB comparison: margin=0.0000, threshold=0.0000."
22031,458,tree_classifier,softmax_lr_0_20,stay,False,high_uncertainty,0.375,0.0,"Stay because utility uncertainty is too high: current_std=0.3750, candidate_std=0.0000, threshold=0.0000."
22079,459,tree_classifier,softmax_lr_0_20,stay,False,high_uncertainty,0.375,0.0,"Stay because utility uncertainty is too high: current_std=0.3750, candidate_std=0.0000, threshold=0.0000."
22127,460,tree_classifier,softmax_lr_0_20,stay,False,high_uncertainty,0.0,0.0,"Stay because utility uncertainty is too high: current_std=0.1250, candidate_std=0.1250, threshold=0.0000."
22175,461,tree_classifier,softmax_lr_0_20,stay,False,high_uncertainty,0.125,0.0,"Stay because utility uncertainty is too high: current_std=0.2500, candidate_std=0.1250, threshold=0.0000."
22223,462,tree_classifier,softmax_lr_0_20,stay,False,high_uncertainty,0.125,0.0,"Stay because utility uncertainty is too high: current_std=0.3750, candidate_std=0.2500, threshold=0.0000."
22271,463,tree_classifier,softmax_lr_0_20,stay,False,high_uncertainty,0.125,0.0,"Stay because utility uncertainty is too high: current_std=0.1250, candidate_std=0.0000, threshold=0.0000."
22319,464,tree_classifier,softmax_lr_0_20,stay,False,high_uncertainty,0.125,0.0,"Stay because utility uncertainty is too high: current_std=0.1250, candidate_std=0.0000, threshold=0.0000."
22367,465,tree_classifier,pa_classifier,stay,False,high_uncertainty,0.125,0.0,"Stay because utility uncertainty is too high: current_std=0.1250, candidate_std=0.0000, threshold=0.0000."
22415,466,tree_classifier,pa_classifier,stay,False,high_uncertainty,0.125,0.0,"Stay because utility uncertainty is too high: current_std=0.1250, candidate_std=0.0000, threshold=0.0000."
22463,467,tree_classifier,pa_classifier,stay,False,high_uncertainty,0.125,0.0,"Stay because utility uncertainty is too high: current_std=0.2500, candidate_std=0.1250, threshold=0.0000."
22511,468,tree_classifier,pa_classifier,stay,False,high_uncertainty,0.625,0.0,"Stay because utility uncertainty is too high: current_std=0.2500, candidate_std=0.1250, threshold=0.0000."
22559,469,tree_classifier,pa_classifier,stay,False,high_uncertainty,0.75,0.0,"Stay because utility uncertainty is too high: current_std=0.2500, candidate_std=0.0000, threshold=0.0000."
22607,470,tree_classifier,pa_classifier,stay,False,high_uncertainty,0.25,0.0,"Stay because utility uncertainty is too high: current_std=0.2500, candidate_std=0.0000, threshold=0.0000."
22655,471,tree_classifier,softmax_lr_0_20,stay,False,high_uncertainty,0.0,0.0,"Stay because utility uncertainty is too high: current_std=0.1250, candidate_std=0.1250, threshold=0.0000."
22703,472,tree_classifier,softmax_lr_0_20,stay,False,high_uncertainty,0.0,0.0,"Stay because utility uncertainty is too high: current_std=0.1250, candidate_std=0.1250, threshold=0.0000."
22751,473,tree_classifier,softmax_lr_0_20,stay,False,high_uncertainty,0.25,0.0,"Stay because utility uncertainty is too high: current_std=0.2500, candidate_std=0.0000, threshold=0.0000."
22799,474,tree_classifier,softmax_lr_0_20,stay,False,high_uncertainty,0.5,0.0,"Stay because utility uncertainty is too high: current_std=0.1250, candidate_std=0.1250, threshold=0.0000."
22847,475,tree_classifier,softmax_lr_0_20,stay,False,high_uncertainty,0.25,0.0,"Stay because utility uncertainty is too high: current_std=0.3750, candidate_std=0.1250, threshold=0.0000."
22895,476,tree_classifier,softmax_lr_0_20,stay,False,high_uncertainty,0.25,0.0,"Stay because utility uncertainty is too high: current_std=0.2500, candidate_std=0.0000, threshold=0.0000."
22943,477,tree_classifier,softmax_lr_0_20,stay,False,high_uncertainty,0.25,0.0,"Stay because utility uncertainty is too high: current_std=0.2500, candidate_std=0.0000, threshold=0.0000."
22991,478,tree_classifier,softmax_lr_0_20,stay,False,high_uncertainty,-0.125,0.0,"Stay because utility uncertainty is too high: current_std=0.0000, candidate_std=0.1250, threshold=0.0000."
23039,479,tree_classifier,softmax_lr_0_20,stay,False,high_uncertainty,0.0,0.0,"Stay because utility uncertainty is too high: current_std=0.2500, candidate_std=0.0000, threshold=0.0000."
23087,480,tree_classifier,softmax_lr_0_05,stay,False,high_uncertainty,0.375,0.0,"Stay because utility uncertainty is too high: current_std=0.0000, candidate_std=0.1250, threshold=0.0000."
23135,481,tree_classifier,softmax_lr_0_05,stay,False,high_uncertainty,0.125,0.0,"Stay because utility uncertainty is too high: current_std=0.0000, candidate_std=0.1250, threshold=0.0000."
23183,482,tree_classifier,softmax_lr_0_05,stay,False,high_uncertainty,0.5,0.0,"Stay because utility uncertainty is too high: current_std=0.2500, candidate_std=0.2500, threshold=0.0000."
23231,483,tree_classifier,pa_classifier,switch,True,switch_advantage,1.0,0.0,Switch because candidate LCB exceeds current LCB beyond the decision threshold: 1.0000 - 0.0000 = 1.0000 > 0.0000.
23279,484,pa_classifier,gaussian_nb,stay,False,no_candidate_improvement,0.0,0.0,"Stay because candidate improvement is not sufficient after LCB comparison: margin=0.0000, threshold=0.0000."
23327,485,pa_classifier,softmax_lr_0_20,stay,False,no_candidate_improvement,0.0,0.0,"Stay because candidate improvement is not sufficient after LCB comparison: margin=0.0000, threshold=0.0000."
23375,486,pa_classifier,tree_classifier,stay,False,no_candidate_improvement,0.0,0.0,"Stay because candidate improvement is not sufficient after LCB comparison: margin=0.0000, threshold=0.0000."
23423,487,pa_classifier,softmax_lr_0_20,stay,False,high_uncertainty,0.0,0.0,"Stay because utility uncertainty is too high: current_std=0.1250, candidate_std=0.1250, threshold=0.0000."
23471,488,pa_classifier,softmax_lr_0_20,stay,False,no_candidate_improvement,0.0,0.0,"Stay because candidate improvement is not sufficient after LCB comparison: margin=0.0000, threshold=0.0000."
23519,489,pa_classifier,softmax_lr_0_20,stay,False,high_uncertainty,-0.125,0.0,"Stay because utility uncertainty is too high: current_std=0.1250, candidate_std=0.0000, threshold=0.0000."
23567,490,pa_classifier,softmax_lr_0_05,stay,False,high_uncertainty,0.0,0.0,"Stay because utility uncertainty is too high: current_std=0.2500, candidate_std=0.0000, threshold=0.0000."
23615,491,pa_classifier,tree_classifier,stay,False,high_uncertainty,0.25,0.0,"Stay because utility uncertainty is too high: current_std=0.1250, candidate_std=0.1250, threshold=0.0000."
23663,492,pa_classifier,softmax_lr_0_20,stay,False,high_uncertainty,0.125,0.0,"Stay because utility uncertainty is too high: current_std=0.1250, candidate_std=0.0000, threshold=0.0000."
23711,493,pa_classifier,softmax_lr_0_20,stay,False,no_candidate_improvement,0.0,0.0,"Stay because candidate improvement is not sufficient after LCB comparison: margin=0.0000, threshold=0.0000."
23759,494,pa_classifier,tree_classifier,stay,False,high_uncertainty,-0.125,0.0,"Stay because utility uncertainty is too high: current_std=0.1250, candidate_std=0.2500, threshold=0.0000."
23807,495,pa_classifier,tree_classifier,stay,False,high_uncertainty,0.0,0.0,"Stay because utility uncertainty is too high: current_std=0.1250, candidate_std=0.1250, threshold=0.0000."
23855,496,pa_classifier,tree_classifier,stay,False,high_uncertainty,0.125,0.0,"Stay because utility uncertainty is too high: current_std=0.1250, candidate_std=0.2500, threshold=0.0000."
23903,497,pa_classifier,softmax_lr_0_05,stay,False,high_uncertainty,0.125,0.0,"Stay because utility uncertainty is too high: current_std=0.2500, candidate_std=0.3750, threshold=0.0000."
23951,498,pa_classifier,softmax_lr_0_05,switch,True,switch_advantage,0.25,0.0,Switch because candidate LCB exceeds current LCB beyond the decision threshold: 1.0000 - 0.7500 = 0.2500 > 0.0000.
23999,499,softmax_lr_0_05,softmax_lr_0_20,stay,False,high_uncertainty,0.0,0.0,"Stay because utility uncertainty is too high: current_std=0.1250, candidate_std=0.1250, threshold=0.0000."
24047,500,softmax_lr_0_05,tree_classifier,stay,False,high_uncertainty,0.125,0.0,"Stay because utility uncertainty is too high: current_std=0.1250, candidate_std=0.0000, threshold=0.0000."
24095,501,softmax_lr_0_05,softmax_lr_0_20,stay,False,high_uncertainty,0.125,0.0,"Stay because utility uncertainty is too high: current_std=0.2500, candidate_std=0.1250, threshold=0.0000."
24143,502,softmax_lr_0_05,softmax_lr_0_20,stay,False,high_uncertainty,0.125,0.0,"Stay because utility uncertainty is too high: current_std=0.2500, candidate_std=0.1250, threshold=0.0000."
24191,503,softmax_lr_0_05,softmax_lr_0_20,stay,False,no_candidate_improvement,0.0,0.0,"Stay because candidate improvement is not sufficient after LCB comparison: margin=0.0000, threshold=0.0000."
24239,504,softmax_lr_0_05,softmax_lr_0_20,stay,False,no_candidate_improvement,0.0,0.0,"Stay because candidate improvement is not sufficient after LCB comparison: margin=0.0000, threshold=0.0000."
24287,505,softmax_lr_0_05,pa_classifier,stay,False,high_uncertainty,0.375,0.0,"Stay because utility uncertainty is too high: current_std=0.3750, candidate_std=0.0000, threshold=0.0000."
24335,506,softmax_lr_0_05,pa_classifier,stay,False,high_uncertainty,0.375,0.0,"Stay because utility uncertainty is too high: current_std=0.3750, candidate_std=0.0000, threshold=0.0000."
24383,507,softmax_lr_0_05,pa_classifier,stay,False,high_uncertainty,0.25,0.0,"Stay because utility uncertainty is too high: current_std=0.2500, candidate_std=0.0000, threshold=0.0000."
24431,508,softmax_lr_0_05,pa_classifier,stay,False,high_uncertainty,0.25,0.0,"Stay because utility uncertainty is too high: current_std=0.1250, candidate_std=0.1250, threshold=0.0000."
24479,509,softmax_lr_0_05,tree_classifier,stay,False,high_uncertainty,0.125,0.0,"Stay because utility uncertainty is too high: current_std=0.1250, candidate_std=0.0000, threshold=0.0000."
24527,510,softmax_lr_0_05,tree_classifier,stay,False,high_uncertainty,0.125,0.0,"Stay because utility uncertainty is too high: current_std=0.2500, candidate_std=0.1250, threshold=0.0000."
24575,511,softmax_lr_0_05,tree_classifier,stay,False,high_uncertainty,0.0,0.0,"Stay because utility uncertainty is too high: current_std=0.1250, candidate_std=0.1250, threshold=0.0000."
24623,512,softmax_lr_0_05,softmax_lr_0_20,stay,False,high_uncertainty,0.125,0.0,"Stay because utility uncertainty is too high: current_std=0.1250, candidate_std=0.0000, threshold=0.0000."
24671,513,softmax_lr_0_05,tree_classifier,stay,False,high_uncertainty,0.25,0.0,"Stay because utility uncertainty is too high: current_std=0.0000, candidate_std=0.2500, threshold=0.0000."
24719,514,softmax_lr_0_05,tree_classifier,stay,False,high_uncertainty,0.25,0.0,"Stay because utility uncertainty is too high: current_std=0.2500, candidate_std=0.0000, threshold=0.0000."
24767,515,softmax_lr_0_05,softmax_lr_0_20,stay,False,high_uncertainty,-0.125,0.0,"Stay because utility uncertainty is too high: current_std=0.0000, candidate_std=0.1250, threshold=0.0000."
24815,516,softmax_lr_0_05,softmax_lr_0_20,stay,False,no_candidate_improvement,0.0,0.0,"Stay because candidate improvement is not sufficient after LCB comparison: margin=0.0000, threshold=0.0000."
24863,517,softmax_lr_0_05,softmax_lr_0_20,stay,False,no_candidate_improvement,0.0,0.0,"Stay because candidate improvement is not sufficient after LCB comparison: margin=0.0000, threshold=0.0000."
24911,518,softmax_lr_0_05,pa_classifier,stay,False,high_uncertainty,0.125,0.0,"Stay because utility uncertainty is too high: current_std=0.2500, candidate_std=0.1250, threshold=0.0000."
24959,519,softmax_lr_0_05,gaussian_nb,switch,True,switch_advantage,0.5,0.0,Switch because candidate LCB exceeds current LCB beyond the decision threshold: 1.0000 - 0.5000 = 0.5000 > 0.0000.
25007,520,gaussian_nb,pa_classifier,stay,False,high_uncertainty,-0.125,0.0,"Stay because utility uncertainty is too high: current_std=0.0000, candidate_std=0.1250, threshold=0.0000."
25055,521,gaussian_nb,softmax_lr_0_20,stay,False,high_uncertainty,0.0,0.0,"Stay because utility uncertainty is too high: current_std=0.1250, candidate_std=0.1250, threshold=0.0000."
25103,522,gaussian_nb,softmax_lr_0_20,stay,False,high_uncertainty,0.125,0.0,"Stay because utility uncertainty is too high: current_std=0.1250, candidate_std=0.0000, threshold=0.0000."
25151,523,gaussian_nb,pa_classifier,stay,False,high_uncertainty,0.125,0.0,"Stay because utility uncertainty is too high: current_std=0.2500, candidate_std=0.1250, threshold=0.0000."
25199,524,gaussian_nb,tree_classifier,stay,False,high_uncertainty,0.5,0.0,"Stay because utility uncertainty is too high: current_std=0.2500, candidate_std=0.2500, threshold=0.0000."
25247,525,gaussian_nb,softmax_lr_0_05,stay,False,high_uncertainty,0.5,0.0,"Stay because utility uncertainty is too high: current_std=0.3750, candidate_std=0.1250, threshold=0.0000."
25295,526,gaussian_nb,softmax_lr_0_05,stay,False,high_uncertainty,0.125,0.0,"Stay because utility uncertainty is too high: current_std=0.0000, candidate_std=0.1250, threshold=0.0000."
25343,527,gaussian_nb,softmax_lr_0_05,stay,False,high_uncertainty,0.125,0.0,"Stay because utility uncertainty is too high: current_std=0.1250, candidate_std=0.0000, threshold=0.0000."
25391,528,gaussian_nb,softmax_lr_0_05,stay,False,no_candidate_improvement,0.0,0.0,"Stay because candidate improvement is not sufficient after LCB comparison: margin=0.0000, threshold=0.0000."
25439,529,gaussian_nb,tree_classifier,stay,False,high_uncertainty,0.125,0.0,"Stay because utility uncertainty is too high: current_std=0.1250, candidate_std=0.0000, threshold=0.0000."
25487,530,gaussian_nb,tree_classifier,stay,False,high_uncertainty,0.625,0.0,"Stay because utility uncertainty is too high: current_std=0.3750, candidate_std=0.0000, threshold=0.0000."
25535,531,gaussian_nb,softmax_lr_0_20,stay,False,high_uncertainty,0.5,0.0,"Stay because utility uncertainty is too high: current_std=0.5000, candidate_std=0.0000, threshold=0.0000."
25583,532,gaussian_nb,softmax_lr_0_20,stay,False,high_uncertainty,0.125,0.0,"Stay because utility uncertainty is too high: current_std=0.2500, candidate_std=0.1250, threshold=0.0000."
25631,533,gaussian_nb,softmax_lr_0_20,stay,False,high_uncertainty,0.125,0.0,"Stay because utility uncertainty is too high: current_std=0.2500, candidate_std=0.1250, threshold=0.0000."
25679,534,gaussian_nb,softmax_lr_0_20,stay,False,high_uncertainty,0.125,0.0,"Stay because utility uncertainty is too high: current_std=0.2500, candidate_std=0.1250, threshold=0.0000."
25727,535,gaussian_nb,tree_classifier,stay,False,high_uncertainty,0.25,0.0,"Stay because utility uncertainty is too high: current_std=0.2500, candidate_std=0.0000, threshold=0.0000."
25775,536,gaussian_nb,tree_classifier,stay,False,no_candidate_improvement,0.0,0.0,"Stay because candidate improvement is not sufficient after LCB comparison: margin=0.0000, threshold=0.0000."
25823,537,gaussian_nb,tree_classifier,stay,False,high_uncertainty,0.0,0.0,"Stay because utility uncertainty is too high: current_std=0.2500, candidate_std=0.2500, threshold=0.0000."
25871,538,gaussian_nb,softmax_lr_0_05,stay,False,high_uncertainty,0.375,0.0,"Stay because utility uncertainty is too high: current_std=0.2500, candidate_std=0.1250, threshold=0.0000."
25919,539,gaussian_nb,softmax_lr_0_20,stay,False,high_uncertainty,0.375,0.0,"Stay because utility uncertainty is too high: current_std=0.5000, candidate_std=0.1250, threshold=0.0000."
25967,540,gaussian_nb,tree_classifier,stay,False,no_candidate_improvement,0.0,0.0,"Stay because candidate improvement is not sufficient after LCB comparison: margin=0.0000, threshold=0.0000."
26015,541,gaussian_nb,tree_classifier,stay,False,no_candidate_improvement,0.0,0.0,"Stay because candidate improvement is not sufficient after LCB comparison: margin=0.0000, threshold=0.0000."
26063,542,gaussian_nb,tree_classifier,stay,False,no_candidate_improvement,0.0,0.0,"Stay because candidate improvement is not sufficient after LCB comparison: margin=0.0000, threshold=0.0000."
26111,543,gaussian_nb,tree_classifier,stay,False,no_candidate_improvement,0.0,0.0,"Stay because candidate improvement is not sufficient after LCB comparison: margin=0.0000, threshold=0.0000."
26159,544,gaussian_nb,tree_classifier,stay,False,no_candidate_improvement,0.0,0.0,"Stay because candidate improvement is not sufficient after LCB comparison: margin=0.0000, threshold=0.0000."
26207,545,gaussian_nb,softmax_lr_0_05,stay,False,high_uncertainty,0.0,0.0,"Stay because utility uncertainty is too high: current_std=0.2500, candidate_std=0.2500, threshold=0.0000."
26255,546,gaussian_nb,softmax_lr_0_05,stay,False,high_uncertainty,0.0,0.0,"Stay because utility uncertainty is too high: current_std=0.2500, candidate_std=0.2500, threshold=0.0000."
26303,547,gaussian_nb,tree_classifier,stay,False,high_uncertainty,0.0,0.0,"Stay because utility uncertainty is too high: current_std=0.1250, candidate_std=0.1250, threshold=0.0000."
26351,548,gaussian_nb,tree_classifier,stay,False,high_uncertainty,0.125,0.0,"Stay because utility uncertainty is too high: current_std=0.0000, candidate_std=0.1250, threshold=0.0000."
26399,549,gaussian_nb,tree_classifier,stay,False,high_uncertainty,0.0,0.0,"Stay because utility uncertainty is too high: current_std=0.1250, candidate_std=0.1250, threshold=0.0000."
26447,550,gaussian_nb,tree_classifier,stay,False,high_uncertainty,0.375,0.0,"Stay because utility uncertainty is too high: current_std=0.5000, candidate_std=0.1250, threshold=0.0000."
26495,551,gaussian_nb,tree_classifier,stay,False,high_uncertainty,0.5,0.0,"Stay because utility uncertainty is too high: current_std=0.3750, candidate_std=0.1250, threshold=0.0000."
26543,552,gaussian_nb,softmax_lr_0_20,stay,False,high_uncertainty,0.5,0.0,"Stay because utility uncertainty is too high: current_std=0.3750, candidate_std=0.1250, threshold=0.0000."
26591,553,gaussian_nb,pa_classifier,stay,False,high_uncertainty,0.5,0.0,"Stay because utility uncertainty is too high: current_std=0.5000, candidate_std=0.0000, threshold=0.0000."
26639,554,gaussian_nb,pa_classifier,stay,False,no_candidate_improvement,0.0,0.0,"Stay because candidate improvement is not sufficient after LCB comparison: margin=0.0000, threshold=0.0000."
26687,555,gaussian_nb,softmax_lr_0_20,stay,False,high_uncertainty,0.0,0.0,"Stay because utility uncertainty is too high: current_std=0.1250, candidate_std=0.1250, threshold=0.0000."
26735,556,gaussian_nb,softmax_lr_0_05,stay,False,no_candidate_improvement,0.0,0.0,"Stay because candidate improvement is not sufficient after LCB comparison: margin=0.0000, threshold=0.0000."
26783,557,gaussian_nb,softmax_lr_0_05,stay,False,high_uncertainty,0.0,0.0,"Stay because utility uncertainty is too high: current_std=0.1250, candidate_std=0.1250, threshold=0.0000."
26831,558,gaussian_nb,pa_classifier,stay,False,high_uncertainty,0.125,0.0,"Stay because utility uncertainty is too high: current_std=0.1250, candidate_std=0.0000, threshold=0.0000."
26879,559,gaussian_nb,softmax_lr_0_20,stay,False,high_uncertainty,0.375,0.0,"Stay because utility uncertainty is too high: current_std=0.2500, candidate_std=0.1250, threshold=0.0000."
26927,560,gaussian_nb,softmax_lr_0_20,stay,False,high_uncertainty,0.375,0.0,"Stay because utility uncertainty is too high: current_std=0.3750, candidate_std=0.0000, threshold=0.0000."
26975,561,gaussian_nb,tree_classifier,stay,False,high_uncertainty,0.125,0.0,"Stay because utility uncertainty is too high: current_std=0.2500, candidate_std=0.1250, threshold=0.0000."
27023,562,gaussian_nb,tree_classifier,switch,True,switch_advantage,0.25,0.0,Switch because candidate LCB exceeds current LCB beyond the decision threshold: 0.7500 - 0.5000 = 0.2500 > 0.0000.
27071,563,tree_classifier,softmax_lr_0_20,stay,False,high_uncertainty,0.0,0.0,"Stay because utility uncertainty is too high: current_std=0.1250, candidate_std=0.1250, threshold=0.0000."
27119,564,tree_classifier,pa_classifier,stay,False,high_uncertainty,0.5,0.0,"Stay because utility uncertainty is too high: current_std=0.5000, candidate_std=0.0000, threshold=0.0000."
27167,565,tree_classifier,pa_classifier,stay,False,high_uncertainty,0.875,0.0,"Stay because utility uncertainty is too high: current_std=0.1250, candidate_std=0.0000, threshold=0.0000."
27215,566,tree_classifier,pa_classifier,stay,False,high_uncertainty,0.375,0.0,"Stay because utility uncertainty is too high: current_std=0.3750, candidate_std=0.0000, threshold=0.0000."
27263,567,tree_classifier,gaussian_nb,stay,False,high_uncertainty,0.375,0.0,"Stay because utility uncertainty is too high: current_std=0.3750, candidate_std=0.0000, threshold=0.0000."
27311,568,tree_classifier,gaussian_nb,stay,False,high_uncertainty,0.375,0.0,"Stay because utility uncertainty is too high: current_std=0.3750, candidate_std=0.0000, threshold=0.0000."
27359,569,tree_classifier,pa_classifier,stay,False,no_candidate_improvement,0.0,0.0,"Stay because candidate improvement is not sufficient after LCB comparison: margin=0.0000, threshold=0.0000."
27407,570,tree_classifier,pa_classifier,stay,False,no_candidate_improvement,0.0,0.0,"Stay because candidate improvement is not sufficient after LCB comparison: margin=0.0000, threshold=0.0000."
27455,571,tree_classifier,pa_classifier,stay,False,no_candidate_improvement,0.0,0.0,"Stay because candidate improvement is not sufficient after LCB comparison: margin=0.0000, threshold=0.0000."
27503,572,tree_classifier,softmax_lr_0_20,stay,False,no_candidate_improvement,0.0,0.0,"Stay because candidate improvement is not sufficient after LCB comparison: margin=0.0000, threshold=0.0000."
27551,573,tree_classifier,softmax_lr_0_20,stay,False,high_uncertainty,0.125,0.0,"Stay because utility uncertainty is too high: current_std=0.1250, candidate_std=0.0000, threshold=0.0000."
27599,574,tree_classifier,softmax_lr_0_20,stay,False,high_uncertainty,0.125,0.0,"Stay because utility uncertainty is too high: current_std=0.0000, candidate_std=0.1250, threshold=0.0000."
27647,575,tree_classifier,softmax_lr_0_20,stay,False,high_uncertainty,0.375,0.0,"Stay because utility uncertainty is too high: current_std=0.2500, candidate_std=0.1250, threshold=0.0000."
27695,576,tree_classifier,softmax_lr_0_20,stay,False,high_uncertainty,0.375,0.0,"Stay because utility uncertainty is too high: current_std=0.3750, candidate_std=0.0000, threshold=0.0000."
27743,577,tree_classifier,softmax_lr_0_20,stay,False,high_uncertainty,0.125,0.0,"Stay because utility uncertainty is too high: current_std=0.2500, candidate_std=0.1250, threshold=0.0000."
27791,578,tree_classifier,softmax_lr_0_05,stay,False,high_uncertainty,0.0,0.0,"Stay because utility uncertainty is too high: current_std=0.2500, candidate_std=0.0000, threshold=0.0000."
27839,579,tree_classifier,softmax_lr_0_05,stay,False,high_uncertainty,-0.125,0.0,"Stay because utility uncertainty is too high: current_std=0.0000, candidate_std=0.1250, threshold=0.0000."
27887,580,tree_classifier,softmax_lr_0_05,stay,False,high_uncertainty,0.125,0.0,"Stay because utility uncertainty is too high: current_std=0.1250, candidate_std=0.0000, threshold=0.0000."
27935,581,tree_classifier,softmax_lr_0_05,stay,False,high_uncertainty,0.125,0.0,"Stay because utility uncertainty is too high: current_std=0.0000, candidate_std=0.1250, threshold=0.0000."
27983,582,tree_classifier,softmax_lr_0_20,stay,False,no_candidate_improvement,0.0,0.0,"Stay because candidate improvement is not sufficient after LCB comparison: margin=0.0000, threshold=0.0000."
28031,583,tree_classifier,pa_classifier,stay,False,high_uncertainty,0.125,0.0,"Stay because utility uncertainty is too high: current_std=0.1250, candidate_std=0.0000, threshold=0.0000."
28079,584,tree_classifier,pa_classifier,stay,False,high_uncertainty,0.125,0.0,"Stay because utility uncertainty is too high: current_std=0.2500, candidate_std=0.1250, threshold=0.0000."
28127,585,tree_classifier,softmax_lr_0_20,stay,False,high_uncertainty,0.5,0.0,"Stay because utility uncertainty is too high: current_std=0.5000, candidate_std=0.0000, threshold=0.0000."
28175,586,tree_classifier,softmax_lr_0_20,stay,False,high_uncertainty,0.5,0.0,"Stay because utility uncertainty is too high: current_std=0.5000, candidate_std=0.0000, threshold=0.0000."
28223,587,tree_classifier,softmax_lr_0_20,stay,False,no_candidate_improvement,0.0,0.0,"Stay because candidate improvement is not sufficient after LCB comparison: margin=0.0000, threshold=0.0000."
28271,588,tree_classifier,softmax_lr_0_20,stay,False,no_candidate_improvement,0.0,0.0,"Stay because candidate improvement is not sufficient after LCB comparison: margin=0.0000, threshold=0.0000."
28319,589,tree_classifier,softmax_lr_0_20,stay,False,high_uncertainty,0.125,0.0,"Stay because utility uncertainty is too high: current_std=0.3750, candidate_std=0.2500, threshold=0.0000."
28367,590,tree_classifier,softmax_lr_0_20,stay,False,high_uncertainty,0.125,0.0,"Stay because utility uncertainty is too high: current_std=0.3750, candidate_std=0.2500, threshold=0.0000."
28415,591,tree_classifier,softmax_lr_0_20,stay,False,no_candidate_improvement,0.0,0.0,"Stay because candidate improvement is not sufficient after LCB comparison: margin=0.0000, threshold=0.0000."
28463,592,tree_classifier,softmax_lr_0_20,stay,False,high_uncertainty,0.0,0.0,"Stay because utility uncertainty is too high: current_std=0.1250, candidate_std=0.1250, threshold=0.0000."
28511,593,tree_classifier,softmax_lr_0_20,stay,False,high_uncertainty,-0.125,0.0,"Stay because utility uncertainty is too high: current_std=0.1250, candidate_std=0.0000, threshold=0.0000."
28559,594,tree_classifier,softmax_lr_0_20,stay,False,high_uncertainty,-0.125,0.0,"Stay because utility uncertainty is too high: current_std=0.0000, candidate_std=0.1250, threshold=0.0000."
28607,595,tree_classifier,softmax_lr_0_20,stay,False,no_candidate_improvement,0.0,0.0,"Stay because candidate improvement is not sufficient after LCB comparison: margin=0.0000, threshold=0.0000."
28655,596,tree_classifier,softmax_lr_0_20,stay,False,high_uncertainty,0.125,0.0,"Stay because utility uncertainty is too high: current_std=0.3750, candidate_std=0.2500, threshold=0.0000."
28703,597,tree_classifier,softmax_lr_0_20,switch,True,switch_advantage,0.25,0.0,Switch because candidate LCB exceeds current LCB beyond the decision threshold: 0.5000 - 0.2500 = 0.2500 > 0.0000.
28751,598,softmax_lr_0_20,pa_classifier,stay,False,high_uncertainty,0.0,0.0,"Stay because utility uncertainty is too high: current_std=0.2500, candidate_std=0.2500, threshold=0.0000."
28799,599,softmax_lr_0_20,softmax_lr_0_05,stay,False,no_candidate_improvement,0.0,0.0,"Stay because candidate improvement is not sufficient after LCB comparison: margin=0.0000, threshold=0.0000."
28847,600,softmax_lr_0_20,tree_classifier,stay,False,high_uncertainty,0.25,0.0,"Stay because utility uncertainty is too high: current_std=0.5000, candidate_std=0.2500, threshold=0.0000."
28895,601,softmax_lr_0_20,softmax_lr_0_05,stay,False,high_uncertainty,0.25,0.0,"Stay because utility uncertainty is too high: current_std=0.5000, candidate_std=0.2500, threshold=0.0000."
28943,602,softmax_lr_0_20,softmax_lr_0_05,stay,False,no_candidate_improvement,0.0,0.0,"Stay because candidate improvement is not sufficient after LCB comparison: margin=0.0000, threshold=0.0000."
28991,603,softmax_lr_0_20,softmax_lr_0_05,stay,False,no_candidate_improvement,0.0,0.0,"Stay because candidate improvement is not sufficient after LCB comparison: margin=0.0000, threshold=0.0000."
29039,604,softmax_lr_0_20,softmax_lr_0_05,stay,False,no_candidate_improvement,0.0,0.0,"Stay because candidate improvement is not sufficient after LCB comparison: margin=0.0000, threshold=0.0000."
29087,605,softmax_lr_0_20,softmax_lr_0_05,stay,False,high_uncertainty,0.125,0.0,"Stay because utility uncertainty is too high: current_std=0.2500, candidate_std=0.1250, threshold=0.0000."
29135,606,softmax_lr_0_20,tree_classifier,stay,False,high_uncertainty,0.25,0.0,"Stay because utility uncertainty is too high: current_std=0.1250, candidate_std=0.1250, threshold=0.0000."
29183,607,softmax_lr_0_20,softmax_lr_0_05,stay,False,high_uncertainty,0.0,0.0,"Stay because utility uncertainty is too high: current_std=0.1250, candidate_std=0.1250, threshold=0.0000."
29231,608,softmax_lr_0_20,softmax_lr_0_05,stay,False,no_candidate_improvement,0.0,0.0,"Stay because candidate improvement is not sufficient after LCB comparison: margin=0.0000, threshold=0.0000."
29279,609,softmax_lr_0_20,softmax_lr_0_05,stay,False,no_candidate_improvement,0.0,0.0,"Stay because candidate improvement is not sufficient after LCB comparison: margin=0.0000, threshold=0.0000."
29327,610,softmax_lr_0_20,softmax_lr_0_05,stay,False,no_candidate_improvement,0.0,0.0,"Stay because candidate improvement is not sufficient after LCB comparison: margin=0.0000, threshold=0.0000."
29375,611,softmax_lr_0_20,pa_classifier,stay,False,high_uncertainty,0.0,0.0,"Stay because utility uncertainty is too high: current_std=0.1250, candidate_std=0.1250, threshold=0.0000."
29423,612,softmax_lr_0_20,pa_classifier,stay,False,no_candidate_improvement,0.0,0.0,"Stay because candidate improvement is not sufficient after LCB comparison: margin=0.0000, threshold=0.0000."
29471,613,softmax_lr_0_20,tree_classifier,stay,False,high_uncertainty,0.125,0.0,"Stay because utility uncertainty is too high: current_std=0.0000, candidate_std=0.1250, threshold=0.0000."
29519,614,softmax_lr_0_20,tree_classifier,stay,False,high_uncertainty,0.125,0.0,"Stay because utility uncertainty is too high: current_std=0.1250, candidate_std=0.0000, threshold=0.0000."
29567,615,softmax_lr_0_20,tree_classifier,stay,False,high_uncertainty,0.125,0.0,"Stay because utility uncertainty is too high: current_std=0.1250, candidate_std=0.0000, threshold=0.0000."
29615,616,softmax_lr_0_20,tree_classifier,switch,True,switch_advantage,0.25,0.0,Switch because candidate LCB exceeds current LCB beyond the decision threshold: 1.0000 - 0.7500 = 0.2500 > 0.0000.
29663,617,tree_classifier,softmax_lr_0_20,stay,False,no_candidate_improvement,-0.25,0.0,"Stay because candidate improvement is not sufficient after LCB comparison: margin=-0.2500, threshold=0.0000."
29711,618,tree_classifier,pa_classifier,stay,False,high_uncertainty,0.0,0.0,"Stay because utility uncertainty is too high: current_std=0.1250, candidate_std=0.1250, threshold=0.0000."
29759,619,tree_classifier,pa_classifier,stay,False,high_uncertainty,0.375,0.0,"Stay because utility uncertainty is too high: current_std=0.1250, candidate_std=0.0000, threshold=0.0000."
29807,620,tree_classifier,softmax_lr_0_20,stay,False,high_uncertainty,0.25,0.0,"Stay because utility uncertainty is too high: current_std=0.2500, candidate_std=0.0000, threshold=0.0000."
29855,621,tree_classifier,pa_classifier,stay,False,no_candidate_improvement,0.0,0.0,"Stay because candidate improvement is not sufficient after LCB comparison: margin=0.0000, threshold=0.0000."
29903,622,tree_classifier,pa_classifier,stay,False,no_candidate_improvement,0.0,0.0,"Stay because candidate improvement is not sufficient after LCB comparison: margin=0.0000, threshold=0.0000."
29951,623,tree_classifier,pa_classifier,stay,False,high_uncertainty,0.5,0.0,"Stay because utility uncertainty is too high: current_std=0.5000, candidate_std=0.0000, threshold=0.0000."
29999,624,tree_classifier,pa_classifier,stay,False,high_uncertainty,0.5,0.0,"Stay because utility uncertainty is too high: current_std=0.5000, candidate_std=0.0000, threshold=0.0000."
30047,625,tree_classifier,softmax_lr_0_20,stay,False,no_candidate_improvement,0.0,0.0,"Stay because candidate improvement is not sufficient after LCB comparison: margin=0.0000, threshold=0.0000."
30095,626,tree_classifier,softmax_lr_0_20,stay,False,no_candidate_improvement,0.0,0.0,"Stay because candidate improvement is not sufficient after LCB comparison: margin=0.0000, threshold=0.0000."
30143,627,tree_classifier,softmax_lr_0_05,stay,False,high_uncertainty,-0.125,0.0,"Stay because utility uncertainty is too high: current_std=0.0000, candidate_std=0.1250, threshold=0.0000."
30191,628,tree_classifier,softmax_lr_0_05,stay,False,high_uncertainty,-0.125,0.0,"Stay because utility uncertainty is too high: current_std=0.0000, candidate_std=0.1250, threshold=0.0000."
30239,629,tree_classifier,softmax_lr_0_20,stay,False,high_uncertainty,0.25,0.0,"Stay because utility uncertainty is too high: current_std=0.3750, candidate_std=0.1250, threshold=0.0000."
30287,630,tree_classifier,softmax_lr_0_20,stay,False,high_uncertainty,0.375,0.0,"Stay because utility uncertainty is too high: current_std=0.2500, candidate_std=0.1250, threshold=0.0000."
30335,631,tree_classifier,pa_classifier,stay,False,high_uncertainty,0.25,0.0,"Stay because utility uncertainty is too high: current_std=0.1250, candidate_std=0.1250, threshold=0.0000."
30383,632,tree_classifier,pa_classifier,stay,False,high_uncertainty,0.25,0.0,"Stay because utility uncertainty is too high: current_std=0.1250, candidate_std=0.1250, threshold=0.0000."
30431,633,tree_classifier,pa_classifier,stay,False,high_uncertainty,0.5,0.0,"Stay because utility uncertainty is too high: current_std=0.3750, candidate_std=0.1250, threshold=0.0000."
30479,634,tree_classifier,pa_classifier,stay,False,high_uncertainty,0.625,0.0,"Stay because utility uncertainty is too high: current_std=0.1250, candidate_std=0.0000, threshold=0.0000."
30527,635,tree_classifier,softmax_lr_0_20,stay,False,high_uncertainty,0.125,0.0,"Stay because utility uncertainty is too high: current_std=0.3750, candidate_std=0.0000, threshold=0.0000."
30575,636,tree_classifier,softmax_lr_0_20,stay,False,high_uncertainty,-0.125,0.0,"Stay because utility uncertainty is too high: current_std=0.1250, candidate_std=0.0000, threshold=0.0000."
30623,637,tree_classifier,gaussian_nb,switch,True,switch_advantage,0.25,0.0,Switch because candidate LCB exceeds current LCB beyond the decision threshold: 1.0000 - 0.7500 = 0.2500 > 0.0000.
30671,638,gaussian_nb,pa_classifier,stay,False,high_uncertainty,0.125,0.0,"Stay because utility uncertainty is too high: current_std=0.1250, candidate_std=0.0000, threshold=0.0000."
30719,639,gaussian_nb,pa_classifier,stay,False,high_uncertainty,0.125,0.0,"Stay because utility uncertainty is too high: current_std=0.1250, candidate_std=0.0000, threshold=0.0000."
30767,640,gaussian_nb,tree_classifier,stay,False,high_uncertainty,0.0,0.0,"Stay because utility uncertainty is too high: current_std=0.1250, candidate_std=0.1250, threshold=0.0000."
30815,641,gaussian_nb,tree_classifier,stay,False,no_candidate_improvement,0.0,0.0,"Stay because candidate improvement is not sufficient after LCB comparison: margin=0.0000, threshold=0.0000."
30863,642,gaussian_nb,tree_classifier,stay,False,high_uncertainty,0.0,0.0,"Stay because utility uncertainty is too high: current_std=0.1250, candidate_std=0.1250, threshold=0.0000."
30911,643,gaussian_nb,tree_classifier,stay,False,high_uncertainty,0.0,0.0,"Stay because utility uncertainty is too high: current_std=0.2500, candidate_std=0.2500, threshold=0.0000."
30959,644,gaussian_nb,tree_classifier,stay,False,high_uncertainty,0.375,0.0,"Stay because utility uncertainty is too high: current_std=0.1250, candidate_std=0.2500, threshold=0.0000."
31007,645,gaussian_nb,tree_classifier,stay,False,high_uncertainty,0.875,0.0,"Stay because utility uncertainty is too high: current_std=0.1250, candidate_std=0.0000, threshold=0.0000."
31055,646,gaussian_nb,tree_classifier,stay,False,high_uncertainty,0.625,0.0,"Stay because utility uncertainty is too high: current_std=0.2500, candidate_std=0.1250, threshold=0.0000."
31103,647,gaussian_nb,tree_classifier,switch,True,switch_advantage,0.25,0.0,Switch because candidate LCB exceeds current LCB beyond the decision threshold: 0.7500 - 0.5000 = 0.2500 > 0.0000.
31151,648,tree_classifier,softmax_lr_0_20,stay,False,high_uncertainty,-0.125,0.0,"Stay because utility uncertainty is too high: current_std=0.1250, candidate_std=0.2500, threshold=0.0000."
31199,649,tree_classifier,softmax_lr_0_20,stay,False,no_candidate_improvement,0.0,0.0,"Stay because candidate improvement is not sufficient after LCB comparison: margin=0.0000, threshold=0.0000."
31247,650,tree_classifier,softmax_lr_0_20,stay,False,high_uncertainty,0.0,0.0,"Stay because utility uncertainty is too high: current_std=0.1250, candidate_std=0.1250, threshold=0.0000."
31295,651,tree_classifier,softmax_lr_0_20,stay,False,high_uncertainty,0.25,0.0,"Stay because utility uncertainty is too high: current_std=0.2500, candidate_std=0.0000, threshold=0.0000."
31343,652,tree_classifier,softmax_lr_0_20,stay,False,high_uncertainty,0.625,0.0,"Stay because utility uncertainty is too high: current_std=0.0000, candidate_std=0.1250, threshold=0.0000."
31391,653,tree_classifier,softmax_lr_0_05,stay,False,high_uncertainty,0.375,0.0,"Stay because utility uncertainty is too high: current_std=0.2500, candidate_std=0.1250, threshold=0.0000."
31439,654,tree_classifier,softmax_lr_0_05,stay,False,high_uncertainty,0.0,0.0,"Stay because utility uncertainty is too high: current_std=0.1250, candidate_std=0.1250, threshold=0.0000."
31487,655,tree_classifier,softmax_lr_0_20,stay,False,no_candidate_improvement,0.0,0.0,"Stay because candidate improvement is not sufficient after LCB comparison: margin=0.0000, threshold=0.0000."
31535,656,tree_classifier,softmax_lr_0_20,stay,False,high_uncertainty,0.125,0.0,"Stay because utility uncertainty is too high: current_std=0.2500, candidate_std=0.1250, threshold=0.0000."
31583,657,tree_classifier,softmax_lr_0_20,stay,False,high_uncertainty,0.625,0.0,"Stay because utility uncertainty is too high: current_std=0.2500, candidate_std=0.1250, threshold=0.0000."
31631,658,tree_classifier,softmax_lr_0_20,stay,False,high_uncertainty,0.625,0.0,"Stay because utility uncertainty is too high: current_std=0.2500, candidate_std=0.1250, threshold=0.0000."
31679,659,tree_classifier,softmax_lr_0_20,stay,False,high_uncertainty,0.125,0.0,"Stay because utility uncertainty is too high: current_std=0.2500, candidate_std=0.1250, threshold=0.0000."
31727,660,tree_classifier,softmax_lr_0_20,stay,False,high_uncertainty,0.0,0.0,"Stay because utility uncertainty is too high: current_std=0.1250, candidate_std=0.1250, threshold=0.0000."
31775,661,tree_classifier,gaussian_nb,stay,False,high_uncertainty,0.125,0.0,"Stay because utility uncertainty is too high: current_std=0.1250, candidate_std=0.0000, threshold=0.0000."
31823,662,tree_classifier,softmax_lr_0_20,stay,False,high_uncertainty,0.125,0.0,"Stay because utility uncertainty is too high: current_std=0.3750, candidate_std=0.2500, threshold=0.0000."
31871,663,tree_classifier,softmax_lr_0_20,stay,False,high_uncertainty,0.125,0.0,"Stay because utility uncertainty is too high: current_std=0.3750, candidate_std=0.2500, threshold=0.0000."
31919,664,tree_classifier,softmax_lr_0_20,stay,False,no_candidate_improvement,0.0,0.0,"Stay because candidate improvement is not sufficient after LCB comparison: margin=0.0000, threshold=0.0000."
31967,665,tree_classifier,softmax_lr_0_20,stay,False,high_uncertainty,0.0,0.0,"Stay because utility uncertainty is too high: current_std=0.1250, candidate_std=0.1250, threshold=0.0000."
32015,666,tree_classifier,softmax_lr_0_20,stay,False,high_uncertainty,0.0,0.0,"Stay because utility uncertainty is too high: current_std=0.1250, candidate_std=0.1250, threshold=0.0000."
32063,667,tree_classifier,softmax_lr_0_20,stay,False,no_candidate_improvement,0.0,0.0,"Stay because candidate improvement is not sufficient after LCB comparison: margin=0.0000, threshold=0.0000."
32111,668,tree_classifier,softmax_lr_0_20,stay,False,no_candidate_improvement,0.0,0.0,"Stay because candidate improvement is not sufficient after LCB comparison: margin=0.0000, threshold=0.0000."
32159,669,tree_classifier,softmax_lr_0_20,stay,False,high_uncertainty,0.0,0.0,"Stay because utility uncertainty is too high: current_std=0.3750, candidate_std=0.3750, threshold=0.0000."
32207,670,tree_classifier,softmax_lr_0_20,stay,False,high_uncertainty,0.125,0.0,"Stay because utility uncertainty is too high: current_std=0.1250, candidate_std=0.2500, threshold=0.0000."
32255,671,tree_classifier,softmax_lr_0_20,stay,False,high_uncertainty,0.5,0.0,"Stay because utility uncertainty is too high: current_std=0.1250, candidate_std=0.1250, threshold=0.0000."
32303,672,tree_classifier,softmax_lr_0_20,stay,False,high_uncertainty,0.375,0.0,"Stay because utility uncertainty is too high: current_std=0.2500, candidate_std=0.1250, threshold=0.0000."
32351,673,tree_classifier,softmax_lr_0_20,stay,False,high_uncertainty,0.375,0.0,"Stay because utility uncertainty is too high: current_std=0.2500, candidate_std=0.1250, threshold=0.0000."
32399,674,tree_classifier,softmax_lr_0_20,stay,False,high_uncertainty,0.75,0.0,"Stay because utility uncertainty is too high: current_std=0.1250, candidate_std=0.1250, threshold=0.0000."
32447,675,tree_classifier,softmax_lr_0_20,stay,False,high_uncertainty,0.625,0.0,"Stay because utility uncertainty is too high: current_std=0.0000, candidate_std=0.1250, threshold=0.0000."
32495,676,tree_classifier,softmax_lr_0_20,stay,False,high_uncertainty,0.75,0.0,"Stay because utility uncertainty is too high: current_std=0.0000, candidate_std=0.2500, threshold=0.0000."
32543,677,tree_classifier,softmax_lr_0_20,switch,True,switch_advantage,1.0,0.0,Switch because candidate LCB exceeds current LCB beyond the decision threshold: 1.0000 - 0.0000 = 1.0000 > 0.0000.
32591,678,softmax_lr_0_20,softmax_lr_0_05,stay,False,no_candidate_improvement,0.0,0.0,"Stay because candidate improvement is not sufficient after LCB comparison: margin=0.0000, threshold=0.0000."
32639,679,softmax_lr_0_20,softmax_lr_0_05,stay,False,no_candidate_improvement,0.0,0.0,"Stay because candidate improvement is not sufficient after LCB comparison: margin=0.0000, threshold=0.0000."
32687,680,softmax_lr_0_20,softmax_lr_0_05,stay,False,high_uncertainty,0.0,0.0,"Stay because utility uncertainty is too high: current_std=0.1250, candidate_std=0.1250, threshold=0.0000."
32735,681,softmax_lr_0_20,softmax_lr_0_05,stay,False,no_candidate_improvement,0.0,0.0,"Stay because candidate improvement is not sufficient after LCB comparison: margin=0.0000, threshold=0.0000."
32783,682,softmax_lr_0_20,softmax_lr_0_05,stay,False,high_uncertainty,0.0,0.0,"Stay because utility uncertainty is too high: current_std=0.1250, candidate_std=0.1250, threshold=0.0000."
32831,683,softmax_lr_0_20,tree_classifier,stay,False,no_candidate_improvement,0.0,0.0,"Stay because candidate improvement is not sufficient after LCB comparison: margin=0.0000, threshold=0.0000."
32879,684,softmax_lr_0_20,tree_classifier,stay,False,no_candidate_improvement,0.0,0.0,"Stay because candidate improvement is not sufficient after LCB comparison: margin=0.0000, threshold=0.0000."
32927,685,softmax_lr_0_20,tree_classifier,stay,False,no_candidate_improvement,0.0,0.0,"Stay because candidate improvement is not sufficient after LCB comparison: margin=0.0000, threshold=0.0000."
32975,686,softmax_lr_0_20,tree_classifier,stay,False,no_candidate_improvement,0.0,0.0,"Stay because candidate improvement is not sufficient after LCB comparison: margin=0.0000, threshold=0.0000."
33023,687,softmax_lr_0_20,tree_classifier,stay,False,no_candidate_improvement,0.0,0.0,"Stay because candidate improvement is not sufficient after LCB comparison: margin=0.0000, threshold=0.0000."
33071,688,softmax_lr_0_20,pa_classifier,stay,False,high_uncertainty,0.125,0.0,"Stay because utility uncertainty is too high: current_std=0.2500, candidate_std=0.1250, threshold=0.0000."
33119,689,softmax_lr_0_20,pa_classifier,stay,False,high_uncertainty,0.125,0.0,"Stay because utility uncertainty is too high: current_std=0.1250, candidate_std=0.0000, threshold=0.0000."
33167,690,softmax_lr_0_20,pa_classifier,stay,False,no_candidate_improvement,0.0,0.0,"Stay because candidate improvement is not sufficient after LCB comparison: margin=0.0000, threshold=0.0000."
33215,691,softmax_lr_0_20,pa_classifier,stay,False,high_uncertainty,0.0,0.0,"Stay because utility uncertainty is too high: current_std=0.1250, candidate_std=0.1250, threshold=0.0000."
33263,692,softmax_lr_0_20,softmax_lr_0_05,stay,False,no_candidate_improvement,0.0,0.0,"Stay because candidate improvement is not sufficient after LCB comparison: margin=0.0000, threshold=0.0000."
33311,693,softmax_lr_0_20,softmax_lr_0_05,stay,False,no_candidate_improvement,0.0,0.0,"Stay because candidate improvement is not sufficient after LCB comparison: margin=0.0000, threshold=0.0000."
33359,694,softmax_lr_0_20,softmax_lr_0_05,stay,False,no_candidate_improvement,0.0,0.0,"Stay because candidate improvement is not sufficient after LCB comparison: margin=0.0000, threshold=0.0000."
33407,695,softmax_lr_0_20,pa_classifier,stay,False,no_candidate_improvement,0.0,0.0,"Stay because candidate improvement is not sufficient after LCB comparison: margin=0.0000, threshold=0.0000."
33455,696,softmax_lr_0_20,pa_classifier,stay,False,high_uncertainty,-0.125,0.0,"Stay because utility uncertainty is too high: current_std=0.1250, candidate_std=0.2500, threshold=0.0000."
33503,697,softmax_lr_0_20,tree_classifier,stay,False,high_uncertainty,0.0,0.0,"Stay because utility uncertainty is too high: current_std=0.1250, candidate_std=0.1250, threshold=0.0000."
33551,698,softmax_lr_0_20,softmax_lr_0_05,stay,False,no_candidate_improvement,0.0,0.0,"Stay because candidate improvement is not sufficient after LCB comparison: margin=0.0000, threshold=0.0000."
33599,699,softmax_lr_0_20,softmax_lr_0_05,stay,False,no_candidate_improvement,0.0,0.0,"Stay because candidate improvement is not sufficient after LCB comparison: margin=0.0000, threshold=0.0000."
33647,700,softmax_lr_0_20,pa_classifier,stay,False,high_uncertainty,0.125,0.0,"Stay because utility uncertainty is too high: current_std=0.1250, candidate_std=0.0000, threshold=0.0000."
33695,701,softmax_lr_0_20,pa_classifier,stay,False,high_uncertainty,0.125,0.0,"Stay because utility uncertainty is too high: current_std=0.0000, candidate_std=0.1250, threshold=0.0000."
33743,702,softmax_lr_0_20,softmax_lr_0_05,stay,False,high_uncertainty,0.125,0.0,"Stay because utility uncertainty is too high: current_std=0.0000, candidate_std=0.1250, threshold=0.0000."
33791,703,softmax_lr_0_20,tree_classifier,stay,False,high_uncertainty,0.0,0.0,"Stay because utility uncertainty is too high: current_std=0.0000, candidate_std=0.2500, threshold=0.0000."
33839,704,softmax_lr_0_20,tree_classifier,stay,False,high_uncertainty,0.125,0.0,"Stay because utility uncertainty is too high: current_std=0.1250, candidate_std=0.0000, threshold=0.0000."
33887,705,softmax_lr_0_20,tree_classifier,stay,False,no_candidate_improvement,0.0,0.0,"Stay because candidate improvement is not sufficient after LCB comparison: margin=0.0000, threshold=0.0000."
33935,706,softmax_lr_0_20,softmax_lr_0_05,stay,False,high_uncertainty,0.0,0.0,"Stay because utility uncertainty is too high: current_std=0.1250, candidate_std=0.1250, threshold=0.0000."
33983,707,softmax_lr_0_20,softmax_lr_0_05,stay,False,high_uncertainty,0.0,0.0,"Stay because utility uncertainty is too high: current_std=0.1250, candidate_std=0.1250, threshold=0.0000."
34031,708,softmax_lr_0_20,softmax_lr_0_05,stay,False,high_uncertainty,0.125,0.0,"Stay because utility uncertainty is too high: current_std=0.1250, candidate_std=0.0000, threshold=0.0000."
34079,709,softmax_lr_0_20,softmax_lr_0_05,stay,False,high_uncertainty,0.125,0.0,"Stay because utility uncertainty is too high: current_std=0.1250, candidate_std=0.0000, threshold=0.0000."
34127,710,softmax_lr_0_20,tree_classifier,stay,False,no_candidate_improvement,0.0,0.0,"Stay because candidate improvement is not sufficient after LCB comparison: margin=0.0000, threshold=0.0000."
34175,711,softmax_lr_0_20,softmax_lr_0_05,stay,False,no_candidate_improvement,0.0,0.0,"Stay because candidate improvement is not sufficient after LCB comparison: margin=0.0000, threshold=0.0000."
34223,712,softmax_lr_0_20,softmax_lr_0_05,stay,False,no_candidate_improvement,0.0,0.0,"Stay because candidate improvement is not sufficient after LCB comparison: margin=0.0000, threshold=0.0000."
34271,713,softmax_lr_0_20,tree_classifier,stay,False,no_candidate_improvement,0.0,0.0,"Stay because candidate improvement is not sufficient after LCB comparison: margin=0.0000, threshold=0.0000."
34319,714,softmax_lr_0_20,pa_classifier,stay,False,high_uncertainty,0.125,0.0,"Stay because utility uncertainty is too high: current_std=0.2500, candidate_std=0.1250, threshold=0.0000."
34367,715,softmax_lr_0_20,pa_classifier,stay,False,high_uncertainty,0.125,0.0,"Stay because utility uncertainty is too high: current_std=0.1250, candidate_std=0.0000, threshold=0.0000."
34415,716,softmax_lr_0_20,softmax_lr_0_05,stay,False,no_candidate_improvement,0.0,0.0,"Stay because candidate improvement is not sufficient after LCB comparison: margin=0.0000, threshold=0.0000."
34463,717,softmax_lr_0_20,tree_classifier,stay,False,high_uncertainty,0.0,0.0,"Stay because utility uncertainty is too high: current_std=0.1250, candidate_std=0.1250, threshold=0.0000."
34511,718,softmax_lr_0_20,tree_classifier,stay,False,high_uncertainty,0.0,0.0,"Stay because utility uncertainty is too high: current_std=0.1250, candidate_std=0.1250, threshold=0.0000."
34559,719,softmax_lr_0_20,tree_classifier,stay,False,high_uncertainty,0.125,0.0,"Stay because utility uncertainty is too high: current_std=0.0000, candidate_std=0.1250, threshold=0.0000."
34607,720,softmax_lr_0_20,softmax_lr_0_05,stay,False,high_uncertainty,0.0,0.0,"Stay because utility uncertainty is too high: current_std=0.1250, candidate_std=0.1250, threshold=0.0000."
34655,721,softmax_lr_0_20,softmax_lr_0_05,stay,False,high_uncertainty,0.0,0.0,"Stay because utility uncertainty is too high: current_std=0.1250, candidate_std=0.1250, threshold=0.0000."
34703,722,softmax_lr_0_20,tree_classifier,stay,False,high_uncertainty,0.0,0.0,"Stay because utility uncertainty is too high: current_std=0.1250, candidate_std=0.1250, threshold=0.0000."
34751,723,softmax_lr_0_20,pa_classifier,stay,False,high_uncertainty,0.0,0.0,"Stay because utility uncertainty is too high: current_std=0.1250, candidate_std=0.1250, threshold=0.0000."
34799,724,softmax_lr_0_20,pa_classifier,stay,False,no_candidate_improvement,0.0,0.0,"Stay because candidate improvement is not sufficient after LCB comparison: margin=0.0000, threshold=0.0000."
34847,725,softmax_lr_0_20,tree_classifier,stay,False,high_uncertainty,0.125,0.0,"Stay because utility uncertainty is too high: current_std=0.2500, candidate_std=0.1250, threshold=0.0000."
34895,726,softmax_lr_0_20,tree_classifier,stay,False,high_uncertainty,0.25,0.0,"Stay because utility uncertainty is too high: current_std=0.2500, candidate_std=0.2500, threshold=0.0000."
34943,727,softmax_lr_0_20,tree_classifier,stay,False,high_uncertainty,0.125,0.0,"Stay because utility uncertainty is too high: current_std=0.1250, candidate_std=0.0000, threshold=0.0000."
34991,728,softmax_lr_0_20,tree_classifier,stay,False,high_uncertainty,0.0,0.0,"Stay because utility uncertainty is too high: current_std=0.1250, candidate_std=0.1250, threshold=0.0000."
35039,729,softmax_lr_0_20,tree_classifier,stay,False,no_candidate_improvement,0.0,0.0,"Stay because candidate improvement is not sufficient after LCB comparison: margin=0.0000, threshold=0.0000."
35087,730,softmax_lr_0_20,tree_classifier,stay,False,high_uncertainty,0.125,0.0,"Stay because utility uncertainty is too high: current_std=0.0000, candidate_std=0.1250, threshold=0.0000."
35135,731,softmax_lr_0_20,tree_classifier,switch,True,switch_advantage,0.25,0.0,Switch because candidate LCB exceeds current LCB beyond the decision threshold: 1.0000 - 0.7500 = 0.2500 > 0.0000.
35183,732,tree_classifier,softmax_lr_0_20,stay,False,high_uncertainty,-0.125,0.0,"Stay because utility uncertainty is too high: current_std=0.0000, candidate_std=0.1250, threshold=0.0000."
35231,733,tree_classifier,pa_classifier,stay,False,high_uncertainty,0.375,0.0,"Stay because utility uncertainty is too high: current_std=0.5000, candidate_std=0.1250, threshold=0.0000."
35279,734,tree_classifier,pa_classifier,stay,False,high_uncertainty,0.375,0.0,"Stay because utility uncertainty is too high: current_std=0.3750, candidate_std=0.0000, threshold=0.0000."
35327,735,tree_classifier,softmax_lr_0_20,stay,False,high_uncertainty,0.375,0.0,"Stay because utility uncertainty is too high: current_std=0.2500, candidate_std=0.1250, threshold=0.0000."
35375,736,tree_classifier,softmax_lr_0_20,stay,False,high_uncertainty,0.375,0.0,"Stay because utility uncertainty is too high: current_std=0.3750, candidate_std=0.0000, threshold=0.0000."
35423,737,tree_classifier,softmax_lr_0_20,stay,False,no_candidate_improvement,0.0,0.0,"Stay because candidate improvement is not sufficient after LCB comparison: margin=0.0000, threshold=0.0000."
35471,738,tree_classifier,softmax_lr_0_20,stay,False,no_candidate_improvement,0.0,0.0,"Stay because candidate improvement is not sufficient after LCB comparison: margin=0.0000, threshold=0.0000."
35519,739,tree_classifier,softmax_lr_0_20,stay,False,no_candidate_improvement,0.0,0.0,"Stay because candidate improvement is not sufficient after LCB comparison: margin=0.0000, threshold=0.0000."
35567,740,tree_classifier,softmax_lr_0_20,stay,False,high_uncertainty,0.125,0.0,"Stay because utility uncertainty is too high: current_std=0.1250, candidate_std=0.0000, threshold=0.0000."
35615,741,tree_classifier,softmax_lr_0_20,stay,False,high_uncertainty,0.25,0.0,"Stay because utility uncertainty is too high: current_std=0.1250, candidate_std=0.1250, threshold=0.0000."
35663,742,tree_classifier,softmax_lr_0_05,stay,False,high_uncertainty,0.125,0.0,"Stay because utility uncertainty is too high: current_std=0.0000, candidate_std=0.1250, threshold=0.0000."
35711,743,tree_classifier,pa_classifier,stay,False,high_uncertainty,0.125,0.0,"Stay because utility uncertainty is too high: current_std=0.1250, candidate_std=0.2500, threshold=0.0000."
35759,744,tree_classifier,pa_classifier,switch,True,switch_advantage,0.25,0.0,Switch because candidate LCB exceeds current LCB beyond the decision threshold: 1.0000 - 0.7500 = 0.2500 > 0.0000.
35807,745,pa_classifier,softmax_lr_0_20,stay,False,no_candidate_improvement,0.0,0.0,"Stay because candidate improvement is not sufficient after LCB comparison: margin=0.0000, threshold=0.0000."
35855,746,pa_classifier,softmax_lr_0_20,stay,False,no_candidate_improvement,0.0,0.0,"Stay because candidate improvement is not sufficient after LCB comparison: margin=0.0000, threshold=0.0000."
35903,747,pa_classifier,softmax_lr_0_20,stay,False,no_candidate_improvement,0.0,0.0,"Stay because candidate improvement is not sufficient after LCB comparison: margin=0.0000, threshold=0.0000."
35951,748,pa_classifier,softmax_lr_0_20,stay,False,high_uncertainty,-0.125,0.0,"Stay because utility uncertainty is too high: current_std=0.0000, candidate_std=0.1250, threshold=0.0000."
35999,749,pa_classifier,tree_classifier,stay,False,no_candidate_improvement,0.0,0.0,"Stay because candidate improvement is not sufficient after LCB comparison: margin=0.0000, threshold=0.0000."
36047,750,pa_classifier,tree_classifier,stay,False,no_candidate_improvement,0.0,0.0,"Stay because candidate improvement is not sufficient after LCB comparison: margin=0.0000, threshold=0.0000."
36095,751,pa_classifier,softmax_lr_0_20,stay,False,no_candidate_improvement,0.0,0.0,"Stay because candidate improvement is not sufficient after LCB comparison: margin=0.0000, threshold=0.0000."
36143,752,pa_classifier,softmax_lr_0_20,stay,False,no_candidate_improvement,0.0,0.0,"Stay because candidate improvement is not sufficient after LCB comparison: margin=0.0000, threshold=0.0000."
36191,753,pa_classifier,tree_classifier,stay,False,no_candidate_improvement,0.0,0.0,"Stay because candidate improvement is not sufficient after LCB comparison: margin=0.0000, threshold=0.0000."
36239,754,pa_classifier,softmax_lr_0_20,stay,False,no_candidate_improvement,0.0,0.0,"Stay because candidate improvement is not sufficient after LCB comparison: margin=0.0000, threshold=0.0000."
36287,755,pa_classifier,softmax_lr_0_20,stay,False,no_candidate_improvement,0.0,0.0,"Stay because candidate improvement is not sufficient after LCB comparison: margin=0.0000, threshold=0.0000."
36335,756,pa_classifier,tree_classifier,stay,False,high_uncertainty,-0.125,0.0,"Stay because utility uncertainty is too high: current_std=0.1250, candidate_std=0.2500, threshold=0.0000."
36383,757,pa_classifier,tree_classifier,stay,False,high_uncertainty,0.0,0.0,"Stay because utility uncertainty is too high: current_std=0.0000, candidate_std=0.2500, threshold=0.0000."
36431,758,pa_classifier,tree_classifier,switch,True,switch_advantage,0.25,0.0,Switch because candidate LCB exceeds current LCB beyond the decision threshold: 1.0000 - 0.7500 = 0.2500 > 0.0000.
36479,759,tree_classifier,softmax_lr_0_20,stay,False,high_uncertainty,0.0,0.0,"Stay because utility uncertainty is too high: current_std=0.2500, candidate_std=0.0000, threshold=0.0000."
36527,760,tree_classifier,softmax_lr_0_20,switch,True,switch_advantage,0.25,0.0,Switch because candidate LCB exceeds current LCB beyond the decision threshold: 0.7500 - 0.5000 = 0.2500 > 0.0000.
36575,761,softmax_lr_0_20,pa_classifier,stay,False,high_uncertainty,0.0,0.0,"Stay because utility uncertainty is too high: current_std=0.1250, candidate_std=0.1250, threshold=0.0000."
36623,762,softmax_lr_0_20,tree_classifier,stay,False,high_uncertainty,0.0,0.0,"Stay because utility uncertainty is too high: current_std=0.1250, candidate_std=0.1250, threshold=0.0000."
36671,763,softmax_lr_0_20,softmax_lr_0_05,stay,False,high_uncertainty,0.0,0.0,"Stay because utility uncertainty is too high: current_std=0.1250, candidate_std=0.1250, threshold=0.0000."
36719,764,softmax_lr_0_20,softmax_lr_0_05,stay,False,high_uncertainty,0.125,0.0,"Stay because utility uncertainty is too high: current_std=0.1250, candidate_std=0.0000, threshold=0.0000."
36767,765,softmax_lr_0_20,tree_classifier,switch,True,switch_advantage,0.25,0.0,Switch because candidate LCB exceeds current LCB beyond the decision threshold: 1.0000 - 0.7500 = 0.2500 > 0.0000.
36815,766,tree_classifier,softmax_lr_0_20,stay,False,high_uncertainty,-0.125,0.0,"Stay because utility uncertainty is too high: current_std=0.0000, candidate_std=0.1250, threshold=0.0000."
36863,767,tree_classifier,softmax_lr_0_20,stay,False,no_candidate_improvement,0.0,0.0,"Stay because candidate improvement is not sufficient after LCB comparison: margin=0.0000, threshold=0.0000."
36911,768,tree_classifier,softmax_lr_0_20,stay,False,high_uncertainty,0.125,0.0,"Stay because utility uncertainty is too high: current_std=0.1250, candidate_std=0.0000, threshold=0.0000."
36959,769,tree_classifier,softmax_lr_0_20,stay,False,high_uncertainty,0.125,0.0,"Stay because utility uncertainty is too high: current_std=0.1250, candidate_std=0.0000, threshold=0.0000."
37007,770,tree_classifier,softmax_lr_0_20,stay,False,no_candidate_improvement,0.0,0.0,"Stay because candidate improvement is not sufficient after LCB comparison: margin=0.0000, threshold=0.0000."
37055,771,tree_classifier,softmax_lr_0_20,stay,False,high_uncertainty,0.125,0.0,"Stay because utility uncertainty is too high: current_std=0.1250, candidate_std=0.0000, threshold=0.0000."
37103,772,tree_classifier,softmax_lr_0_20,stay,False,high_uncertainty,0.125,0.0,"Stay because utility uncertainty is too high: current_std=0.1250, candidate_std=0.0000, threshold=0.0000."
37151,773,tree_classifier,softmax_lr_0_20,stay,False,high_uncertainty,0.25,0.0,"Stay because utility uncertainty is too high: current_std=0.2500, candidate_std=0.0000, threshold=0.0000."
37199,774,tree_classifier,softmax_lr_0_20,stay,False,high_uncertainty,0.125,0.0,"Stay because utility uncertainty is too high: current_std=0.1250, candidate_std=0.2500, threshold=0.0000."
37247,775,tree_classifier,softmax_lr_0_20,stay,False,high_uncertainty,-0.125,0.0,"Stay because utility uncertainty is too high: current_std=0.1250, candidate_std=0.2500, threshold=0.0000."
37295,776,tree_classifier,softmax_lr_0_20,stay,False,no_candidate_improvement,0.0,0.0,"Stay because candidate improvement is not sufficient after LCB comparison: margin=0.0000, threshold=0.0000."
37343,777,tree_classifier,pa_classifier,stay,False,high_uncertainty,0.125,0.0,"Stay because utility uncertainty is too high: current_std=0.2500, candidate_std=0.1250, threshold=0.0000."
37391,778,tree_classifier,pa_classifier,stay,False,high_uncertainty,0.125,0.0,"Stay because utility uncertainty is too high: current_std=0.2500, candidate_std=0.1250, threshold=0.0000."
37439,779,tree_classifier,softmax_lr_0_20,stay,False,no_candidate_improvement,0.0,0.0,"Stay because candidate improvement is not sufficient after LCB comparison: margin=0.0000, threshold=0.0000."
37487,780,tree_classifier,softmax_lr_0_20,stay,False,no_candidate_improvement,0.0,0.0,"Stay because candidate improvement is not sufficient after LCB comparison: margin=0.0000, threshold=0.0000."
37535,781,tree_classifier,pa_classifier,stay,False,high_uncertainty,0.25,0.0,"Stay because utility uncertainty is too high: current_std=0.5000, candidate_std=0.2500, threshold=0.0000."
37583,782,tree_classifier,pa_classifier,stay,False,high_uncertainty,0.375,0.0,"Stay because utility uncertainty is too high: current_std=0.3750, candidate_std=0.2500, threshold=0.0000."
37631,783,tree_classifier,pa_classifier,stay,False,high_uncertainty,0.125,0.0,"Stay because utility uncertainty is too high: current_std=0.1250, candidate_std=0.0000, threshold=0.0000."
37679,784,tree_classifier,softmax_lr_0_05,stay,False,high_uncertainty,0.0,0.0,"Stay because utility uncertainty is too high: current_std=0.1250, candidate_std=0.1250, threshold=0.0000."
37727,785,tree_classifier,softmax_lr_0_20,stay,False,no_candidate_improvement,0.0,0.0,"Stay because candidate improvement is not sufficient after LCB comparison: margin=0.0000, threshold=0.0000."
37775,786,tree_classifier,softmax_lr_0_05,stay,False,high_uncertainty,0.125,0.0,"Stay because utility uncertainty is too high: current_std=0.0000, candidate_std=0.1250, threshold=0.0000."
37823,787,tree_classifier,pa_classifier,switch,True,switch_advantage,0.25,0.0,Switch because candidate LCB exceeds current LCB beyond the decision threshold: 1.0000 - 0.7500 = 0.2500 > 0.0000.
37871,788,pa_classifier,gaussian_nb,stay,False,no_candidate_improvement,0.0,0.0,"Stay because candidate improvement is not sufficient after LCB comparison: margin=0.0000, threshold=0.0000."
37919,789,pa_classifier,softmax_lr_0_20,stay,False,no_candidate_improvement,0.0,0.0,"Stay because candidate improvement is not sufficient after LCB comparison: margin=0.0000, threshold=0.0000."
37967,790,pa_classifier,softmax_lr_0_05,stay,False,high_uncertainty,0.125,0.0,"Stay because utility uncertainty is too high: current_std=0.1250, candidate_std=0.0000, threshold=0.0000."
38015,791,pa_classifier,softmax_lr_0_05,stay,False,high_uncertainty,0.125,0.0,"Stay because utility uncertainty is too high: current_std=0.0000, candidate_std=0.1250, threshold=0.0000."
38063,792,pa_classifier,softmax_lr_0_20,stay,False,high_uncertainty,0.0,0.0,"Stay because utility uncertainty is too high: current_std=0.1250, candidate_std=0.1250, threshold=0.0000."
38111,793,pa_classifier,tree_classifier,stay,False,no_candidate_improvement,0.0,0.0,"Stay because candidate improvement is not sufficient after LCB comparison: margin=0.0000, threshold=0.0000."
38159,794,pa_classifier,tree_classifier,stay,False,high_uncertainty,0.125,0.0,"Stay because utility uncertainty is too high: current_std=0.1250, candidate_std=0.0000, threshold=0.0000."
38207,795,pa_classifier,tree_classifier,stay,False,high_uncertainty,0.125,0.0,"Stay because utility uncertainty is too high: current_std=0.1250, candidate_std=0.0000, threshold=0.0000."
38255,796,pa_classifier,tree_classifier,stay,False,high_uncertainty,0.0,0.0,"Stay because utility uncertainty is too high: current_std=0.1250, candidate_std=0.1250, threshold=0.0000."
38303,797,pa_classifier,softmax_lr_0_20,stay,False,high_uncertainty,0.0,0.0,"Stay because utility uncertainty is too high: current_std=0.1250, candidate_std=0.1250, threshold=0.0000."
38351,798,pa_classifier,softmax_lr_0_20,stay,False,no_candidate_improvement,0.0,0.0,"Stay because candidate improvement is not sufficient after LCB comparison: margin=0.0000, threshold=0.0000."
38399,799,pa_classifier,gaussian_nb,stay,False,high_uncertainty,0.125,0.0,"Stay because utility uncertainty is too high: current_std=0.1250, candidate_std=0.0000, threshold=0.0000."
38447,800,pa_classifier,softmax_lr_0_05,stay,False,high_uncertainty,0.125,0.0,"Stay because utility uncertainty is too high: current_std=0.1250, candidate_std=0.0000, threshold=0.0000."
38495,801,pa_classifier,tree_classifier,stay,False,high_uncertainty,0.125,0.0,"Stay because utility uncertainty is too high: current_std=0.2500, candidate_std=0.1250, threshold=0.0000."
38543,802,pa_classifier,tree_classifier,stay,False,high_uncertainty,0.125,0.0,"Stay because utility uncertainty is too high: current_std=0.2500, candidate_std=0.1250, threshold=0.0000."
38591,803,pa_classifier,tree_classifier,stay,False,no_candidate_improvement,0.0,0.0,"Stay because candidate improvement is not sufficient after LCB comparison: margin=0.0000, threshold=0.0000."
38639,804,pa_classifier,softmax_lr_0_20,stay,False,high_uncertainty,0.125,0.0,"Stay because utility uncertainty is too high: current_std=0.1250, candidate_std=0.0000, threshold=0.0000."
38687,805,pa_classifier,softmax_lr_0_20,stay,False,high_uncertainty,0.125,0.0,"Stay because utility uncertainty is too high: current_std=0.0000, candidate_std=0.1250, threshold=0.0000."
38735,806,pa_classifier,gaussian_nb,stay,False,high_uncertainty,0.125,0.0,"Stay because utility uncertainty is too high: current_std=0.1250, candidate_std=0.0000, threshold=0.0000."
38783,807,pa_classifier,softmax_lr_0_20,stay,False,high_uncertainty,0.0,0.0,"Stay because utility uncertainty is too high: current_std=0.1250, candidate_std=0.1250, threshold=0.0000."
38831,808,pa_classifier,softmax_lr_0_20,stay,False,high_uncertainty,0.0,0.0,"Stay because utility uncertainty is too high: current_std=0.1250, candidate_std=0.1250, threshold=0.0000."
38879,809,pa_classifier,tree_classifier,stay,False,no_candidate_improvement,0.0,0.0,"Stay because candidate improvement is not sufficient after LCB comparison: margin=0.0000, threshold=0.0000."
38927,810,pa_classifier,softmax_lr_0_20,stay,False,high_uncertainty,0.0,0.0,"Stay because utility uncertainty is too high: current_std=0.1250, candidate_std=0.1250, threshold=0.0000."
38975,811,pa_classifier,softmax_lr_0_20,stay,False,high_uncertainty,0.0,0.0,"Stay because utility uncertainty is too high: current_std=0.1250, candidate_std=0.1250, threshold=0.0000."
39023,812,pa_classifier,softmax_lr_0_20,stay,False,high_uncertainty,-0.125,0.0,"Stay because utility uncertainty is too high: current_std=0.0000, candidate_std=0.1250, threshold=0.0000."
39071,813,pa_classifier,gaussian_nb,stay,False,no_candidate_improvement,0.0,0.0,"Stay because candidate improvement is not sufficient after LCB comparison: margin=0.0000, threshold=0.0000."
39119,814,pa_classifier,softmax_lr_0_20,stay,False,no_candidate_improvement,0.0,0.0,"Stay because candidate improvement is not sufficient after LCB comparison: margin=0.0000, threshold=0.0000."
39167,815,pa_classifier,softmax_lr_0_20,stay,False,no_candidate_improvement,0.0,0.0,"Stay because candidate improvement is not sufficient after LCB comparison: margin=0.0000, threshold=0.0000."
39215,816,pa_classifier,tree_classifier,stay,False,no_candidate_improvement,0.0,0.0,"Stay because candidate improvement is not sufficient after LCB comparison: margin=0.0000, threshold=0.0000."
39263,817,pa_classifier,softmax_lr_0_20,stay,False,no_candidate_improvement,0.0,0.0,"Stay because candidate improvement is not sufficient after LCB comparison: margin=0.0000, threshold=0.0000."
39311,818,pa_classifier,softmax_lr_0_05,stay,False,high_uncertainty,0.125,0.0,"Stay because utility uncertainty is too high: current_std=0.2500, candidate_std=0.1250, threshold=0.0000."
39359,819,pa_classifier,tree_classifier,stay,False,high_uncertainty,0.125,0.0,"Stay because utility uncertainty is too high: current_std=0.1250, candidate_std=0.0000, threshold=0.0000."
39407,820,pa_classifier,softmax_lr_0_05,stay,False,high_uncertainty,0.0,0.0,"Stay because utility uncertainty is too high: current_std=0.1250, candidate_std=0.1250, threshold=0.0000."
39455,821,pa_classifier,softmax_lr_0_20,stay,False,high_uncertainty,0.0,0.0,"Stay because utility uncertainty is too high: current_std=0.1250, candidate_std=0.1250, threshold=0.0000."
39503,822,pa_classifier,softmax_lr_0_20,stay,False,high_uncertainty,-0.125,0.0,"Stay because utility uncertainty is too high: current_std=0.1250, candidate_std=0.0000, threshold=0.0000."
39551,823,pa_classifier,softmax_lr_0_20,stay,False,high_uncertainty,0.0,0.0,"Stay because utility uncertainty is too high: current_std=0.2500, candidate_std=0.0000, threshold=0.0000."
39599,824,pa_classifier,softmax_lr_0_20,stay,False,high_uncertainty,0.125,0.0,"Stay because utility uncertainty is too high: current_std=0.2500, candidate_std=0.1250, threshold=0.0000."
39647,825,pa_classifier,softmax_lr_0_20,stay,False,no_candidate_improvement,0.0,0.0,"Stay because candidate improvement is not sufficient after LCB comparison: margin=0.0000, threshold=0.0000."
39695,826,pa_classifier,softmax_lr_0_20,stay,False,no_candidate_improvement,0.0,0.0,"Stay because candidate improvement is not sufficient after LCB comparison: margin=0.0000, threshold=0.0000."
39743,827,pa_classifier,softmax_lr_0_20,stay,False,high_uncertainty,0.125,0.0,"Stay because utility uncertainty is too high: current_std=0.1250, candidate_std=0.0000, threshold=0.0000."
39791,828,pa_classifier,softmax_lr_0_20,stay,False,high_uncertainty,0.125,0.0,"Stay because utility uncertainty is too high: current_std=0.0000, candidate_std=0.1250, threshold=0.0000."
39839,829,pa_classifier,tree_classifier,stay,False,high_uncertainty,0.125,0.0,"Stay because utility uncertainty is too high: current_std=0.1250, candidate_std=0.0000, threshold=0.0000."
39887,830,pa_classifier,softmax_lr_0_20,stay,False,no_candidate_improvement,0.0,0.0,"Stay because candidate improvement is not sufficient after LCB comparison: margin=0.0000, threshold=0.0000."
39935,831,pa_classifier,softmax_lr_0_20,stay,False,no_candidate_improvement,0.0,0.0,"Stay because candidate improvement is not sufficient after LCB comparison: margin=0.0000, threshold=0.0000."
39983,832,pa_classifier,tree_classifier,stay,False,no_candidate_improvement,0.0,0.0,"Stay because candidate improvement is not sufficient after LCB comparison: margin=0.0000, threshold=0.0000."
40031,833,pa_classifier,softmax_lr_0_20,stay,False,no_candidate_improvement,0.0,0.0,"Stay because candidate improvement is not sufficient after LCB comparison: margin=0.0000, threshold=0.0000."
40079,834,pa_classifier,softmax_lr_0_20,stay,False,no_candidate_improvement,0.0,0.0,"Stay because candidate improvement is not sufficient after LCB comparison: margin=0.0000, threshold=0.0000."
40127,835,pa_classifier,softmax_lr_0_20,stay,False,no_candidate_improvement,0.0,0.0,"Stay because candidate improvement is not sufficient after LCB comparison: margin=0.0000, threshold=0.0000."
40175,836,pa_classifier,softmax_lr_0_20,stay,False,no_candidate_improvement,0.0,0.0,"Stay because candidate improvement is not sufficient after LCB comparison: margin=0.0000, threshold=0.0000."
40223,837,pa_classifier,softmax_lr_0_20,stay,False,no_candidate_improvement,0.0,0.0,"Stay because candidate improvement is not sufficient after LCB comparison: margin=0.0000, threshold=0.0000."
40271,838,pa_classifier,tree_classifier,stay,False,high_uncertainty,0.125,0.0,"Stay because utility uncertainty is too high: current_std=0.1250, candidate_std=0.0000, threshold=0.0000."
40319,839,pa_classifier,softmax_lr_0_20,stay,False,high_uncertainty,0.0,0.0,"Stay because utility uncertainty is too high: current_std=0.1250, candidate_std=0.1250, threshold=0.0000."
40367,840,pa_classifier,softmax_lr_0_20,stay,False,no_candidate_improvement,0.0,0.0,"Stay because candidate improvement is not sufficient after LCB comparison: margin=0.0000, threshold=0.0000."
40415,841,pa_classifier,softmax_lr_0_20,stay,False,no_candidate_improvement,0.0,0.0,"Stay because candidate improvement is not sufficient after LCB comparison: margin=0.0000, threshold=0.0000."
40463,842,pa_classifier,softmax_lr_0_20,stay,False,no_candidate_improvement,0.0,0.0,"Stay because candidate improvement is not sufficient after LCB comparison: margin=0.0000, threshold=0.0000."
40511,843,pa_classifier,softmax_lr_0_20,stay,False,no_candidate_improvement,0.0,0.0,"Stay because candidate improvement is not sufficient after LCB comparison: margin=0.0000, threshold=0.0000."
40559,844,pa_classifier,tree_classifier,stay,False,no_candidate_improvement,0.0,0.0,"Stay because candidate improvement is not sufficient after LCB comparison: margin=0.0000, threshold=0.0000."
40607,845,pa_classifier,softmax_lr_0_20,stay,False,no_candidate_improvement,0.0,0.0,"Stay because candidate improvement is not sufficient after LCB comparison: margin=0.0000, threshold=0.0000."
40655,846,pa_classifier,softmax_lr_0_20,stay,False,no_candidate_improvement,0.0,0.0,"Stay because candidate improvement is not sufficient after LCB comparison: margin=0.0000, threshold=0.0000."
40703,847,pa_classifier,tree_classifier,stay,False,no_candidate_improvement,0.0,0.0,"Stay because candidate improvement is not sufficient after LCB comparison: margin=0.0000, threshold=0.0000."
40751,848,pa_classifier,tree_classifier,stay,False,no_candidate_improvement,0.0,0.0,"Stay because candidate improvement is not sufficient after LCB comparison: margin=0.0000, threshold=0.0000."
40799,849,pa_classifier,tree_classifier,stay,False,no_candidate_improvement,0.0,0.0,"Stay because candidate improvement is not sufficient after LCB comparison: margin=0.0000, threshold=0.0000."
40847,850,pa_classifier,tree_classifier,stay,False,high_uncertainty,0.0,0.0,"Stay because utility uncertainty is too high: current_std=0.1250, candidate_std=0.1250, threshold=0.0000."
40895,851,pa_classifier,gaussian_nb,stay,False,high_uncertainty,0.25,0.0,"Stay because utility uncertainty is too high: current_std=0.1250, candidate_std=0.1250, threshold=0.0000."
40943,852,pa_classifier,softmax_lr_0_05,stay,False,high_uncertainty,0.25,0.0,"Stay because utility uncertainty is too high: current_std=0.2500, candidate_std=0.0000, threshold=0.0000."
40991,853,pa_classifier,softmax_lr_0_20,stay,False,no_candidate_improvement,0.0,0.0,"Stay because candidate improvement is not sufficient after LCB comparison: margin=0.0000, threshold=0.0000."
41039,854,pa_classifier,softmax_lr_0_20,stay,False,no_candidate_improvement,0.0,0.0,"Stay because candidate improvement is not sufficient after LCB comparison: margin=0.0000, threshold=0.0000."
41087,855,pa_classifier,gaussian_nb,stay,False,high_uncertainty,0.125,0.0,"Stay because utility uncertainty is too high: current_std=0.1250, candidate_std=0.0000, threshold=0.0000."
41135,856,pa_classifier,gaussian_nb,stay,False,high_uncertainty,0.125,0.0,"Stay because utility uncertainty is too high: current_std=0.1250, candidate_std=0.0000, threshold=0.0000."
41183,857,pa_classifier,tree_classifier,stay,False,high_uncertainty,0.0,0.0,"Stay because utility uncertainty is too high: current_std=0.1250, candidate_std=0.1250, threshold=0.0000."
41231,858,pa_classifier,softmax_lr_0_20,stay,False,high_uncertainty,0.0,0.0,"Stay because utility uncertainty is too high: current_std=0.1250, candidate_std=0.1250, threshold=0.0000."
41279,859,pa_classifier,softmax_lr_0_20,stay,False,no_candidate_improvement,0.0,0.0,"Stay because candidate improvement is not sufficient after LCB comparison: margin=0.0000, threshold=0.0000."
41327,860,pa_classifier,softmax_lr_0_20,stay,False,high_uncertainty,0.0,0.0,"Stay because utility uncertainty is too high: current_std=0.1250, candidate_std=0.1250, threshold=0.0000."
41375,861,pa_classifier,softmax_lr_0_05,stay,False,high_uncertainty,0.0,0.0,"Stay because utility uncertainty is too high: current_std=0.1250, candidate_std=0.1250, threshold=0.0000."
41423,862,pa_classifier,tree_classifier,stay,False,no_candidate_improvement,0.0,0.0,"Stay because candidate improvement is not sufficient after LCB comparison: margin=0.0000, threshold=0.0000."
41471,863,pa_classifier,gaussian_nb,stay,False,high_uncertainty,0.25,0.0,"Stay because utility uncertainty is too high: current_std=0.3750, candidate_std=0.1250, threshold=0.0000."
41519,864,pa_classifier,gaussian_nb,stay,False,high_uncertainty,0.25,0.0,"Stay because utility uncertainty is too high: current_std=0.3750, candidate_std=0.1250, threshold=0.0000."
41567,865,pa_classifier,tree_classifier,stay,False,no_candidate_improvement,0.0,0.0,"Stay because candidate improvement is not sufficient after LCB comparison: margin=0.0000, threshold=0.0000."
41615,866,pa_classifier,softmax_lr_0_20,stay,False,no_candidate_improvement,0.0,0.0,"Stay because candidate improvement is not sufficient after LCB comparison: margin=0.0000, threshold=0.0000."
41663,867,pa_classifier,softmax_lr_0_20,stay,False,no_candidate_improvement,0.0,0.0,"Stay because candidate improvement is not sufficient after LCB comparison: margin=0.0000, threshold=0.0000."
41711,868,pa_classifier,tree_classifier,stay,False,high_uncertainty,0.0,0.0,"Stay because utility uncertainty is too high: current_std=0.1250, candidate_std=0.1250, threshold=0.0000."
41759,869,pa_classifier,tree_classifier,stay,False,high_uncertainty,0.0,0.0,"Stay because utility uncertainty is too high: current_std=0.1250, candidate_std=0.1250, threshold=0.0000."
41807,870,pa_classifier,softmax_lr_0_20,stay,False,no_candidate_improvement,0.0,0.0,"Stay because candidate improvement is not sufficient after LCB comparison: margin=0.0000, threshold=0.0000."
41855,871,pa_classifier,softmax_lr_0_20,stay,False,no_candidate_improvement,0.0,0.0,"Stay because candidate improvement is not sufficient after LCB comparison: margin=0.0000, threshold=0.0000."
41903,872,pa_classifier,tree_classifier,stay,False,high_uncertainty,0.0,0.0,"Stay because utility uncertainty is too high: current_std=0.1250, candidate_std=0.1250, threshold=0.0000."
41951,873,pa_classifier,tree_classifier,stay,False,high_uncertainty,0.0,0.0,"Stay because utility uncertainty is too high: current_std=0.1250, candidate_std=0.1250, threshold=0.0000."
41999,874,pa_classifier,tree_classifier,stay,False,high_uncertainty,0.0,0.0,"Stay because utility uncertainty is too high: current_std=0.1250, candidate_std=0.1250, threshold=0.0000."
42047,875,pa_classifier,tree_classifier,stay,False,high_uncertainty,0.125,0.0,"Stay because utility uncertainty is too high: current_std=0.0000, candidate_std=0.1250, threshold=0.0000."
42095,876,pa_classifier,tree_classifier,stay,False,high_uncertainty,0.125,0.0,"Stay because utility uncertainty is too high: current_std=0.1250, candidate_std=0.0000, threshold=0.0000."
42143,877,pa_classifier,tree_classifier,stay,False,no_candidate_improvement,0.0,0.0,"Stay because candidate improvement is not sufficient after LCB comparison: margin=0.0000, threshold=0.0000."
42191,878,pa_classifier,tree_classifier,stay,False,no_candidate_improvement,0.0,0.0,"Stay because candidate improvement is not sufficient after LCB comparison: margin=0.0000, threshold=0.0000."
42239,879,pa_classifier,tree_classifier,stay,False,no_candidate_improvement,0.0,0.0,"Stay because candidate improvement is not sufficient after LCB comparison: margin=0.0000, threshold=0.0000."
42287,880,pa_classifier,softmax_lr_0_20,stay,False,high_uncertainty,0.125,0.0,"Stay because utility uncertainty is too high: current_std=0.3750, candidate_std=0.2500, threshold=0.0000."
42335,881,pa_classifier,softmax_lr_0_20,switch,True,switch_advantage,0.25,0.0,Switch because candidate LCB exceeds current LCB beyond the decision threshold: 0.5000 - 0.2500 = 0.2500 > 0.0000.
42383,882,softmax_lr_0_20,tree_classifier,stay,False,high_uncertainty,0.0,0.0,"Stay because utility uncertainty is too high: current_std=0.0000, candidate_std=0.2500, threshold=0.0000."
42431,883,softmax_lr_0_20,tree_classifier,stay,False,high_uncertainty,0.0,0.0,"Stay because utility uncertainty is too high: current_std=0.2500, candidate_std=0.0000, threshold=0.0000."
42479,884,softmax_lr_0_20,softmax_lr_0_05,stay,False,no_candidate_improvement,0.0,0.0,"Stay because candidate improvement is not sufficient after LCB comparison: margin=0.0000, threshold=0.0000."
42527,885,softmax_lr_0_20,softmax_lr_0_05,stay,False,high_uncertainty,0.0,0.0,"Stay because utility uncertainty is too high: current_std=0.1250, candidate_std=0.1250, threshold=0.0000."
42575,886,softmax_lr_0_20,pa_classifier,stay,False,high_uncertainty,0.0,0.0,"Stay because utility uncertainty is too high: current_std=0.1250, candidate_std=0.1250, threshold=0.0000."
42623,887,softmax_lr_0_20,pa_classifier,stay,False,no_candidate_improvement,0.0,0.0,"Stay because candidate improvement is not sufficient after LCB comparison: margin=0.0000, threshold=0.0000."
42671,888,softmax_lr_0_20,softmax_lr_0_05,stay,False,no_candidate_improvement,0.0,0.0,"Stay because candidate improvement is not sufficient after LCB comparison: margin=0.0000, threshold=0.0000."
42719,889,softmax_lr_0_20,pa_classifier,stay,False,high_uncertainty,0.0,0.0,"Stay because utility uncertainty is too high: current_std=0.1250, candidate_std=0.1250, threshold=0.0000."
42767,890,softmax_lr_0_20,pa_classifier,stay,False,high_uncertainty,0.125,0.0,"Stay because utility uncertainty is too high: current_std=0.1250, candidate_std=0.0000, threshold=0.0000."
42815,891,softmax_lr_0_20,softmax_lr_0_05,stay,False,high_uncertainty,-0.125,0.0,"Stay because utility uncertainty is too high: current_std=0.0000, candidate_std=0.1250, threshold=0.0000."
42863,892,softmax_lr_0_20,softmax_lr_0_05,stay,False,high_uncertainty,-0.125,0.0,"Stay because utility uncertainty is too high: current_std=0.0000, candidate_std=0.1250, threshold=0.0000."
42911,893,softmax_lr_0_20,tree_classifier,stay,False,no_candidate_improvement,0.0,0.0,"Stay because candidate improvement is not sufficient after LCB comparison: margin=0.0000, threshold=0.0000."
42959,894,softmax_lr_0_20,tree_classifier,stay,False,no_candidate_improvement,0.0,0.0,"Stay because candidate improvement is not sufficient after LCB comparison: margin=0.0000, threshold=0.0000."
43007,895,softmax_lr_0_20,pa_classifier,stay,False,high_uncertainty,0.125,0.0,"Stay because utility uncertainty is too high: current_std=0.1250, candidate_std=0.0000, threshold=0.0000."
43055,896,softmax_lr_0_20,tree_classifier,stay,False,high_uncertainty,0.125,0.0,"Stay because utility uncertainty is too high: current_std=0.0000, candidate_std=0.1250, threshold=0.0000."
43103,897,softmax_lr_0_20,tree_classifier,stay,False,high_uncertainty,0.125,0.0,"Stay because utility uncertainty is too high: current_std=0.0000, candidate_std=0.1250, threshold=0.0000."
43151,898,softmax_lr_0_20,pa_classifier,stay,False,high_uncertainty,0.125,0.0,"Stay because utility uncertainty is too high: current_std=0.1250, candidate_std=0.0000, threshold=0.0000."
43199,899,softmax_lr_0_20,pa_classifier,stay,False,high_uncertainty,0.0,0.0,"Stay because utility uncertainty is too high: current_std=0.1250, candidate_std=0.1250, threshold=0.0000."
43247,900,softmax_lr_0_20,tree_classifier,stay,False,high_uncertainty,0.0,0.0,"Stay because utility uncertainty is too high: current_std=0.1250, candidate_std=0.1250, threshold=0.0000."
43295,901,softmax_lr_0_20,softmax_lr_0_05,stay,False,high_uncertainty,-0.125,0.0,"Stay because utility uncertainty is too high: current_std=0.1250, candidate_std=0.2500, threshold=0.0000."
43343,902,softmax_lr_0_20,pa_classifier,stay,False,high_uncertainty,0.0,0.0,"Stay because utility uncertainty is too high: current_std=0.1250, candidate_std=0.1250, threshold=0.0000."
43391,903,softmax_lr_0_20,tree_classifier,stay,False,high_uncertainty,0.125,0.0,"Stay because utility uncertainty is too high: current_std=0.1250, candidate_std=0.2500, threshold=0.0000."
43439,904,softmax_lr_0_20,tree_classifier,stay,False,high_uncertainty,0.125,0.0,"Stay because utility uncertainty is too high: current_std=0.1250, candidate_std=0.0000, threshold=0.0000."
43487,905,softmax_lr_0_20,tree_classifier,stay,False,no_candidate_improvement,0.0,0.0,"Stay because candidate improvement is not sufficient after LCB comparison: margin=0.0000, threshold=0.0000."
43535,906,softmax_lr_0_20,tree_classifier,stay,False,high_uncertainty,0.25,0.0,"Stay because utility uncertainty is too high: current_std=0.2500, candidate_std=0.0000, threshold=0.0000."
43583,907,softmax_lr_0_20,tree_classifier,stay,False,high_uncertainty,0.0,0.0,"Stay because utility uncertainty is too high: current_std=0.1250, candidate_std=0.3750, threshold=0.0000."
43631,908,softmax_lr_0_20,softmax_lr_0_05,stay,False,high_uncertainty,0.0,0.0,"Stay because utility uncertainty is too high: current_std=0.1250, candidate_std=0.1250, threshold=0.0000."
43679,909,softmax_lr_0_20,softmax_lr_0_05,stay,False,no_candidate_improvement,0.0,0.0,"Stay because candidate improvement is not sufficient after LCB comparison: margin=0.0000, threshold=0.0000."
43727,910,softmax_lr_0_20,softmax_lr_0_05,stay,False,high_uncertainty,0.125,0.0,"Stay because utility uncertainty is too high: current_std=0.1250, candidate_std=0.0000, threshold=0.0000."
43775,911,softmax_lr_0_20,pa_classifier,stay,False,high_uncertainty,0.125,0.0,"Stay because utility uncertainty is too high: current_std=0.0000, candidate_std=0.1250, threshold=0.0000."
43823,912,softmax_lr_0_20,pa_classifier,stay,False,high_uncertainty,0.0,0.0,"Stay because utility uncertainty is too high: current_std=0.1250, candidate_std=0.1250, threshold=0.0000."
43871,913,softmax_lr_0_20,tree_classifier,stay,False,no_candidate_improvement,0.0,0.0,"Stay because candidate improvement is not sufficient after LCB comparison: margin=0.0000, threshold=0.0000."
43919,914,softmax_lr_0_20,pa_classifier,stay,False,high_uncertainty,0.125,0.0,"Stay because utility uncertainty is too high: current_std=0.2500, candidate_std=0.1250, threshold=0.0000."
43967,915,softmax_lr_0_20,pa_classifier,stay,False,high_uncertainty,0.125,0.0,"Stay because utility uncertainty is too high: current_std=0.2500, candidate_std=0.1250, threshold=0.0000."
44015,916,softmax_lr_0_20,pa_classifier,stay,False,high_uncertainty,0.0,0.0,"Stay because utility uncertainty is too high: current_std=0.1250, candidate_std=0.1250, threshold=0.0000."
44063,917,softmax_lr_0_20,pa_classifier,stay,False,high_uncertainty,0.0,0.0,"Stay because utility uncertainty is too high: current_std=0.1250, candidate_std=0.1250, threshold=0.0000."
44111,918,softmax_lr_0_20,softmax_lr_0_05,stay,False,no_candidate_improvement,0.0,0.0,"Stay because candidate improvement is not sufficient after LCB comparison: margin=0.0000, threshold=0.0000."
44159,919,softmax_lr_0_20,gaussian_nb,stay,False,high_uncertainty,0.125,0.0,"Stay because utility uncertainty is too high: current_std=0.1250, candidate_std=0.0000, threshold=0.0000."
44207,920,softmax_lr_0_20,gaussian_nb,stay,False,high_uncertainty,0.125,0.0,"Stay because utility uncertainty is too high: current_std=0.1250, candidate_std=0.0000, threshold=0.0000."
44255,921,softmax_lr_0_20,softmax_lr_0_05,stay,False,high_uncertainty,-0.125,0.0,"Stay because utility uncertainty is too high: current_std=0.0000, candidate_std=0.1250, threshold=0.0000."
44303,922,softmax_lr_0_20,tree_classifier,stay,False,high_uncertainty,0.0,0.0,"Stay because utility uncertainty is too high: current_std=0.1250, candidate_std=0.1250, threshold=0.0000."
44351,923,softmax_lr_0_20,softmax_lr_0_05,stay,False,high_uncertainty,0.0,0.0,"Stay because utility uncertainty is too high: current_std=0.1250, candidate_std=0.1250, threshold=0.0000."
44399,924,softmax_lr_0_20,softmax_lr_0_05,stay,False,no_candidate_improvement,0.0,0.0,"Stay because candidate improvement is not sufficient after LCB comparison: margin=0.0000, threshold=0.0000."
44447,925,softmax_lr_0_20,softmax_lr_0_05,stay,False,high_uncertainty,0.125,0.0,"Stay because utility uncertainty is too high: current_std=0.2500, candidate_std=0.1250, threshold=0.0000."
44495,926,softmax_lr_0_20,tree_classifier,stay,False,high_uncertainty,0.25,0.0,"Stay because utility uncertainty is too high: current_std=0.2500, candidate_std=0.0000, threshold=0.0000."
44543,927,softmax_lr_0_20,tree_classifier,stay,False,no_candidate_improvement,0.0,0.0,"Stay because candidate improvement is not sufficient after LCB comparison: margin=0.0000, threshold=0.0000."
44591,928,softmax_lr_0_20,tree_classifier,stay,False,no_candidate_improvement,0.0,0.0,"Stay because candidate improvement is not sufficient after LCB comparison: margin=0.0000, threshold=0.0000."
44639,929,softmax_lr_0_20,tree_classifier,stay,False,high_uncertainty,0.125,0.0,"Stay because utility uncertainty is too high: current_std=0.1250, candidate_std=0.0000, threshold=0.0000."
44687,930,softmax_lr_0_20,softmax_lr_0_05,stay,False,high_uncertainty,0.0,0.0,"Stay because utility uncertainty is too high: current_std=0.1250, candidate_std=0.1250, threshold=0.0000."
44735,931,softmax_lr_0_20,pa_classifier,stay,False,high_uncertainty,0.125,0.0,"Stay because utility uncertainty is too high: current_std=0.2500, candidate_std=0.1250, threshold=0.0000."
44783,932,softmax_lr_0_20,gaussian_nb,stay,False,high_uncertainty,0.25,0.0,"Stay because utility uncertainty is too high: current_std=0.2500, candidate_std=0.0000, threshold=0.0000."
44831,933,softmax_lr_0_20,pa_classifier,stay,False,high_uncertainty,0.25,0.0,"Stay because utility uncertainty is too high: current_std=0.2500, candidate_std=0.0000, threshold=0.0000."
44879,934,softmax_lr_0_20,gaussian_nb,stay,False,high_uncertainty,0.375,0.0,"Stay because utility uncertainty is too high: current_std=0.1250, candidate_std=0.0000, threshold=0.0000."
44927,935,softmax_lr_0_20,gaussian_nb,stay,False,high_uncertainty,0.0,0.0,"Stay because utility uncertainty is too high: current_std=0.0000, candidate_std=0.2500, threshold=0.0000."
44975,936,softmax_lr_0_20,tree_classifier,stay,False,high_uncertainty,0.0,0.0,"Stay because utility uncertainty is too high: current_std=0.1250, candidate_std=0.1250, threshold=0.0000."
45023,937,softmax_lr_0_20,softmax_lr_0_05,stay,False,no_candidate_improvement,0.0,0.0,"Stay because candidate improvement is not sufficient after LCB comparison: margin=0.0000, threshold=0.0000."
45071,938,softmax_lr_0_20,softmax_lr_0_05,stay,False,high_uncertainty,0.0,0.0,"Stay because utility uncertainty is too high: current_std=0.1250, candidate_std=0.1250, threshold=0.0000."
45119,939,softmax_lr_0_20,pa_classifier,stay,False,high_uncertainty,0.0,0.0,"Stay because utility uncertainty is too high: current_std=0.1250, candidate_std=0.1250, threshold=0.0000."
45167,940,softmax_lr_0_20,pa_classifier,stay,False,high_uncertainty,0.125,0.0,"Stay because utility uncertainty is too high: current_std=0.1250, candidate_std=0.0000, threshold=0.0000."
45215,941,softmax_lr_0_20,pa_classifier,stay,False,high_uncertainty,0.125,0.0,"Stay because utility uncertainty is too high: current_std=0.1250, candidate_std=0.0000, threshold=0.0000."
45263,942,softmax_lr_0_20,pa_classifier,stay,False,high_uncertainty,0.25,0.0,"Stay because utility uncertainty is too high: current_std=0.3750, candidate_std=0.1250, threshold=0.0000."
45311,943,softmax_lr_0_20,tree_classifier,stay,False,high_uncertainty,0.375,0.0,"Stay because utility uncertainty is too high: current_std=0.3750, candidate_std=0.0000, threshold=0.0000."
