sample_index,evaluation_index,current_strategy,candidate_strategy,action,switched,reason_code,decision_margin,decision_threshold,reason
383,1,sgd_lr_0_0005,sgd_lr_0_0001,stay,False,no_candidate_improvement,0.0012507491519246905,0.01,"Stay because candidate improvement is not sufficient after LCB comparison: margin=0.0013, threshold=0.0100."
511,2,sgd_lr_0_0005,sgd_lr_0_0001,stay,False,high_uncertainty,0.0012841702141814793,0.01,"Stay because utility uncertainty is too high: current_std=0.0120, candidate_std=0.0124, threshold=0.0100."
639,3,sgd_lr_0_0005,sgd_lr_0_001,stay,False,high_uncertainty,0.00046587341067350074,0.01,"Stay because utility uncertainty is too high: current_std=0.0127, candidate_std=0.0114, threshold=0.0100."
767,4,sgd_lr_0_0005,sgd_lr_0_001,stay,False,high_uncertainty,0.0017583762654242996,0.01,"Stay because utility uncertainty is too high: current_std=0.0102, candidate_std=0.0101, threshold=0.0100."
895,5,sgd_lr_0_0005,sgd_lr_0_001,stay,False,high_uncertainty,0.00010309980504896732,0.01,"Stay because utility uncertainty is too high: current_std=0.0223, candidate_std=0.0239, threshold=0.0100."
1023,6,sgd_lr_0_0005,sgd_lr_0_001,stay,False,high_uncertainty,-0.0006052341363196323,0.01,"Stay because utility uncertainty is too high: current_std=0.0163, candidate_std=0.0154, threshold=0.0100."
1151,7,sgd_lr_0_0005,sgd_lr_0_001,stay,False,high_uncertainty,0.0008697934178384381,0.01,"Stay because utility uncertainty is too high: current_std=0.0284, candidate_std=0.0290, threshold=0.0100."
1279,8,sgd_lr_0_0005,sgd_lr_0_001,stay,False,high_uncertainty,0.00042565955003692757,0.01,"Stay because utility uncertainty is too high: current_std=0.0120, candidate_std=0.0110, threshold=0.0100."
1407,9,sgd_lr_0_0005,sgd_lr_0_001,stay,False,no_candidate_improvement,-2.1526888342560113e-05,0.01,"Stay because candidate improvement is not sufficient after LCB comparison: margin=-0.0000, threshold=0.0100."
1535,10,sgd_lr_0_0005,sgd_lr_0_001,stay,False,no_candidate_improvement,0.001464224306596984,0.01,"Stay because candidate improvement is not sufficient after LCB comparison: margin=0.0015, threshold=0.0100."
1663,11,sgd_lr_0_0005,sgd_lr_0_001,stay,False,no_candidate_improvement,0.001722961861333916,0.01,"Stay because candidate improvement is not sufficient after LCB comparison: margin=0.0017, threshold=0.0100."
1791,12,sgd_lr_0_0005,sgd_lr_0_001,stay,False,high_uncertainty,0.001612827444720466,0.01,"Stay because utility uncertainty is too high: current_std=0.0347, candidate_std=0.0341, threshold=0.0100."
1919,13,sgd_lr_0_0005,sgd_lr_0_001,stay,False,high_uncertainty,-0.00017308637882096356,0.01,"Stay because utility uncertainty is too high: current_std=0.0194, candidate_std=0.0217, threshold=0.0100."
2047,14,sgd_lr_0_0005,sgd_lr_0_001,stay,False,high_uncertainty,-0.0036172020275867522,0.01,"Stay because utility uncertainty is too high: current_std=0.0581, candidate_std=0.0570, threshold=0.0100."
2175,15,sgd_lr_0_0005,sgd_lr_0_001,stay,False,high_uncertainty,-0.0013007673839136036,0.01,"Stay because utility uncertainty is too high: current_std=0.0413, candidate_std=0.0448, threshold=0.0100."
2303,16,sgd_lr_0_0005,sgd_lr_0_001,stay,False,high_uncertainty,0.001685169978571821,0.01,"Stay because utility uncertainty is too high: current_std=0.0168, candidate_std=0.0164, threshold=0.0100."
2431,17,sgd_lr_0_0005,sgd_lr_0_001,stay,False,no_candidate_improvement,0.0017647132129819942,0.01,"Stay because candidate improvement is not sufficient after LCB comparison: margin=0.0018, threshold=0.0100."
2559,18,sgd_lr_0_0005,sgd_lr_0_001,stay,False,high_uncertainty,0.0018030440841125817,0.01,"Stay because utility uncertainty is too high: current_std=0.0653, candidate_std=0.0658, threshold=0.0100."
2687,19,sgd_lr_0_0005,sgd_lr_0_0001,stay,False,high_uncertainty,0.0019946355797004767,0.01,"Stay because utility uncertainty is too high: current_std=0.0838, candidate_std=0.0784, threshold=0.0100."
2815,20,sgd_lr_0_0005,sgd_lr_0_0001,stay,False,no_candidate_improvement,0.0055045140786483815,0.01,"Stay because candidate improvement is not sufficient after LCB comparison: margin=0.0055, threshold=0.0100."
2943,21,sgd_lr_0_0005,sgd_lr_0_0001,stay,False,no_candidate_improvement,0.004681598278077903,0.01,"Stay because candidate improvement is not sufficient after LCB comparison: margin=0.0047, threshold=0.0100."
3071,22,sgd_lr_0_0005,sgd_lr_0_0001,stay,False,high_uncertainty,0.007273861318037422,0.01,"Stay because utility uncertainty is too high: current_std=0.0205, candidate_std=0.0190, threshold=0.0100."
3199,23,sgd_lr_0_0005,sgd_lr_0_0001,stay,False,no_candidate_improvement,0.006921743100307687,0.01,"Stay because candidate improvement is not sufficient after LCB comparison: margin=0.0069, threshold=0.0100."
3327,24,sgd_lr_0_0005,sgd_lr_0_0001,stay,False,high_uncertainty,0.0037137203229908877,0.01,"Stay because utility uncertainty is too high: current_std=0.0121, candidate_std=0.0108, threshold=0.0100."
3455,25,sgd_lr_0_0005,sgd_lr_0_001,stay,False,high_uncertainty,0.004609513153689737,0.01,"Stay because utility uncertainty is too high: current_std=0.0567, candidate_std=0.0625, threshold=0.0100."
3583,26,sgd_lr_0_0005,sgd_lr_0_001,stay,False,high_uncertainty,0.00997026336126039,0.01,"Stay because utility uncertainty is too high: current_std=0.0191, candidate_std=0.0187, threshold=0.0100."
3711,27,sgd_lr_0_0005,sgd_lr_0_001,stay,False,high_uncertainty,0.006311345608514873,0.01,"Stay because utility uncertainty is too high: current_std=0.0223, candidate_std=0.0255, threshold=0.0100."
3839,28,sgd_lr_0_0005,sgd_lr_0_001,stay,False,high_uncertainty,0.004887846462582224,0.01,"Stay because utility uncertainty is too high: current_std=0.0527, candidate_std=0.0545, threshold=0.0100."
3967,29,sgd_lr_0_0005,sgd_lr_0_001,stay,False,high_uncertainty,0.00541120150370189,0.01,"Stay because utility uncertainty is too high: current_std=0.0350, candidate_std=0.0337, threshold=0.0100."
4095,30,sgd_lr_0_0005,sgd_lr_0_001,stay,False,high_uncertainty,0.002162021559781735,0.01,"Stay because utility uncertainty is too high: current_std=0.0126, candidate_std=0.0145, threshold=0.0100."
4223,31,sgd_lr_0_0005,sgd_lr_0_001,stay,False,no_candidate_improvement,0.00034078320930408523,0.01,"Stay because candidate improvement is not sufficient after LCB comparison: margin=0.0003, threshold=0.0100."
4351,32,sgd_lr_0_0005,sgd_lr_0_001,stay,False,high_uncertainty,0.001045043585088945,0.01,"Stay because utility uncertainty is too high: current_std=0.0131, candidate_std=0.0136, threshold=0.0100."
4479,33,sgd_lr_0_0005,sgd_lr_0_001,stay,False,no_candidate_improvement,0.0016756094263954413,0.01,"Stay because candidate improvement is not sufficient after LCB comparison: margin=0.0017, threshold=0.0100."
4607,34,sgd_lr_0_0005,sgd_lr_0_001,stay,False,no_candidate_improvement,0.001493843776782966,0.01,"Stay because candidate improvement is not sufficient after LCB comparison: margin=0.0015, threshold=0.0100."
4735,35,sgd_lr_0_0005,sgd_lr_0_001,stay,False,no_candidate_improvement,0.0006520470732963579,0.01,"Stay because candidate improvement is not sufficient after LCB comparison: margin=0.0007, threshold=0.0100."
4863,36,sgd_lr_0_0005,sgd_lr_0_0001,stay,False,high_uncertainty,0.0015550107584338946,0.01,"Stay because utility uncertainty is too high: current_std=0.0209, candidate_std=0.0188, threshold=0.0100."
4991,37,sgd_lr_0_0005,sgd_lr_0_0001,stay,False,no_candidate_improvement,0.004231625402721595,0.01,"Stay because candidate improvement is not sufficient after LCB comparison: margin=0.0042, threshold=0.0100."
5119,38,sgd_lr_0_0005,sgd_lr_0_0001,stay,False,no_candidate_improvement,0.0020217127710893124,0.01,"Stay because candidate improvement is not sufficient after LCB comparison: margin=0.0020, threshold=0.0100."
5247,39,sgd_lr_0_0005,sgd_lr_0_001,stay,False,high_uncertainty,0.00032055346372761306,0.01,"Stay because utility uncertainty is too high: current_std=0.0211, candidate_std=0.0217, threshold=0.0100."
5375,40,sgd_lr_0_0005,sgd_lr_0_001,stay,False,high_uncertainty,0.0008819830133377504,0.01,"Stay because utility uncertainty is too high: current_std=0.0294, candidate_std=0.0294, threshold=0.0100."
5503,41,sgd_lr_0_0005,sgd_lr_0_001,stay,False,high_uncertainty,-0.00023912569828965502,0.01,"Stay because utility uncertainty is too high: current_std=0.0736, candidate_std=0.0747, threshold=0.0100."
5631,42,sgd_lr_0_0005,sgd_lr_0_0001,stay,False,high_uncertainty,0.0041842723019379635,0.01,"Stay because utility uncertainty is too high: current_std=0.0688, candidate_std=0.0681, threshold=0.0100."
5759,43,sgd_lr_0_0005,sgd_lr_0_0001,stay,False,no_candidate_improvement,0.003453102006215625,0.01,"Stay because candidate improvement is not sufficient after LCB comparison: margin=0.0035, threshold=0.0100."
5887,44,sgd_lr_0_0005,sgd_lr_0_0001,stay,False,high_uncertainty,0.0012420183404427965,0.01,"Stay because utility uncertainty is too high: current_std=0.0093, candidate_std=0.0101, threshold=0.0100."
6015,45,sgd_lr_0_0005,sgd_lr_0_001,stay,False,high_uncertainty,0.0002794812467373786,0.01,"Stay because utility uncertainty is too high: current_std=0.0302, candidate_std=0.0292, threshold=0.0100."
6143,46,sgd_lr_0_0005,sgd_lr_0_001,stay,False,high_uncertainty,0.0016261224101560279,0.01,"Stay because utility uncertainty is too high: current_std=0.0115, candidate_std=0.0112, threshold=0.0100."
6271,47,sgd_lr_0_0005,sgd_lr_0_001,stay,False,high_uncertainty,0.0026663671322061377,0.01,"Stay because utility uncertainty is too high: current_std=0.0242, candidate_std=0.0249, threshold=0.0100."
6399,48,sgd_lr_0_0005,sgd_lr_0_001,stay,False,high_uncertainty,0.002719804101522838,0.01,"Stay because utility uncertainty is too high: current_std=0.0351, candidate_std=0.0344, threshold=0.0100."
6527,49,sgd_lr_0_0005,sgd_lr_0_001,stay,False,high_uncertainty,0.0033440151046768563,0.01,"Stay because utility uncertainty is too high: current_std=0.0472, candidate_std=0.0485, threshold=0.0100."
6655,50,sgd_lr_0_0005,sgd_lr_0_001,stay,False,high_uncertainty,0.0036538414283062703,0.01,"Stay because utility uncertainty is too high: current_std=0.0395, candidate_std=0.0386, threshold=0.0100."
6783,51,sgd_lr_0_0005,sgd_lr_0_001,stay,False,no_candidate_improvement,-1.2879953633637697e-06,0.01,"Stay because candidate improvement is not sufficient after LCB comparison: margin=-0.0000, threshold=0.0100."
6911,52,sgd_lr_0_0005,sgd_lr_0_0001,stay,False,no_candidate_improvement,0.0009531773258552034,0.01,"Stay because candidate improvement is not sufficient after LCB comparison: margin=0.0010, threshold=0.0100."
7039,53,sgd_lr_0_0005,sgd_lr_0_0001,stay,False,no_candidate_improvement,-0.0002819275873917615,0.01,"Stay because candidate improvement is not sufficient after LCB comparison: margin=-0.0003, threshold=0.0100."
7167,54,sgd_lr_0_0005,sgd_lr_0_001,stay,False,no_candidate_improvement,0.00017189669258654838,0.01,"Stay because candidate improvement is not sufficient after LCB comparison: margin=0.0002, threshold=0.0100."
7295,55,sgd_lr_0_0005,sgd_lr_0_0001,stay,False,high_uncertainty,0.0007455062885575181,0.01,"Stay because utility uncertainty is too high: current_std=0.0134, candidate_std=0.0129, threshold=0.0100."
7423,56,sgd_lr_0_0005,sgd_lr_0_0001,stay,False,high_uncertainty,0.0011883730749667754,0.01,"Stay because utility uncertainty is too high: current_std=0.0144, candidate_std=0.0145, threshold=0.0100."
7551,57,sgd_lr_0_0005,sgd_lr_0_0001,stay,False,no_candidate_improvement,0.0005335488842775904,0.01,"Stay because candidate improvement is not sufficient after LCB comparison: margin=0.0005, threshold=0.0100."
7679,58,sgd_lr_0_0005,sgd_lr_0_001,stay,False,high_uncertainty,0.001030770523586133,0.01,"Stay because utility uncertainty is too high: current_std=0.0167, candidate_std=0.0165, threshold=0.0100."
7807,59,sgd_lr_0_0005,sgd_lr_0_001,stay,False,high_uncertainty,0.0011289452830729463,0.01,"Stay because utility uncertainty is too high: current_std=0.0274, candidate_std=0.0278, threshold=0.0100."
7935,60,sgd_lr_0_0005,sgd_lr_0_001,stay,False,no_candidate_improvement,0.0011048764182852722,0.01,"Stay because candidate improvement is not sufficient after LCB comparison: margin=0.0011, threshold=0.0100."
8063,61,sgd_lr_0_0005,sgd_lr_0_001,stay,False,high_uncertainty,0.00015111713464388554,0.01,"Stay because utility uncertainty is too high: current_std=0.0231, candidate_std=0.0237, threshold=0.0100."
8191,62,sgd_lr_0_0005,sgd_lr_0_0001,stay,False,high_uncertainty,0.00028430538962909147,0.01,"Stay because utility uncertainty is too high: current_std=0.0244, candidate_std=0.0253, threshold=0.0100."
8319,63,sgd_lr_0_0005,sgd_lr_0_0001,stay,False,high_uncertainty,0.0010171180565112792,0.01,"Stay because utility uncertainty is too high: current_std=0.0406, candidate_std=0.0404, threshold=0.0100."
8447,64,sgd_lr_0_0005,sgd_lr_0_0001,stay,False,no_candidate_improvement,0.0006163408887268629,0.01,"Stay because candidate improvement is not sufficient after LCB comparison: margin=0.0006, threshold=0.0100."
8575,65,sgd_lr_0_0005,sgd_lr_0_0001,stay,False,high_uncertainty,0.0034020826381127023,0.01,"Stay because utility uncertainty is too high: current_std=0.0842, candidate_std=0.0812, threshold=0.0100."
8703,66,sgd_lr_0_0005,sgd_lr_0_0001,stay,False,high_uncertainty,0.007266278481395383,0.01,"Stay because utility uncertainty is too high: current_std=0.0740, candidate_std=0.0731, threshold=0.0100."
8831,67,sgd_lr_0_0005,sgd_lr_0_0001,stay,False,high_uncertainty,0.004218437207497372,0.01,"Stay because utility uncertainty is too high: current_std=0.0095, candidate_std=0.0134, threshold=0.0100."
8959,68,sgd_lr_0_0005,sgd_lr_0_0001,stay,False,high_uncertainty,-0.001892979363255054,0.01,"Stay because utility uncertainty is too high: current_std=0.0261, candidate_std=0.0239, threshold=0.0100."
9087,69,sgd_lr_0_0005,sgd_lr_0_001,stay,False,high_uncertainty,0.0002371256364246399,0.01,"Stay because utility uncertainty is too high: current_std=0.0307, candidate_std=0.0337, threshold=0.0100."
9215,70,sgd_lr_0_0005,sgd_lr_0_001,stay,False,high_uncertainty,0.005724074699676285,0.01,"Stay because utility uncertainty is too high: current_std=0.0133, candidate_std=0.0158, threshold=0.0100."
9343,71,sgd_lr_0_0005,sgd_lr_0_001,stay,False,no_candidate_improvement,0.004125257507485158,0.01,"Stay because candidate improvement is not sufficient after LCB comparison: margin=0.0041, threshold=0.0100."
9471,72,sgd_lr_0_0005,sgd_lr_0_001,stay,False,high_uncertainty,0.0006463822050444268,0.01,"Stay because utility uncertainty is too high: current_std=0.0158, candidate_std=0.0152, threshold=0.0100."
9599,73,sgd_lr_0_0005,sgd_lr_0_001,stay,False,high_uncertainty,0.0010625424207983958,0.01,"Stay because utility uncertainty is too high: current_std=0.0346, candidate_std=0.0348, threshold=0.0100."
9727,74,sgd_lr_0_0005,sgd_lr_0_0001,stay,False,high_uncertainty,0.001532092850763389,0.01,"Stay because utility uncertainty is too high: current_std=0.0135, candidate_std=0.0133, threshold=0.0100."
9855,75,sgd_lr_0_0005,sgd_lr_0_001,stay,False,high_uncertainty,0.003963340123903425,0.01,"Stay because utility uncertainty is too high: current_std=0.0528, candidate_std=0.0565, threshold=0.0100."
9983,76,sgd_lr_0_0005,sgd_lr_0_001,stay,False,high_uncertainty,0.006877704458775891,0.01,"Stay because utility uncertainty is too high: current_std=0.0289, candidate_std=0.0281, threshold=0.0100."
10111,77,sgd_lr_0_0005,sgd_lr_0_001,stay,False,no_candidate_improvement,0.0042665644030212,0.01,"Stay because candidate improvement is not sufficient after LCB comparison: margin=0.0043, threshold=0.0100."
10239,78,sgd_lr_0_0005,sgd_lr_0_001,stay,False,high_uncertainty,0.002194051892967619,0.01,"Stay because utility uncertainty is too high: current_std=0.0186, candidate_std=0.0189, threshold=0.0100."
10367,79,sgd_lr_0_0005,sgd_lr_0_0001,stay,False,high_uncertainty,0.0010508798429889055,0.01,"Stay because utility uncertainty is too high: current_std=0.0398, candidate_std=0.0371, threshold=0.0100."
10495,80,sgd_lr_0_0005,sgd_lr_0_0001,stay,False,high_uncertainty,0.0030831618809367134,0.01,"Stay because utility uncertainty is too high: current_std=0.0199, candidate_std=0.0205, threshold=0.0100."
10623,81,sgd_lr_0_0005,sgd_lr_0_0001,stay,False,high_uncertainty,0.002603600356153035,0.01,"Stay because utility uncertainty is too high: current_std=0.0169, candidate_std=0.0171, threshold=0.0100."
10751,82,sgd_lr_0_0005,sgd_lr_0_0001,stay,False,high_uncertainty,0.0022333483676527655,0.01,"Stay because utility uncertainty is too high: current_std=0.0410, candidate_std=0.0405, threshold=0.0100."
10879,83,sgd_lr_0_0005,sgd_lr_0_0001,stay,False,high_uncertainty,0.0013694088813214211,0.01,"Stay because utility uncertainty is too high: current_std=0.0195, candidate_std=0.0192, threshold=0.0100."
11007,84,sgd_lr_0_0005,sgd_lr_0_0001,stay,False,high_uncertainty,0.00046409610332165396,0.01,"Stay because utility uncertainty is too high: current_std=0.0226, candidate_std=0.0232, threshold=0.0100."
11135,85,sgd_lr_0_0005,sgd_lr_0_001,stay,False,high_uncertainty,0.0006406367993673223,0.01,"Stay because utility uncertainty is too high: current_std=0.0322, candidate_std=0.0322, threshold=0.0100."
11263,86,sgd_lr_0_0005,sgd_lr_0_0001,stay,False,no_candidate_improvement,0.0006653347671501386,0.01,"Stay because candidate improvement is not sufficient after LCB comparison: margin=0.0007, threshold=0.0100."
11391,87,sgd_lr_0_0005,sgd_lr_0_0001,stay,False,high_uncertainty,0.0019818685193727648,0.01,"Stay because utility uncertainty is too high: current_std=0.0185, candidate_std=0.0187, threshold=0.0100."
11519,88,sgd_lr_0_0005,sgd_lr_0_0001,stay,False,no_candidate_improvement,0.002270424625040679,0.01,"Stay because candidate improvement is not sufficient after LCB comparison: margin=0.0023, threshold=0.0100."
11647,89,sgd_lr_0_0005,sgd_lr_0_0001,stay,False,high_uncertainty,0.0012369009483995663,0.01,"Stay because utility uncertainty is too high: current_std=0.0115, candidate_std=0.0125, threshold=0.0100."
11775,90,sgd_lr_0_0005,sgd_lr_0_001,stay,False,high_uncertainty,0.0031366309858644748,0.01,"Stay because utility uncertainty is too high: current_std=0.0171, candidate_std=0.0198, threshold=0.0100."
11903,91,sgd_lr_0_0005,sgd_lr_0_001,stay,False,high_uncertainty,0.005616547642671721,0.01,"Stay because utility uncertainty is too high: current_std=0.0584, candidate_std=0.0582, threshold=0.0100."
12031,92,sgd_lr_0_0005,sgd_lr_0_001,stay,False,high_uncertainty,0.00301018030480793,0.01,"Stay because utility uncertainty is too high: current_std=0.0300, candidate_std=0.0277, threshold=0.0100."
12159,93,sgd_lr_0_0005,sgd_lr_0_0001,stay,False,no_candidate_improvement,0.0012348695682148358,0.01,"Stay because candidate improvement is not sufficient after LCB comparison: margin=0.0012, threshold=0.0100."
12287,94,sgd_lr_0_0005,sgd_lr_0_0001,stay,False,no_candidate_improvement,0.006959642936967048,0.01,"Stay because candidate improvement is not sufficient after LCB comparison: margin=0.0070, threshold=0.0100."
12415,95,sgd_lr_0_0005,sgd_lr_0_0001,stay,False,no_candidate_improvement,0.008279047026996667,0.01,"Stay because candidate improvement is not sufficient after LCB comparison: margin=0.0083, threshold=0.0100."
12543,96,sgd_lr_0_0005,sgd_lr_0_0001,stay,False,high_uncertainty,0.005937909123669205,0.01,"Stay because utility uncertainty is too high: current_std=0.0223, candidate_std=0.0238, threshold=0.0100."
12671,97,sgd_lr_0_0005,sgd_lr_0_0001,stay,False,high_uncertainty,0.004279318639058394,0.01,"Stay because utility uncertainty is too high: current_std=0.0462, candidate_std=0.0464, threshold=0.0100."
12799,98,sgd_lr_0_0005,sgd_lr_0_0001,stay,False,high_uncertainty,0.0021593344000130354,0.01,"Stay because utility uncertainty is too high: current_std=0.0360, candidate_std=0.0379, threshold=0.0100."
12927,99,sgd_lr_0_0005,sgd_lr_0_001,stay,False,high_uncertainty,-0.0006561881374679279,0.01,"Stay because utility uncertainty is too high: current_std=0.0194, candidate_std=0.0191, threshold=0.0100."
13055,100,sgd_lr_0_0005,sgd_lr_0_001,stay,False,high_uncertainty,6.150148040040548e-05,0.01,"Stay because utility uncertainty is too high: current_std=0.0259, candidate_std=0.0255, threshold=0.0100."
13183,101,sgd_lr_0_0005,sgd_lr_0_001,stay,False,no_candidate_improvement,0.00027068932646767685,0.01,"Stay because candidate improvement is not sufficient after LCB comparison: margin=0.0003, threshold=0.0100."
13311,102,sgd_lr_0_0005,sgd_lr_0_001,stay,False,high_uncertainty,0.0009725478574306168,0.01,"Stay because utility uncertainty is too high: current_std=0.0738, candidate_std=0.0747, threshold=0.0100."
13439,103,sgd_lr_0_0005,sgd_lr_0_001,stay,False,high_uncertainty,0.00196308503953202,0.01,"Stay because utility uncertainty is too high: current_std=0.0615, candidate_std=0.0617, threshold=0.0100."
13567,104,sgd_lr_0_0005,sgd_lr_0_001,stay,False,high_uncertainty,0.00042133187205262157,0.01,"Stay because utility uncertainty is too high: current_std=0.0171, candidate_std=0.0187, threshold=0.0100."
13695,105,sgd_lr_0_0005,sgd_lr_0_0001,stay,False,high_uncertainty,0.0011227359160279615,0.01,"Stay because utility uncertainty is too high: current_std=0.0499, candidate_std=0.0493, threshold=0.0100."
13823,106,sgd_lr_0_0005,sgd_lr_0_0001,stay,False,high_uncertainty,0.0016630007888842613,0.01,"Stay because utility uncertainty is too high: current_std=0.0137, candidate_std=0.0137, threshold=0.0100."
13951,107,sgd_lr_0_0005,sgd_lr_0_0001,stay,False,high_uncertainty,0.0020197328639152134,0.01,"Stay because utility uncertainty is too high: current_std=0.0373, candidate_std=0.0377, threshold=0.0100."
14079,108,sgd_lr_0_0005,sgd_lr_0_0001,stay,False,high_uncertainty,0.01242977822784419,0.01,"Stay because utility uncertainty is too high: current_std=0.0316, candidate_std=0.0416, threshold=0.0100."
14207,109,sgd_lr_0_0005,sgd_lr_0_0001,stay,False,high_uncertainty,0.02082016267633513,0.01,"Stay because utility uncertainty is too high: current_std=0.0154, candidate_std=0.0139, threshold=0.0100."
14335,110,sgd_lr_0_0005,sgd_lr_0_0001,stay,False,high_uncertainty,0.01134787557136252,0.01,"Stay because utility uncertainty is too high: current_std=0.0108, candidate_std=0.0029, threshold=0.0100."
14463,111,sgd_lr_0_0005,sgd_lr_0_0001,stay,False,high_uncertainty,0.0035343172229252984,0.01,"Stay because utility uncertainty is too high: current_std=0.0159, candidate_std=0.0159, threshold=0.0100."
14591,112,sgd_lr_0_0005,sgd_lr_0_001,stay,False,high_uncertainty,0.0020719358074996475,0.01,"Stay because utility uncertainty is too high: current_std=0.0590, candidate_std=0.0583, threshold=0.0100."
14719,113,sgd_lr_0_0005,sgd_lr_0_001,stay,False,high_uncertainty,0.0019131548125331799,0.01,"Stay because utility uncertainty is too high: current_std=0.0568, candidate_std=0.0577, threshold=0.0100."
14847,114,sgd_lr_0_0005,sgd_lr_0_0001,stay,False,no_candidate_improvement,0.0007594981197015516,0.01,"Stay because candidate improvement is not sufficient after LCB comparison: margin=0.0008, threshold=0.0100."
14975,115,sgd_lr_0_0005,sgd_lr_0_0001,stay,False,no_candidate_improvement,0.0025203098636346066,0.01,"Stay because candidate improvement is not sufficient after LCB comparison: margin=0.0025, threshold=0.0100."
15103,116,sgd_lr_0_0005,sgd_lr_0_0001,stay,False,no_candidate_improvement,0.003577454107690392,0.01,"Stay because candidate improvement is not sufficient after LCB comparison: margin=0.0036, threshold=0.0100."
15231,117,sgd_lr_0_0005,sgd_lr_0_0001,stay,False,high_uncertainty,0.0007516878757395373,0.01,"Stay because utility uncertainty is too high: current_std=0.0101, candidate_std=0.0076, threshold=0.0100."
15359,118,sgd_lr_0_0005,sgd_lr_0_001,stay,False,high_uncertainty,-0.000604500879961889,0.01,"Stay because utility uncertainty is too high: current_std=0.0286, candidate_std=0.0283, threshold=0.0100."
15487,119,sgd_lr_0_0005,sgd_lr_0_001,stay,False,high_uncertainty,-0.0010095490989453504,0.01,"Stay because utility uncertainty is too high: current_std=0.0336, candidate_std=0.0335, threshold=0.0100."
15615,120,sgd_lr_0_0005,sgd_lr_0_001,stay,False,high_uncertainty,2.1134764165431363e-06,0.01,"Stay because utility uncertainty is too high: current_std=0.0252, candidate_std=0.0240, threshold=0.0100."
15743,121,sgd_lr_0_0005,sgd_lr_0_001,stay,False,high_uncertainty,0.0004249750435183497,0.01,"Stay because utility uncertainty is too high: current_std=0.0246, candidate_std=0.0253, threshold=0.0100."
15871,122,sgd_lr_0_0005,sgd_lr_0_001,stay,False,high_uncertainty,0.000541293098172746,0.01,"Stay because utility uncertainty is too high: current_std=0.0379, candidate_std=0.0388, threshold=0.0100."
15999,123,sgd_lr_0_0005,sgd_lr_0_001,stay,False,high_uncertainty,0.003581104792672596,0.01,"Stay because utility uncertainty is too high: current_std=0.0343, candidate_std=0.0365, threshold=0.0100."
16127,124,sgd_lr_0_0005,sgd_lr_0_001,stay,False,high_uncertainty,0.00353180134555231,0.01,"Stay because utility uncertainty is too high: current_std=0.0410, candidate_std=0.0388, threshold=0.0100."
16255,125,sgd_lr_0_0005,sgd_lr_0_0001,stay,False,high_uncertainty,-0.0003153856759153806,0.01,"Stay because utility uncertainty is too high: current_std=0.0292, candidate_std=0.0318, threshold=0.0100."
16383,126,sgd_lr_0_0005,sgd_lr_0_0001,stay,False,high_uncertainty,0.002305435017182056,0.01,"Stay because utility uncertainty is too high: current_std=0.0218, candidate_std=0.0218, threshold=0.0100."
16511,127,sgd_lr_0_0005,sgd_lr_0_0001,stay,False,high_uncertainty,0.00047635390240130526,0.01,"Stay because utility uncertainty is too high: current_std=0.0305, candidate_std=0.0323, threshold=0.0100."
16639,128,sgd_lr_0_0005,sgd_lr_0_001,stay,False,high_uncertainty,0.00222903295255783,0.01,"Stay because utility uncertainty is too high: current_std=0.0170, candidate_std=0.0169, threshold=0.0100."
16767,129,sgd_lr_0_0005,sgd_lr_0_001,stay,False,high_uncertainty,0.0016007358366639801,0.01,"Stay because utility uncertainty is too high: current_std=0.0390, candidate_std=0.0396, threshold=0.0100."
16895,130,sgd_lr_0_0005,sgd_lr_0_001,stay,False,high_uncertainty,0.001281609510305315,0.01,"Stay because utility uncertainty is too high: current_std=0.0262, candidate_std=0.0259, threshold=0.0100."
17023,131,sgd_lr_0_0005,sgd_lr_0_001,stay,False,high_uncertainty,0.0038842097510823903,0.01,"Stay because utility uncertainty is too high: current_std=0.0300, candidate_std=0.0322, threshold=0.0100."
17151,132,sgd_lr_0_0005,sgd_lr_0_001,stay,False,high_uncertainty,0.005578383237064166,0.01,"Stay because utility uncertainty is too high: current_std=0.0376, candidate_std=0.0370, threshold=0.0100."
17279,133,sgd_lr_0_0005,sgd_lr_0_001,stay,False,high_uncertainty,0.00310988175654614,0.01,"Stay because utility uncertainty is too high: current_std=0.0197, candidate_std=0.0178, threshold=0.0100."
17407,134,sgd_lr_0_0005,sgd_lr_0_001,stay,False,high_uncertainty,0.002049416599775089,0.01,"Stay because utility uncertainty is too high: current_std=0.0197, candidate_std=0.0189, threshold=0.0100."
17535,135,sgd_lr_0_0005,sgd_lr_0_001,stay,False,high_uncertainty,0.002843911039513425,0.01,"Stay because utility uncertainty is too high: current_std=0.0302, candidate_std=0.0302, threshold=0.0100."
17663,136,sgd_lr_0_0005,sgd_lr_0_001,stay,False,high_uncertainty,-0.00040744180442453537,0.01,"Stay because utility uncertainty is too high: current_std=0.0245, candidate_std=0.0277, threshold=0.0100."
17791,137,sgd_lr_0_0005,sgd_lr_0_0001,stay,False,high_uncertainty,0.0027548104865642298,0.01,"Stay because utility uncertainty is too high: current_std=0.0149, candidate_std=0.0136, threshold=0.0100."
17919,138,sgd_lr_0_0005,sgd_lr_0_0001,stay,False,no_candidate_improvement,0.004141663297986264,0.01,"Stay because candidate improvement is not sufficient after LCB comparison: margin=0.0041, threshold=0.0100."
18047,139,sgd_lr_0_0005,sgd_lr_0_0001,stay,False,high_uncertainty,0.002533386251889258,0.01,"Stay because utility uncertainty is too high: current_std=0.0305, candidate_std=0.0322, threshold=0.0100."
18175,140,sgd_lr_0_0005,sgd_lr_0_001,stay,False,high_uncertainty,-0.00021455486503452192,0.01,"Stay because utility uncertainty is too high: current_std=0.0224, candidate_std=0.0209, threshold=0.0100."
18303,141,sgd_lr_0_0005,sgd_lr_0_001,stay,False,high_uncertainty,0.0006945148207767593,0.01,"Stay because utility uncertainty is too high: current_std=0.0132, candidate_std=0.0126, threshold=0.0100."
18431,142,sgd_lr_0_0005,sgd_lr_0_001,stay,False,high_uncertainty,0.0046374457870176355,0.01,"Stay because utility uncertainty is too high: current_std=0.0597, candidate_std=0.0642, threshold=0.0100."
18559,143,sgd_lr_0_0005,sgd_lr_0_001,stay,False,high_uncertainty,0.01028036770058205,0.01,"Stay because utility uncertainty is too high: current_std=0.0456, candidate_std=0.0467, threshold=0.0100."
18687,144,sgd_lr_0_0005,sgd_lr_0_001,stay,False,no_candidate_improvement,0.006911953716940089,0.01,"Stay because candidate improvement is not sufficient after LCB comparison: margin=0.0069, threshold=0.0100."
18815,145,sgd_lr_0_0005,sgd_lr_0_001,stay,False,no_candidate_improvement,0.00259501279292762,0.01,"Stay because candidate improvement is not sufficient after LCB comparison: margin=0.0026, threshold=0.0100."
18943,146,sgd_lr_0_0005,sgd_lr_0_001,stay,False,no_candidate_improvement,0.0024838327757070733,0.01,"Stay because candidate improvement is not sufficient after LCB comparison: margin=0.0025, threshold=0.0100."
19071,147,sgd_lr_0_0005,sgd_lr_0_001,stay,False,no_candidate_improvement,0.0017645312426102233,0.01,"Stay because candidate improvement is not sufficient after LCB comparison: margin=0.0018, threshold=0.0100."
19199,148,sgd_lr_0_0005,sgd_lr_0_001,stay,False,high_uncertainty,0.007154345492368153,0.01,"Stay because utility uncertainty is too high: current_std=0.0155, candidate_std=0.0213, threshold=0.0100."
19327,149,sgd_lr_0_0005,sgd_lr_0_001,stay,False,high_uncertainty,0.0132857855832762,0.01,"Stay because utility uncertainty is too high: current_std=0.0271, candidate_std=0.0268, threshold=0.0100."
19455,150,sgd_lr_0_0005,sgd_lr_0_001,stay,False,high_uncertainty,0.006502900827342062,0.01,"Stay because utility uncertainty is too high: current_std=0.0405, candidate_std=0.0476, threshold=0.0100."
19583,151,sgd_lr_0_0005,sgd_lr_0_0001,stay,False,high_uncertainty,0.001995683493545508,0.01,"Stay because utility uncertainty is too high: current_std=0.0129, candidate_std=0.0113, threshold=0.0100."
19711,152,sgd_lr_0_0005,sgd_lr_0_0001,stay,False,high_uncertainty,0.0015997599908170734,0.01,"Stay because utility uncertainty is too high: current_std=0.0144, candidate_std=0.0163, threshold=0.0100."
19839,153,sgd_lr_0_0005,sgd_lr_0_0001,stay,False,high_uncertainty,-0.0006480214264739104,0.01,"Stay because utility uncertainty is too high: current_std=0.0286, candidate_std=0.0290, threshold=0.0100."
19967,154,sgd_lr_0_0005,sgd_lr_0_0001,stay,False,high_uncertainty,0.0007363167482141719,0.01,"Stay because utility uncertainty is too high: current_std=0.0156, candidate_std=0.0138, threshold=0.0100."
20095,155,sgd_lr_0_0005,sgd_lr_0_0001,stay,False,no_candidate_improvement,0.002088052657177042,0.01,"Stay because candidate improvement is not sufficient after LCB comparison: margin=0.0021, threshold=0.0100."
20223,156,sgd_lr_0_0005,sgd_lr_0_001,stay,False,no_candidate_improvement,0.001539389673688718,0.01,"Stay because candidate improvement is not sufficient after LCB comparison: margin=0.0015, threshold=0.0100."
20351,157,sgd_lr_0_0005,sgd_lr_0_001,stay,False,no_candidate_improvement,0.0021610129534438416,0.01,"Stay because candidate improvement is not sufficient after LCB comparison: margin=0.0022, threshold=0.0100."
20479,158,sgd_lr_0_0005,sgd_lr_0_0001,stay,False,high_uncertainty,3.78580688370489e-05,0.01,"Stay because utility uncertainty is too high: current_std=0.0164, candidate_std=0.0183, threshold=0.0100."
20607,159,sgd_lr_0_0005,sgd_lr_0_001,stay,False,high_uncertainty,0.0008367494298658906,0.01,"Stay because utility uncertainty is too high: current_std=0.0407, candidate_std=0.0442, threshold=0.0100."
20735,160,sgd_lr_0_0005,sgd_lr_0_001,stay,False,high_uncertainty,0.006460222670253923,0.01,"Stay because utility uncertainty is too high: current_std=0.0593, candidate_std=0.0615, threshold=0.0100."
20863,161,sgd_lr_0_0005,sgd_lr_0_001,stay,False,high_uncertainty,0.006091836244930926,0.01,"Stay because utility uncertainty is too high: current_std=0.0236, candidate_std=0.0211, threshold=0.0100."
20991,162,sgd_lr_0_0005,sgd_lr_0_001,stay,False,high_uncertainty,6.108576091523599e-05,0.01,"Stay because utility uncertainty is too high: current_std=0.0517, candidate_std=0.0553, threshold=0.0100."
21119,163,sgd_lr_0_0005,sgd_lr_0_0001,stay,False,high_uncertainty,0.0031352376911713,0.01,"Stay because utility uncertainty is too high: current_std=0.0489, candidate_std=0.0469, threshold=0.0100."
21247,164,sgd_lr_0_0005,sgd_lr_0_0001,stay,False,high_uncertainty,0.003674773209209725,0.01,"Stay because utility uncertainty is too high: current_std=0.0210, candidate_std=0.0224, threshold=0.0100."
21375,165,sgd_lr_0_0005,sgd_lr_0_0001,stay,False,high_uncertainty,0.0017732967852921444,0.01,"Stay because utility uncertainty is too high: current_std=0.0109, candidate_std=0.0114, threshold=0.0100."
21503,166,sgd_lr_0_0005,sgd_lr_0_0001,stay,False,high_uncertainty,0.0022099272446847174,0.01,"Stay because utility uncertainty is too high: current_std=0.0347, candidate_std=0.0356, threshold=0.0100."
21631,167,sgd_lr_0_0005,sgd_lr_0_0001,stay,False,high_uncertainty,0.0034249092250309143,0.01,"Stay because utility uncertainty is too high: current_std=0.0189, candidate_std=0.0193, threshold=0.0100."
21759,168,sgd_lr_0_0005,sgd_lr_0_0001,stay,False,no_candidate_improvement,0.0028692214555438023,0.01,"Stay because candidate improvement is not sufficient after LCB comparison: margin=0.0029, threshold=0.0100."
21887,169,sgd_lr_0_0005,sgd_lr_0_0001,stay,False,high_uncertainty,0.00019207975158708201,0.01,"Stay because utility uncertainty is too high: current_std=0.0117, candidate_std=0.0099, threshold=0.0100."
22015,170,sgd_lr_0_0005,sgd_lr_0_001,stay,False,high_uncertainty,0.0012666897070858774,0.01,"Stay because utility uncertainty is too high: current_std=0.0211, candidate_std=0.0227, threshold=0.0100."
22143,171,sgd_lr_0_0005,sgd_lr_0_001,stay,False,high_uncertainty,0.004311831068183225,0.01,"Stay because utility uncertainty is too high: current_std=0.0091, candidate_std=0.0105, threshold=0.0100."
22271,172,sgd_lr_0_0005,sgd_lr_0_001,stay,False,high_uncertainty,0.00510843345109413,0.01,"Stay because utility uncertainty is too high: current_std=0.0126, candidate_std=0.0132, threshold=0.0100."
22399,173,sgd_lr_0_0005,sgd_lr_0_0001,stay,False,high_uncertainty,0.007304543971685007,0.01,"Stay because utility uncertainty is too high: current_std=0.0146, candidate_std=0.0135, threshold=0.0100."
22527,174,sgd_lr_0_0005,sgd_lr_0_0001,stay,False,no_candidate_improvement,0.004527663654902536,0.01,"Stay because candidate improvement is not sufficient after LCB comparison: margin=0.0045, threshold=0.0100."
22655,175,sgd_lr_0_0005,sgd_lr_0_001,stay,False,high_uncertainty,0.003142192018333434,0.01,"Stay because utility uncertainty is too high: current_std=0.0101, candidate_std=0.0121, threshold=0.0100."
22783,176,sgd_lr_0_0005,sgd_lr_0_001,stay,False,high_uncertainty,0.006165691733190037,0.01,"Stay because utility uncertainty is too high: current_std=0.0108, candidate_std=0.0097, threshold=0.0100."
22911,177,sgd_lr_0_0005,sgd_lr_0_001,stay,False,high_uncertainty,0.00473886018646652,0.01,"Stay because utility uncertainty is too high: current_std=0.0234, candidate_std=0.0258, threshold=0.0100."
23039,178,sgd_lr_0_0005,sgd_lr_0_001,stay,False,high_uncertainty,0.0011574357792478729,0.01,"Stay because utility uncertainty is too high: current_std=0.0215, candidate_std=0.0227, threshold=0.0100."
23167,179,sgd_lr_0_0005,sgd_lr_0_001,stay,False,high_uncertainty,-0.0003118708206744092,0.01,"Stay because utility uncertainty is too high: current_std=0.0241, candidate_std=0.0245, threshold=0.0100."
23295,180,sgd_lr_0_0005,sgd_lr_0_0001,stay,False,high_uncertainty,0.0005266641786634274,0.01,"Stay because utility uncertainty is too high: current_std=0.0243, candidate_std=0.0239, threshold=0.0100."
23423,181,sgd_lr_0_0005,sgd_lr_0_001,stay,False,high_uncertainty,0.0027195059428347657,0.01,"Stay because utility uncertainty is too high: current_std=0.0262, candidate_std=0.0291, threshold=0.0100."
23551,182,sgd_lr_0_0005,sgd_lr_0_001,stay,False,high_uncertainty,0.008533869348182677,0.01,"Stay because utility uncertainty is too high: current_std=0.0849, candidate_std=0.0878, threshold=0.0100."
23679,183,sgd_lr_0_0005,sgd_lr_0_001,stay,False,high_uncertainty,0.01043067384056795,0.01,"Stay because utility uncertainty is too high: current_std=0.0605, candidate_std=0.0595, threshold=0.0100."
23807,184,sgd_lr_0_0005,sgd_lr_0_001,stay,False,no_candidate_improvement,0.006868041335753361,0.01,"Stay because candidate improvement is not sufficient after LCB comparison: margin=0.0069, threshold=0.0100."
23935,185,sgd_lr_0_0005,sgd_lr_0_001,stay,False,high_uncertainty,0.0014930339270485815,0.01,"Stay because utility uncertainty is too high: current_std=0.0531, candidate_std=0.0559, threshold=0.0100."
24063,186,sgd_lr_0_0005,sgd_lr_0_0001,stay,False,high_uncertainty,0.002738932962766394,0.01,"Stay because utility uncertainty is too high: current_std=0.0391, candidate_std=0.0389, threshold=0.0100."
24191,187,sgd_lr_0_0005,sgd_lr_0_0001,stay,False,high_uncertainty,0.0017504135007164745,0.01,"Stay because utility uncertainty is too high: current_std=0.0354, candidate_std=0.0342, threshold=0.0100."
24319,188,sgd_lr_0_0005,sgd_lr_0_001,stay,False,high_uncertainty,0.001583121606072213,0.01,"Stay because utility uncertainty is too high: current_std=0.0297, candidate_std=0.0287, threshold=0.0100."
24447,189,sgd_lr_0_0005,sgd_lr_0_0001,stay,False,high_uncertainty,0.0011848535667287052,0.01,"Stay because utility uncertainty is too high: current_std=0.0244, candidate_std=0.0242, threshold=0.0100."
24575,190,sgd_lr_0_0005,sgd_lr_0_0001,stay,False,high_uncertainty,0.0021358602476631017,0.01,"Stay because utility uncertainty is too high: current_std=0.0296, candidate_std=0.0288, threshold=0.0100."
24703,191,sgd_lr_0_0005,sgd_lr_0_001,stay,False,high_uncertainty,0.0033502632082316186,0.01,"Stay because utility uncertainty is too high: current_std=0.0404, candidate_std=0.0433, threshold=0.0100."
24831,192,sgd_lr_0_0005,sgd_lr_0_001,stay,False,high_uncertainty,0.005478414962402867,0.01,"Stay because utility uncertainty is too high: current_std=0.0470, candidate_std=0.0463, threshold=0.0100."
24959,193,sgd_lr_0_0005,sgd_lr_0_001,stay,False,high_uncertainty,0.0015422212985585215,0.01,"Stay because utility uncertainty is too high: current_std=0.0352, candidate_std=0.0384, threshold=0.0100."
25087,194,sgd_lr_0_0005,sgd_lr_0_0001,stay,False,high_uncertainty,0.0054517490091335885,0.01,"Stay because utility uncertainty is too high: current_std=0.0712, candidate_std=0.0689, threshold=0.0100."
25215,195,sgd_lr_0_0005,sgd_lr_0_0001,stay,False,high_uncertainty,0.007302591534959935,0.01,"Stay because utility uncertainty is too high: current_std=0.0488, candidate_std=0.0493, threshold=0.0100."
25343,196,sgd_lr_0_0005,sgd_lr_0_0001,stay,False,high_uncertainty,0.0028191594760017535,0.01,"Stay because utility uncertainty is too high: current_std=0.0213, candidate_std=0.0253, threshold=0.0100."
25471,197,sgd_lr_0_0005,sgd_lr_0_001,stay,False,high_uncertainty,0.0006625575765564218,0.01,"Stay because utility uncertainty is too high: current_std=0.0188, candidate_std=0.0200, threshold=0.0100."
25599,198,sgd_lr_0_0005,sgd_lr_0_0001,stay,False,high_uncertainty,0.0038772414209550243,0.01,"Stay because utility uncertainty is too high: current_std=0.0470, candidate_std=0.0492, threshold=0.0100."
25727,199,sgd_lr_0_0005,sgd_lr_0_0001,stay,False,no_candidate_improvement,0.0011232036615107521,0.01,"Stay because candidate improvement is not sufficient after LCB comparison: margin=0.0011, threshold=0.0100."
25855,200,sgd_lr_0_0005,sgd_lr_0_001,stay,False,high_uncertainty,0.0021584019444713665,0.01,"Stay because utility uncertainty is too high: current_std=0.0326, candidate_std=0.0340, threshold=0.0100."
25983,201,sgd_lr_0_0005,sgd_lr_0_001,stay,False,high_uncertainty,0.0031630747377187074,0.01,"Stay because utility uncertainty is too high: current_std=0.0537, candidate_std=0.0533, threshold=0.0100."
26111,202,sgd_lr_0_0005,sgd_lr_0_001,stay,False,high_uncertainty,0.0025323262748006004,0.01,"Stay because utility uncertainty is too high: current_std=0.0173, candidate_std=0.0175, threshold=0.0100."
26239,203,sgd_lr_0_0005,sgd_lr_0_001,stay,False,high_uncertainty,0.003238300482206302,0.01,"Stay because utility uncertainty is too high: current_std=0.0601, candidate_std=0.0592, threshold=0.0100."
26367,204,sgd_lr_0_0005,sgd_lr_0_001,stay,False,high_uncertainty,0.003898826251092391,0.01,"Stay because utility uncertainty is too high: current_std=0.0358, candidate_std=0.0361, threshold=0.0100."
26495,205,sgd_lr_0_0005,sgd_lr_0_001,stay,False,no_candidate_improvement,0.001756170611043495,0.01,"Stay because candidate improvement is not sufficient after LCB comparison: margin=0.0018, threshold=0.0100."
26623,206,sgd_lr_0_0005,sgd_lr_0_0001,stay,False,high_uncertainty,0.001959915903161802,0.01,"Stay because utility uncertainty is too high: current_std=0.0138, candidate_std=0.0128, threshold=0.0100."
26751,207,sgd_lr_0_0005,sgd_lr_0_0001,stay,False,high_uncertainty,0.002660172380435588,0.01,"Stay because utility uncertainty is too high: current_std=0.0220, candidate_std=0.0223, threshold=0.0100."
26879,208,sgd_lr_0_0005,sgd_lr_0_0001,stay,False,no_candidate_improvement,0.0011514710446471899,0.01,"Stay because candidate improvement is not sufficient after LCB comparison: margin=0.0012, threshold=0.0100."
27007,209,sgd_lr_0_0005,sgd_lr_0_001,stay,False,no_candidate_improvement,-0.0008450292881706511,0.01,"Stay because candidate improvement is not sufficient after LCB comparison: margin=-0.0008, threshold=0.0100."
27135,210,sgd_lr_0_0005,sgd_lr_0_001,stay,False,no_candidate_improvement,0.0016508008722844192,0.01,"Stay because candidate improvement is not sufficient after LCB comparison: margin=0.0017, threshold=0.0100."
27263,211,sgd_lr_0_0005,sgd_lr_0_001,stay,False,high_uncertainty,0.0030055889590546725,0.01,"Stay because utility uncertainty is too high: current_std=0.0484, candidate_std=0.0488, threshold=0.0100."
27391,212,sgd_lr_0_0005,sgd_lr_0_001,stay,False,high_uncertainty,0.003615941893183261,0.01,"Stay because utility uncertainty is too high: current_std=0.0467, candidate_std=0.0469, threshold=0.0100."
27519,213,sgd_lr_0_0005,sgd_lr_0_0001,stay,False,high_uncertainty,0.012718845589371086,0.01,"Stay because utility uncertainty is too high: current_std=0.0258, candidate_std=0.0280, threshold=0.0100."
27647,214,sgd_lr_0_0005,sgd_lr_0_0001,stay,False,high_uncertainty,0.01004457832007355,0.01,"Stay because utility uncertainty is too high: current_std=0.0193, candidate_std=0.0144, threshold=0.0100."
27775,215,sgd_lr_0_0005,sgd_lr_0_0001,stay,False,high_uncertainty,0.002531543153208693,0.01,"Stay because utility uncertainty is too high: current_std=0.0376, candidate_std=0.0402, threshold=0.0100."
27903,216,sgd_lr_0_0005,sgd_lr_0_001,stay,False,high_uncertainty,0.0011541194651578657,0.01,"Stay because utility uncertainty is too high: current_std=0.0345, candidate_std=0.0336, threshold=0.0100."
28031,217,sgd_lr_0_0005,sgd_lr_0_0001,stay,False,high_uncertainty,-0.0005529843229088449,0.01,"Stay because utility uncertainty is too high: current_std=0.0132, candidate_std=0.0098, threshold=0.0100."
28159,218,sgd_lr_0_0005,sgd_lr_0_0001,stay,False,high_uncertainty,0.002549119795720367,0.01,"Stay because utility uncertainty is too high: current_std=0.0357, candidate_std=0.0359, threshold=0.0100."
28287,219,sgd_lr_0_0005,sgd_lr_0_0001,stay,False,high_uncertainty,-0.0010827229181040732,0.01,"Stay because utility uncertainty is too high: current_std=0.0100, candidate_std=0.0134, threshold=0.0100."
28415,220,sgd_lr_0_0005,sgd_lr_0_001,stay,False,high_uncertainty,0.0006886649344031159,0.01,"Stay because utility uncertainty is too high: current_std=0.0405, candidate_std=0.0402, threshold=0.0100."
28543,221,sgd_lr_0_0005,sgd_lr_0_0001,stay,False,high_uncertainty,0.0036371295358730293,0.01,"Stay because utility uncertainty is too high: current_std=0.0200, candidate_std=0.0236, threshold=0.0100."
28671,222,sgd_lr_0_0005,sgd_lr_0_0001,stay,False,high_uncertainty,0.004701375981301048,0.01,"Stay because utility uncertainty is too high: current_std=0.0147, candidate_std=0.0172, threshold=0.0100."
28799,223,sgd_lr_0_0005,sgd_lr_0_0001,stay,False,high_uncertainty,-0.00013454928668199528,0.01,"Stay because utility uncertainty is too high: current_std=0.0208, candidate_std=0.0231, threshold=0.0100."
28927,224,sgd_lr_0_0005,sgd_lr_0_001,stay,False,no_candidate_improvement,0.00039438504881528225,0.01,"Stay because candidate improvement is not sufficient after LCB comparison: margin=0.0004, threshold=0.0100."
29055,225,sgd_lr_0_0005,sgd_lr_0_001,stay,False,high_uncertainty,0.0020001698570455417,0.01,"Stay because utility uncertainty is too high: current_std=0.0507, candidate_std=0.0528, threshold=0.0100."
29183,226,sgd_lr_0_0005,sgd_lr_0_001,stay,False,high_uncertainty,0.003769013826104506,0.01,"Stay because utility uncertainty is too high: current_std=0.0423, candidate_std=0.0419, threshold=0.0100."
29311,227,sgd_lr_0_0005,sgd_lr_0_001,stay,False,no_candidate_improvement,0.001853425204451753,0.01,"Stay because candidate improvement is not sufficient after LCB comparison: margin=0.0019, threshold=0.0100."
29439,228,sgd_lr_0_0005,sgd_lr_0_0001,stay,False,no_candidate_improvement,0.006638705066730477,0.01,"Stay because candidate improvement is not sufficient after LCB comparison: margin=0.0066, threshold=0.0100."
29567,229,sgd_lr_0_0005,sgd_lr_0_0001,switch,True,switch_advantage,0.011265190877823739,0.01,Switch because candidate LCB exceeds current LCB beyond the decision threshold: 0.7563 - 0.7450 = 0.0113 > 0.0100.
29695,230,sgd_lr_0_0001,sgd_lr_0_0005,stay,False,high_uncertainty,-0.008793155699466038,0.01,"Stay because utility uncertainty is too high: current_std=0.0423, candidate_std=0.0392, threshold=0.0100."
29823,231,sgd_lr_0_0001,sgd_lr_0_0005,stay,False,high_uncertainty,-0.003367338830690292,0.01,"Stay because utility uncertainty is too high: current_std=0.0345, candidate_std=0.0322, threshold=0.0100."
29951,232,sgd_lr_0_0001,sgd_lr_0_001,stay,False,no_candidate_improvement,0.00039923668068442275,0.01,"Stay because candidate improvement is not sufficient after LCB comparison: margin=0.0004, threshold=0.0100."
30079,233,sgd_lr_0_0001,sgd_lr_0_0005,stay,False,no_candidate_improvement,-0.0012625328446840278,0.01,"Stay because candidate improvement is not sufficient after LCB comparison: margin=-0.0013, threshold=0.0100."
30207,234,sgd_lr_0_0001,sgd_lr_0_0005,stay,False,high_uncertainty,-0.0026167106799049877,0.01,"Stay because utility uncertainty is too high: current_std=0.0135, candidate_std=0.0134, threshold=0.0100."
30335,235,sgd_lr_0_0001,sgd_lr_0_0005,stay,False,high_uncertainty,-0.003007403595816749,0.01,"Stay because utility uncertainty is too high: current_std=0.0208, candidate_std=0.0205, threshold=0.0100."
30463,236,sgd_lr_0_0001,sgd_lr_0_001,stay,False,high_uncertainty,-0.0013897898816079834,0.01,"Stay because utility uncertainty is too high: current_std=0.0185, candidate_std=0.0158, threshold=0.0100."
30591,237,sgd_lr_0_0001,sgd_lr_0_001,stay,False,high_uncertainty,0.007861415449683329,0.01,"Stay because utility uncertainty is too high: current_std=0.0091, candidate_std=0.0158, threshold=0.0100."
30719,238,sgd_lr_0_0001,sgd_lr_0_001,stay,False,high_uncertainty,0.025644952865368942,0.01,"Stay because utility uncertainty is too high: current_std=0.0541, candidate_std=0.0652, threshold=0.0100."
30847,239,sgd_lr_0_0001,sgd_lr_0_001,stay,False,high_uncertainty,0.032007704813054705,0.01,"Stay because utility uncertainty is too high: current_std=0.0244, candidate_std=0.0196, threshold=0.0100."
30975,240,sgd_lr_0_0001,sgd_lr_0_001,stay,False,high_uncertainty,0.014524292905600644,0.01,"Stay because utility uncertainty is too high: current_std=0.0052, candidate_std=0.0179, threshold=0.0100."
31103,241,sgd_lr_0_0001,sgd_lr_0_001,stay,False,high_uncertainty,0.0016093092672709863,0.01,"Stay because utility uncertainty is too high: current_std=0.0158, candidate_std=0.0161, threshold=0.0100."
31231,242,sgd_lr_0_0001,sgd_lr_0_0005,stay,False,high_uncertainty,7.430655673434927e-05,0.01,"Stay because utility uncertainty is too high: current_std=0.0245, candidate_std=0.0253, threshold=0.0100."
31359,243,sgd_lr_0_0001,sgd_lr_0_0005,stay,False,high_uncertainty,-0.0014230139891505678,0.01,"Stay because utility uncertainty is too high: current_std=0.0347, candidate_std=0.0353, threshold=0.0100."
31487,244,sgd_lr_0_0001,sgd_lr_0_0005,stay,False,no_candidate_improvement,-0.0013726961255904335,0.01,"Stay because candidate improvement is not sufficient after LCB comparison: margin=-0.0014, threshold=0.0100."
31615,245,sgd_lr_0_0001,sgd_lr_0_0005,stay,False,high_uncertainty,0.00011943408860348725,0.01,"Stay because utility uncertainty is too high: current_std=0.0215, candidate_std=0.0223, threshold=0.0100."
31743,246,sgd_lr_0_0001,sgd_lr_0_0005,stay,False,no_candidate_improvement,3.209224075484407e-06,0.01,"Stay because candidate improvement is not sufficient after LCB comparison: margin=0.0000, threshold=0.0100."
31871,247,sgd_lr_0_0001,sgd_lr_0_0005,stay,False,high_uncertainty,-0.0012098746912551084,0.01,"Stay because utility uncertainty is too high: current_std=0.0508, candidate_std=0.0511, threshold=0.0100."
31999,248,sgd_lr_0_0001,sgd_lr_0_0005,stay,False,high_uncertainty,-0.000997790762462536,0.01,"Stay because utility uncertainty is too high: current_std=0.0512, candidate_std=0.0507, threshold=0.0100."
32127,249,sgd_lr_0_0001,sgd_lr_0_0005,stay,False,high_uncertainty,-0.0005589871821652936,0.01,"Stay because utility uncertainty is too high: current_std=0.0241, candidate_std=0.0240, threshold=0.0100."
32255,250,sgd_lr_0_0001,sgd_lr_0_0005,stay,False,high_uncertainty,-0.0022975975784329528,0.01,"Stay because utility uncertainty is too high: current_std=0.0257, candidate_std=0.0240, threshold=0.0100."
32383,251,sgd_lr_0_0001,sgd_lr_0_0005,stay,False,no_candidate_improvement,-0.0026240205540570827,0.01,"Stay because candidate improvement is not sufficient after LCB comparison: margin=-0.0026, threshold=0.0100."
32511,252,sgd_lr_0_0001,sgd_lr_0_001,stay,False,high_uncertainty,0.00530980404740844,0.01,"Stay because utility uncertainty is too high: current_std=0.0079, candidate_std=0.0151, threshold=0.0100."
32639,253,sgd_lr_0_0001,sgd_lr_0_001,stay,False,high_uncertainty,0.014995490347113782,0.01,"Stay because utility uncertainty is too high: current_std=0.0210, candidate_std=0.0235, threshold=0.0100."
32767,254,sgd_lr_0_0001,sgd_lr_0_001,stay,False,high_uncertainty,0.0127865025357079,0.01,"Stay because utility uncertainty is too high: current_std=0.0222, candidate_std=0.0175, threshold=0.0100."
32895,255,sgd_lr_0_0001,sgd_lr_0_001,stay,False,high_uncertainty,0.00039452707814491284,0.01,"Stay because utility uncertainty is too high: current_std=0.0354, candidate_std=0.0277, threshold=0.0100."
33023,256,sgd_lr_0_0001,sgd_lr_0_0005,stay,False,no_candidate_improvement,-0.002166495506433108,0.01,"Stay because candidate improvement is not sufficient after LCB comparison: margin=-0.0022, threshold=0.0100."
33151,257,sgd_lr_0_0001,sgd_lr_0_0005,stay,False,high_uncertainty,-0.0015903654586322258,0.01,"Stay because utility uncertainty is too high: current_std=0.0439, candidate_std=0.0452, threshold=0.0100."
33279,258,sgd_lr_0_0001,sgd_lr_0_0005,stay,False,high_uncertainty,-0.004264641870391106,0.01,"Stay because utility uncertainty is too high: current_std=0.0453, candidate_std=0.0466, threshold=0.0100."
33407,259,sgd_lr_0_0001,sgd_lr_0_0005,stay,False,high_uncertainty,-0.003220471294005822,0.01,"Stay because utility uncertainty is too high: current_std=0.0168, candidate_std=0.0144, threshold=0.0100."
33535,260,sgd_lr_0_0001,sgd_lr_0_001,stay,False,high_uncertainty,-0.0005025853684591519,0.01,"Stay because utility uncertainty is too high: current_std=0.0115, candidate_std=0.0116, threshold=0.0100."
33663,261,sgd_lr_0_0001,sgd_lr_0_001,stay,False,no_candidate_improvement,-0.0010801793823939088,0.01,"Stay because candidate improvement is not sufficient after LCB comparison: margin=-0.0011, threshold=0.0100."
33791,262,sgd_lr_0_0001,sgd_lr_0_001,stay,False,high_uncertainty,-0.001891733001963214,0.01,"Stay because utility uncertainty is too high: current_std=0.0106, candidate_std=0.0107, threshold=0.0100."
33919,263,sgd_lr_0_0001,sgd_lr_0_0005,stay,False,high_uncertainty,-0.08825874520217725,0.01,"Stay because utility uncertainty is too high: current_std=0.0037, candidate_std=0.0900, threshold=0.0100."
34047,264,sgd_lr_0_0001,sgd_lr_0_0005,stay,False,high_uncertainty,-0.35942279222669565,0.01,"Stay because utility uncertainty is too high: current_std=0.0534, candidate_std=0.1315, threshold=0.0100."
34175,265,sgd_lr_0_0001,sgd_lr_0_0005,stay,False,high_uncertainty,-0.6390505246932101,0.01,"Stay because utility uncertainty is too high: current_std=0.0460, candidate_std=0.0487, threshold=0.0100."
34303,266,sgd_lr_0_0001,sgd_lr_0_0005,stay,False,high_uncertainty,-0.7209007174561004,0.01,"Stay because utility uncertainty is too high: current_std=0.0126, candidate_std=0.0003, threshold=0.0100."
34431,267,sgd_lr_0_0001,sgd_lr_0_0005,stay,False,no_candidate_improvement,-0.7075543010954134,0.01,"Stay because candidate improvement is not sufficient after LCB comparison: margin=-0.7076, threshold=0.0100."
34559,268,sgd_lr_0_0001,sgd_lr_0_0005,stay,False,high_uncertainty,-0.6508058893344524,0.01,"Stay because utility uncertainty is too high: current_std=0.0560, candidate_std=0.0003, threshold=0.0100."
34687,269,sgd_lr_0_0001,sgd_lr_0_0005,stay,False,high_uncertainty,-0.5495763356569496,0.01,"Stay because utility uncertainty is too high: current_std=0.0450, candidate_std=0.0001, threshold=0.0100."
34815,270,sgd_lr_0_0001,sgd_lr_0_0005,stay,False,high_uncertainty,-0.576496028116218,0.01,"Stay because utility uncertainty is too high: current_std=0.0749, candidate_std=0.0031, threshold=0.0100."
34943,271,sgd_lr_0_0001,sgd_lr_0_0005,stay,False,high_uncertainty,-0.6830708603465206,0.01,"Stay because utility uncertainty is too high: current_std=0.0339, candidate_std=0.0008, threshold=0.0100."
35071,272,sgd_lr_0_0001,sgd_lr_0_0005,stay,False,high_uncertainty,-0.7005108649029028,0.01,"Stay because utility uncertainty is too high: current_std=0.0194, candidate_std=0.0021, threshold=0.0100."
35199,273,sgd_lr_0_0001,sgd_lr_0_0005,stay,False,high_uncertainty,-0.695990327536247,0.01,"Stay because utility uncertainty is too high: current_std=0.0131, candidate_std=0.0003, threshold=0.0100."
35327,274,sgd_lr_0_0001,sgd_lr_0_0005,stay,False,high_uncertainty,-0.685465239683854,0.01,"Stay because utility uncertainty is too high: current_std=0.0226, candidate_std=0.0007, threshold=0.0100."
35455,275,sgd_lr_0_0001,sgd_lr_0_0005,stay,False,high_uncertainty,-0.6395103164109828,0.01,"Stay because utility uncertainty is too high: current_std=0.0167, candidate_std=0.0060, threshold=0.0100."
35583,276,sgd_lr_0_0001,sgd_lr_0_0005,stay,False,high_uncertainty,-0.6291485896391413,0.01,"Stay because utility uncertainty is too high: current_std=0.0110, candidate_std=0.0013, threshold=0.0100."
35711,277,sgd_lr_0_0001,sgd_lr_0_0005,stay,False,high_uncertainty,-0.6349836375343478,0.01,"Stay because utility uncertainty is too high: current_std=0.0133, candidate_std=0.0068, threshold=0.0100."
35839,278,sgd_lr_0_0001,sgd_lr_0_0005,stay,False,high_uncertainty,-0.6529169048261494,0.01,"Stay because utility uncertainty is too high: current_std=0.0243, candidate_std=0.0001, threshold=0.0100."
35967,279,sgd_lr_0_0001,sgd_lr_0_0005,stay,False,no_candidate_improvement,-0.6806608917696094,0.01,"Stay because candidate improvement is not sufficient after LCB comparison: margin=-0.6807, threshold=0.0100."
36095,280,sgd_lr_0_0001,sgd_lr_0_0005,stay,False,high_uncertainty,-0.6457262509030944,0.01,"Stay because utility uncertainty is too high: current_std=0.0393, candidate_std=0.0010, threshold=0.0100."
36223,281,sgd_lr_0_0001,sgd_lr_0_0005,stay,False,high_uncertainty,-0.5893679022661498,0.01,"Stay because utility uncertainty is too high: current_std=0.0182, candidate_std=0.0002, threshold=0.0100."
36351,282,sgd_lr_0_0001,sgd_lr_0_0005,stay,False,no_candidate_improvement,-0.5567693594689835,0.01,"Stay because candidate improvement is not sufficient after LCB comparison: margin=-0.5568, threshold=0.0100."
36479,283,sgd_lr_0_0001,sgd_lr_0_0005,stay,False,high_uncertainty,-0.5253171788525293,0.01,"Stay because utility uncertainty is too high: current_std=0.0044, candidate_std=0.0125, threshold=0.0100."
36607,284,sgd_lr_0_0001,sgd_lr_0_0005,stay,False,high_uncertainty,-0.504686085230708,0.01,"Stay because utility uncertainty is too high: current_std=0.0126, candidate_std=0.0089, threshold=0.0100."
36735,285,sgd_lr_0_0001,sgd_lr_0_0005,stay,False,high_uncertainty,-0.5086088416901422,0.01,"Stay because utility uncertainty is too high: current_std=0.0110, candidate_std=0.0033, threshold=0.0100."
36863,286,sgd_lr_0_0001,sgd_lr_0_0005,stay,False,high_uncertainty,-0.5627926556243783,0.01,"Stay because utility uncertainty is too high: current_std=0.0478, candidate_std=0.0013, threshold=0.0100."
36991,287,sgd_lr_0_0001,sgd_lr_0_0005,stay,False,high_uncertainty,-0.6668414233131337,0.01,"Stay because utility uncertainty is too high: current_std=0.0439, candidate_std=0.0136, threshold=0.0100."
37119,288,sgd_lr_0_0001,sgd_lr_0_0005,stay,False,high_uncertainty,-0.7669712485146585,0.01,"Stay because utility uncertainty is too high: current_std=0.0413, candidate_std=0.0013, threshold=0.0100."
37247,289,sgd_lr_0_0001,sgd_lr_0_0005,stay,False,high_uncertainty,-0.8427174775611554,0.01,"Stay because utility uncertainty is too high: current_std=0.0313, candidate_std=0.0018, threshold=0.0100."
37375,290,sgd_lr_0_0001,sgd_lr_0_0005,stay,False,no_candidate_improvement,-0.8832352644713868,0.01,"Stay because candidate improvement is not sufficient after LCB comparison: margin=-0.8832, threshold=0.0100."
37503,291,sgd_lr_0_0001,sgd_lr_0_0005,stay,False,no_candidate_improvement,-0.8887662851911613,0.01,"Stay because candidate improvement is not sufficient after LCB comparison: margin=-0.8888, threshold=0.0100."
37631,292,sgd_lr_0_0001,sgd_lr_0_0005,stay,False,high_uncertainty,-0.8356464118123151,0.01,"Stay because utility uncertainty is too high: current_std=0.0489, candidate_std=0.0024, threshold=0.0100."
37759,293,sgd_lr_0_0001,sgd_lr_0_0005,stay,False,high_uncertainty,-0.7205590495364995,0.01,"Stay because utility uncertainty is too high: current_std=0.0632, candidate_std=0.0006, threshold=0.0100."
37887,294,sgd_lr_0_0001,sgd_lr_0_0005,stay,False,high_uncertainty,-0.6299953838249148,0.01,"Stay because utility uncertainty is too high: current_std=0.0291, candidate_std=0.0024, threshold=0.0100."
38015,295,sgd_lr_0_0001,sgd_lr_0_0005,stay,False,high_uncertainty,-0.5769537642464296,0.01,"Stay because utility uncertainty is too high: current_std=0.0267, candidate_std=0.0004, threshold=0.0100."
38143,296,sgd_lr_0_0001,sgd_lr_0_0005,stay,False,high_uncertainty,-0.5360812304997215,0.01,"Stay because utility uncertainty is too high: current_std=0.0109, candidate_std=0.0037, threshold=0.0100."
38271,297,sgd_lr_0_0001,sgd_lr_0_0005,stay,False,high_uncertainty,-0.5320888991306469,0.01,"Stay because utility uncertainty is too high: current_std=0.0111, candidate_std=0.0005, threshold=0.0100."
38399,298,sgd_lr_0_0001,sgd_lr_0_0005,stay,False,no_candidate_improvement,-0.5517847786487553,0.01,"Stay because candidate improvement is not sufficient after LCB comparison: margin=-0.5518, threshold=0.0100."
38527,299,sgd_lr_0_0001,sgd_lr_0_0005,stay,False,no_candidate_improvement,-0.5640159443593266,0.01,"Stay because candidate improvement is not sufficient after LCB comparison: margin=-0.5640, threshold=0.0100."
38655,300,sgd_lr_0_0001,sgd_lr_0_0005,stay,False,high_uncertainty,-0.5957798877715398,0.01,"Stay because utility uncertainty is too high: current_std=0.0283, candidate_std=0.0003, threshold=0.0100."
38783,301,sgd_lr_0_0001,sgd_lr_0_0005,stay,False,high_uncertainty,-0.6436254855726922,0.01,"Stay because utility uncertainty is too high: current_std=0.0188, candidate_std=0.0004, threshold=0.0100."
38911,302,sgd_lr_0_0001,sgd_lr_0_0005,stay,False,high_uncertainty,-0.6731421587980232,0.01,"Stay because utility uncertainty is too high: current_std=0.0116, candidate_std=0.0012, threshold=0.0100."
39039,303,sgd_lr_0_0001,sgd_lr_0_0005,stay,False,high_uncertainty,-0.7186115161232162,0.01,"Stay because utility uncertainty is too high: current_std=0.0280, candidate_std=0.0071, threshold=0.0100."
39167,304,sgd_lr_0_0001,sgd_lr_0_0005,stay,False,no_candidate_improvement,-0.764440252253938,0.01,"Stay because candidate improvement is not sufficient after LCB comparison: margin=-0.7644, threshold=0.0100."
39295,305,sgd_lr_0_0001,sgd_lr_0_0005,stay,False,no_candidate_improvement,-0.7766805549125178,0.01,"Stay because candidate improvement is not sufficient after LCB comparison: margin=-0.7767, threshold=0.0100."
39423,306,sgd_lr_0_0001,sgd_lr_0_0005,stay,False,no_candidate_improvement,-0.7734689922621539,0.01,"Stay because candidate improvement is not sufficient after LCB comparison: margin=-0.7735, threshold=0.0100."
39551,307,sgd_lr_0_0001,sgd_lr_0_0005,stay,False,high_uncertainty,-0.7550332507310971,0.01,"Stay because utility uncertainty is too high: current_std=0.0139, candidate_std=0.0002, threshold=0.0100."
39679,308,sgd_lr_0_0001,sgd_lr_0_0005,stay,False,no_candidate_improvement,-0.7434564394769565,0.01,"Stay because candidate improvement is not sufficient after LCB comparison: margin=-0.7435, threshold=0.0100."
39807,309,sgd_lr_0_0001,sgd_lr_0_0005,stay,False,high_uncertainty,-0.7015681063673911,0.01,"Stay because utility uncertainty is too high: current_std=0.0309, candidate_std=0.0131, threshold=0.0100."
39935,310,sgd_lr_0_0001,sgd_lr_0_0005,stay,False,high_uncertainty,-0.6111551193437635,0.01,"Stay because utility uncertainty is too high: current_std=0.0466, candidate_std=0.0001, threshold=0.0100."
40063,311,sgd_lr_0_0001,sgd_lr_0_0005,stay,False,high_uncertainty,-0.5777408128839634,0.01,"Stay because utility uncertainty is too high: current_std=0.0009, candidate_std=0.0121, threshold=0.0100."
40191,312,sgd_lr_0_0001,sgd_lr_0_0005,stay,False,high_uncertainty,-0.5791758022956425,0.01,"Stay because utility uncertainty is too high: current_std=0.0114, candidate_std=0.0002, threshold=0.0100."
40319,313,sgd_lr_0_0001,sgd_lr_0_0005,stay,False,high_uncertainty,-0.546040146387451,0.01,"Stay because utility uncertainty is too high: current_std=0.0210, candidate_std=0.0006, threshold=0.0100."
40447,314,sgd_lr_0_0001,sgd_lr_0_0005,stay,False,no_candidate_improvement,-0.532533028900589,0.01,"Stay because candidate improvement is not sufficient after LCB comparison: margin=-0.5325, threshold=0.0100."
40575,315,sgd_lr_0_0001,sgd_lr_0_0005,stay,False,high_uncertainty,-0.5602165348741175,0.01,"Stay because utility uncertainty is too high: current_std=0.0200, candidate_std=0.0003, threshold=0.0100."
40703,316,sgd_lr_0_0001,sgd_lr_0_0005,stay,False,high_uncertainty,-0.5894035442452542,0.01,"Stay because utility uncertainty is too high: current_std=0.0270, candidate_std=0.0175, threshold=0.0100."
40831,317,sgd_lr_0_0001,sgd_lr_0_0005,stay,False,high_uncertainty,-0.6218827523760354,0.01,"Stay because utility uncertainty is too high: current_std=0.0248, candidate_std=0.0019, threshold=0.0100."
40959,318,sgd_lr_0_0001,sgd_lr_0_0005,stay,False,high_uncertainty,-0.6753737763489751,0.01,"Stay because utility uncertainty is too high: current_std=0.0186, candidate_std=0.0120, threshold=0.0100."
41087,319,sgd_lr_0_0001,sgd_lr_0_0005,stay,False,high_uncertainty,-0.7223223247704672,0.01,"Stay because utility uncertainty is too high: current_std=0.0146, candidate_std=0.0017, threshold=0.0100."
41215,320,sgd_lr_0_0001,sgd_lr_0_0005,stay,False,no_candidate_improvement,-0.7381283967054599,0.01,"Stay because candidate improvement is not sufficient after LCB comparison: margin=-0.7381, threshold=0.0100."
41343,321,sgd_lr_0_0001,sgd_lr_0_0005,stay,False,high_uncertainty,-0.7225008273531328,0.01,"Stay because utility uncertainty is too high: current_std=0.0165, candidate_std=0.0014, threshold=0.0100."
41471,322,sgd_lr_0_0001,sgd_lr_0_0005,stay,False,no_candidate_improvement,-0.7171328610473942,0.01,"Stay because candidate improvement is not sufficient after LCB comparison: margin=-0.7171, threshold=0.0100."
41599,323,sgd_lr_0_0001,sgd_lr_0_0005,stay,False,no_candidate_improvement,-0.7260422477234417,0.01,"Stay because candidate improvement is not sufficient after LCB comparison: margin=-0.7260, threshold=0.0100."
41727,324,sgd_lr_0_0001,sgd_lr_0_0005,stay,False,high_uncertainty,-0.7051449897800369,0.01,"Stay because utility uncertainty is too high: current_std=0.0198, candidate_std=0.0003, threshold=0.0100."
41855,325,sgd_lr_0_0001,sgd_lr_0_0005,stay,False,high_uncertainty,-0.6678312703990121,0.01,"Stay because utility uncertainty is too high: current_std=0.0173, candidate_std=0.0001, threshold=0.0100."
41983,326,sgd_lr_0_0001,sgd_lr_0_0005,stay,False,high_uncertainty,-0.6617277038043797,0.01,"Stay because utility uncertainty is too high: current_std=0.0157, candidate_std=0.0046, threshold=0.0100."
42111,327,sgd_lr_0_0001,sgd_lr_0_0005,stay,False,high_uncertainty,-0.7013361345785124,0.01,"Stay because utility uncertainty is too high: current_std=0.0305, candidate_std=0.0019, threshold=0.0100."
42239,328,sgd_lr_0_0001,sgd_lr_0_0005,stay,False,high_uncertainty,-0.7541263860240444,0.01,"Stay because utility uncertainty is too high: current_std=0.0222, candidate_std=0.0020, threshold=0.0100."
42367,329,sgd_lr_0_0001,sgd_lr_0_0005,stay,False,high_uncertainty,-0.7562510685769955,0.01,"Stay because utility uncertainty is too high: current_std=0.0242, candidate_std=0.0021, threshold=0.0100."
42495,330,sgd_lr_0_0001,sgd_lr_0_0005,stay,False,high_uncertainty,-0.7181802418694408,0.01,"Stay because utility uncertainty is too high: current_std=0.0181, candidate_std=0.0022, threshold=0.0100."
42623,331,sgd_lr_0_0001,sgd_lr_0_0005,stay,False,high_uncertainty,-0.7380155052413895,0.01,"Stay because utility uncertainty is too high: current_std=0.0356, candidate_std=0.0002, threshold=0.0100."
42751,332,sgd_lr_0_0001,sgd_lr_0_0005,stay,False,high_uncertainty,-0.7897505709523768,0.01,"Stay because utility uncertainty is too high: current_std=0.0154, candidate_std=0.0005, threshold=0.0100."
42879,333,sgd_lr_0_0001,sgd_lr_0_0005,stay,False,high_uncertainty,-0.8188114339294115,0.01,"Stay because utility uncertainty is too high: current_std=0.0127, candidate_std=0.0004, threshold=0.0100."
43007,334,sgd_lr_0_0001,sgd_lr_0_0005,stay,False,no_candidate_improvement,-0.8374556438553857,0.01,"Stay because candidate improvement is not sufficient after LCB comparison: margin=-0.8375, threshold=0.0100."
43135,335,sgd_lr_0_0001,sgd_lr_0_0005,stay,False,high_uncertainty,-0.7980382864744677,0.01,"Stay because utility uncertainty is too high: current_std=0.0449, candidate_std=0.0000, threshold=0.0100."
43263,336,sgd_lr_0_0001,sgd_lr_0_0005,stay,False,high_uncertainty,-0.6959322780518995,0.01,"Stay because utility uncertainty is too high: current_std=0.0575, candidate_std=0.0003, threshold=0.0100."
43391,337,sgd_lr_0_0001,sgd_lr_0_0005,stay,False,high_uncertainty,-0.5811498301567456,0.01,"Stay because utility uncertainty is too high: current_std=0.0569, candidate_std=0.0007, threshold=0.0100."
43519,338,sgd_lr_0_0001,sgd_lr_0_0005,stay,False,high_uncertainty,-0.49431647100031606,0.01,"Stay because utility uncertainty is too high: current_std=0.0267, candidate_std=0.0025, threshold=0.0100."
43647,339,sgd_lr_0_0001,sgd_lr_0_0005,stay,False,high_uncertainty,-0.5448942943501364,0.01,"Stay because utility uncertainty is too high: current_std=0.0791, candidate_std=0.0006, threshold=0.0100."
43775,340,sgd_lr_0_0001,sgd_lr_0_0005,stay,False,high_uncertainty,-0.707039761684586,0.01,"Stay because utility uncertainty is too high: current_std=0.0796, candidate_std=0.0028, threshold=0.0100."
43903,341,sgd_lr_0_0001,sgd_lr_0_0005,stay,False,no_candidate_improvement,-0.7797680458466322,0.01,"Stay because candidate improvement is not sufficient after LCB comparison: margin=-0.7798, threshold=0.0100."
44031,342,sgd_lr_0_0001,sgd_lr_0_0005,stay,False,high_uncertainty,-0.7038436629295864,0.01,"Stay because utility uncertainty is too high: current_std=0.0646, candidate_std=0.0017, threshold=0.0100."
44159,343,sgd_lr_0_0001,sgd_lr_0_0005,stay,False,high_uncertainty,-0.5994068891858652,0.01,"Stay because utility uncertainty is too high: current_std=0.0382, candidate_std=0.0000, threshold=0.0100."
44287,344,sgd_lr_0_0001,sgd_lr_0_0005,stay,False,high_uncertainty,-0.5372905340628894,0.01,"Stay because utility uncertainty is too high: current_std=0.0246, candidate_std=0.0007, threshold=0.0100."
44415,345,sgd_lr_0_0001,sgd_lr_0_0005,stay,False,high_uncertainty,-0.49678974744420334,0.01,"Stay because utility uncertainty is too high: current_std=0.0165, candidate_std=0.0001, threshold=0.0100."
44543,346,sgd_lr_0_0001,sgd_lr_0_0005,stay,False,no_candidate_improvement,-0.48858095578122457,0.01,"Stay because candidate improvement is not sufficient after LCB comparison: margin=-0.4886, threshold=0.0100."
44671,347,sgd_lr_0_0001,sgd_lr_0_0005,stay,False,high_uncertainty,-0.5363882467327272,0.01,"Stay because utility uncertainty is too high: current_std=0.0396, candidate_std=0.0002, threshold=0.0100."
44799,348,sgd_lr_0_0001,sgd_lr_0_0005,stay,False,high_uncertainty,-0.6497719910289349,0.01,"Stay because utility uncertainty is too high: current_std=0.0754, candidate_std=0.0015, threshold=0.0100."
44927,349,sgd_lr_0_0001,sgd_lr_0_0005,stay,False,high_uncertainty,-0.7396167785983014,0.01,"Stay because utility uncertainty is too high: current_std=0.0157, candidate_std=0.0003, threshold=0.0100."
45055,350,sgd_lr_0_0001,sgd_lr_0_0005,stay,False,high_uncertainty,-0.7443259258265595,0.01,"Stay because utility uncertainty is too high: current_std=0.0126, candidate_std=0.0014, threshold=0.0100."
45183,351,sgd_lr_0_0001,sgd_lr_0_0005,stay,False,high_uncertainty,-0.7491140771573308,0.01,"Stay because utility uncertainty is too high: current_std=0.0159, candidate_std=0.0001, threshold=0.0100."
45311,352,sgd_lr_0_0001,sgd_lr_0_0005,stay,False,high_uncertainty,-0.7481868819809043,0.01,"Stay because utility uncertainty is too high: current_std=0.0122, candidate_std=0.0047, threshold=0.0100."
45439,353,sgd_lr_0_0001,sgd_lr_0_0005,stay,False,high_uncertainty,-0.6854898368313768,0.01,"Stay because utility uncertainty is too high: current_std=0.0458, candidate_std=0.0000, threshold=0.0100."
45567,354,sgd_lr_0_0001,sgd_lr_0_0005,stay,False,high_uncertainty,-0.6116350930003681,0.01,"Stay because utility uncertainty is too high: current_std=0.0260, candidate_std=0.0020, threshold=0.0100."
45695,355,sgd_lr_0_0001,sgd_lr_0_0005,stay,False,no_candidate_improvement,-0.5742816236653175,0.01,"Stay because candidate improvement is not sufficient after LCB comparison: margin=-0.5743, threshold=0.0100."
45823,356,sgd_lr_0_0001,sgd_lr_0_0005,stay,False,no_candidate_improvement,-0.5662620107369347,0.01,"Stay because candidate improvement is not sufficient after LCB comparison: margin=-0.5663, threshold=0.0100."
45951,357,sgd_lr_0_0001,sgd_lr_0_0005,stay,False,no_candidate_improvement,-0.5605375295893918,0.01,"Stay because candidate improvement is not sufficient after LCB comparison: margin=-0.5605, threshold=0.0100."
46079,358,sgd_lr_0_0001,sgd_lr_0_0005,stay,False,high_uncertainty,-0.5424526295851783,0.01,"Stay because utility uncertainty is too high: current_std=0.0117, candidate_std=0.0006, threshold=0.0100."
46207,359,sgd_lr_0_0001,sgd_lr_0_0005,stay,False,high_uncertainty,-0.5479335379837068,0.01,"Stay because utility uncertainty is too high: current_std=0.0145, candidate_std=0.0021, threshold=0.0100."
46335,360,sgd_lr_0_0001,sgd_lr_0_0005,stay,False,high_uncertainty,-0.5582318674069914,0.01,"Stay because utility uncertainty is too high: current_std=0.0296, candidate_std=0.0359, threshold=0.0100."
46463,361,sgd_lr_0_0001,sgd_lr_0_0005,stay,False,high_uncertainty,-0.5893963771740077,0.01,"Stay because utility uncertainty is too high: current_std=0.0384, candidate_std=0.0009, threshold=0.0100."
46591,362,sgd_lr_0_0001,sgd_lr_0_0005,stay,False,high_uncertainty,-0.6834029777513373,0.01,"Stay because utility uncertainty is too high: current_std=0.0471, candidate_std=0.0095, threshold=0.0100."
46719,363,sgd_lr_0_0001,sgd_lr_0_0005,stay,False,high_uncertainty,-0.7625049646810442,0.01,"Stay because utility uncertainty is too high: current_std=0.0224, candidate_std=0.0001, threshold=0.0100."
46847,364,sgd_lr_0_0001,sgd_lr_0_0005,stay,False,high_uncertainty,-0.8184707900896361,0.01,"Stay because utility uncertainty is too high: current_std=0.0071, candidate_std=0.0263, threshold=0.0100."
46975,365,sgd_lr_0_0001,sgd_lr_0_0005,stay,False,high_uncertainty,-0.8403527142044477,0.01,"Stay because utility uncertainty is too high: current_std=0.0125, candidate_std=0.0010, threshold=0.0100."
47103,366,sgd_lr_0_0001,sgd_lr_0_0005,stay,False,high_uncertainty,-0.8063144694573228,0.01,"Stay because utility uncertainty is too high: current_std=0.0227, candidate_std=0.0002, threshold=0.0100."
47231,367,sgd_lr_0_0001,sgd_lr_0_0005,stay,False,high_uncertainty,-0.7285269222931968,0.01,"Stay because utility uncertainty is too high: current_std=0.0551, candidate_std=0.0002, threshold=0.0100."
47359,368,sgd_lr_0_0001,sgd_lr_0_0005,stay,False,high_uncertainty,-0.6372495723130371,0.01,"Stay because utility uncertainty is too high: current_std=0.0339, candidate_std=0.0021, threshold=0.0100."
47487,369,sgd_lr_0_0001,sgd_lr_0_0005,stay,False,no_candidate_improvement,-0.592879188254082,0.01,"Stay because candidate improvement is not sufficient after LCB comparison: margin=-0.5929, threshold=0.0100."
47615,370,sgd_lr_0_0001,sgd_lr_0_0005,stay,False,high_uncertainty,-0.60279947157626,0.01,"Stay because utility uncertainty is too high: current_std=0.0171, candidate_std=0.0012, threshold=0.0100."
47743,371,sgd_lr_0_0001,sgd_lr_0_0005,stay,False,high_uncertainty,-0.6799109345774517,0.01,"Stay because utility uncertainty is too high: current_std=0.0596, candidate_std=0.0008, threshold=0.0100."
47871,372,sgd_lr_0_0001,sgd_lr_0_0005,stay,False,no_candidate_improvement,-0.7431059818093797,0.01,"Stay because candidate improvement is not sufficient after LCB comparison: margin=-0.7431, threshold=0.0100."
47999,373,sgd_lr_0_0001,sgd_lr_0_0005,stay,False,no_candidate_improvement,-0.7441215405199979,0.01,"Stay because candidate improvement is not sufficient after LCB comparison: margin=-0.7441, threshold=0.0100."
48127,374,sgd_lr_0_0001,sgd_lr_0_0005,stay,False,no_candidate_improvement,-0.742460491608698,0.01,"Stay because candidate improvement is not sufficient after LCB comparison: margin=-0.7425, threshold=0.0100."
48255,375,sgd_lr_0_0001,sgd_lr_0_0005,stay,False,high_uncertainty,-0.7022846235628856,0.01,"Stay because utility uncertainty is too high: current_std=0.0429, candidate_std=0.0010, threshold=0.0100."
48383,376,sgd_lr_0_0001,sgd_lr_0_0005,stay,False,high_uncertainty,-0.616926443470382,0.01,"Stay because utility uncertainty is too high: current_std=0.0434, candidate_std=0.0001, threshold=0.0100."
48511,377,sgd_lr_0_0001,sgd_lr_0_0005,stay,False,no_candidate_improvement,-0.5637594006114478,0.01,"Stay because candidate improvement is not sufficient after LCB comparison: margin=-0.5638, threshold=0.0100."
48639,378,sgd_lr_0_0001,sgd_lr_0_0005,stay,False,no_candidate_improvement,-0.5616521037453958,0.01,"Stay because candidate improvement is not sufficient after LCB comparison: margin=-0.5617, threshold=0.0100."
48767,379,sgd_lr_0_0001,sgd_lr_0_0005,stay,False,no_candidate_improvement,-0.5726879530788812,0.01,"Stay because candidate improvement is not sufficient after LCB comparison: margin=-0.5727, threshold=0.0100."
48895,380,sgd_lr_0_0001,sgd_lr_0_0005,stay,False,high_uncertainty,-0.5974800400185993,0.01,"Stay because utility uncertainty is too high: current_std=0.0214, candidate_std=0.0001, threshold=0.0100."
49023,381,sgd_lr_0_0001,sgd_lr_0_0005,stay,False,high_uncertainty,-0.6408402180560647,0.01,"Stay because utility uncertainty is too high: current_std=0.0216, candidate_std=0.0005, threshold=0.0100."
49151,382,sgd_lr_0_0001,sgd_lr_0_0005,stay,False,no_candidate_improvement,-0.6655099672330251,0.01,"Stay because candidate improvement is not sufficient after LCB comparison: margin=-0.6655, threshold=0.0100."
49279,383,sgd_lr_0_0001,sgd_lr_0_0005,stay,False,high_uncertainty,-0.6858717869056514,0.01,"Stay because utility uncertainty is too high: current_std=0.0180, candidate_std=0.0002, threshold=0.0100."
49407,384,sgd_lr_0_0001,sgd_lr_0_0005,stay,False,high_uncertainty,-0.7199324434548432,0.01,"Stay because utility uncertainty is too high: current_std=0.0161, candidate_std=0.0003, threshold=0.0100."
49535,385,sgd_lr_0_0001,sgd_lr_0_0005,stay,False,high_uncertainty,-0.7186144135162504,0.01,"Stay because utility uncertainty is too high: current_std=0.0179, candidate_std=0.0002, threshold=0.0100."
49663,386,sgd_lr_0_0001,sgd_lr_0_0005,stay,False,high_uncertainty,-0.679860860605964,0.01,"Stay because utility uncertainty is too high: current_std=0.0209, candidate_std=0.0002, threshold=0.0100."
49791,387,sgd_lr_0_0001,sgd_lr_0_0005,stay,False,high_uncertainty,-0.6476508113677918,0.01,"Stay because utility uncertainty is too high: current_std=0.0111, candidate_std=0.0000, threshold=0.0100."
49919,388,sgd_lr_0_0001,sgd_lr_0_0005,stay,False,no_candidate_improvement,-0.6360794758042158,0.01,"Stay because candidate improvement is not sufficient after LCB comparison: margin=-0.6361, threshold=0.0100."
50047,389,sgd_lr_0_0001,sgd_lr_0_0005,stay,False,no_candidate_improvement,-0.643306940092525,0.01,"Stay because candidate improvement is not sufficient after LCB comparison: margin=-0.6433, threshold=0.0100."
50175,390,sgd_lr_0_0001,sgd_lr_0_0005,stay,False,high_uncertainty,-0.6382823527433069,0.01,"Stay because utility uncertainty is too high: current_std=0.0128, candidate_std=0.0001, threshold=0.0100."
50303,391,sgd_lr_0_0001,sgd_lr_0_0005,stay,False,no_candidate_improvement,-0.628441777250157,0.01,"Stay because candidate improvement is not sufficient after LCB comparison: margin=-0.6284, threshold=0.0100."
50431,392,sgd_lr_0_0001,sgd_lr_0_0005,stay,False,high_uncertainty,-0.6572557484365621,0.01,"Stay because utility uncertainty is too high: current_std=0.0267, candidate_std=0.0007, threshold=0.0100."
50559,393,sgd_lr_0_0001,sgd_lr_0_0005,stay,False,high_uncertainty,-0.6959540725218236,0.01,"Stay because utility uncertainty is too high: current_std=0.0156, candidate_std=0.0029, threshold=0.0100."
50687,394,sgd_lr_0_0001,sgd_lr_0_0005,stay,False,no_candidate_improvement,-0.7108233251002104,0.01,"Stay because candidate improvement is not sufficient after LCB comparison: margin=-0.7108, threshold=0.0100."
50815,395,sgd_lr_0_0001,sgd_lr_0_0005,stay,False,no_candidate_improvement,-0.7097515756238015,0.01,"Stay because candidate improvement is not sufficient after LCB comparison: margin=-0.7098, threshold=0.0100."
50943,396,sgd_lr_0_0001,sgd_lr_0_0005,stay,False,no_candidate_improvement,-0.6992811282288462,0.01,"Stay because candidate improvement is not sufficient after LCB comparison: margin=-0.6993, threshold=0.0100."
51071,397,sgd_lr_0_0001,sgd_lr_0_0005,stay,False,high_uncertainty,-0.6799660440015616,0.01,"Stay because utility uncertainty is too high: current_std=0.0120, candidate_std=0.0001, threshold=0.0100."
51199,398,sgd_lr_0_0001,sgd_lr_0_0005,stay,False,no_candidate_improvement,-0.6633912070580336,0.01,"Stay because candidate improvement is not sufficient after LCB comparison: margin=-0.6634, threshold=0.0100."
51327,399,sgd_lr_0_0001,sgd_lr_0_0005,stay,False,no_candidate_improvement,-0.6620382778911585,0.01,"Stay because candidate improvement is not sufficient after LCB comparison: margin=-0.6620, threshold=0.0100."
51455,400,sgd_lr_0_0001,sgd_lr_0_0005,stay,False,no_candidate_improvement,-0.6738024278167601,0.01,"Stay because candidate improvement is not sufficient after LCB comparison: margin=-0.6738, threshold=0.0100."
51583,401,sgd_lr_0_0001,sgd_lr_0_0005,stay,False,high_uncertainty,-0.6932012204760696,0.01,"Stay because utility uncertainty is too high: current_std=0.0108, candidate_std=0.0000, threshold=0.0100."
51711,402,sgd_lr_0_0001,sgd_lr_0_0005,stay,False,high_uncertainty,-0.7359457445354515,0.01,"Stay because utility uncertainty is too high: current_std=0.0316, candidate_std=0.0003, threshold=0.0100."
51839,403,sgd_lr_0_0001,sgd_lr_0_0005,stay,False,high_uncertainty,-0.7831327452401917,0.01,"Stay because utility uncertainty is too high: current_std=0.0176, candidate_std=0.0024, threshold=0.0100."
51967,404,sgd_lr_0_0001,sgd_lr_0_0005,stay,False,high_uncertainty,-0.7584469236528767,0.01,"Stay because utility uncertainty is too high: current_std=0.0399, candidate_std=0.0001, threshold=0.0100."
52095,405,sgd_lr_0_0001,sgd_lr_0_0005,stay,False,high_uncertainty,-0.6888962415739677,0.01,"Stay because utility uncertainty is too high: current_std=0.0286, candidate_std=0.0010, threshold=0.0100."
52223,406,sgd_lr_0_0001,sgd_lr_0_0005,stay,False,no_candidate_improvement,-0.6584666361521216,0.01,"Stay because candidate improvement is not sufficient after LCB comparison: margin=-0.6585, threshold=0.0100."
52351,407,sgd_lr_0_0001,sgd_lr_0_0005,stay,False,no_candidate_improvement,-0.6704086357552929,0.01,"Stay because candidate improvement is not sufficient after LCB comparison: margin=-0.6704, threshold=0.0100."
52479,408,sgd_lr_0_0001,sgd_lr_0_0005,stay,False,no_candidate_improvement,-0.6907419621893617,0.01,"Stay because candidate improvement is not sufficient after LCB comparison: margin=-0.6907, threshold=0.0100."
52607,409,sgd_lr_0_0001,sgd_lr_0_0005,stay,False,high_uncertainty,-0.6769583348884299,0.01,"Stay because utility uncertainty is too high: current_std=0.0214, candidate_std=0.0000, threshold=0.0100."
52735,410,sgd_lr_0_0001,sgd_lr_0_0005,stay,False,high_uncertainty,-0.6333996700285266,0.01,"Stay because utility uncertainty is too high: current_std=0.0223, candidate_std=0.0001, threshold=0.0100."
52863,411,sgd_lr_0_0001,sgd_lr_0_0005,stay,False,no_candidate_improvement,-0.6085613877109409,0.01,"Stay because candidate improvement is not sufficient after LCB comparison: margin=-0.6086, threshold=0.0100."
52991,412,sgd_lr_0_0001,sgd_lr_0_0005,stay,False,no_candidate_improvement,-0.6079550398083294,0.01,"Stay because candidate improvement is not sufficient after LCB comparison: margin=-0.6080, threshold=0.0100."
53119,413,sgd_lr_0_0001,sgd_lr_0_0005,stay,False,high_uncertainty,-0.60004185390502,0.01,"Stay because utility uncertainty is too high: current_std=0.0103, candidate_std=0.0004, threshold=0.0100."
53247,414,sgd_lr_0_0001,sgd_lr_0_0005,stay,False,high_uncertainty,-0.5751655535328447,0.01,"Stay because utility uncertainty is too high: current_std=0.0155, candidate_std=0.0005, threshold=0.0100."
53375,415,sgd_lr_0_0001,sgd_lr_0_0005,stay,False,high_uncertainty,-0.5816956194935432,0.01,"Stay because utility uncertainty is too high: current_std=0.0217, candidate_std=0.0002, threshold=0.0100."
53503,416,sgd_lr_0_0001,sgd_lr_0_0005,stay,False,high_uncertainty,-0.6338125000055136,0.01,"Stay because utility uncertainty is too high: current_std=0.0309, candidate_std=0.0002, threshold=0.0100."
53631,417,sgd_lr_0_0001,sgd_lr_0_0005,stay,False,high_uncertainty,-0.6796752215757162,0.01,"Stay because utility uncertainty is too high: current_std=0.0148, candidate_std=0.0004, threshold=0.0100."
53759,418,sgd_lr_0_0001,sgd_lr_0_0005,stay,False,high_uncertainty,-0.7165851140402553,0.01,"Stay because utility uncertainty is too high: current_std=0.0215, candidate_std=0.0002, threshold=0.0100."
53887,419,sgd_lr_0_0001,sgd_lr_0_0005,stay,False,high_uncertainty,-0.7223876013329822,0.01,"Stay because utility uncertainty is too high: current_std=0.0150, candidate_std=0.0009, threshold=0.0100."
54015,420,sgd_lr_0_0001,sgd_lr_0_0005,stay,False,no_candidate_improvement,-0.6978127378610764,0.01,"Stay because candidate improvement is not sufficient after LCB comparison: margin=-0.6978, threshold=0.0100."
54143,421,sgd_lr_0_0001,sgd_lr_0_0005,stay,False,no_candidate_improvement,-0.6893599456049708,0.01,"Stay because candidate improvement is not sufficient after LCB comparison: margin=-0.6894, threshold=0.0100."
54271,422,sgd_lr_0_0001,sgd_lr_0_0005,stay,False,high_uncertainty,-0.6755408660749193,0.01,"Stay because utility uncertainty is too high: current_std=0.0132, candidate_std=0.0009, threshold=0.0100."
54399,423,sgd_lr_0_0001,sgd_lr_0_0005,stay,False,no_candidate_improvement,-0.6568293439688531,0.01,"Stay because candidate improvement is not sufficient after LCB comparison: margin=-0.6568, threshold=0.0100."
54527,424,sgd_lr_0_0001,sgd_lr_0_0005,stay,False,no_candidate_improvement,-0.648862166800246,0.01,"Stay because candidate improvement is not sufficient after LCB comparison: margin=-0.6489, threshold=0.0100."
54655,425,sgd_lr_0_0001,sgd_lr_0_0005,stay,False,high_uncertainty,-0.6260700596265275,0.01,"Stay because utility uncertainty is too high: current_std=0.0202, candidate_std=0.0008, threshold=0.0100."
54783,426,sgd_lr_0_0001,sgd_lr_0_0005,stay,False,no_candidate_improvement,-0.6135979668364612,0.01,"Stay because candidate improvement is not sufficient after LCB comparison: margin=-0.6136, threshold=0.0100."
54911,427,sgd_lr_0_0001,sgd_lr_0_0005,stay,False,high_uncertainty,-0.6761463840173279,0.01,"Stay because utility uncertainty is too high: current_std=0.0573, candidate_std=0.0018, threshold=0.0100."
55039,428,sgd_lr_0_0001,sgd_lr_0_0005,stay,False,high_uncertainty,-0.7494084482027448,0.01,"Stay because utility uncertainty is too high: current_std=0.0179, candidate_std=0.0002, threshold=0.0100."
55167,429,sgd_lr_0_0001,sgd_lr_0_0005,stay,False,high_uncertainty,-0.7252673849921698,0.01,"Stay because utility uncertainty is too high: current_std=0.0433, candidate_std=0.0014, threshold=0.0100."
55295,430,sgd_lr_0_0001,sgd_lr_0_0005,stay,False,high_uncertainty,-0.6461974742425319,0.01,"Stay because utility uncertainty is too high: current_std=0.0378, candidate_std=0.0006, threshold=0.0100."
55423,431,sgd_lr_0_0001,sgd_lr_0_0005,stay,False,no_candidate_improvement,-0.6105956581870194,0.01,"Stay because candidate improvement is not sufficient after LCB comparison: margin=-0.6106, threshold=0.0100."
55551,432,sgd_lr_0_0001,sgd_lr_0_0005,stay,False,high_uncertainty,-0.5906136618484493,0.01,"Stay because utility uncertainty is too high: current_std=0.0214, candidate_std=0.0002, threshold=0.0100."
55679,433,sgd_lr_0_0001,sgd_lr_0_0005,stay,False,high_uncertainty,-0.5493441888243162,0.01,"Stay because utility uncertainty is too high: current_std=0.0201, candidate_std=0.0004, threshold=0.0100."
55807,434,sgd_lr_0_0001,sgd_lr_0_0005,stay,False,high_uncertainty,-0.5697195218964929,0.01,"Stay because utility uncertainty is too high: current_std=0.0398, candidate_std=0.0003, threshold=0.0100."
55935,435,sgd_lr_0_0001,sgd_lr_0_0005,stay,False,high_uncertainty,-0.6512698368957068,0.01,"Stay because utility uncertainty is too high: current_std=0.0425, candidate_std=0.0011, threshold=0.0100."
56063,436,sgd_lr_0_0001,sgd_lr_0_0005,stay,False,no_candidate_improvement,-0.6893559276388855,0.01,"Stay because candidate improvement is not sufficient after LCB comparison: margin=-0.6894, threshold=0.0100."
56191,437,sgd_lr_0_0001,sgd_lr_0_0005,stay,False,high_uncertainty,-0.7003061731297439,0.01,"Stay because utility uncertainty is too high: current_std=0.0163, candidate_std=0.0020, threshold=0.0100."
56319,438,sgd_lr_0_0001,sgd_lr_0_0005,stay,False,high_uncertainty,-0.7418996542384871,0.01,"Stay because utility uncertainty is too high: current_std=0.0287, candidate_std=0.0015, threshold=0.0100."
56447,439,sgd_lr_0_0001,sgd_lr_0_0005,stay,False,high_uncertainty,-0.7563993304182975,0.01,"Stay because utility uncertainty is too high: current_std=0.0158, candidate_std=0.0030, threshold=0.0100."
56575,440,sgd_lr_0_0001,sgd_lr_0_0005,stay,False,high_uncertainty,-0.7233449491147098,0.01,"Stay because utility uncertainty is too high: current_std=0.0196, candidate_std=0.0007, threshold=0.0100."
56703,441,sgd_lr_0_0001,sgd_lr_0_0005,stay,False,high_uncertainty,-0.6782801419985337,0.01,"Stay because utility uncertainty is too high: current_std=0.0212, candidate_std=0.0036, threshold=0.0100."
56831,442,sgd_lr_0_0001,sgd_lr_0_0005,stay,False,high_uncertainty,-0.624447196932908,0.01,"Stay because utility uncertainty is too high: current_std=0.0315, candidate_std=0.0024, threshold=0.0100."
56959,443,sgd_lr_0_0001,sgd_lr_0_0005,stay,False,no_candidate_improvement,-0.596496627753731,0.01,"Stay because candidate improvement is not sufficient after LCB comparison: margin=-0.5965, threshold=0.0100."
57087,444,sgd_lr_0_0001,sgd_lr_0_0005,stay,False,high_uncertainty,-0.6249442533588265,0.01,"Stay because utility uncertainty is too high: current_std=0.0274, candidate_std=0.0001, threshold=0.0100."
57215,445,sgd_lr_0_0001,sgd_lr_0_0005,stay,False,no_candidate_improvement,-0.6562471382874556,0.01,"Stay because candidate improvement is not sufficient after LCB comparison: margin=-0.6562, threshold=0.0100."
57343,446,sgd_lr_0_0001,sgd_lr_0_0005,stay,False,high_uncertainty,-0.6415339161321387,0.01,"Stay because utility uncertainty is too high: current_std=0.0184, candidate_std=0.0003, threshold=0.0100."
57471,447,sgd_lr_0_0001,sgd_lr_0_0005,stay,False,no_candidate_improvement,-0.621643890743526,0.01,"Stay because candidate improvement is not sufficient after LCB comparison: margin=-0.6216, threshold=0.0100."
57599,448,sgd_lr_0_0001,sgd_lr_0_0005,stay,False,high_uncertainty,-0.6477863699803357,0.01,"Stay because utility uncertainty is too high: current_std=0.0269, candidate_std=0.0004, threshold=0.0100."
57727,449,sgd_lr_0_0001,sgd_lr_0_0005,stay,False,high_uncertainty,-0.7212803078728451,0.01,"Stay because utility uncertainty is too high: current_std=0.0465, candidate_std=0.0003, threshold=0.0100."
57855,450,sgd_lr_0_0001,sgd_lr_0_0005,stay,False,high_uncertainty,-0.8059371256870422,0.01,"Stay because utility uncertainty is too high: current_std=0.0386, candidate_std=0.0001, threshold=0.0100."
57983,451,sgd_lr_0_0001,sgd_lr_0_0005,stay,False,high_uncertainty,-0.8334028510229455,0.01,"Stay because utility uncertainty is too high: current_std=0.0113, candidate_std=0.0003, threshold=0.0100."
58111,452,sgd_lr_0_0001,sgd_lr_0_0005,stay,False,high_uncertainty,-0.7830981934693062,0.01,"Stay because utility uncertainty is too high: current_std=0.0390, candidate_std=0.0002, threshold=0.0100."
58239,453,sgd_lr_0_0001,sgd_lr_0_0005,stay,False,high_uncertainty,-0.7064592995859116,0.01,"Stay because utility uncertainty is too high: current_std=0.0365, candidate_std=0.0009, threshold=0.0100."
58367,454,sgd_lr_0_0001,sgd_lr_0_0005,stay,False,no_candidate_improvement,-0.6589501288202342,0.01,"Stay because candidate improvement is not sufficient after LCB comparison: margin=-0.6590, threshold=0.0100."
58495,455,sgd_lr_0_0001,sgd_lr_0_0005,stay,False,high_uncertainty,-0.6771732530428759,0.01,"Stay because utility uncertainty is too high: current_std=0.0283, candidate_std=0.0001, threshold=0.0100."
58623,456,sgd_lr_0_0001,sgd_lr_0_0005,stay,False,high_uncertainty,-0.7210493381967383,0.01,"Stay because utility uncertainty is too high: current_std=0.0126, candidate_std=0.0029, threshold=0.0100."
58751,457,sgd_lr_0_0001,sgd_lr_0_0005,stay,False,high_uncertainty,-0.7648224801811535,0.01,"Stay because utility uncertainty is too high: current_std=0.0282, candidate_std=0.0001, threshold=0.0100."
58879,458,sgd_lr_0_0001,sgd_lr_0_0005,stay,False,high_uncertainty,-0.8119142794890711,0.01,"Stay because utility uncertainty is too high: current_std=0.0179, candidate_std=0.0009, threshold=0.0100."
59007,459,sgd_lr_0_0001,sgd_lr_0_0005,stay,False,no_candidate_improvement,-0.831418747315169,0.01,"Stay because candidate improvement is not sufficient after LCB comparison: margin=-0.8314, threshold=0.0100."
59135,460,sgd_lr_0_0001,sgd_lr_0_0005,stay,False,high_uncertainty,-0.8088530849733815,0.01,"Stay because utility uncertainty is too high: current_std=0.0232, candidate_std=0.0001, threshold=0.0100."
59263,461,sgd_lr_0_0001,sgd_lr_0_0005,stay,False,high_uncertainty,-0.7290817859677381,0.01,"Stay because utility uncertainty is too high: current_std=0.0572, candidate_std=0.0006, threshold=0.0100."
59391,462,sgd_lr_0_0001,sgd_lr_0_0005,stay,False,high_uncertainty,-0.6395756314492822,0.01,"Stay because utility uncertainty is too high: current_std=0.0322, candidate_std=0.0008, threshold=0.0100."
59519,463,sgd_lr_0_0001,sgd_lr_0_0005,stay,False,no_candidate_improvement,-0.6003188453432461,0.01,"Stay because candidate improvement is not sufficient after LCB comparison: margin=-0.6003, threshold=0.0100."
59647,464,sgd_lr_0_0001,sgd_lr_0_0005,stay,False,no_candidate_improvement,-0.6011783743255403,0.01,"Stay because candidate improvement is not sufficient after LCB comparison: margin=-0.6012, threshold=0.0100."
59775,465,sgd_lr_0_0001,sgd_lr_0_0005,stay,False,high_uncertainty,-0.6266360267309359,0.01,"Stay because utility uncertainty is too high: current_std=0.0173, candidate_std=0.0010, threshold=0.0100."
59903,466,sgd_lr_0_0001,sgd_lr_0_0005,stay,False,high_uncertainty,-0.6613450294890193,0.01,"Stay because utility uncertainty is too high: current_std=0.0159, candidate_std=0.0005, threshold=0.0100."
60031,467,sgd_lr_0_0001,sgd_lr_0_0005,stay,False,high_uncertainty,-0.7176512301214426,0.01,"Stay because utility uncertainty is too high: current_std=0.0403, candidate_std=0.0004, threshold=0.0100."
60159,468,sgd_lr_0_0001,sgd_lr_0_0005,stay,False,high_uncertainty,-0.7991050294377152,0.01,"Stay because utility uncertainty is too high: current_std=0.0418, candidate_std=0.0002, threshold=0.0100."
60287,469,sgd_lr_0_0001,sgd_lr_0_0005,stay,False,high_uncertainty,-0.7903848235353887,0.01,"Stay because utility uncertainty is too high: current_std=0.0506, candidate_std=0.0003, threshold=0.0100."
60415,470,sgd_lr_0_0001,sgd_lr_0_0005,stay,False,high_uncertainty,-0.6875410302135789,0.01,"Stay because utility uncertainty is too high: current_std=0.0525, candidate_std=0.0001, threshold=0.0100."
60543,471,sgd_lr_0_0001,sgd_lr_0_0005,stay,False,no_candidate_improvement,-0.6380572386372438,0.01,"Stay because candidate improvement is not sufficient after LCB comparison: margin=-0.6381, threshold=0.0100."
60671,472,sgd_lr_0_0001,sgd_lr_0_0005,stay,False,no_candidate_improvement,-0.6474992637242615,0.01,"Stay because candidate improvement is not sufficient after LCB comparison: margin=-0.6475, threshold=0.0100."
60799,473,sgd_lr_0_0001,sgd_lr_0_0005,stay,False,no_candidate_improvement,-0.6485631448914112,0.01,"Stay because candidate improvement is not sufficient after LCB comparison: margin=-0.6486, threshold=0.0100."
60927,474,sgd_lr_0_0001,sgd_lr_0_0005,stay,False,no_candidate_improvement,-0.6368846156574735,0.01,"Stay because candidate improvement is not sufficient after LCB comparison: margin=-0.6369, threshold=0.0100."
61055,475,sgd_lr_0_0001,sgd_lr_0_0005,stay,False,no_candidate_improvement,-0.6411446155845829,0.01,"Stay because candidate improvement is not sufficient after LCB comparison: margin=-0.6411, threshold=0.0100."
61183,476,sgd_lr_0_0001,sgd_lr_0_0005,stay,False,high_uncertainty,-0.691450447857764,0.01,"Stay because utility uncertainty is too high: current_std=0.0395, candidate_std=0.0002, threshold=0.0100."
61311,477,sgd_lr_0_0001,sgd_lr_0_0005,stay,False,high_uncertainty,-0.7670516933873627,0.01,"Stay because utility uncertainty is too high: current_std=0.0360, candidate_std=0.0000, threshold=0.0100."
61439,478,sgd_lr_0_0001,sgd_lr_0_0005,stay,False,high_uncertainty,-0.7620164659178326,0.01,"Stay because utility uncertainty is too high: current_std=0.0398, candidate_std=0.0012, threshold=0.0100."
61567,479,sgd_lr_0_0001,sgd_lr_0_0005,stay,False,high_uncertainty,-0.6778666069305723,0.01,"Stay because utility uncertainty is too high: current_std=0.0399, candidate_std=0.0033, threshold=0.0100."
61695,480,sgd_lr_0_0001,sgd_lr_0_0005,stay,False,high_uncertainty,-0.609321055404322,0.01,"Stay because utility uncertainty is too high: current_std=0.0232, candidate_std=0.0022, threshold=0.0100."
61823,481,sgd_lr_0_0001,sgd_lr_0_0005,stay,False,no_candidate_improvement,-0.5936860452023454,0.01,"Stay because candidate improvement is not sufficient after LCB comparison: margin=-0.5937, threshold=0.0100."
61951,482,sgd_lr_0_0001,sgd_lr_0_0005,stay,False,high_uncertainty,-0.6511893055482451,0.01,"Stay because utility uncertainty is too high: current_std=0.0449, candidate_std=0.0029, threshold=0.0100."
62079,483,sgd_lr_0_0001,sgd_lr_0_0005,stay,False,no_candidate_improvement,-0.6941341385409613,0.01,"Stay because candidate improvement is not sufficient after LCB comparison: margin=-0.6941, threshold=0.0100."
62207,484,sgd_lr_0_0001,sgd_lr_0_0005,stay,False,high_uncertainty,-0.6550645422433988,0.01,"Stay because utility uncertainty is too high: current_std=0.0347, candidate_std=0.0004, threshold=0.0100."
62335,485,sgd_lr_0_0001,sgd_lr_0_0005,stay,False,high_uncertainty,-0.6023518577598185,0.01,"Stay because utility uncertainty is too high: current_std=0.0187, candidate_std=0.0002, threshold=0.0100."
62463,486,sgd_lr_0_0001,sgd_lr_0_0005,stay,False,no_candidate_improvement,-0.592489493776732,0.01,"Stay because candidate improvement is not sufficient after LCB comparison: margin=-0.5925, threshold=0.0100."
62591,487,sgd_lr_0_0001,sgd_lr_0_0005,stay,False,no_candidate_improvement,-0.6071488291643361,0.01,"Stay because candidate improvement is not sufficient after LCB comparison: margin=-0.6071, threshold=0.0100."
62719,488,sgd_lr_0_0001,sgd_lr_0_0005,stay,False,no_candidate_improvement,-0.610604308633552,0.01,"Stay because candidate improvement is not sufficient after LCB comparison: margin=-0.6106, threshold=0.0100."
62847,489,sgd_lr_0_0001,sgd_lr_0_0005,stay,False,no_candidate_improvement,-0.5988500880822305,0.01,"Stay because candidate improvement is not sufficient after LCB comparison: margin=-0.5989, threshold=0.0100."
62975,490,sgd_lr_0_0001,sgd_lr_0_0005,stay,False,no_candidate_improvement,-0.6000155475822174,0.01,"Stay because candidate improvement is not sufficient after LCB comparison: margin=-0.6000, threshold=0.0100."
63103,491,sgd_lr_0_0001,sgd_lr_0_0005,stay,False,high_uncertainty,-0.6449383190008386,0.01,"Stay because utility uncertainty is too high: current_std=0.0344, candidate_std=0.0002, threshold=0.0100."
63231,492,sgd_lr_0_0001,sgd_lr_0_0005,stay,False,high_uncertainty,-0.7137363990678375,0.01,"Stay because utility uncertainty is too high: current_std=0.0365, candidate_std=0.0024, threshold=0.0100."
63359,493,sgd_lr_0_0001,sgd_lr_0_0005,stay,False,high_uncertainty,-0.7759095631887373,0.01,"Stay because utility uncertainty is too high: current_std=0.0280, candidate_std=0.0000, threshold=0.0100."
63487,494,sgd_lr_0_0001,sgd_lr_0_0005,stay,False,no_candidate_improvement,-0.8093084014901533,0.01,"Stay because candidate improvement is not sufficient after LCB comparison: margin=-0.8093, threshold=0.0100."
63615,495,sgd_lr_0_0001,sgd_lr_0_0005,stay,False,no_candidate_improvement,-0.8139837037245856,0.01,"Stay because candidate improvement is not sufficient after LCB comparison: margin=-0.8140, threshold=0.0100."
63743,496,sgd_lr_0_0001,sgd_lr_0_0005,stay,False,high_uncertainty,-0.7755190447008589,0.01,"Stay because utility uncertainty is too high: current_std=0.0376, candidate_std=0.0001, threshold=0.0100."
63871,497,sgd_lr_0_0001,sgd_lr_0_0005,stay,False,high_uncertainty,-0.7271423536881975,0.01,"Stay because utility uncertainty is too high: current_std=0.0103, candidate_std=0.0004, threshold=0.0100."
63999,498,sgd_lr_0_0001,sgd_lr_0_0005,stay,False,high_uncertainty,-0.7526283146571652,0.01,"Stay because utility uncertainty is too high: current_std=0.0359, candidate_std=0.0002, threshold=0.0100."
64127,499,sgd_lr_0_0001,sgd_lr_0_0005,stay,False,no_candidate_improvement,-0.7790005080316615,0.01,"Stay because candidate improvement is not sufficient after LCB comparison: margin=-0.7790, threshold=0.0100."
64255,500,sgd_lr_0_0001,sgd_lr_0_0005,stay,False,high_uncertainty,-0.7837021019691746,0.01,"Stay because utility uncertainty is too high: current_std=0.0147, candidate_std=0.0003, threshold=0.0100."
64383,501,sgd_lr_0_0001,sgd_lr_0_0005,stay,False,no_candidate_improvement,-0.8021313655921409,0.01,"Stay because candidate improvement is not sufficient after LCB comparison: margin=-0.8021, threshold=0.0100."
64511,502,sgd_lr_0_0001,sgd_lr_0_0005,stay,False,high_uncertainty,-0.743158529315935,0.01,"Stay because utility uncertainty is too high: current_std=0.0628, candidate_std=0.0001, threshold=0.0100."
64639,503,sgd_lr_0_0001,sgd_lr_0_0005,stay,False,high_uncertainty,-0.6471262052110204,0.01,"Stay because utility uncertainty is too high: current_std=0.0348, candidate_std=0.0017, threshold=0.0100."
64767,504,sgd_lr_0_0001,sgd_lr_0_0005,stay,False,high_uncertainty,-0.6420382490387807,0.01,"Stay because utility uncertainty is too high: current_std=0.0276, candidate_std=0.0003, threshold=0.0100."
64895,505,sgd_lr_0_0001,sgd_lr_0_0005,stay,False,high_uncertainty,-0.6839197215106169,0.01,"Stay because utility uncertainty is too high: current_std=0.0146, candidate_std=0.0008, threshold=0.0100."
65023,506,sgd_lr_0_0001,sgd_lr_0_0005,stay,False,no_candidate_improvement,-0.6987064107760622,0.01,"Stay because candidate improvement is not sufficient after LCB comparison: margin=-0.6987, threshold=0.0100."
65151,507,sgd_lr_0_0001,sgd_lr_0_0005,stay,False,high_uncertainty,-0.6876553866535705,0.01,"Stay because utility uncertainty is too high: current_std=0.0134, candidate_std=0.0014, threshold=0.0100."
65279,508,sgd_lr_0_0001,sgd_lr_0_0005,stay,False,high_uncertainty,-0.6566995616554734,0.01,"Stay because utility uncertainty is too high: current_std=0.0194, candidate_std=0.0004, threshold=0.0100."
65407,509,sgd_lr_0_0001,sgd_lr_0_0005,stay,False,no_candidate_improvement,-0.6349305360542415,0.01,"Stay because candidate improvement is not sufficient after LCB comparison: margin=-0.6349, threshold=0.0100."
65535,510,sgd_lr_0_0001,sgd_lr_0_0005,stay,False,no_candidate_improvement,-0.6323603914171756,0.01,"Stay because candidate improvement is not sufficient after LCB comparison: margin=-0.6324, threshold=0.0100."
65663,511,sgd_lr_0_0001,sgd_lr_0_0005,stay,False,no_candidate_improvement,-0.6241978616333902,0.01,"Stay because candidate improvement is not sufficient after LCB comparison: margin=-0.6242, threshold=0.0100."
65791,512,sgd_lr_0_0001,sgd_lr_0_0005,stay,False,no_candidate_improvement,-0.6057839250457032,0.01,"Stay because candidate improvement is not sufficient after LCB comparison: margin=-0.6058, threshold=0.0100."
65919,513,sgd_lr_0_0001,sgd_lr_0_0005,stay,False,high_uncertainty,-0.5828532354306826,0.01,"Stay because utility uncertainty is too high: current_std=0.0124, candidate_std=0.0005, threshold=0.0100."
66047,514,sgd_lr_0_0001,sgd_lr_0_0005,stay,False,high_uncertainty,-0.5411826994300107,0.01,"Stay because utility uncertainty is too high: current_std=0.0294, candidate_std=0.0006, threshold=0.0100."
66175,515,sgd_lr_0_0001,sgd_lr_0_0005,stay,False,no_candidate_improvement,-0.5206988061557164,0.01,"Stay because candidate improvement is not sufficient after LCB comparison: margin=-0.5207, threshold=0.0100."
66303,516,sgd_lr_0_0001,sgd_lr_0_0005,stay,False,high_uncertainty,-0.5967182203078095,0.01,"Stay because utility uncertainty is too high: current_std=0.0676, candidate_std=0.0001, threshold=0.0100."
66431,517,sgd_lr_0_0001,sgd_lr_0_0005,stay,False,high_uncertainty,-0.7298685775368173,0.01,"Stay because utility uncertainty is too high: current_std=0.0655, candidate_std=0.0001, threshold=0.0100."
66559,518,sgd_lr_0_0001,sgd_lr_0_0005,stay,False,high_uncertainty,-0.7647731289164279,0.01,"Stay because utility uncertainty is too high: current_std=0.0306, candidate_std=0.0000, threshold=0.0100."
66687,519,sgd_lr_0_0001,sgd_lr_0_0005,stay,False,high_uncertainty,-0.7018558303382536,0.01,"Stay because utility uncertainty is too high: current_std=0.0324, candidate_std=0.0001, threshold=0.0100."
66815,520,sgd_lr_0_0001,sgd_lr_0_0005,stay,False,no_candidate_improvement,-0.665799849896387,0.01,"Stay because candidate improvement is not sufficient after LCB comparison: margin=-0.6658, threshold=0.0100."
66943,521,sgd_lr_0_0001,sgd_lr_0_0005,stay,False,high_uncertainty,-0.6343858043291203,0.01,"Stay because utility uncertainty is too high: current_std=0.0264, candidate_std=0.0014, threshold=0.0100."
67071,522,sgd_lr_0_0001,sgd_lr_0_0005,stay,False,high_uncertainty,-0.5800837540237754,0.01,"Stay because utility uncertainty is too high: current_std=0.0261, candidate_std=0.0004, threshold=0.0100."
67199,523,sgd_lr_0_0001,sgd_lr_0_0005,stay,False,no_candidate_improvement,-0.5607061999030375,0.01,"Stay because candidate improvement is not sufficient after LCB comparison: margin=-0.5607, threshold=0.0100."
67327,524,sgd_lr_0_0001,sgd_lr_0_0005,stay,False,no_candidate_improvement,-0.5795007833168098,0.01,"Stay because candidate improvement is not sufficient after LCB comparison: margin=-0.5795, threshold=0.0100."
67455,525,sgd_lr_0_0001,sgd_lr_0_0005,stay,False,no_candidate_improvement,-0.5866625681513943,0.01,"Stay because candidate improvement is not sufficient after LCB comparison: margin=-0.5867, threshold=0.0100."
67583,526,sgd_lr_0_0001,sgd_lr_0_0005,stay,False,high_uncertainty,-0.6033986389183764,0.01,"Stay because utility uncertainty is too high: current_std=0.0221, candidate_std=0.0009, threshold=0.0100."
67711,527,sgd_lr_0_0001,sgd_lr_0_0005,stay,False,high_uncertainty,-0.6449817438197598,0.01,"Stay because utility uncertainty is too high: current_std=0.0166, candidate_std=0.0038, threshold=0.0100."
67839,528,sgd_lr_0_0001,sgd_lr_0_0005,stay,False,no_candidate_improvement,-0.6711280480856936,0.01,"Stay because candidate improvement is not sufficient after LCB comparison: margin=-0.6711, threshold=0.0100."
67967,529,sgd_lr_0_0001,sgd_lr_0_0005,stay,False,no_candidate_improvement,-0.6730387251389799,0.01,"Stay because candidate improvement is not sufficient after LCB comparison: margin=-0.6730, threshold=0.0100."
68095,530,sgd_lr_0_0001,sgd_lr_0_0005,stay,False,no_candidate_improvement,-0.665551899469356,0.01,"Stay because candidate improvement is not sufficient after LCB comparison: margin=-0.6656, threshold=0.0100."
68223,531,sgd_lr_0_0001,sgd_lr_0_0005,stay,False,high_uncertainty,-0.603201608890222,0.01,"Stay because utility uncertainty is too high: current_std=0.0472, candidate_std=0.0115, threshold=0.0100."
68351,532,sgd_lr_0_0001,sgd_lr_0_0005,stay,False,high_uncertainty,-0.5031061302195027,0.01,"Stay because utility uncertainty is too high: current_std=0.0426, candidate_std=0.0012, threshold=0.0100."
68479,533,sgd_lr_0_0001,sgd_lr_0_0005,stay,False,high_uncertainty,-0.5354529022318556,0.01,"Stay because utility uncertainty is too high: current_std=0.0614, candidate_std=0.0124, threshold=0.0100."
68607,534,sgd_lr_0_0001,sgd_lr_0_0005,stay,False,high_uncertainty,-0.6780100296388387,0.01,"Stay because utility uncertainty is too high: current_std=0.0684, candidate_std=0.0004, threshold=0.0100."
68735,535,sgd_lr_0_0001,sgd_lr_0_0005,stay,False,no_candidate_improvement,-0.7378769275182656,0.01,"Stay because candidate improvement is not sufficient after LCB comparison: margin=-0.7379, threshold=0.0100."
68863,536,sgd_lr_0_0001,sgd_lr_0_0005,stay,False,high_uncertainty,-0.6919913042256688,0.01,"Stay because utility uncertainty is too high: current_std=0.0360, candidate_std=0.0009, threshold=0.0100."
68991,537,sgd_lr_0_0001,sgd_lr_0_0005,stay,False,high_uncertainty,-0.6366513793763617,0.01,"Stay because utility uncertainty is too high: current_std=0.0156, candidate_std=0.0028, threshold=0.0100."
69119,538,sgd_lr_0_0001,sgd_lr_0_0005,stay,False,high_uncertainty,-0.6039782764363366,0.01,"Stay because utility uncertainty is too high: current_std=0.0149, candidate_std=0.0007, threshold=0.0100."
69247,539,sgd_lr_0_0001,sgd_lr_0_0005,stay,False,no_candidate_improvement,-0.6007958837039776,0.01,"Stay because candidate improvement is not sufficient after LCB comparison: margin=-0.6008, threshold=0.0100."
69375,540,sgd_lr_0_0001,sgd_lr_0_0005,stay,False,high_uncertainty,-0.5926776176029712,0.01,"Stay because utility uncertainty is too high: current_std=0.0197, candidate_std=0.0005, threshold=0.0100."
69503,541,sgd_lr_0_0001,sgd_lr_0_0005,stay,False,high_uncertainty,-0.5484842812504404,0.01,"Stay because utility uncertainty is too high: current_std=0.0250, candidate_std=0.0001, threshold=0.0100."
69631,542,sgd_lr_0_0001,sgd_lr_0_0005,stay,False,high_uncertainty,-0.5705930165835986,0.01,"Stay because utility uncertainty is too high: current_std=0.0479, candidate_std=0.0008, threshold=0.0100."
69759,543,sgd_lr_0_0001,sgd_lr_0_0005,stay,False,high_uncertainty,-0.6679699613255216,0.01,"Stay because utility uncertainty is too high: current_std=0.0502, candidate_std=0.0001, threshold=0.0100."
69887,544,sgd_lr_0_0001,sgd_lr_0_0005,stay,False,no_candidate_improvement,-0.7195909205184506,0.01,"Stay because candidate improvement is not sufficient after LCB comparison: margin=-0.7196, threshold=0.0100."
70015,545,sgd_lr_0_0001,sgd_lr_0_0005,stay,False,high_uncertainty,-0.6965570758084104,0.01,"Stay because utility uncertainty is too high: current_std=0.0244, candidate_std=0.0001, threshold=0.0100."
70143,546,sgd_lr_0_0001,sgd_lr_0_0005,stay,False,high_uncertainty,-0.6526519898120843,0.01,"Stay because utility uncertainty is too high: current_std=0.0198, candidate_std=0.0003, threshold=0.0100."
70271,547,sgd_lr_0_0001,sgd_lr_0_0005,stay,False,high_uncertainty,-0.6201094221613688,0.01,"Stay because utility uncertainty is too high: current_std=0.0127, candidate_std=0.0003, threshold=0.0100."
70399,548,sgd_lr_0_0001,sgd_lr_0_0005,stay,False,high_uncertainty,-0.5942914779010567,0.01,"Stay because utility uncertainty is too high: current_std=0.0133, candidate_std=0.0005, threshold=0.0100."
70527,549,sgd_lr_0_0001,sgd_lr_0_0005,stay,False,high_uncertainty,-0.5921416424117588,0.01,"Stay because utility uncertainty is too high: current_std=0.0110, candidate_std=0.0003, threshold=0.0100."
70655,550,sgd_lr_0_0001,sgd_lr_0_0005,stay,False,no_candidate_improvement,-0.6107715846371933,0.01,"Stay because candidate improvement is not sufficient after LCB comparison: margin=-0.6108, threshold=0.0100."
70783,551,sgd_lr_0_0001,sgd_lr_0_0005,stay,False,high_uncertainty,-0.6023508370527083,0.01,"Stay because utility uncertainty is too high: current_std=0.0168, candidate_std=0.0004, threshold=0.0100."
70911,552,sgd_lr_0_0001,sgd_lr_0_0005,stay,False,high_uncertainty,-0.6114760508402944,0.01,"Stay because utility uncertainty is too high: current_std=0.0278, candidate_std=0.0023, threshold=0.0100."
71039,553,sgd_lr_0_0001,sgd_lr_0_0005,stay,False,high_uncertainty,-0.6648185740152216,0.01,"Stay because utility uncertainty is too high: current_std=0.0287, candidate_std=0.0008, threshold=0.0100."
71167,554,sgd_lr_0_0001,sgd_lr_0_0005,stay,False,no_candidate_improvement,-0.6977788287034576,0.01,"Stay because candidate improvement is not sufficient after LCB comparison: margin=-0.6978, threshold=0.0100."
71295,555,sgd_lr_0_0001,sgd_lr_0_0005,stay,False,no_candidate_improvement,-0.6960401751019022,0.01,"Stay because candidate improvement is not sufficient after LCB comparison: margin=-0.6960, threshold=0.0100."
71423,556,sgd_lr_0_0001,sgd_lr_0_0005,stay,False,high_uncertainty,-0.6655000984478889,0.01,"Stay because utility uncertainty is too high: current_std=0.0222, candidate_std=0.0014, threshold=0.0100."
71551,557,sgd_lr_0_0001,sgd_lr_0_0005,stay,False,no_candidate_improvement,-0.6338695235713853,0.01,"Stay because candidate improvement is not sufficient after LCB comparison: margin=-0.6339, threshold=0.0100."
71679,558,sgd_lr_0_0001,sgd_lr_0_0005,stay,False,high_uncertainty,-0.6395384461135667,0.01,"Stay because utility uncertainty is too high: current_std=0.0127, candidate_std=0.0009, threshold=0.0100."
71807,559,sgd_lr_0_0001,sgd_lr_0_0005,stay,False,high_uncertainty,-0.6712219245717481,0.01,"Stay because utility uncertainty is too high: current_std=0.0183, candidate_std=0.0002, threshold=0.0100."
71935,560,sgd_lr_0_0001,sgd_lr_0_0005,stay,False,high_uncertainty,-0.694988153946073,0.01,"Stay because utility uncertainty is too high: current_std=0.0118, candidate_std=0.0061, threshold=0.0100."
72063,561,sgd_lr_0_0001,sgd_lr_0_0005,stay,False,no_candidate_improvement,-0.6957799073145152,0.01,"Stay because candidate improvement is not sufficient after LCB comparison: margin=-0.6958, threshold=0.0100."
72191,562,sgd_lr_0_0001,sgd_lr_0_0005,stay,False,high_uncertainty,-0.6812210235161772,0.01,"Stay because utility uncertainty is too high: current_std=0.0157, candidate_std=0.0060, threshold=0.0100."
72319,563,sgd_lr_0_0001,sgd_lr_0_0005,stay,False,high_uncertainty,-0.6509259713682195,0.01,"Stay because utility uncertainty is too high: current_std=0.0225, candidate_std=0.0019, threshold=0.0100."
72447,564,sgd_lr_0_0001,sgd_lr_0_0005,stay,False,high_uncertainty,-0.6170940897395725,0.01,"Stay because utility uncertainty is too high: current_std=0.0136, candidate_std=0.0004, threshold=0.0100."
72575,565,sgd_lr_0_0001,sgd_lr_0_0005,stay,False,high_uncertainty,-0.6138941745225958,0.01,"Stay because utility uncertainty is too high: current_std=0.0106, candidate_std=0.0006, threshold=0.0100."
72703,566,sgd_lr_0_0001,sgd_lr_0_0005,stay,False,high_uncertainty,-0.6503897945582051,0.01,"Stay because utility uncertainty is too high: current_std=0.0266, candidate_std=0.0001, threshold=0.0100."
72831,567,sgd_lr_0_0001,sgd_lr_0_0005,stay,False,no_candidate_improvement,-0.6777819522898579,0.01,"Stay because candidate improvement is not sufficient after LCB comparison: margin=-0.6778, threshold=0.0100."
72959,568,sgd_lr_0_0001,sgd_lr_0_0005,stay,False,high_uncertainty,-0.6562498240469327,0.01,"Stay because utility uncertainty is too high: current_std=0.0194, candidate_std=0.0030, threshold=0.0100."
73087,569,sgd_lr_0_0001,sgd_lr_0_0005,stay,False,no_candidate_improvement,-0.6318529524140286,0.01,"Stay because candidate improvement is not sufficient after LCB comparison: margin=-0.6319, threshold=0.0100."
73215,570,sgd_lr_0_0001,sgd_lr_0_0005,stay,False,high_uncertainty,-0.6453659106839846,0.01,"Stay because utility uncertainty is too high: current_std=0.0135, candidate_std=0.0020, threshold=0.0100."
73343,571,sgd_lr_0_0001,sgd_lr_0_0005,stay,False,high_uncertainty,-0.671692173239837,0.01,"Stay because utility uncertainty is too high: current_std=0.0111, candidate_std=0.0002, threshold=0.0100."
73471,572,sgd_lr_0_0001,sgd_lr_0_0005,stay,False,high_uncertainty,-0.6644215680017671,0.01,"Stay because utility uncertainty is too high: current_std=0.0177, candidate_std=0.0004, threshold=0.0100."
73599,573,sgd_lr_0_0001,sgd_lr_0_0005,stay,False,high_uncertainty,-0.6259608123230956,0.01,"Stay because utility uncertainty is too high: current_std=0.0211, candidate_std=0.0008, threshold=0.0100."
73727,574,sgd_lr_0_0001,sgd_lr_0_0005,stay,False,high_uncertainty,-0.6255256996210516,0.01,"Stay because utility uncertainty is too high: current_std=0.0183, candidate_std=0.0016, threshold=0.0100."
73855,575,sgd_lr_0_0001,sgd_lr_0_0005,stay,False,high_uncertainty,-0.7011413279575457,0.01,"Stay because utility uncertainty is too high: current_std=0.0552, candidate_std=0.0005, threshold=0.0100."
73983,576,sgd_lr_0_0001,sgd_lr_0_0005,stay,False,high_uncertainty,-0.7620055076616611,0.01,"Stay because utility uncertainty is too high: current_std=0.0105, candidate_std=0.0053, threshold=0.0100."
74111,577,sgd_lr_0_0001,sgd_lr_0_0005,stay,False,high_uncertainty,-0.7099873026310397,0.01,"Stay because utility uncertainty is too high: current_std=0.0573, candidate_std=0.0001, threshold=0.0100."
74239,578,sgd_lr_0_0001,sgd_lr_0_0005,stay,False,high_uncertainty,-0.6344802179421386,0.01,"Stay because utility uncertainty is too high: current_std=0.0235, candidate_std=0.0052, threshold=0.0100."
74367,579,sgd_lr_0_0001,sgd_lr_0_0005,stay,False,no_candidate_improvement,-0.6152419177947794,0.01,"Stay because candidate improvement is not sufficient after LCB comparison: margin=-0.6152, threshold=0.0100."
74495,580,sgd_lr_0_0001,sgd_lr_0_0005,stay,False,high_uncertainty,-0.5777595243959467,0.01,"Stay because utility uncertainty is too high: current_std=0.0233, candidate_std=0.0133, threshold=0.0100."
74623,581,sgd_lr_0_0001,sgd_lr_0_0005,stay,False,no_candidate_improvement,-0.5356345243220902,0.01,"Stay because candidate improvement is not sufficient after LCB comparison: margin=-0.5356, threshold=0.0100."
74751,582,sgd_lr_0_0001,sgd_lr_0_0005,stay,False,high_uncertainty,-0.5558648202868948,0.01,"Stay because utility uncertainty is too high: current_std=0.0134, candidate_std=0.0124, threshold=0.0100."
74879,583,sgd_lr_0_0001,sgd_lr_0_0005,stay,False,high_uncertainty,-0.6197713133620952,0.01,"Stay because utility uncertainty is too high: current_std=0.0378, candidate_std=0.0003, threshold=0.0100."
75007,584,sgd_lr_0_0001,sgd_lr_0_0005,stay,False,high_uncertainty,-0.7070466140259761,0.01,"Stay because utility uncertainty is too high: current_std=0.0481, candidate_std=0.0011, threshold=0.0100."
75135,585,sgd_lr_0_0001,sgd_lr_0_0005,stay,False,no_candidate_improvement,-0.746111207475733,0.01,"Stay because candidate improvement is not sufficient after LCB comparison: margin=-0.7461, threshold=0.0100."
75263,586,sgd_lr_0_0001,sgd_lr_0_0005,stay,False,high_uncertainty,-0.6998938732660158,0.01,"Stay because utility uncertainty is too high: current_std=0.0360, candidate_std=0.0001, threshold=0.0100."
75391,587,sgd_lr_0_0001,sgd_lr_0_0005,stay,False,high_uncertainty,-0.6828332641090896,0.01,"Stay because utility uncertainty is too high: current_std=0.0178, candidate_std=0.0013, threshold=0.0100."
75519,588,sgd_lr_0_0001,sgd_lr_0_0005,stay,False,high_uncertainty,-0.7162058014739022,0.01,"Stay because utility uncertainty is too high: current_std=0.0220, candidate_std=0.0077, threshold=0.0100."
75647,589,sgd_lr_0_0001,sgd_lr_0_0005,stay,False,high_uncertainty,-0.7188151093379228,0.01,"Stay because utility uncertainty is too high: current_std=0.0115, candidate_std=0.0002, threshold=0.0100."
75775,590,sgd_lr_0_0001,sgd_lr_0_0005,stay,False,no_candidate_improvement,-0.7197712352563571,0.01,"Stay because candidate improvement is not sufficient after LCB comparison: margin=-0.7198, threshold=0.0100."
75903,591,sgd_lr_0_0001,sgd_lr_0_0005,stay,False,high_uncertainty,-0.7519982128211478,0.01,"Stay because utility uncertainty is too high: current_std=0.0197, candidate_std=0.0001, threshold=0.0100."
76031,592,sgd_lr_0_0001,sgd_lr_0_0005,stay,False,no_candidate_improvement,-0.7804116741328315,0.01,"Stay because candidate improvement is not sufficient after LCB comparison: margin=-0.7804, threshold=0.0100."
76159,593,sgd_lr_0_0001,sgd_lr_0_0005,stay,False,no_candidate_improvement,-0.7896895369033308,0.01,"Stay because candidate improvement is not sufficient after LCB comparison: margin=-0.7897, threshold=0.0100."
76287,594,sgd_lr_0_0001,sgd_lr_0_0005,stay,False,high_uncertainty,-0.7650892437867347,0.01,"Stay because utility uncertainty is too high: current_std=0.0248, candidate_std=0.0002, threshold=0.0100."
76415,595,sgd_lr_0_0001,sgd_lr_0_0005,stay,False,high_uncertainty,-0.699662609979531,0.01,"Stay because utility uncertainty is too high: current_std=0.0472, candidate_std=0.0068, threshold=0.0100."
76543,596,sgd_lr_0_0001,sgd_lr_0_0005,stay,False,high_uncertainty,-0.6270798647887774,0.01,"Stay because utility uncertainty is too high: current_std=0.0317, candidate_std=0.0005, threshold=0.0100."
76671,597,sgd_lr_0_0001,sgd_lr_0_0005,stay,False,no_candidate_improvement,-0.5927491983164432,0.01,"Stay because candidate improvement is not sufficient after LCB comparison: margin=-0.5927, threshold=0.0100."
76799,598,sgd_lr_0_0001,sgd_lr_0_0005,stay,False,no_candidate_improvement,-0.5982523897854022,0.01,"Stay because candidate improvement is not sufficient after LCB comparison: margin=-0.5983, threshold=0.0100."
76927,599,sgd_lr_0_0001,sgd_lr_0_0005,stay,False,high_uncertainty,-0.6299628311507605,0.01,"Stay because utility uncertainty is too high: current_std=0.0242, candidate_std=0.0001, threshold=0.0100."
77055,600,sgd_lr_0_0001,sgd_lr_0_0005,stay,False,high_uncertainty,-0.6925450450156339,0.01,"Stay because utility uncertainty is too high: current_std=0.0380, candidate_std=0.0005, threshold=0.0100."
77183,601,sgd_lr_0_0001,sgd_lr_0_0005,stay,False,no_candidate_improvement,-0.7222200901499078,0.01,"Stay because candidate improvement is not sufficient after LCB comparison: margin=-0.7222, threshold=0.0100."
77311,602,sgd_lr_0_0001,sgd_lr_0_0005,stay,False,high_uncertainty,-0.7235801785845656,0.01,"Stay because utility uncertainty is too high: current_std=0.0100, candidate_std=0.0002, threshold=0.0100."
77439,603,sgd_lr_0_0001,sgd_lr_0_0005,stay,False,no_candidate_improvement,-0.7426976613546283,0.01,"Stay because candidate improvement is not sufficient after LCB comparison: margin=-0.7427, threshold=0.0100."
77567,604,sgd_lr_0_0001,sgd_lr_0_0005,stay,False,high_uncertainty,-0.7082686167414206,0.01,"Stay because utility uncertainty is too high: current_std=0.0421, candidate_std=0.0013, threshold=0.0100."
77695,605,sgd_lr_0_0001,sgd_lr_0_0005,stay,False,high_uncertainty,-0.6414853590919102,0.01,"Stay because utility uncertainty is too high: current_std=0.0236, candidate_std=0.0002, threshold=0.0100."
77823,606,sgd_lr_0_0001,sgd_lr_0_0005,stay,False,no_candidate_improvement,-0.6139064499948701,0.01,"Stay because candidate improvement is not sufficient after LCB comparison: margin=-0.6139, threshold=0.0100."
77951,607,sgd_lr_0_0001,sgd_lr_0_0005,stay,False,high_uncertainty,-0.6204775645292814,0.01,"Stay because utility uncertainty is too high: current_std=0.0120, candidate_std=0.0013, threshold=0.0100."
78079,608,sgd_lr_0_0001,sgd_lr_0_0005,stay,False,high_uncertainty,-0.6501976184669594,0.01,"Stay because utility uncertainty is too high: current_std=0.0191, candidate_std=0.0001, threshold=0.0100."
78207,609,sgd_lr_0_0001,sgd_lr_0_0005,stay,False,no_candidate_improvement,-0.6727908205828178,0.01,"Stay because candidate improvement is not sufficient after LCB comparison: margin=-0.6728, threshold=0.0100."
78335,610,sgd_lr_0_0001,sgd_lr_0_0005,stay,False,high_uncertainty,-0.7149052735126754,0.01,"Stay because utility uncertainty is too high: current_std=0.0390, candidate_std=0.0005, threshold=0.0100."
78463,611,sgd_lr_0_0001,sgd_lr_0_0005,stay,False,high_uncertainty,-0.7983408574384254,0.01,"Stay because utility uncertainty is too high: current_std=0.0431, candidate_std=0.0018, threshold=0.0100."
78591,612,sgd_lr_0_0001,sgd_lr_0_0005,stay,False,no_candidate_improvement,-0.8392954119134751,0.01,"Stay because candidate improvement is not sufficient after LCB comparison: margin=-0.8393, threshold=0.0100."
78719,613,sgd_lr_0_0001,sgd_lr_0_0005,stay,False,high_uncertainty,-0.7954858682098769,0.01,"Stay because utility uncertainty is too high: current_std=0.0395, candidate_std=0.0004, threshold=0.0100."
78847,614,sgd_lr_0_0001,sgd_lr_0_0005,stay,False,high_uncertainty,-0.7107456331190447,0.01,"Stay because utility uncertainty is too high: current_std=0.0404, candidate_std=0.0045, threshold=0.0100."
78975,615,sgd_lr_0_0001,sgd_lr_0_0005,stay,False,no_candidate_improvement,-0.6561635738702276,0.01,"Stay because candidate improvement is not sufficient after LCB comparison: margin=-0.6562, threshold=0.0100."
79103,616,sgd_lr_0_0001,sgd_lr_0_0005,stay,False,no_candidate_improvement,-0.656242956945952,0.01,"Stay because candidate improvement is not sufficient after LCB comparison: margin=-0.6562, threshold=0.0100."
79231,617,sgd_lr_0_0001,sgd_lr_0_0005,stay,False,no_candidate_improvement,-0.6780193677878913,0.01,"Stay because candidate improvement is not sufficient after LCB comparison: margin=-0.6780, threshold=0.0100."
79359,618,sgd_lr_0_0001,sgd_lr_0_0005,stay,False,high_uncertainty,-0.7262655838088671,0.01,"Stay because utility uncertainty is too high: current_std=0.0356, candidate_std=0.0007, threshold=0.0100."
79487,619,sgd_lr_0_0001,sgd_lr_0_0005,stay,False,high_uncertainty,-0.7490630885522833,0.01,"Stay because utility uncertainty is too high: current_std=0.0122, candidate_std=0.0013, threshold=0.0100."
79615,620,sgd_lr_0_0001,sgd_lr_0_0005,stay,False,high_uncertainty,-0.6782921975533014,0.01,"Stay because utility uncertainty is too high: current_std=0.0558, candidate_std=0.0015, threshold=0.0100."
79743,621,sgd_lr_0_0001,sgd_lr_0_0005,stay,False,no_candidate_improvement,-0.617365860489947,0.01,"Stay because candidate improvement is not sufficient after LCB comparison: margin=-0.6174, threshold=0.0100."
79871,622,sgd_lr_0_0001,sgd_lr_0_0005,stay,False,no_candidate_improvement,-0.6237210753313709,0.01,"Stay because candidate improvement is not sufficient after LCB comparison: margin=-0.6237, threshold=0.0100."
79999,623,sgd_lr_0_0001,sgd_lr_0_0005,stay,False,high_uncertainty,-0.6173931692816265,0.01,"Stay because utility uncertainty is too high: current_std=0.0120, candidate_std=0.0043, threshold=0.0100."
80127,624,sgd_lr_0_0001,sgd_lr_0_0005,stay,False,high_uncertainty,-0.6254511259331201,0.01,"Stay because utility uncertainty is too high: current_std=0.0244, candidate_std=0.0001, threshold=0.0100."
80255,625,sgd_lr_0_0001,sgd_lr_0_0005,stay,False,high_uncertainty,-0.7053098770017011,0.01,"Stay because utility uncertainty is too high: current_std=0.0509, candidate_std=0.0046, threshold=0.0100."
80383,626,sgd_lr_0_0001,sgd_lr_0_0005,stay,False,high_uncertainty,-0.7884708456031896,0.01,"Stay because utility uncertainty is too high: current_std=0.0273, candidate_std=0.0004, threshold=0.0100."
80511,627,sgd_lr_0_0001,sgd_lr_0_0005,stay,False,high_uncertainty,-0.8050691238415384,0.01,"Stay because utility uncertainty is too high: current_std=0.0117, candidate_std=0.0006, threshold=0.0100."
80639,628,sgd_lr_0_0001,sgd_lr_0_0005,stay,False,high_uncertainty,-0.7472256354914033,0.01,"Stay because utility uncertainty is too high: current_std=0.0450, candidate_std=0.0018, threshold=0.0100."
80767,629,sgd_lr_0_0001,sgd_lr_0_0005,stay,False,high_uncertainty,-0.6670938839778252,0.01,"Stay because utility uncertainty is too high: current_std=0.0330, candidate_std=0.0003, threshold=0.0100."
80895,630,sgd_lr_0_0001,sgd_lr_0_0005,stay,False,high_uncertainty,-0.6101622170254742,0.01,"Stay because utility uncertainty is too high: current_std=0.0256, candidate_std=0.0020, threshold=0.0100."
81023,631,sgd_lr_0_0001,sgd_lr_0_0005,stay,False,high_uncertainty,-0.6133464968556008,0.01,"Stay because utility uncertainty is too high: current_std=0.0295, candidate_std=0.0027, threshold=0.0100."
81151,632,sgd_lr_0_0001,sgd_lr_0_0005,stay,False,high_uncertainty,-0.675118106290322,0.01,"Stay because utility uncertainty is too high: current_std=0.0418, candidate_std=0.0068, threshold=0.0100."
81279,633,sgd_lr_0_0001,sgd_lr_0_0005,stay,False,high_uncertainty,-0.698234236174211,0.01,"Stay because utility uncertainty is too high: current_std=0.0131, candidate_std=0.0012, threshold=0.0100."
81407,634,sgd_lr_0_0001,sgd_lr_0_0005,stay,False,high_uncertainty,-0.6489392356487675,0.01,"Stay because utility uncertainty is too high: current_std=0.0435, candidate_std=0.0061, threshold=0.0100."
81535,635,sgd_lr_0_0001,sgd_lr_0_0005,stay,False,high_uncertainty,-0.5968555449686799,0.01,"Stay because utility uncertainty is too high: current_std=0.0163, candidate_std=0.0016, threshold=0.0100."
81663,636,sgd_lr_0_0001,sgd_lr_0_0005,stay,False,high_uncertainty,-0.6025360103820431,0.01,"Stay because utility uncertainty is too high: current_std=0.0193, candidate_std=0.0011, threshold=0.0100."
81791,637,sgd_lr_0_0001,sgd_lr_0_0005,stay,False,high_uncertainty,-0.6347195263548888,0.01,"Stay because utility uncertainty is too high: current_std=0.0163, candidate_std=0.0045, threshold=0.0100."
81919,638,sgd_lr_0_0001,sgd_lr_0_0005,stay,False,no_candidate_improvement,-0.6396897937799654,0.01,"Stay because candidate improvement is not sufficient after LCB comparison: margin=-0.6397, threshold=0.0100."
82047,639,sgd_lr_0_0001,sgd_lr_0_0005,stay,False,high_uncertainty,-0.6495238830453107,0.01,"Stay because utility uncertainty is too high: current_std=0.0152, candidate_std=0.0015, threshold=0.0100."
82175,640,sgd_lr_0_0001,sgd_lr_0_0005,stay,False,high_uncertainty,-0.703519053147487,0.01,"Stay because utility uncertainty is too high: current_std=0.0325, candidate_std=0.0048, threshold=0.0100."
82303,641,sgd_lr_0_0001,sgd_lr_0_0005,stay,False,high_uncertainty,-0.7151132818248895,0.01,"Stay because utility uncertainty is too high: current_std=0.0274, candidate_std=0.0017, threshold=0.0100."
82431,642,sgd_lr_0_0001,sgd_lr_0_0005,stay,False,high_uncertainty,-0.6706055325413225,0.01,"Stay because utility uncertainty is too high: current_std=0.0196, candidate_std=0.0008, threshold=0.0100."
82559,643,sgd_lr_0_0001,sgd_lr_0_0005,stay,False,high_uncertainty,-0.6836572475592636,0.01,"Stay because utility uncertainty is too high: current_std=0.0316, candidate_std=0.0003, threshold=0.0100."
82687,644,sgd_lr_0_0001,sgd_lr_0_0005,stay,False,high_uncertainty,-0.7371142184335958,0.01,"Stay because utility uncertainty is too high: current_std=0.0219, candidate_std=0.0002, threshold=0.0100."
82815,645,sgd_lr_0_0001,sgd_lr_0_0005,stay,False,high_uncertainty,-0.7273656480027204,0.01,"Stay because utility uncertainty is too high: current_std=0.0325, candidate_std=0.0011, threshold=0.0100."
82943,646,sgd_lr_0_0001,sgd_lr_0_0005,stay,False,high_uncertainty,-0.6597797903518632,0.01,"Stay because utility uncertainty is too high: current_std=0.0360, candidate_std=0.0002, threshold=0.0100."
83071,647,sgd_lr_0_0001,sgd_lr_0_0005,stay,False,high_uncertainty,-0.5942470489056024,0.01,"Stay because utility uncertainty is too high: current_std=0.0284, candidate_std=0.0009, threshold=0.0100."
83199,648,sgd_lr_0_0001,sgd_lr_0_0005,stay,False,high_uncertainty,-0.5367988963944139,0.01,"Stay because utility uncertainty is too high: current_std=0.0218, candidate_std=0.0063, threshold=0.0100."
83327,649,sgd_lr_0_0001,sgd_lr_0_0005,stay,False,no_candidate_improvement,-0.501181787717611,0.01,"Stay because candidate improvement is not sufficient after LCB comparison: margin=-0.5012, threshold=0.0100."
83455,650,sgd_lr_0_0001,sgd_lr_0_0005,stay,False,no_candidate_improvement,-0.49783053359991547,0.01,"Stay because candidate improvement is not sufficient after LCB comparison: margin=-0.4978, threshold=0.0100."
83583,651,sgd_lr_0_0001,sgd_lr_0_0005,stay,False,high_uncertainty,-0.5346663325439085,0.01,"Stay because utility uncertainty is too high: current_std=0.0235, candidate_std=0.0092, threshold=0.0100."
83711,652,sgd_lr_0_0001,sgd_lr_0_0005,stay,False,high_uncertainty,-0.6220445969884366,0.01,"Stay because utility uncertainty is too high: current_std=0.0554, candidate_std=0.0007, threshold=0.0100."
83839,653,sgd_lr_0_0001,sgd_lr_0_0005,stay,False,high_uncertainty,-0.7044223603585288,0.01,"Stay because utility uncertainty is too high: current_std=0.0281, candidate_std=0.0004, threshold=0.0100."
83967,654,sgd_lr_0_0001,sgd_lr_0_0005,stay,False,high_uncertainty,-0.7088337868092723,0.01,"Stay because utility uncertainty is too high: current_std=0.0238, candidate_std=0.0005, threshold=0.0100."
84095,655,sgd_lr_0_0001,sgd_lr_0_0005,stay,False,high_uncertainty,-0.665807334921967,0.01,"Stay because utility uncertainty is too high: current_std=0.0200, candidate_std=0.0003, threshold=0.0100."
84223,656,sgd_lr_0_0001,sgd_lr_0_0005,stay,False,no_candidate_improvement,-0.6516976816618382,0.01,"Stay because candidate improvement is not sufficient after LCB comparison: margin=-0.6517, threshold=0.0100."
84351,657,sgd_lr_0_0001,sgd_lr_0_0005,stay,False,high_uncertainty,-0.6741913694837959,0.01,"Stay because utility uncertainty is too high: current_std=0.0166, candidate_std=0.0003, threshold=0.0100."
84479,658,sgd_lr_0_0001,sgd_lr_0_0005,stay,False,no_candidate_improvement,-0.6956386299791063,0.01,"Stay because candidate improvement is not sufficient after LCB comparison: margin=-0.6956, threshold=0.0100."
84607,659,sgd_lr_0_0001,sgd_lr_0_0005,stay,False,high_uncertainty,-0.6718706507002666,0.01,"Stay because utility uncertainty is too high: current_std=0.0280, candidate_std=0.0004, threshold=0.0100."
84735,660,sgd_lr_0_0001,sgd_lr_0_0005,stay,False,high_uncertainty,-0.6061824017629545,0.01,"Stay because utility uncertainty is too high: current_std=0.0434, candidate_std=0.0061, threshold=0.0100."
84863,661,sgd_lr_0_0001,sgd_lr_0_0005,stay,False,high_uncertainty,-0.6083712547017666,0.01,"Stay because utility uncertainty is too high: current_std=0.0398, candidate_std=0.0003, threshold=0.0100."
84991,662,sgd_lr_0_0001,sgd_lr_0_0005,stay,False,high_uncertainty,-0.7306349000964377,0.01,"Stay because utility uncertainty is too high: current_std=0.0824, candidate_std=0.0003, threshold=0.0100."
85119,663,sgd_lr_0_0001,sgd_lr_0_0005,stay,False,high_uncertainty,-0.7614427114931195,0.01,"Stay because utility uncertainty is too high: current_std=0.0527, candidate_std=0.0008, threshold=0.0100."
85247,664,sgd_lr_0_0001,sgd_lr_0_0005,stay,False,high_uncertainty,-0.6406674060297506,0.01,"Stay because utility uncertainty is too high: current_std=0.0679, candidate_std=0.0009, threshold=0.0100."
85375,665,sgd_lr_0_0001,sgd_lr_0_0005,stay,False,high_uncertainty,-0.5945854375689233,0.01,"Stay because utility uncertainty is too high: current_std=0.0232, candidate_std=0.0004, threshold=0.0100."
85503,666,sgd_lr_0_0001,sgd_lr_0_0005,stay,False,no_candidate_improvement,-0.6254958786604627,0.01,"Stay because candidate improvement is not sufficient after LCB comparison: margin=-0.6255, threshold=0.0100."
85631,667,sgd_lr_0_0001,sgd_lr_0_0005,stay,False,high_uncertainty,-0.611422443796778,0.01,"Stay because utility uncertainty is too high: current_std=0.0229, candidate_std=0.0007, threshold=0.0100."
85759,668,sgd_lr_0_0001,sgd_lr_0_0005,stay,False,high_uncertainty,-0.6020864984875788,0.01,"Stay because utility uncertainty is too high: current_std=0.0126, candidate_std=0.0002, threshold=0.0100."
85887,669,sgd_lr_0_0001,sgd_lr_0_0005,stay,False,high_uncertainty,-0.6498106700049596,0.01,"Stay because utility uncertainty is too high: current_std=0.0354, candidate_std=0.0005, threshold=0.0100."
86015,670,sgd_lr_0_0001,sgd_lr_0_0005,stay,False,no_candidate_improvement,-0.6937790523402672,0.01,"Stay because candidate improvement is not sufficient after LCB comparison: margin=-0.6938, threshold=0.0100."
86143,671,sgd_lr_0_0001,sgd_lr_0_0005,stay,False,high_uncertainty,-0.7228409431686742,0.01,"Stay because utility uncertainty is too high: current_std=0.0199, candidate_std=0.0001, threshold=0.0100."
86271,672,sgd_lr_0_0001,sgd_lr_0_0005,stay,False,no_candidate_improvement,-0.7491673521124572,0.01,"Stay because candidate improvement is not sufficient after LCB comparison: margin=-0.7492, threshold=0.0100."
86399,673,sgd_lr_0_0001,sgd_lr_0_0005,stay,False,high_uncertainty,-0.7385107483010004,0.01,"Stay because utility uncertainty is too high: current_std=0.0152, candidate_std=0.0019, threshold=0.0100."
86527,674,sgd_lr_0_0001,sgd_lr_0_0005,stay,False,high_uncertainty,-0.7114209593742296,0.01,"Stay because utility uncertainty is too high: current_std=0.0100, candidate_std=0.0000, threshold=0.0100."
86655,675,sgd_lr_0_0001,sgd_lr_0_0005,stay,False,high_uncertainty,-0.7213083176558636,0.01,"Stay because utility uncertainty is too high: current_std=0.0182, candidate_std=0.0018, threshold=0.0100."
86783,676,sgd_lr_0_0001,sgd_lr_0_0005,stay,False,high_uncertainty,-0.753807822968859,0.01,"Stay because utility uncertainty is too high: current_std=0.0127, candidate_std=0.0001, threshold=0.0100."
86911,677,sgd_lr_0_0001,sgd_lr_0_0005,stay,False,high_uncertainty,-0.7201296011928153,0.01,"Stay because utility uncertainty is too high: current_std=0.0454, candidate_std=0.0009, threshold=0.0100."
87039,678,sgd_lr_0_0001,sgd_lr_0_0005,stay,False,high_uncertainty,-0.6194930085064837,0.01,"Stay because utility uncertainty is too high: current_std=0.0482, candidate_std=0.0062, threshold=0.0100."
87167,679,sgd_lr_0_0001,sgd_lr_0_0005,stay,False,high_uncertainty,-0.5868644603329822,0.01,"Stay because utility uncertainty is too high: current_std=0.0244, candidate_std=0.0026, threshold=0.0100."
87295,680,sgd_lr_0_0001,sgd_lr_0_0005,stay,False,high_uncertainty,-0.6433675366102019,0.01,"Stay because utility uncertainty is too high: current_std=0.0314, candidate_std=0.0033, threshold=0.0100."
87423,681,sgd_lr_0_0001,sgd_lr_0_0005,stay,False,no_candidate_improvement,-0.6862975002680495,0.01,"Stay because candidate improvement is not sufficient after LCB comparison: margin=-0.6863, threshold=0.0100."
87551,682,sgd_lr_0_0001,sgd_lr_0_0005,stay,False,high_uncertainty,-0.7226243807399406,0.01,"Stay because utility uncertainty is too high: current_std=0.0250, candidate_std=0.0032, threshold=0.0100."
87679,683,sgd_lr_0_0001,sgd_lr_0_0005,stay,False,high_uncertainty,-0.7661781290066074,0.01,"Stay because utility uncertainty is too high: current_std=0.0140, candidate_std=0.0014, threshold=0.0100."
87807,684,sgd_lr_0_0001,sgd_lr_0_0005,stay,False,no_candidate_improvement,-0.773148883101036,0.01,"Stay because candidate improvement is not sufficient after LCB comparison: margin=-0.7731, threshold=0.0100."
87935,685,sgd_lr_0_0001,sgd_lr_0_0005,stay,False,high_uncertainty,-0.7361632332556486,0.01,"Stay because utility uncertainty is too high: current_std=0.0289, candidate_std=0.0004, threshold=0.0100."
88063,686,sgd_lr_0_0001,sgd_lr_0_0005,stay,False,high_uncertainty,-0.6669853084641439,0.01,"Stay because utility uncertainty is too high: current_std=0.0389, candidate_std=0.0018, threshold=0.0100."
88191,687,sgd_lr_0_0001,sgd_lr_0_0005,stay,False,high_uncertainty,-0.6111156487386542,0.01,"Stay because utility uncertainty is too high: current_std=0.0133, candidate_std=0.0019, threshold=0.0100."
88319,688,sgd_lr_0_0001,sgd_lr_0_0005,stay,False,high_uncertainty,-0.619067010278893,0.01,"Stay because utility uncertainty is too high: current_std=0.0225, candidate_std=0.0007, threshold=0.0100."
88447,689,sgd_lr_0_0001,sgd_lr_0_0005,stay,False,high_uncertainty,-0.6975062387294091,0.01,"Stay because utility uncertainty is too high: current_std=0.0534, candidate_std=0.0019, threshold=0.0100."
88575,690,sgd_lr_0_0001,sgd_lr_0_0005,stay,False,high_uncertainty,-0.7808047936287099,0.01,"Stay because utility uncertainty is too high: current_std=0.0276, candidate_std=0.0004, threshold=0.0100."
88703,691,sgd_lr_0_0001,sgd_lr_0_0005,stay,False,high_uncertainty,-0.7912826169605304,0.01,"Stay because utility uncertainty is too high: current_std=0.0167, candidate_std=0.0009, threshold=0.0100."
88831,692,sgd_lr_0_0001,sgd_lr_0_0005,stay,False,high_uncertainty,-0.7504646077266761,0.01,"Stay because utility uncertainty is too high: current_std=0.0120, candidate_std=0.0113, threshold=0.0100."
88959,693,sgd_lr_0_0001,sgd_lr_0_0005,stay,False,high_uncertainty,-0.6995406290356364,0.01,"Stay because utility uncertainty is too high: current_std=0.0280, candidate_std=0.0003, threshold=0.0100."
89087,694,sgd_lr_0_0001,sgd_lr_0_0005,stay,False,high_uncertainty,-0.6590903695693218,0.01,"Stay because utility uncertainty is too high: current_std=0.0237, candidate_std=0.0109, threshold=0.0100."
89215,695,sgd_lr_0_0001,sgd_lr_0_0005,stay,False,no_candidate_improvement,-0.642738809053836,0.01,"Stay because candidate improvement is not sufficient after LCB comparison: margin=-0.6427, threshold=0.0100."
89343,696,sgd_lr_0_0001,sgd_lr_0_0005,stay,False,no_candidate_improvement,-0.632319090608162,0.01,"Stay because candidate improvement is not sufficient after LCB comparison: margin=-0.6323, threshold=0.0100."
89471,697,sgd_lr_0_0001,sgd_lr_0_0005,stay,False,high_uncertainty,-0.6478496900360069,0.01,"Stay because utility uncertainty is too high: current_std=0.0208, candidate_std=0.0016, threshold=0.0100."
89599,698,sgd_lr_0_0001,sgd_lr_0_0005,stay,False,no_candidate_improvement,-0.6761936600191727,0.01,"Stay because candidate improvement is not sufficient after LCB comparison: margin=-0.6762, threshold=0.0100."
89727,699,sgd_lr_0_0001,sgd_lr_0_0005,stay,False,high_uncertainty,-0.6597103950508346,0.01,"Stay because utility uncertainty is too high: current_std=0.0225, candidate_std=0.0000, threshold=0.0100."
89855,700,sgd_lr_0_0001,sgd_lr_0_0005,stay,False,no_candidate_improvement,-0.644949471712113,0.01,"Stay because candidate improvement is not sufficient after LCB comparison: margin=-0.6449, threshold=0.0100."
89983,701,sgd_lr_0_0001,sgd_lr_0_0005,stay,False,no_candidate_improvement,-0.6487034876516621,0.01,"Stay because candidate improvement is not sufficient after LCB comparison: margin=-0.6487, threshold=0.0100."
90111,702,sgd_lr_0_0001,sgd_lr_0_0005,stay,False,high_uncertainty,-0.6308638485217802,0.01,"Stay because utility uncertainty is too high: current_std=0.0137, candidate_std=0.0002, threshold=0.0100."
90239,703,sgd_lr_0_0001,sgd_lr_0_0005,stay,False,no_candidate_improvement,-0.6236551972331141,0.01,"Stay because candidate improvement is not sufficient after LCB comparison: margin=-0.6237, threshold=0.0100."
90367,704,sgd_lr_0_0001,sgd_lr_0_0005,stay,False,no_candidate_improvement,-0.6233516641811939,0.01,"Stay because candidate improvement is not sufficient after LCB comparison: margin=-0.6234, threshold=0.0100."
90495,705,sgd_lr_0_0001,sgd_lr_0_0005,stay,False,no_candidate_improvement,-0.6220206942648876,0.01,"Stay because candidate improvement is not sufficient after LCB comparison: margin=-0.6220, threshold=0.0100."
90623,706,sgd_lr_0_0001,sgd_lr_0_0005,stay,False,no_candidate_improvement,-0.6333305278155889,0.01,"Stay because candidate improvement is not sufficient after LCB comparison: margin=-0.6333, threshold=0.0100."
90751,707,sgd_lr_0_0001,sgd_lr_0_0005,stay,False,high_uncertainty,-0.6042142663011052,0.01,"Stay because utility uncertainty is too high: current_std=0.0378, candidate_std=0.0031, threshold=0.0100."
90879,708,sgd_lr_0_0001,sgd_lr_0_0005,stay,False,no_candidate_improvement,-0.5615819579486756,0.01,"Stay because candidate improvement is not sufficient after LCB comparison: margin=-0.5616, threshold=0.0100."
91007,709,sgd_lr_0_0001,sgd_lr_0_0005,stay,False,high_uncertainty,-0.5847085495444131,0.01,"Stay because utility uncertainty is too high: current_std=0.0295, candidate_std=0.0015, threshold=0.0100."
91135,710,sgd_lr_0_0001,sgd_lr_0_0005,stay,False,high_uncertainty,-0.653280180917632,0.01,"Stay because utility uncertainty is too high: current_std=0.0364, candidate_std=0.0011, threshold=0.0100."
91263,711,sgd_lr_0_0001,sgd_lr_0_0005,stay,False,no_candidate_improvement,-0.69035505362915,0.01,"Stay because candidate improvement is not sufficient after LCB comparison: margin=-0.6904, threshold=0.0100."
91391,712,sgd_lr_0_0001,sgd_lr_0_0005,stay,False,no_candidate_improvement,-0.6803962434173025,0.01,"Stay because candidate improvement is not sufficient after LCB comparison: margin=-0.6804, threshold=0.0100."
91519,713,sgd_lr_0_0001,sgd_lr_0_0005,stay,False,high_uncertainty,-0.675196354557278,0.01,"Stay because utility uncertainty is too high: current_std=0.0127, candidate_std=0.0084, threshold=0.0100."
91647,714,sgd_lr_0_0001,sgd_lr_0_0005,stay,False,no_candidate_improvement,-0.6802770903480072,0.01,"Stay because candidate improvement is not sufficient after LCB comparison: margin=-0.6803, threshold=0.0100."
91775,715,sgd_lr_0_0001,sgd_lr_0_0005,stay,False,no_candidate_improvement,-0.6696459694624891,0.01,"Stay because candidate improvement is not sufficient after LCB comparison: margin=-0.6696, threshold=0.0100."
91903,716,sgd_lr_0_0001,sgd_lr_0_0005,stay,False,no_candidate_improvement,-0.648071531787758,0.01,"Stay because candidate improvement is not sufficient after LCB comparison: margin=-0.6481, threshold=0.0100."
92031,717,sgd_lr_0_0001,sgd_lr_0_0005,stay,False,high_uncertainty,-0.6498740451799438,0.01,"Stay because utility uncertainty is too high: current_std=0.0006, candidate_std=0.0114, threshold=0.0100."
92159,718,sgd_lr_0_0001,sgd_lr_0_0005,stay,False,no_candidate_improvement,-0.6594291660204683,0.01,"Stay because candidate improvement is not sufficient after LCB comparison: margin=-0.6594, threshold=0.0100."
92287,719,sgd_lr_0_0001,sgd_lr_0_0005,stay,False,no_candidate_improvement,-0.6627915500433023,0.01,"Stay because candidate improvement is not sufficient after LCB comparison: margin=-0.6628, threshold=0.0100."
92415,720,sgd_lr_0_0001,sgd_lr_0_0005,stay,False,high_uncertainty,-0.6553886059902065,0.01,"Stay because utility uncertainty is too high: current_std=0.0136, candidate_std=0.0004, threshold=0.0100."
92543,721,sgd_lr_0_0001,sgd_lr_0_0005,stay,False,high_uncertainty,-0.6231847740436282,0.01,"Stay because utility uncertainty is too high: current_std=0.0200, candidate_std=0.0009, threshold=0.0100."
92671,722,sgd_lr_0_0001,sgd_lr_0_0005,stay,False,high_uncertainty,-0.5352608456185978,0.01,"Stay because utility uncertainty is too high: current_std=0.0337, candidate_std=0.0351, threshold=0.0100."
92799,723,sgd_lr_0_0001,sgd_lr_0_0005,stay,False,no_candidate_improvement,-0.46151279849702387,0.01,"Stay because candidate improvement is not sufficient after LCB comparison: margin=-0.4615, threshold=0.0100."
92927,724,sgd_lr_0_0001,sgd_lr_0_0005,stay,False,high_uncertainty,-0.5491399494444896,0.01,"Stay because utility uncertainty is too high: current_std=0.0582, candidate_std=0.0343, threshold=0.0100."
93055,725,sgd_lr_0_0001,sgd_lr_0_0005,stay,False,high_uncertainty,-0.6349314825904858,0.01,"Stay because utility uncertainty is too high: current_std=0.0113, candidate_std=0.0046, threshold=0.0100."
93183,726,sgd_lr_0_0001,sgd_lr_0_0005,stay,False,high_uncertainty,-0.6150662470984213,0.01,"Stay because utility uncertainty is too high: current_std=0.0136, candidate_std=0.0005, threshold=0.0100."
93311,727,sgd_lr_0_0001,sgd_lr_0_0005,stay,False,high_uncertainty,-0.6559070874437789,0.01,"Stay because utility uncertainty is too high: current_std=0.0535, candidate_std=0.0005, threshold=0.0100."
93439,728,sgd_lr_0_0001,sgd_lr_0_0005,stay,False,high_uncertainty,-0.7506393780774924,0.01,"Stay because utility uncertainty is too high: current_std=0.0408, candidate_std=0.0001, threshold=0.0100."
93567,729,sgd_lr_0_0001,sgd_lr_0_0005,stay,False,no_candidate_improvement,-0.7855911644075246,0.01,"Stay because candidate improvement is not sufficient after LCB comparison: margin=-0.7856, threshold=0.0100."
93695,730,sgd_lr_0_0001,sgd_lr_0_0005,stay,False,high_uncertainty,-0.7280941591402514,0.01,"Stay because utility uncertainty is too high: current_std=0.0496, candidate_std=0.0021, threshold=0.0100."
93823,731,sgd_lr_0_0001,sgd_lr_0_0005,stay,False,high_uncertainty,-0.6263364920460212,0.01,"Stay because utility uncertainty is too high: current_std=0.0506, candidate_std=0.0005, threshold=0.0100."
93951,732,sgd_lr_0_0001,sgd_lr_0_0005,stay,False,high_uncertainty,-0.5905186920098954,0.01,"Stay because utility uncertainty is too high: current_std=0.0114, candidate_std=0.0029, threshold=0.0100."
94079,733,sgd_lr_0_0001,sgd_lr_0_0005,stay,False,high_uncertainty,-0.6459310813787206,0.01,"Stay because utility uncertainty is too high: current_std=0.0416, candidate_std=0.0005, threshold=0.0100."
94207,734,sgd_lr_0_0001,sgd_lr_0_0005,stay,False,high_uncertainty,-0.7074722732734368,0.01,"Stay because utility uncertainty is too high: current_std=0.0225, candidate_std=0.0021, threshold=0.0100."
94335,735,sgd_lr_0_0001,sgd_lr_0_0005,stay,False,high_uncertainty,-0.6911831215742787,0.01,"Stay because utility uncertainty is too high: current_std=0.0347, candidate_std=0.0019, threshold=0.0100."
94463,736,sgd_lr_0_0001,sgd_lr_0_0005,stay,False,high_uncertainty,-0.6188239734935054,0.01,"Stay because utility uncertainty is too high: current_std=0.0374, candidate_std=0.0017, threshold=0.0100."
94591,737,sgd_lr_0_0001,sgd_lr_0_0005,stay,False,no_candidate_improvement,-0.5745366084713808,0.01,"Stay because candidate improvement is not sufficient after LCB comparison: margin=-0.5745, threshold=0.0100."
94719,738,sgd_lr_0_0001,sgd_lr_0_0005,stay,False,high_uncertainty,-0.5952518531487891,0.01,"Stay because utility uncertainty is too high: current_std=0.0334, candidate_std=0.0041, threshold=0.0100."
94847,739,sgd_lr_0_0001,sgd_lr_0_0005,stay,False,high_uncertainty,-0.6650572660754878,0.01,"Stay because utility uncertainty is too high: current_std=0.0380, candidate_std=0.0025, threshold=0.0100."
94975,740,sgd_lr_0_0001,sgd_lr_0_0005,stay,False,high_uncertainty,-0.6980402424242736,0.01,"Stay because utility uncertainty is too high: current_std=0.0108, candidate_std=0.0033, threshold=0.0100."
95103,741,sgd_lr_0_0001,sgd_lr_0_0005,stay,False,no_candidate_improvement,-0.6975457397345198,0.01,"Stay because candidate improvement is not sufficient after LCB comparison: margin=-0.6975, threshold=0.0100."
95231,742,sgd_lr_0_0001,sgd_lr_0_0005,stay,False,no_candidate_improvement,-0.7029009240877439,0.01,"Stay because candidate improvement is not sufficient after LCB comparison: margin=-0.7029, threshold=0.0100."
95359,743,sgd_lr_0_0001,sgd_lr_0_0005,stay,False,high_uncertainty,-0.6640225539596748,0.01,"Stay because utility uncertainty is too high: current_std=0.0365, candidate_std=0.0007, threshold=0.0100."
95487,744,sgd_lr_0_0001,sgd_lr_0_0005,stay,False,no_candidate_improvement,-0.6183137603965798,0.01,"Stay because candidate improvement is not sufficient after LCB comparison: margin=-0.6183, threshold=0.0100."
95615,745,sgd_lr_0_0001,sgd_lr_0_0005,stay,False,high_uncertainty,-0.6484256763023586,0.01,"Stay because utility uncertainty is too high: current_std=0.0383, candidate_std=0.0003, threshold=0.0100."
95743,746,sgd_lr_0_0001,sgd_lr_0_0005,stay,False,high_uncertainty,-0.7155782819633371,0.01,"Stay because utility uncertainty is too high: current_std=0.0282, candidate_std=0.0003, threshold=0.0100."
95871,747,sgd_lr_0_0001,sgd_lr_0_0005,stay,False,no_candidate_improvement,-0.7378926410497673,0.01,"Stay because candidate improvement is not sufficient after LCB comparison: margin=-0.7379, threshold=0.0100."
95999,748,sgd_lr_0_0001,sgd_lr_0_0005,stay,False,no_candidate_improvement,-0.733886482730948,0.01,"Stay because candidate improvement is not sufficient after LCB comparison: margin=-0.7339, threshold=0.0100."
96127,749,sgd_lr_0_0001,sgd_lr_0_0005,stay,False,no_candidate_improvement,-0.729205476062719,0.01,"Stay because candidate improvement is not sufficient after LCB comparison: margin=-0.7292, threshold=0.0100."
96255,750,sgd_lr_0_0001,sgd_lr_0_0005,stay,False,high_uncertainty,-0.6991992743823328,0.01,"Stay because utility uncertainty is too high: current_std=0.0221, candidate_std=0.0010, threshold=0.0100."
96383,751,sgd_lr_0_0001,sgd_lr_0_0005,stay,False,high_uncertainty,-0.6581128478772031,0.01,"Stay because utility uncertainty is too high: current_std=0.0136, candidate_std=0.0044, threshold=0.0100."
96511,752,sgd_lr_0_0001,sgd_lr_0_0005,stay,False,no_candidate_improvement,-0.6303174589431144,0.01,"Stay because candidate improvement is not sufficient after LCB comparison: margin=-0.6303, threshold=0.0100."
96639,753,sgd_lr_0_0001,sgd_lr_0_0005,stay,False,high_uncertainty,-0.6146596998468893,0.01,"Stay because utility uncertainty is too high: current_std=0.0102, candidate_std=0.0043, threshold=0.0100."
96767,754,sgd_lr_0_0001,sgd_lr_0_0005,stay,False,high_uncertainty,-0.5896899635004608,0.01,"Stay because utility uncertainty is too high: current_std=0.0191, candidate_std=0.0001, threshold=0.0100."
96895,755,sgd_lr_0_0001,sgd_lr_0_0005,stay,False,no_candidate_improvement,-0.5538199146936256,0.01,"Stay because candidate improvement is not sufficient after LCB comparison: margin=-0.5538, threshold=0.0100."
97023,756,sgd_lr_0_0001,sgd_lr_0_0005,stay,False,high_uncertainty,-0.5523707300370128,0.01,"Stay because utility uncertainty is too high: current_std=0.0190, candidate_std=0.0038, threshold=0.0100."
97151,757,sgd_lr_0_0001,sgd_lr_0_0005,stay,False,high_uncertainty,-0.6131132567013731,0.01,"Stay because utility uncertainty is too high: current_std=0.0380, candidate_std=0.0074, threshold=0.0100."
97279,758,sgd_lr_0_0001,sgd_lr_0_0005,stay,False,high_uncertainty,-0.6995877494828295,0.01,"Stay because utility uncertainty is too high: current_std=0.0363, candidate_std=0.0047, threshold=0.0100."
97407,759,sgd_lr_0_0001,sgd_lr_0_0005,stay,False,high_uncertainty,-0.7620692308104309,0.01,"Stay because utility uncertainty is too high: current_std=0.0214, candidate_std=0.0001, threshold=0.0100."
97535,760,sgd_lr_0_0001,sgd_lr_0_0005,stay,False,high_uncertainty,-0.7580732137904556,0.01,"Stay because utility uncertainty is too high: current_std=0.0255, candidate_std=0.0001, threshold=0.0100."
97663,761,sgd_lr_0_0001,sgd_lr_0_0005,stay,False,high_uncertainty,-0.6821796098922648,0.01,"Stay because utility uncertainty is too high: current_std=0.0494, candidate_std=0.0010, threshold=0.0100."
97791,762,sgd_lr_0_0001,sgd_lr_0_0005,stay,False,high_uncertainty,-0.6095601053345552,0.01,"Stay because utility uncertainty is too high: current_std=0.0217, candidate_std=0.0005, threshold=0.0100."
97919,763,sgd_lr_0_0001,sgd_lr_0_0005,stay,False,high_uncertainty,-0.6041847055972804,0.01,"Stay because utility uncertainty is too high: current_std=0.0158, candidate_std=0.0010, threshold=0.0100."
98047,764,sgd_lr_0_0001,sgd_lr_0_0005,stay,False,high_uncertainty,-0.6602389090326539,0.01,"Stay because utility uncertainty is too high: current_std=0.0387, candidate_std=0.0005, threshold=0.0100."
98175,765,sgd_lr_0_0001,sgd_lr_0_0005,stay,False,high_uncertainty,-0.7151707866570153,0.01,"Stay because utility uncertainty is too high: current_std=0.0156, candidate_std=0.0001, threshold=0.0100."
98303,766,sgd_lr_0_0001,sgd_lr_0_0005,stay,False,high_uncertainty,-0.7079541127916466,0.01,"Stay because utility uncertainty is too high: current_std=0.0165, candidate_std=0.0064, threshold=0.0100."
98431,767,sgd_lr_0_0001,sgd_lr_0_0005,stay,False,high_uncertainty,-0.6637867081559999,0.01,"Stay because utility uncertainty is too high: current_std=0.0193, candidate_std=0.0019, threshold=0.0100."
98559,768,sgd_lr_0_0001,sgd_lr_0_0005,stay,False,high_uncertainty,-0.630215382377144,0.01,"Stay because utility uncertainty is too high: current_std=0.0121, candidate_std=0.0002, threshold=0.0100."
98687,769,sgd_lr_0_0001,sgd_lr_0_0005,stay,False,no_candidate_improvement,-0.6136320294697272,0.01,"Stay because candidate improvement is not sufficient after LCB comparison: margin=-0.6136, threshold=0.0100."
98815,770,sgd_lr_0_0001,sgd_lr_0_0005,stay,False,high_uncertainty,-0.6267477710041682,0.01,"Stay because utility uncertainty is too high: current_std=0.0107, candidate_std=0.0067, threshold=0.0100."
98943,771,sgd_lr_0_0001,sgd_lr_0_0005,stay,False,no_candidate_improvement,-0.6491510974521099,0.01,"Stay because candidate improvement is not sufficient after LCB comparison: margin=-0.6492, threshold=0.0100."
99071,772,sgd_lr_0_0001,sgd_lr_0_0005,stay,False,no_candidate_improvement,-0.6638594044171301,0.01,"Stay because candidate improvement is not sufficient after LCB comparison: margin=-0.6639, threshold=0.0100."
99199,773,sgd_lr_0_0001,sgd_lr_0_0005,stay,False,no_candidate_improvement,-0.6783841263308497,0.01,"Stay because candidate improvement is not sufficient after LCB comparison: margin=-0.6784, threshold=0.0100."
99327,774,sgd_lr_0_0001,sgd_lr_0_0005,stay,False,high_uncertainty,-0.6618018758501768,0.01,"Stay because utility uncertainty is too high: current_std=0.0163, candidate_std=0.0051, threshold=0.0100."
99455,775,sgd_lr_0_0001,sgd_lr_0_0005,stay,False,high_uncertainty,-0.6168596849024781,0.01,"Stay because utility uncertainty is too high: current_std=0.0175, candidate_std=0.0061, threshold=0.0100."
99583,776,sgd_lr_0_0001,sgd_lr_0_0005,stay,False,high_uncertainty,-0.5753429605383715,0.01,"Stay because utility uncertainty is too high: current_std=0.0216, candidate_std=0.0036, threshold=0.0100."
99711,777,sgd_lr_0_0001,sgd_lr_0_0005,stay,False,high_uncertainty,-0.576688114241512,0.01,"Stay because utility uncertainty is too high: current_std=0.0130, candidate_std=0.0063, threshold=0.0100."
99839,778,sgd_lr_0_0001,sgd_lr_0_0005,stay,False,high_uncertainty,-0.6155746181954965,0.01,"Stay because utility uncertainty is too high: current_std=0.0182, candidate_std=0.0014, threshold=0.0100."
99967,779,sgd_lr_0_0001,sgd_lr_0_0005,stay,False,high_uncertainty,-0.613119741390668,0.01,"Stay because utility uncertainty is too high: current_std=0.0189, candidate_std=0.0031, threshold=0.0100."
100095,780,sgd_lr_0_0001,sgd_lr_0_0005,stay,False,high_uncertainty,-0.5989721715081819,0.01,"Stay because utility uncertainty is too high: current_std=0.0103, candidate_std=0.0024, threshold=0.0100."
100223,781,sgd_lr_0_0001,sgd_lr_0_0005,stay,False,high_uncertainty,-0.6414382441691234,0.01,"Stay because utility uncertainty is too high: current_std=0.0316, candidate_std=0.0030, threshold=0.0100."
100351,782,sgd_lr_0_0001,sgd_lr_0_0005,stay,False,high_uncertainty,-0.6954633621805449,0.01,"Stay because utility uncertainty is too high: current_std=0.0177, candidate_std=0.0017, threshold=0.0100."
100479,783,sgd_lr_0_0001,sgd_lr_0_0005,stay,False,high_uncertainty,-0.7387148403267045,0.01,"Stay because utility uncertainty is too high: current_std=0.0242, candidate_std=0.0003, threshold=0.0100."
100607,784,sgd_lr_0_0001,sgd_lr_0_0005,stay,False,high_uncertainty,-0.7408460837130129,0.01,"Stay because utility uncertainty is too high: current_std=0.0216, candidate_std=0.0001, threshold=0.0100."
100735,785,sgd_lr_0_0001,sgd_lr_0_0005,stay,False,high_uncertainty,-0.6662785501657966,0.01,"Stay because utility uncertainty is too high: current_std=0.0524, candidate_std=0.0004, threshold=0.0100."
100863,786,sgd_lr_0_0001,sgd_lr_0_0005,stay,False,no_candidate_improvement,-0.6150398358345662,0.01,"Stay because candidate improvement is not sufficient after LCB comparison: margin=-0.6150, threshold=0.0100."
100991,787,sgd_lr_0_0001,sgd_lr_0_0005,stay,False,no_candidate_improvement,-0.6219170470766028,0.01,"Stay because candidate improvement is not sufficient after LCB comparison: margin=-0.6219, threshold=0.0100."
101119,788,sgd_lr_0_0001,sgd_lr_0_0005,stay,False,high_uncertainty,-0.6040928864882086,0.01,"Stay because utility uncertainty is too high: current_std=0.0226, candidate_std=0.0005, threshold=0.0100."
101247,789,sgd_lr_0_0001,sgd_lr_0_0005,stay,False,high_uncertainty,-0.5695588602255258,0.01,"Stay because utility uncertainty is too high: current_std=0.0104, candidate_std=0.0010, threshold=0.0100."
101375,790,sgd_lr_0_0001,sgd_lr_0_0005,stay,False,no_candidate_improvement,-0.5645338109595869,0.01,"Stay because candidate improvement is not sufficient after LCB comparison: margin=-0.5645, threshold=0.0100."
101503,791,sgd_lr_0_0001,sgd_lr_0_0005,stay,False,no_candidate_improvement,-0.5711205106063807,0.01,"Stay because candidate improvement is not sufficient after LCB comparison: margin=-0.5711, threshold=0.0100."
101631,792,sgd_lr_0_0001,sgd_lr_0_0005,stay,False,no_candidate_improvement,-0.5778004731780282,0.01,"Stay because candidate improvement is not sufficient after LCB comparison: margin=-0.5778, threshold=0.0100."
101759,793,sgd_lr_0_0001,sgd_lr_0_0005,stay,False,high_uncertainty,-0.6081552649534275,0.01,"Stay because utility uncertainty is too high: current_std=0.0282, candidate_std=0.0043, threshold=0.0100."
101887,794,sgd_lr_0_0001,sgd_lr_0_0005,stay,False,no_candidate_improvement,-0.6415698907160787,0.01,"Stay because candidate improvement is not sufficient after LCB comparison: margin=-0.6416, threshold=0.0100."
102015,795,sgd_lr_0_0001,sgd_lr_0_0005,stay,False,high_uncertainty,-0.6444699285295502,0.01,"Stay because utility uncertainty is too high: current_std=0.0113, candidate_std=0.0046, threshold=0.0100."
102143,796,sgd_lr_0_0001,sgd_lr_0_0005,stay,False,no_candidate_improvement,-0.6357323521961055,0.01,"Stay because candidate improvement is not sufficient after LCB comparison: margin=-0.6357, threshold=0.0100."
102271,797,sgd_lr_0_0001,sgd_lr_0_0005,stay,False,high_uncertainty,-0.6437776186824767,0.01,"Stay because utility uncertainty is too high: current_std=0.0101, candidate_std=0.0001, threshold=0.0100."
102399,798,sgd_lr_0_0001,sgd_lr_0_0005,stay,False,no_candidate_improvement,-0.6480389422035809,0.01,"Stay because candidate improvement is not sufficient after LCB comparison: margin=-0.6480, threshold=0.0100."
102527,799,sgd_lr_0_0001,sgd_lr_0_0005,stay,False,no_candidate_improvement,-0.6445187712138033,0.01,"Stay because candidate improvement is not sufficient after LCB comparison: margin=-0.6445, threshold=0.0100."
102655,800,sgd_lr_0_0001,sgd_lr_0_0005,stay,False,no_candidate_improvement,-0.6428539241490324,0.01,"Stay because candidate improvement is not sufficient after LCB comparison: margin=-0.6429, threshold=0.0100."
102783,801,sgd_lr_0_0001,sgd_lr_0_0005,stay,False,no_candidate_improvement,-0.6372414605844098,0.01,"Stay because candidate improvement is not sufficient after LCB comparison: margin=-0.6372, threshold=0.0100."
102911,802,sgd_lr_0_0001,sgd_lr_0_0005,stay,False,high_uncertainty,-0.6643944071673525,0.01,"Stay because utility uncertainty is too high: current_std=0.0297, candidate_std=0.0009, threshold=0.0100."
103039,803,sgd_lr_0_0001,sgd_lr_0_0005,stay,False,no_candidate_improvement,-0.6887961024090695,0.01,"Stay because candidate improvement is not sufficient after LCB comparison: margin=-0.6888, threshold=0.0100."
103167,804,sgd_lr_0_0001,sgd_lr_0_0005,stay,False,no_candidate_improvement,-0.68067402267452,0.01,"Stay because candidate improvement is not sufficient after LCB comparison: margin=-0.6807, threshold=0.0100."
103295,805,sgd_lr_0_0001,sgd_lr_0_0005,stay,False,no_candidate_improvement,-0.6712653715840047,0.01,"Stay because candidate improvement is not sufficient after LCB comparison: margin=-0.6713, threshold=0.0100."
103423,806,sgd_lr_0_0001,sgd_lr_0_0005,stay,False,high_uncertainty,-0.6425930810069607,0.01,"Stay because utility uncertainty is too high: current_std=0.0230, candidate_std=0.0000, threshold=0.0100."
103551,807,sgd_lr_0_0001,sgd_lr_0_0005,stay,False,high_uncertainty,-0.5866993055203373,0.01,"Stay because utility uncertainty is too high: current_std=0.0205, candidate_std=0.0124, threshold=0.0100."
103679,808,sgd_lr_0_0001,sgd_lr_0_0005,stay,False,high_uncertainty,-0.5689644355303057,0.01,"Stay because utility uncertainty is too high: current_std=0.0186, candidate_std=0.0035, threshold=0.0100."
103807,809,sgd_lr_0_0001,sgd_lr_0_0005,stay,False,high_uncertainty,-0.6140803025602979,0.01,"Stay because utility uncertainty is too high: current_std=0.0176, candidate_std=0.0124, threshold=0.0100."
103935,810,sgd_lr_0_0001,sgd_lr_0_0005,stay,False,high_uncertainty,-0.619735705266279,0.01,"Stay because utility uncertainty is too high: current_std=0.0040, candidate_std=0.0203, threshold=0.0100."
104063,811,sgd_lr_0_0001,sgd_lr_0_0005,stay,False,no_candidate_improvement,-0.5950422085556952,0.01,"Stay because candidate improvement is not sufficient after LCB comparison: margin=-0.5950, threshold=0.0100."
104191,812,sgd_lr_0_0001,sgd_lr_0_0005,stay,False,high_uncertainty,-0.6088741624030773,0.01,"Stay because utility uncertainty is too high: current_std=0.0083, candidate_std=0.0226, threshold=0.0100."
104319,813,sgd_lr_0_0001,sgd_lr_0_0005,stay,False,no_candidate_improvement,-0.6273189862038467,0.01,"Stay because candidate improvement is not sufficient after LCB comparison: margin=-0.6273, threshold=0.0100."
104447,814,sgd_lr_0_0001,sgd_lr_0_0005,stay,False,high_uncertainty,-0.6109302551438376,0.01,"Stay because utility uncertainty is too high: current_std=0.0124, candidate_std=0.0082, threshold=0.0100."
104575,815,sgd_lr_0_0001,sgd_lr_0_0005,stay,False,no_candidate_improvement,-0.5900062377660092,0.01,"Stay because candidate improvement is not sufficient after LCB comparison: margin=-0.5900, threshold=0.0100."
104703,816,sgd_lr_0_0001,sgd_lr_0_0005,stay,False,high_uncertainty,-0.5782402306957605,0.01,"Stay because utility uncertainty is too high: current_std=0.0208, candidate_std=0.0093, threshold=0.0100."
104831,817,sgd_lr_0_0001,sgd_lr_0_0005,stay,False,no_candidate_improvement,-0.5730069937465245,0.01,"Stay because candidate improvement is not sufficient after LCB comparison: margin=-0.5730, threshold=0.0100."
104959,818,sgd_lr_0_0001,sgd_lr_0_0005,stay,False,high_uncertainty,-0.6186614350339443,0.01,"Stay because utility uncertainty is too high: current_std=0.0404, candidate_std=0.0010, threshold=0.0100."
105087,819,sgd_lr_0_0001,sgd_lr_0_0005,stay,False,no_candidate_improvement,-0.6595712146930593,0.01,"Stay because candidate improvement is not sufficient after LCB comparison: margin=-0.6596, threshold=0.0100."
105215,820,sgd_lr_0_0001,sgd_lr_0_0005,stay,False,high_uncertainty,-0.643441407187297,0.01,"Stay because utility uncertainty is too high: current_std=0.0171, candidate_std=0.0005, threshold=0.0100."
105343,821,sgd_lr_0_0001,sgd_lr_0_0005,stay,False,high_uncertainty,-0.5826538405918946,0.01,"Stay because utility uncertainty is too high: current_std=0.0375, candidate_std=0.0057, threshold=0.0100."
105471,822,sgd_lr_0_0001,sgd_lr_0_0005,stay,False,high_uncertainty,-0.5138787615065393,0.01,"Stay because utility uncertainty is too high: current_std=0.0215, candidate_std=0.0041, threshold=0.0100."
105599,823,sgd_lr_0_0001,sgd_lr_0_0005,stay,False,high_uncertainty,-0.5076852535574946,0.01,"Stay because utility uncertainty is too high: current_std=0.0188, candidate_std=0.0006, threshold=0.0100."
105727,824,sgd_lr_0_0001,sgd_lr_0_0005,stay,False,high_uncertainty,-0.5556780828647417,0.01,"Stay because utility uncertainty is too high: current_std=0.0254, candidate_std=0.0032, threshold=0.0100."
105855,825,sgd_lr_0_0001,sgd_lr_0_0005,stay,False,no_candidate_improvement,-0.5925122237003319,0.01,"Stay because candidate improvement is not sufficient after LCB comparison: margin=-0.5925, threshold=0.0100."
105983,826,sgd_lr_0_0001,sgd_lr_0_0005,stay,False,high_uncertainty,-0.5877130600077352,0.01,"Stay because utility uncertainty is too high: current_std=0.0142, candidate_std=0.0012, threshold=0.0100."
106111,827,sgd_lr_0_0001,sgd_lr_0_0005,stay,False,high_uncertainty,-0.5976132274514603,0.01,"Stay because utility uncertainty is too high: current_std=0.0222, candidate_std=0.0008, threshold=0.0100."
106239,828,sgd_lr_0_0001,sgd_lr_0_0005,stay,False,high_uncertainty,-0.6353126526678704,0.01,"Stay because utility uncertainty is too high: current_std=0.0133, candidate_std=0.0015, threshold=0.0100."
106367,829,sgd_lr_0_0001,sgd_lr_0_0005,stay,False,high_uncertainty,-0.6287201099171863,0.01,"Stay because utility uncertainty is too high: current_std=0.0205, candidate_std=0.0009, threshold=0.0100."
106495,830,sgd_lr_0_0001,sgd_lr_0_0005,stay,False,no_candidate_improvement,-0.6044866330523143,0.01,"Stay because candidate improvement is not sufficient after LCB comparison: margin=-0.6045, threshold=0.0100."
106623,831,sgd_lr_0_0001,sgd_lr_0_0005,stay,False,high_uncertainty,-0.6108668063885802,0.01,"Stay because utility uncertainty is too high: current_std=0.0138, candidate_std=0.0046, threshold=0.0100."
106751,832,sgd_lr_0_0001,sgd_lr_0_0005,stay,False,no_candidate_improvement,-0.6223116159741203,0.01,"Stay because candidate improvement is not sufficient after LCB comparison: margin=-0.6223, threshold=0.0100."
106879,833,sgd_lr_0_0001,sgd_lr_0_0005,stay,False,high_uncertainty,-0.6034737066777713,0.01,"Stay because utility uncertainty is too high: current_std=0.0157, candidate_std=0.0054, threshold=0.0100."
107007,834,sgd_lr_0_0001,sgd_lr_0_0005,stay,False,no_candidate_improvement,-0.5913359064631085,0.01,"Stay because candidate improvement is not sufficient after LCB comparison: margin=-0.5913, threshold=0.0100."
107135,835,sgd_lr_0_0001,sgd_lr_0_0005,stay,False,high_uncertainty,-0.6347417067580328,0.01,"Stay because utility uncertainty is too high: current_std=0.0244, candidate_std=0.0101, threshold=0.0100."
107263,836,sgd_lr_0_0001,sgd_lr_0_0005,stay,False,high_uncertainty,-0.6975743276045119,0.01,"Stay because utility uncertainty is too high: current_std=0.0289, candidate_std=0.0005, threshold=0.0100."
107391,837,sgd_lr_0_0001,sgd_lr_0_0005,stay,False,no_candidate_improvement,-0.7270043924520667,0.01,"Stay because candidate improvement is not sufficient after LCB comparison: margin=-0.7270, threshold=0.0100."
107519,838,sgd_lr_0_0001,sgd_lr_0_0005,stay,False,no_candidate_improvement,-0.7219032312079201,0.01,"Stay because candidate improvement is not sufficient after LCB comparison: margin=-0.7219, threshold=0.0100."
107647,839,sgd_lr_0_0001,sgd_lr_0_0005,stay,False,no_candidate_improvement,-0.7016201767394216,0.01,"Stay because candidate improvement is not sufficient after LCB comparison: margin=-0.7016, threshold=0.0100."
107775,840,sgd_lr_0_0001,sgd_lr_0_0005,stay,False,high_uncertainty,-0.6674548995917501,0.01,"Stay because utility uncertainty is too high: current_std=0.0210, candidate_std=0.0009, threshold=0.0100."
107903,841,sgd_lr_0_0001,sgd_lr_0_0005,stay,False,high_uncertainty,-0.6376556277787413,0.01,"Stay because utility uncertainty is too high: current_std=0.0206, candidate_std=0.0109, threshold=0.0100."
108031,842,sgd_lr_0_0001,sgd_lr_0_0005,stay,False,high_uncertainty,-0.613890586120933,0.01,"Stay because utility uncertainty is too high: current_std=0.0130, candidate_std=0.0011, threshold=0.0100."
108159,843,sgd_lr_0_0001,sgd_lr_0_0005,stay,False,no_candidate_improvement,-0.6003682122603172,0.01,"Stay because candidate improvement is not sufficient after LCB comparison: margin=-0.6004, threshold=0.0100."
108287,844,sgd_lr_0_0001,sgd_lr_0_0005,stay,False,high_uncertainty,-0.6125007413391155,0.01,"Stay because utility uncertainty is too high: current_std=0.0115, candidate_std=0.0001, threshold=0.0100."
108415,845,sgd_lr_0_0001,sgd_lr_0_0005,stay,False,no_candidate_improvement,-0.6199440088699384,0.01,"Stay because candidate improvement is not sufficient after LCB comparison: margin=-0.6199, threshold=0.0100."
108543,846,sgd_lr_0_0001,sgd_lr_0_0005,stay,False,high_uncertainty,-0.5991074284704992,0.01,"Stay because utility uncertainty is too high: current_std=0.0152, candidate_std=0.0015, threshold=0.0100."
108671,847,sgd_lr_0_0001,sgd_lr_0_0005,stay,False,no_candidate_improvement,-0.588899151772048,0.01,"Stay because candidate improvement is not sufficient after LCB comparison: margin=-0.5889, threshold=0.0100."
108799,848,sgd_lr_0_0001,sgd_lr_0_0005,stay,False,high_uncertainty,-0.6168955057281394,0.01,"Stay because utility uncertainty is too high: current_std=0.0200, candidate_std=0.0015, threshold=0.0100."
108927,849,sgd_lr_0_0001,sgd_lr_0_0005,stay,False,high_uncertainty,-0.6542253604208886,0.01,"Stay because utility uncertainty is too high: current_std=0.0160, candidate_std=0.0002, threshold=0.0100."
109055,850,sgd_lr_0_0001,sgd_lr_0_0005,stay,False,no_candidate_improvement,-0.6629246267468942,0.01,"Stay because candidate improvement is not sufficient after LCB comparison: margin=-0.6629, threshold=0.0100."
109183,851,sgd_lr_0_0001,sgd_lr_0_0005,stay,False,high_uncertainty,-0.6366791405181995,0.01,"Stay because utility uncertainty is too high: current_std=0.0195, candidate_std=0.0003, threshold=0.0100."
109311,852,sgd_lr_0_0001,sgd_lr_0_0005,stay,False,no_candidate_improvement,-0.6192228851595281,0.01,"Stay because candidate improvement is not sufficient after LCB comparison: margin=-0.6192, threshold=0.0100."
109439,853,sgd_lr_0_0001,sgd_lr_0_0005,stay,False,high_uncertainty,-0.6373823498186594,0.01,"Stay because utility uncertainty is too high: current_std=0.0173, candidate_std=0.0008, threshold=0.0100."
109567,854,sgd_lr_0_0001,sgd_lr_0_0005,stay,False,no_candidate_improvement,-0.6518564789740229,0.01,"Stay because candidate improvement is not sufficient after LCB comparison: margin=-0.6519, threshold=0.0100."
109695,855,sgd_lr_0_0001,sgd_lr_0_0005,stay,False,high_uncertainty,-0.6197886945507519,0.01,"Stay because utility uncertainty is too high: current_std=0.0310, candidate_std=0.0010, threshold=0.0100."
109823,856,sgd_lr_0_0001,sgd_lr_0_0005,stay,False,no_candidate_improvement,-0.5858593743155267,0.01,"Stay because candidate improvement is not sufficient after LCB comparison: margin=-0.5859, threshold=0.0100."
109951,857,sgd_lr_0_0001,sgd_lr_0_0005,stay,False,high_uncertainty,-0.64232608709786,0.01,"Stay because utility uncertainty is too high: current_std=0.0617, candidate_std=0.0013, threshold=0.0100."
110079,858,sgd_lr_0_0001,sgd_lr_0_0005,stay,False,high_uncertainty,-0.7437802100415405,0.01,"Stay because utility uncertainty is too high: current_std=0.0386, candidate_std=0.0025, threshold=0.0100."
110207,859,sgd_lr_0_0001,sgd_lr_0_0005,stay,False,high_uncertainty,-0.736625556056377,0.01,"Stay because utility uncertainty is too high: current_std=0.0422, candidate_std=0.0061, threshold=0.0100."
110335,860,sgd_lr_0_0001,sgd_lr_0_0005,stay,False,high_uncertainty,-0.6415268091896228,0.01,"Stay because utility uncertainty is too high: current_std=0.0463, candidate_std=0.0005, threshold=0.0100."
110463,861,sgd_lr_0_0001,sgd_lr_0_0005,stay,False,no_candidate_improvement,-0.5822489129602016,0.01,"Stay because candidate improvement is not sufficient after LCB comparison: margin=-0.5822, threshold=0.0100."
110591,862,sgd_lr_0_0001,sgd_lr_0_0005,stay,False,high_uncertainty,-0.577205586825071,0.01,"Stay because utility uncertainty is too high: current_std=0.0138, candidate_std=0.0063, threshold=0.0100."
110719,863,sgd_lr_0_0001,sgd_lr_0_0005,stay,False,high_uncertainty,-0.5799528189465711,0.01,"Stay because utility uncertainty is too high: current_std=0.0145, candidate_std=0.0099, threshold=0.0100."
110847,864,sgd_lr_0_0001,sgd_lr_0_0005,stay,False,high_uncertainty,-0.5476662397404344,0.01,"Stay because utility uncertainty is too high: current_std=0.0322, candidate_std=0.0045, threshold=0.0100."
110975,865,sgd_lr_0_0001,sgd_lr_0_0005,stay,False,high_uncertainty,-0.5712748244203145,0.01,"Stay because utility uncertainty is too high: current_std=0.0514, candidate_std=0.0002, threshold=0.0100."
111103,866,sgd_lr_0_0001,sgd_lr_0_0005,stay,False,high_uncertainty,-0.7002031728736499,0.01,"Stay because utility uncertainty is too high: current_std=0.0775, candidate_std=0.0002, threshold=0.0100."
111231,867,sgd_lr_0_0001,sgd_lr_0_0005,stay,False,high_uncertainty,-0.7569554490333366,0.01,"Stay because utility uncertainty is too high: current_std=0.0216, candidate_std=0.0007, threshold=0.0100."
111359,868,sgd_lr_0_0001,sgd_lr_0_0005,stay,False,high_uncertainty,-0.6728020699744646,0.01,"Stay because utility uncertainty is too high: current_std=0.0599, candidate_std=0.0033, threshold=0.0100."
111487,869,sgd_lr_0_0001,sgd_lr_0_0005,stay,False,high_uncertainty,-0.6171265270770133,0.01,"Stay because utility uncertainty is too high: current_std=0.0126, candidate_std=0.0051, threshold=0.0100."
111615,870,sgd_lr_0_0001,sgd_lr_0_0005,stay,False,high_uncertainty,-0.6501415425491067,0.01,"Stay because utility uncertainty is too high: current_std=0.0221, candidate_std=0.0034, threshold=0.0100."
111743,871,sgd_lr_0_0001,sgd_lr_0_0005,stay,False,high_uncertainty,-0.6425156599769012,0.01,"Stay because utility uncertainty is too high: current_std=0.0335, candidate_std=0.0004, threshold=0.0100."
111871,872,sgd_lr_0_0001,sgd_lr_0_0005,stay,False,high_uncertainty,-0.5711295061439063,0.01,"Stay because utility uncertainty is too high: current_std=0.0391, candidate_std=0.0009, threshold=0.0100."
111999,873,sgd_lr_0_0001,sgd_lr_0_0005,stay,False,high_uncertainty,-0.5719760607829613,0.01,"Stay because utility uncertainty is too high: current_std=0.0350, candidate_std=0.0042, threshold=0.0100."
112127,874,sgd_lr_0_0001,sgd_lr_0_0005,stay,False,high_uncertainty,-0.6878693241360762,0.01,"Stay because utility uncertainty is too high: current_std=0.0761, candidate_std=0.0007, threshold=0.0100."
112255,875,sgd_lr_0_0001,sgd_lr_0_0005,stay,False,no_candidate_improvement,-0.7608269284836636,0.01,"Stay because candidate improvement is not sufficient after LCB comparison: margin=-0.7608, threshold=0.0100."
112383,876,sgd_lr_0_0001,sgd_lr_0_0005,stay,False,high_uncertainty,-0.7132568015832258,0.01,"Stay because utility uncertainty is too high: current_std=0.0436, candidate_std=0.0002, threshold=0.0100."
112511,877,sgd_lr_0_0001,sgd_lr_0_0005,stay,False,high_uncertainty,-0.6325065651715605,0.01,"Stay because utility uncertainty is too high: current_std=0.0296, candidate_std=0.0074, threshold=0.0100."
112639,878,sgd_lr_0_0001,sgd_lr_0_0005,stay,False,no_candidate_improvement,-0.6014113512498122,0.01,"Stay because candidate improvement is not sufficient after LCB comparison: margin=-0.6014, threshold=0.0100."
112767,879,sgd_lr_0_0001,sgd_lr_0_0005,stay,False,high_uncertainty,-0.6356897609038724,0.01,"Stay because utility uncertainty is too high: current_std=0.0309, candidate_std=0.0026, threshold=0.0100."
112895,880,sgd_lr_0_0001,sgd_lr_0_0005,stay,False,high_uncertainty,-0.644194673040434,0.01,"Stay because utility uncertainty is too high: current_std=0.0225, candidate_std=0.0026, threshold=0.0100."
113023,881,sgd_lr_0_0001,sgd_lr_0_0005,stay,False,no_candidate_improvement,-0.62921964447516,0.01,"Stay because candidate improvement is not sufficient after LCB comparison: margin=-0.6292, threshold=0.0100."
113151,882,sgd_lr_0_0001,sgd_lr_0_0005,stay,False,high_uncertainty,-0.6224486256093572,0.01,"Stay because utility uncertainty is too high: current_std=0.0104, candidate_std=0.0013, threshold=0.0100."
113279,883,sgd_lr_0_0001,sgd_lr_0_0005,stay,False,high_uncertainty,-0.5872919289654512,0.01,"Stay because utility uncertainty is too high: current_std=0.0238, candidate_std=0.0003, threshold=0.0100."
113407,884,sgd_lr_0_0001,sgd_lr_0_0005,stay,False,high_uncertainty,-0.5824371843111182,0.01,"Stay because utility uncertainty is too high: current_std=0.0174, candidate_std=0.0012, threshold=0.0100."
113535,885,sgd_lr_0_0001,sgd_lr_0_0005,stay,False,high_uncertainty,-0.6279362821138333,0.01,"Stay because utility uncertainty is too high: current_std=0.0266, candidate_std=0.0003, threshold=0.0100."
113663,886,sgd_lr_0_0001,sgd_lr_0_0005,stay,False,no_candidate_improvement,-0.6632700452862142,0.01,"Stay because candidate improvement is not sufficient after LCB comparison: margin=-0.6633, threshold=0.0100."
113791,887,sgd_lr_0_0001,sgd_lr_0_0005,stay,False,no_candidate_improvement,-0.6637992569221498,0.01,"Stay because candidate improvement is not sufficient after LCB comparison: margin=-0.6638, threshold=0.0100."
113919,888,sgd_lr_0_0001,sgd_lr_0_0005,stay,False,no_candidate_improvement,-0.6521598411943025,0.01,"Stay because candidate improvement is not sufficient after LCB comparison: margin=-0.6522, threshold=0.0100."
114047,889,sgd_lr_0_0001,sgd_lr_0_0005,stay,False,no_candidate_improvement,-0.6474949923222318,0.01,"Stay because candidate improvement is not sufficient after LCB comparison: margin=-0.6475, threshold=0.0100."
114175,890,sgd_lr_0_0001,sgd_lr_0_0005,stay,False,high_uncertainty,-0.6324587668328778,0.01,"Stay because utility uncertainty is too high: current_std=0.0147, candidate_std=0.0006, threshold=0.0100."
114303,891,sgd_lr_0_0001,sgd_lr_0_0005,stay,False,no_candidate_improvement,-0.6204404959613065,0.01,"Stay because candidate improvement is not sufficient after LCB comparison: margin=-0.6204, threshold=0.0100."
114431,892,sgd_lr_0_0001,sgd_lr_0_0005,stay,False,high_uncertainty,-0.6690429698905515,0.01,"Stay because utility uncertainty is too high: current_std=0.0436, candidate_std=0.0029, threshold=0.0100."
114559,893,sgd_lr_0_0001,sgd_lr_0_0005,stay,False,no_candidate_improvement,-0.7135027912089033,0.01,"Stay because candidate improvement is not sufficient after LCB comparison: margin=-0.7135, threshold=0.0100."
114687,894,sgd_lr_0_0001,sgd_lr_0_0005,stay,False,high_uncertainty,-0.6957652303820993,0.01,"Stay because utility uncertainty is too high: current_std=0.0155, candidate_std=0.0002, threshold=0.0100."
114815,895,sgd_lr_0_0001,sgd_lr_0_0005,stay,False,no_candidate_improvement,-0.6749586596714336,0.01,"Stay because candidate improvement is not sufficient after LCB comparison: margin=-0.6750, threshold=0.0100."
114943,896,sgd_lr_0_0001,sgd_lr_0_0005,stay,False,high_uncertainty,-0.6313390150893257,0.01,"Stay because utility uncertainty is too high: current_std=0.0379, candidate_std=0.0005, threshold=0.0100."
115071,897,sgd_lr_0_0001,sgd_lr_0_0005,stay,False,no_candidate_improvement,-0.594320371296402,0.01,"Stay because candidate improvement is not sufficient after LCB comparison: margin=-0.5943, threshold=0.0100."
115199,898,sgd_lr_0_0001,sgd_lr_0_0005,stay,False,high_uncertainty,-0.6181317801763441,0.01,"Stay because utility uncertainty is too high: current_std=0.0249, candidate_std=0.0025, threshold=0.0100."
115327,899,sgd_lr_0_0001,sgd_lr_0_0005,stay,False,high_uncertainty,-0.6513819135329145,0.01,"Stay because utility uncertainty is too high: current_std=0.0118, candidate_std=0.0009, threshold=0.0100."
115455,900,sgd_lr_0_0001,sgd_lr_0_0005,stay,False,high_uncertainty,-0.6916097890262224,0.01,"Stay because utility uncertainty is too high: current_std=0.0265, candidate_std=0.0028, threshold=0.0100."
115583,901,sgd_lr_0_0001,sgd_lr_0_0005,stay,False,no_candidate_improvement,-0.7131964774595693,0.01,"Stay because candidate improvement is not sufficient after LCB comparison: margin=-0.7132, threshold=0.0100."
115711,902,sgd_lr_0_0001,sgd_lr_0_0005,stay,False,high_uncertainty,-0.6899286514169838,0.01,"Stay because utility uncertainty is too high: current_std=0.0153, candidate_std=0.0002, threshold=0.0100."
115839,903,sgd_lr_0_0001,sgd_lr_0_0005,stay,False,no_candidate_improvement,-0.6729712351203497,0.01,"Stay because candidate improvement is not sufficient after LCB comparison: margin=-0.6730, threshold=0.0100."
115967,904,sgd_lr_0_0001,sgd_lr_0_0005,stay,False,high_uncertainty,-0.648127182583502,0.01,"Stay because utility uncertainty is too high: current_std=0.0226, candidate_std=0.0008, threshold=0.0100."
116095,905,sgd_lr_0_0001,sgd_lr_0_0005,stay,False,no_candidate_improvement,-0.6239551049058806,0.01,"Stay because candidate improvement is not sufficient after LCB comparison: margin=-0.6240, threshold=0.0100."
116223,906,sgd_lr_0_0001,sgd_lr_0_0005,stay,False,high_uncertainty,-0.6506683245731735,0.01,"Stay because utility uncertainty is too high: current_std=0.0275, candidate_std=0.0000, threshold=0.0100."
116351,907,sgd_lr_0_0001,sgd_lr_0_0005,stay,False,high_uncertainty,-0.6593543974956454,0.01,"Stay because utility uncertainty is too high: current_std=0.0194, candidate_std=0.0006, threshold=0.0100."
116479,908,sgd_lr_0_0001,sgd_lr_0_0005,stay,False,high_uncertainty,-0.6077704601195236,0.01,"Stay because utility uncertainty is too high: current_std=0.0300, candidate_std=0.0028, threshold=0.0100."
116607,909,sgd_lr_0_0001,sgd_lr_0_0005,stay,False,no_candidate_improvement,-0.5791442501705036,0.01,"Stay because candidate improvement is not sufficient after LCB comparison: margin=-0.5791, threshold=0.0100."
116735,910,sgd_lr_0_0001,sgd_lr_0_0005,stay,False,high_uncertainty,-0.5988026569313153,0.01,"Stay because utility uncertainty is too high: current_std=0.0122, candidate_std=0.0033, threshold=0.0100."
116863,911,sgd_lr_0_0001,sgd_lr_0_0005,stay,False,high_uncertainty,-0.6428613720169921,0.01,"Stay because utility uncertainty is too high: current_std=0.0267, candidate_std=0.0019, threshold=0.0100."
116991,912,sgd_lr_0_0001,sgd_lr_0_0005,stay,False,high_uncertainty,-0.6832958331829662,0.01,"Stay because utility uncertainty is too high: current_std=0.0115, candidate_std=0.0004, threshold=0.0100."
117119,913,sgd_lr_0_0001,sgd_lr_0_0005,stay,False,high_uncertainty,-0.71652240154855,0.01,"Stay because utility uncertainty is too high: current_std=0.0213, candidate_std=0.0001, threshold=0.0100."
117247,914,sgd_lr_0_0001,sgd_lr_0_0005,stay,False,high_uncertainty,-0.7516959162107663,0.01,"Stay because utility uncertainty is too high: current_std=0.0140, candidate_std=0.0002, threshold=0.0100."
117375,915,sgd_lr_0_0001,sgd_lr_0_0005,stay,False,high_uncertainty,-0.7177216270027824,0.01,"Stay because utility uncertainty is too high: current_std=0.0467, candidate_std=0.0011, threshold=0.0100."
117503,916,sgd_lr_0_0001,sgd_lr_0_0005,stay,False,high_uncertainty,-0.6221967385988144,0.01,"Stay because utility uncertainty is too high: current_std=0.0387, candidate_std=0.0090, threshold=0.0100."
117631,917,sgd_lr_0_0001,sgd_lr_0_0005,stay,False,no_candidate_improvement,-0.5754751331209313,0.01,"Stay because candidate improvement is not sufficient after LCB comparison: margin=-0.5755, threshold=0.0100."
117759,918,sgd_lr_0_0001,sgd_lr_0_0005,stay,False,no_candidate_improvement,-0.5875504475420926,0.01,"Stay because candidate improvement is not sufficient after LCB comparison: margin=-0.5876, threshold=0.0100."
117887,919,sgd_lr_0_0001,sgd_lr_0_0005,stay,False,no_candidate_improvement,-0.5978324989291637,0.01,"Stay because candidate improvement is not sufficient after LCB comparison: margin=-0.5978, threshold=0.0100."
118015,920,sgd_lr_0_0001,sgd_lr_0_0005,stay,False,high_uncertainty,-0.6327618874507059,0.01,"Stay because utility uncertainty is too high: current_std=0.0397, candidate_std=0.0040, threshold=0.0100."
118143,921,sgd_lr_0_0001,sgd_lr_0_0005,stay,False,high_uncertainty,-0.7158334459679382,0.01,"Stay because utility uncertainty is too high: current_std=0.0458, candidate_std=0.0016, threshold=0.0100."
118271,922,sgd_lr_0_0001,sgd_lr_0_0005,stay,False,high_uncertainty,-0.7371539554614714,0.01,"Stay because utility uncertainty is too high: current_std=0.0292, candidate_std=0.0031, threshold=0.0100."
118399,923,sgd_lr_0_0001,sgd_lr_0_0005,stay,False,high_uncertainty,-0.6705299682617355,0.01,"Stay because utility uncertainty is too high: current_std=0.0389, candidate_std=0.0017, threshold=0.0100."
118527,924,sgd_lr_0_0001,sgd_lr_0_0005,stay,False,no_candidate_improvement,-0.6363737678441506,0.01,"Stay because candidate improvement is not sufficient after LCB comparison: margin=-0.6364, threshold=0.0100."
118655,925,sgd_lr_0_0001,sgd_lr_0_0005,stay,False,high_uncertainty,-0.6256148592187267,0.01,"Stay because utility uncertainty is too high: current_std=0.0189, candidate_std=0.0017, threshold=0.0100."
118783,926,sgd_lr_0_0001,sgd_lr_0_0005,stay,False,high_uncertainty,-0.57491840307923,0.01,"Stay because utility uncertainty is too high: current_std=0.0343, candidate_std=0.0008, threshold=0.0100."
118911,927,sgd_lr_0_0001,sgd_lr_0_0005,stay,False,no_candidate_improvement,-0.5388556903760059,0.01,"Stay because candidate improvement is not sufficient after LCB comparison: margin=-0.5389, threshold=0.0100."
119039,928,sgd_lr_0_0001,sgd_lr_0_0005,stay,False,high_uncertainty,-0.5576117102678133,0.01,"Stay because utility uncertainty is too high: current_std=0.0205, candidate_std=0.0008, threshold=0.0100."
119167,929,sgd_lr_0_0001,sgd_lr_0_0005,stay,False,high_uncertainty,-0.590548598752787,0.01,"Stay because utility uncertainty is too high: current_std=0.0161, candidate_std=0.0045, threshold=0.0100."
119295,930,sgd_lr_0_0001,sgd_lr_0_0005,stay,False,no_candidate_improvement,-0.5980121924616133,0.01,"Stay because candidate improvement is not sufficient after LCB comparison: margin=-0.5980, threshold=0.0100."
119423,931,sgd_lr_0_0001,sgd_lr_0_0005,stay,False,no_candidate_improvement,-0.5940995005031969,0.01,"Stay because candidate improvement is not sufficient after LCB comparison: margin=-0.5941, threshold=0.0100."
119551,932,sgd_lr_0_0001,sgd_lr_0_0005,stay,False,high_uncertainty,-0.5644238523725623,0.01,"Stay because utility uncertainty is too high: current_std=0.0269, candidate_std=0.0030, threshold=0.0100."
119679,933,sgd_lr_0_0001,sgd_lr_0_0005,stay,False,high_uncertainty,-0.5194962692809588,0.01,"Stay because utility uncertainty is too high: current_std=0.0148, candidate_std=0.0002, threshold=0.0100."
119807,934,sgd_lr_0_0001,sgd_lr_0_0005,stay,False,high_uncertainty,-0.517166201069977,0.01,"Stay because utility uncertainty is too high: current_std=0.0018, candidate_std=0.0109, threshold=0.0100."
119935,935,sgd_lr_0_0001,sgd_lr_0_0005,stay,False,high_uncertainty,-0.5604410701843348,0.01,"Stay because utility uncertainty is too high: current_std=0.0249, candidate_std=0.0057, threshold=0.0100."
120063,936,sgd_lr_0_0001,sgd_lr_0_0005,stay,False,high_uncertainty,-0.6304984227368007,0.01,"Stay because utility uncertainty is too high: current_std=0.0446, candidate_std=0.0052, threshold=0.0100."
120191,937,sgd_lr_0_0001,sgd_lr_0_0005,stay,False,no_candidate_improvement,-0.6703385150852156,0.01,"Stay because candidate improvement is not sufficient after LCB comparison: margin=-0.6703, threshold=0.0100."
120319,938,sgd_lr_0_0001,sgd_lr_0_0005,stay,False,high_uncertainty,-0.6551932686465527,0.01,"Stay because utility uncertainty is too high: current_std=0.0212, candidate_std=0.0057, threshold=0.0100."
120447,939,sgd_lr_0_0001,sgd_lr_0_0005,stay,False,high_uncertainty,-0.6222622032425932,0.01,"Stay because utility uncertainty is too high: current_std=0.0172, candidate_std=0.0002, threshold=0.0100."
120575,940,sgd_lr_0_0001,sgd_lr_0_0005,stay,False,no_candidate_improvement,-0.5998969011158504,0.01,"Stay because candidate improvement is not sufficient after LCB comparison: margin=-0.5999, threshold=0.0100."
120703,941,sgd_lr_0_0001,sgd_lr_0_0005,stay,False,no_candidate_improvement,-0.5867345133655882,0.01,"Stay because candidate improvement is not sufficient after LCB comparison: margin=-0.5867, threshold=0.0100."
120831,942,sgd_lr_0_0001,sgd_lr_0_0005,stay,False,high_uncertainty,-0.6110142495221796,0.01,"Stay because utility uncertainty is too high: current_std=0.0337, candidate_std=0.0012, threshold=0.0100."
120959,943,sgd_lr_0_0001,sgd_lr_0_0005,stay,False,high_uncertainty,-0.7137005626738903,0.01,"Stay because utility uncertainty is too high: current_std=0.0698, candidate_std=0.0004, threshold=0.0100."
121087,944,sgd_lr_0_0001,sgd_lr_0_0005,stay,False,high_uncertainty,-0.8148069370817764,0.01,"Stay because utility uncertainty is too high: current_std=0.0281, candidate_std=0.0027, threshold=0.0100."
121215,945,sgd_lr_0_0001,sgd_lr_0_0005,stay,False,no_candidate_improvement,-0.8466937086732459,0.01,"Stay because candidate improvement is not sufficient after LCB comparison: margin=-0.8467, threshold=0.0100."
121343,946,sgd_lr_0_0001,sgd_lr_0_0005,stay,False,high_uncertainty,-0.8105970507491265,0.01,"Stay because utility uncertainty is too high: current_std=0.0363, candidate_std=0.0008, threshold=0.0100."
121471,947,sgd_lr_0_0001,sgd_lr_0_0005,stay,False,high_uncertainty,-0.7096941669896066,0.01,"Stay because utility uncertainty is too high: current_std=0.0559, candidate_std=0.0080, threshold=0.0100."
121599,948,sgd_lr_0_0001,sgd_lr_0_0005,stay,False,no_candidate_improvement,-0.6402602995688764,0.01,"Stay because candidate improvement is not sufficient after LCB comparison: margin=-0.6403, threshold=0.0100."
121727,949,sgd_lr_0_0001,sgd_lr_0_0005,stay,False,high_uncertainty,-0.6905220902210111,0.01,"Stay because utility uncertainty is too high: current_std=0.0464, candidate_std=0.0094, threshold=0.0100."
121855,950,sgd_lr_0_0001,sgd_lr_0_0005,stay,False,no_candidate_improvement,-0.7453047697973135,0.01,"Stay because candidate improvement is not sufficient after LCB comparison: margin=-0.7453, threshold=0.0100."
121983,951,sgd_lr_0_0001,sgd_lr_0_0005,stay,False,high_uncertainty,-0.6955641893056697,0.01,"Stay because utility uncertainty is too high: current_std=0.0478, candidate_std=0.0008, threshold=0.0100."
122111,952,sgd_lr_0_0001,sgd_lr_0_0005,stay,False,high_uncertainty,-0.6134164798378784,0.01,"Stay because utility uncertainty is too high: current_std=0.0357, candidate_std=0.0022, threshold=0.0100."
122239,953,sgd_lr_0_0001,sgd_lr_0_0005,stay,False,high_uncertainty,-0.5533904491019048,0.01,"Stay because utility uncertainty is too high: current_std=0.0211, candidate_std=0.0054, threshold=0.0100."
122367,954,sgd_lr_0_0001,sgd_lr_0_0005,stay,False,high_uncertainty,-0.5009284100812876,0.01,"Stay because utility uncertainty is too high: current_std=0.0049, candidate_std=0.0308, threshold=0.0100."
122495,955,sgd_lr_0_0001,sgd_lr_0_0005,stay,False,high_uncertainty,-0.5181189897867579,0.01,"Stay because utility uncertainty is too high: current_std=0.0382, candidate_std=0.0050, threshold=0.0100."
122623,956,sgd_lr_0_0001,sgd_lr_0_0005,stay,False,high_uncertainty,-0.6272097496329343,0.01,"Stay because utility uncertainty is too high: current_std=0.0362, candidate_std=0.0297, threshold=0.0100."
122751,957,sgd_lr_0_0001,sgd_lr_0_0005,stay,False,no_candidate_improvement,-0.7023103364656523,0.01,"Stay because candidate improvement is not sufficient after LCB comparison: margin=-0.7023, threshold=0.0100."
122879,958,sgd_lr_0_0001,sgd_lr_0_0005,stay,False,no_candidate_improvement,-0.7168339312165449,0.01,"Stay because candidate improvement is not sufficient after LCB comparison: margin=-0.7168, threshold=0.0100."
123007,959,sgd_lr_0_0001,sgd_lr_0_0005,stay,False,high_uncertainty,-0.6996996610958824,0.01,"Stay because utility uncertainty is too high: current_std=0.0232, candidate_std=0.0007, threshold=0.0100."
123135,960,sgd_lr_0_0001,sgd_lr_0_0005,stay,False,high_uncertainty,-0.6526534526611713,0.01,"Stay because utility uncertainty is too high: current_std=0.0268, candidate_std=0.0023, threshold=0.0100."
123263,961,sgd_lr_0_0001,sgd_lr_0_0005,stay,False,no_candidate_improvement,-0.6233550279970316,0.01,"Stay because candidate improvement is not sufficient after LCB comparison: margin=-0.6234, threshold=0.0100."
123391,962,sgd_lr_0_0001,sgd_lr_0_0005,stay,False,no_candidate_improvement,-0.623329142796019,0.01,"Stay because candidate improvement is not sufficient after LCB comparison: margin=-0.6233, threshold=0.0100."
123519,963,sgd_lr_0_0001,sgd_lr_0_0005,stay,False,no_candidate_improvement,-0.6386829590979657,0.01,"Stay because candidate improvement is not sufficient after LCB comparison: margin=-0.6387, threshold=0.0100."
123647,964,sgd_lr_0_0001,sgd_lr_0_0005,stay,False,high_uncertainty,-0.6345698241089801,0.01,"Stay because utility uncertainty is too high: current_std=0.0169, candidate_std=0.0022, threshold=0.0100."
123775,965,sgd_lr_0_0001,sgd_lr_0_0005,stay,False,no_candidate_improvement,-0.6167582741378792,0.01,"Stay because candidate improvement is not sufficient after LCB comparison: margin=-0.6168, threshold=0.0100."
123903,966,sgd_lr_0_0001,sgd_lr_0_0005,stay,False,high_uncertainty,-0.6346510997347939,0.01,"Stay because utility uncertainty is too high: current_std=0.0225, candidate_std=0.0016, threshold=0.0100."
124031,967,sgd_lr_0_0001,sgd_lr_0_0005,stay,False,high_uncertainty,-0.6425250416808608,0.01,"Stay because utility uncertainty is too high: current_std=0.0102, candidate_std=0.0029, threshold=0.0100."
124159,968,sgd_lr_0_0001,sgd_lr_0_0005,stay,False,high_uncertainty,-0.592886382386163,0.01,"Stay because utility uncertainty is too high: current_std=0.0358, candidate_std=0.0007, threshold=0.0100."
124287,969,sgd_lr_0_0001,sgd_lr_0_0005,stay,False,high_uncertainty,-0.5764360266696383,0.01,"Stay because utility uncertainty is too high: current_std=0.0205, candidate_std=0.0004, threshold=0.0100."
124415,970,sgd_lr_0_0001,sgd_lr_0_0005,stay,False,high_uncertainty,-0.6260346202567777,0.01,"Stay because utility uncertainty is too high: current_std=0.0290, candidate_std=0.0005, threshold=0.0100."
124543,971,sgd_lr_0_0001,sgd_lr_0_0005,stay,False,no_candidate_improvement,-0.6467832093467911,0.01,"Stay because candidate improvement is not sufficient after LCB comparison: margin=-0.6468, threshold=0.0100."
124671,972,sgd_lr_0_0001,sgd_lr_0_0005,stay,False,high_uncertainty,-0.6273947336387481,0.01,"Stay because utility uncertainty is too high: current_std=0.0113, candidate_std=0.0007, threshold=0.0100."
124799,973,sgd_lr_0_0001,sgd_lr_0_0005,stay,False,no_candidate_improvement,-0.626344663544597,0.01,"Stay because candidate improvement is not sufficient after LCB comparison: margin=-0.6263, threshold=0.0100."
124927,974,sgd_lr_0_0001,sgd_lr_0_0005,stay,False,high_uncertainty,-0.6513548809436244,0.01,"Stay because utility uncertainty is too high: current_std=0.0166, candidate_std=0.0012, threshold=0.0100."
125055,975,sgd_lr_0_0001,sgd_lr_0_0005,stay,False,no_candidate_improvement,-0.658225779644929,0.01,"Stay because candidate improvement is not sufficient after LCB comparison: margin=-0.6582, threshold=0.0100."
125183,976,sgd_lr_0_0001,sgd_lr_0_0005,stay,False,no_candidate_improvement,-0.6418130015230137,0.01,"Stay because candidate improvement is not sufficient after LCB comparison: margin=-0.6418, threshold=0.0100."
125311,977,sgd_lr_0_0001,sgd_lr_0_0005,stay,False,no_candidate_improvement,-0.6398695051855768,0.01,"Stay because candidate improvement is not sufficient after LCB comparison: margin=-0.6399, threshold=0.0100."
125439,978,sgd_lr_0_0001,sgd_lr_0_0005,stay,False,high_uncertainty,-0.6595079401337245,0.01,"Stay because utility uncertainty is too high: current_std=0.0100, candidate_std=0.0037, threshold=0.0100."
125567,979,sgd_lr_0_0001,sgd_lr_0_0005,stay,False,no_candidate_improvement,-0.680352446287832,0.01,"Stay because candidate improvement is not sufficient after LCB comparison: margin=-0.6804, threshold=0.0100."
125695,980,sgd_lr_0_0001,sgd_lr_0_0005,stay,False,high_uncertainty,-0.6724634236729938,0.01,"Stay because utility uncertainty is too high: current_std=0.0164, candidate_std=0.0014, threshold=0.0100."
125823,981,sgd_lr_0_0001,sgd_lr_0_0005,stay,False,high_uncertainty,-0.6327928982803114,0.01,"Stay because utility uncertainty is too high: current_std=0.0089, candidate_std=0.0158, threshold=0.0100."
125951,982,sgd_lr_0_0001,sgd_lr_0_0005,stay,False,high_uncertainty,-0.6345726878252003,0.01,"Stay because utility uncertainty is too high: current_std=0.0292, candidate_std=0.0027, threshold=0.0100."
126079,983,sgd_lr_0_0001,sgd_lr_0_0005,stay,False,high_uncertainty,-0.6747805673678045,0.01,"Stay because utility uncertainty is too high: current_std=0.0025, candidate_std=0.0162, threshold=0.0100."
126207,984,sgd_lr_0_0001,sgd_lr_0_0005,stay,False,high_uncertainty,-0.6691458121835517,0.01,"Stay because utility uncertainty is too high: current_std=0.0219, candidate_std=0.0025, threshold=0.0100."
126335,985,sgd_lr_0_0001,sgd_lr_0_0005,stay,False,no_candidate_improvement,-0.6443001859774479,0.01,"Stay because candidate improvement is not sufficient after LCB comparison: margin=-0.6443, threshold=0.0100."
126463,986,sgd_lr_0_0001,sgd_lr_0_0005,stay,False,no_candidate_improvement,-0.6377419315728348,0.01,"Stay because candidate improvement is not sufficient after LCB comparison: margin=-0.6377, threshold=0.0100."
126591,987,sgd_lr_0_0001,sgd_lr_0_0005,stay,False,high_uncertainty,-0.6189843528743671,0.01,"Stay because utility uncertainty is too high: current_std=0.0215, candidate_std=0.0038, threshold=0.0100."
126719,988,sgd_lr_0_0001,sgd_lr_0_0005,stay,False,no_candidate_improvement,-0.5934078638479879,0.01,"Stay because candidate improvement is not sufficient after LCB comparison: margin=-0.5934, threshold=0.0100."
126847,989,sgd_lr_0_0001,sgd_lr_0_0005,stay,False,high_uncertainty,-0.5952776768425034,0.01,"Stay because utility uncertainty is too high: current_std=0.0103, candidate_std=0.0005, threshold=0.0100."
126975,990,sgd_lr_0_0001,sgd_lr_0_0005,stay,False,no_candidate_improvement,-0.6094369042194289,0.01,"Stay because candidate improvement is not sufficient after LCB comparison: margin=-0.6094, threshold=0.0100."
127103,991,sgd_lr_0_0001,sgd_lr_0_0005,stay,False,high_uncertainty,-0.6428436107821743,0.01,"Stay because utility uncertainty is too high: current_std=0.0269, candidate_std=0.0021, threshold=0.0100."
127231,992,sgd_lr_0_0001,sgd_lr_0_0005,stay,False,high_uncertainty,-0.6855221583516614,0.01,"Stay because utility uncertainty is too high: current_std=0.0110, candidate_std=0.0027, threshold=0.0100."
127359,993,sgd_lr_0_0001,sgd_lr_0_0005,stay,False,high_uncertainty,-0.6327517001503249,0.01,"Stay because utility uncertainty is too high: current_std=0.0437, candidate_std=0.0227, threshold=0.0100."
127487,994,sgd_lr_0_0001,sgd_lr_0_0005,stay,False,high_uncertainty,-0.5323359544161629,0.01,"Stay because utility uncertainty is too high: current_std=0.0319, candidate_std=0.0021, threshold=0.0100."
127615,995,sgd_lr_0_0001,sgd_lr_0_0005,stay,False,high_uncertainty,-0.540193899961056,0.01,"Stay because utility uncertainty is too high: current_std=0.0193, candidate_std=0.0226, threshold=0.0100."
127743,996,sgd_lr_0_0001,sgd_lr_0_0005,stay,False,high_uncertainty,-0.5678334711818378,0.01,"Stay because utility uncertainty is too high: current_std=0.0156, candidate_std=0.0013, threshold=0.0100."
127871,997,sgd_lr_0_0001,sgd_lr_0_0005,stay,False,high_uncertainty,-0.5254089277932633,0.01,"Stay because utility uncertainty is too high: current_std=0.0271, candidate_std=0.0011, threshold=0.0100."
127999,998,sgd_lr_0_0001,sgd_lr_0_0005,stay,False,no_candidate_improvement,-0.506206644046932,0.01,"Stay because candidate improvement is not sufficient after LCB comparison: margin=-0.5062, threshold=0.0100."
128127,999,sgd_lr_0_0001,sgd_lr_0_0005,stay,False,high_uncertainty,-0.5524815607086794,0.01,"Stay because utility uncertainty is too high: current_std=0.0350, candidate_std=0.0022, threshold=0.0100."
128255,1000,sgd_lr_0_0001,sgd_lr_0_0005,stay,False,high_uncertainty,-0.6213454398744186,0.01,"Stay because utility uncertainty is too high: current_std=0.0331, candidate_std=0.0015, threshold=0.0100."
128383,1001,sgd_lr_0_0001,sgd_lr_0_0005,stay,False,high_uncertainty,-0.671650523489508,0.01,"Stay because utility uncertainty is too high: current_std=0.0194, candidate_std=0.0007, threshold=0.0100."
128511,1002,sgd_lr_0_0001,sgd_lr_0_0005,stay,False,high_uncertainty,-0.6746499892999412,0.01,"Stay because utility uncertainty is too high: current_std=0.0170, candidate_std=0.0013, threshold=0.0100."
128639,1003,sgd_lr_0_0001,sgd_lr_0_0005,stay,False,high_uncertainty,-0.6423395751845391,0.01,"Stay because utility uncertainty is too high: current_std=0.0175, candidate_std=0.0009, threshold=0.0100."
128767,1004,sgd_lr_0_0001,sgd_lr_0_0005,stay,False,no_candidate_improvement,-0.6241064683813891,0.01,"Stay because candidate improvement is not sufficient after LCB comparison: margin=-0.6241, threshold=0.0100."
128895,1005,sgd_lr_0_0001,sgd_lr_0_0005,stay,False,high_uncertainty,-0.6019367981527566,0.01,"Stay because utility uncertainty is too high: current_std=0.0208, candidate_std=0.0003, threshold=0.0100."
129023,1006,sgd_lr_0_0001,sgd_lr_0_0005,stay,False,high_uncertainty,-0.5869081362979293,0.01,"Stay because utility uncertainty is too high: current_std=0.0102, candidate_std=0.0047, threshold=0.0100."
129151,1007,sgd_lr_0_0001,sgd_lr_0_0005,stay,False,high_uncertainty,-0.6216855888943623,0.01,"Stay because utility uncertainty is too high: current_std=0.0305, candidate_std=0.0013, threshold=0.0100."
129279,1008,sgd_lr_0_0001,sgd_lr_0_0005,stay,False,no_candidate_improvement,-0.6565606846523576,0.01,"Stay because candidate improvement is not sufficient after LCB comparison: margin=-0.6566, threshold=0.0100."
129407,1009,sgd_lr_0_0001,sgd_lr_0_0005,stay,False,no_candidate_improvement,-0.6549604556737114,0.01,"Stay because candidate improvement is not sufficient after LCB comparison: margin=-0.6550, threshold=0.0100."
129535,1010,sgd_lr_0_0001,sgd_lr_0_0005,stay,False,no_candidate_improvement,-0.6387218262736281,0.01,"Stay because candidate improvement is not sufficient after LCB comparison: margin=-0.6387, threshold=0.0100."
129663,1011,sgd_lr_0_0001,sgd_lr_0_0005,stay,False,no_candidate_improvement,-0.6227876901924071,0.01,"Stay because candidate improvement is not sufficient after LCB comparison: margin=-0.6228, threshold=0.0100."
129791,1012,sgd_lr_0_0001,sgd_lr_0_0005,stay,False,high_uncertainty,-0.6339037333291081,0.01,"Stay because utility uncertainty is too high: current_std=0.0131, candidate_std=0.0049, threshold=0.0100."
129919,1013,sgd_lr_0_0001,sgd_lr_0_0005,stay,False,high_uncertainty,-0.6253679338821929,0.01,"Stay because utility uncertainty is too high: current_std=0.0113, candidate_std=0.0152, threshold=0.0100."
130047,1014,sgd_lr_0_0001,sgd_lr_0_0005,stay,False,high_uncertainty,-0.5821486666981359,0.01,"Stay because utility uncertainty is too high: current_std=0.0138, candidate_std=0.0029, threshold=0.0100."
130175,1015,sgd_lr_0_0001,sgd_lr_0_0005,stay,False,high_uncertainty,-0.601938232635981,0.01,"Stay because utility uncertainty is too high: current_std=0.0216, candidate_std=0.0149, threshold=0.0100."
130303,1016,sgd_lr_0_0001,sgd_lr_0_0005,stay,False,no_candidate_improvement,-0.6453763836333444,0.01,"Stay because candidate improvement is not sufficient after LCB comparison: margin=-0.6454, threshold=0.0100."
130431,1017,sgd_lr_0_0001,sgd_lr_0_0005,stay,False,high_uncertainty,-0.6383579567286713,0.01,"Stay because utility uncertainty is too high: current_std=0.0140, candidate_std=0.0000, threshold=0.0100."
130559,1018,sgd_lr_0_0001,sgd_lr_0_0005,stay,False,high_uncertainty,-0.6082017252324343,0.01,"Stay because utility uncertainty is too high: current_std=0.0152, candidate_std=0.0010, threshold=0.0100."
130687,1019,sgd_lr_0_0001,sgd_lr_0_0005,stay,False,no_candidate_improvement,-0.5916522995111545,0.01,"Stay because candidate improvement is not sufficient after LCB comparison: margin=-0.5917, threshold=0.0100."
130815,1020,sgd_lr_0_0001,sgd_lr_0_0005,stay,False,high_uncertainty,-0.5698003898969852,0.01,"Stay because utility uncertainty is too high: current_std=0.0030, candidate_std=0.0185, threshold=0.0100."
130943,1021,sgd_lr_0_0001,sgd_lr_0_0005,stay,False,high_uncertainty,-0.5059505380840807,0.01,"Stay because utility uncertainty is too high: current_std=0.0096, candidate_std=0.0328, threshold=0.0100."
131071,1022,sgd_lr_0_0001,sgd_lr_0_0005,stay,False,high_uncertainty,-0.5132121230305235,0.01,"Stay because utility uncertainty is too high: current_std=0.0333, candidate_std=0.0163, threshold=0.0100."
131199,1023,sgd_lr_0_0001,sgd_lr_0_0005,stay,False,high_uncertainty,-0.6386431538776343,0.01,"Stay because utility uncertainty is too high: current_std=0.0417, candidate_std=0.0341, threshold=0.0100."
131327,1024,sgd_lr_0_0001,sgd_lr_0_0005,stay,False,high_uncertainty,-0.7017665714402008,0.01,"Stay because utility uncertainty is too high: current_std=0.0138, candidate_std=0.0011, threshold=0.0100."
131455,1025,sgd_lr_0_0001,sgd_lr_0_0005,stay,False,high_uncertainty,-0.6682751340949539,0.01,"Stay because utility uncertainty is too high: current_std=0.0223, candidate_std=0.0015, threshold=0.0100."
131583,1026,sgd_lr_0_0001,sgd_lr_0_0005,stay,False,high_uncertainty,-0.6329855641055823,0.01,"Stay because utility uncertainty is too high: current_std=0.0157, candidate_std=0.0013, threshold=0.0100."
131711,1027,sgd_lr_0_0001,sgd_lr_0_0005,stay,False,no_candidate_improvement,-0.6126946186986443,0.01,"Stay because candidate improvement is not sufficient after LCB comparison: margin=-0.6127, threshold=0.0100."
131839,1028,sgd_lr_0_0001,sgd_lr_0_0005,stay,False,high_uncertainty,-0.6243146286321237,0.01,"Stay because utility uncertainty is too high: current_std=0.0180, candidate_std=0.0005, threshold=0.0100."
131967,1029,sgd_lr_0_0001,sgd_lr_0_0005,stay,False,no_candidate_improvement,-0.6420350347854825,0.01,"Stay because candidate improvement is not sufficient after LCB comparison: margin=-0.6420, threshold=0.0100."
132095,1030,sgd_lr_0_0001,sgd_lr_0_0005,stay,False,no_candidate_improvement,-0.6440529948694943,0.01,"Stay because candidate improvement is not sufficient after LCB comparison: margin=-0.6441, threshold=0.0100."
132223,1031,sgd_lr_0_0001,sgd_lr_0_0005,stay,False,no_candidate_improvement,-0.6460276848978617,0.01,"Stay because candidate improvement is not sufficient after LCB comparison: margin=-0.6460, threshold=0.0100."
132351,1032,sgd_lr_0_0001,sgd_lr_0_0005,stay,False,no_candidate_improvement,-0.6614869637784848,0.01,"Stay because candidate improvement is not sufficient after LCB comparison: margin=-0.6615, threshold=0.0100."
132479,1033,sgd_lr_0_0001,sgd_lr_0_0005,stay,False,high_uncertainty,-0.7213908229042192,0.01,"Stay because utility uncertainty is too high: current_std=0.0446, candidate_std=0.0001, threshold=0.0100."
132607,1034,sgd_lr_0_0001,sgd_lr_0_0005,stay,False,no_candidate_improvement,-0.7628109362040911,0.01,"Stay because candidate improvement is not sufficient after LCB comparison: margin=-0.7628, threshold=0.0100."
132735,1035,sgd_lr_0_0001,sgd_lr_0_0005,stay,False,high_uncertainty,-0.7008099998093137,0.01,"Stay because utility uncertainty is too high: current_std=0.0594, candidate_std=0.0006, threshold=0.0100."
132863,1036,sgd_lr_0_0001,sgd_lr_0_0005,stay,False,high_uncertainty,-0.6155160334017907,0.01,"Stay because utility uncertainty is too high: current_std=0.0273, candidate_std=0.0008, threshold=0.0100."
132991,1037,sgd_lr_0_0001,sgd_lr_0_0005,stay,False,no_candidate_improvement,-0.5831304939839753,0.01,"Stay because candidate improvement is not sufficient after LCB comparison: margin=-0.5831, threshold=0.0100."
133119,1038,sgd_lr_0_0001,sgd_lr_0_0005,stay,False,high_uncertainty,-0.5609016329156155,0.01,"Stay because utility uncertainty is too high: current_std=0.0099, candidate_std=0.0263, threshold=0.0100."
133247,1039,sgd_lr_0_0001,sgd_lr_0_0005,stay,False,high_uncertainty,-0.5729538277888353,0.01,"Stay because utility uncertainty is too high: current_std=0.0221, candidate_std=0.0064, threshold=0.0100."
133375,1040,sgd_lr_0_0001,sgd_lr_0_0005,stay,False,high_uncertainty,-0.6253216331584238,0.01,"Stay because utility uncertainty is too high: current_std=0.0012, candidate_std=0.0252, threshold=0.0100."
133503,1041,sgd_lr_0_0001,sgd_lr_0_0005,stay,False,no_candidate_improvement,-0.6383589992920596,0.01,"Stay because candidate improvement is not sufficient after LCB comparison: margin=-0.6384, threshold=0.0100."
133631,1042,sgd_lr_0_0001,sgd_lr_0_0005,stay,False,high_uncertainty,-0.6509585588803509,0.01,"Stay because utility uncertainty is too high: current_std=0.0232, candidate_std=0.0003, threshold=0.0100."
133759,1043,sgd_lr_0_0001,sgd_lr_0_0005,stay,False,high_uncertainty,-0.6892264649933656,0.01,"Stay because utility uncertainty is too high: current_std=0.0124, candidate_std=0.0024, threshold=0.0100."
133887,1044,sgd_lr_0_0001,sgd_lr_0_0005,stay,False,high_uncertainty,-0.6388926155389731,0.01,"Stay because utility uncertainty is too high: current_std=0.0511, candidate_std=0.0140, threshold=0.0100."
134015,1045,sgd_lr_0_0001,sgd_lr_0_0005,stay,False,high_uncertainty,-0.5498429245560558,0.01,"Stay because utility uncertainty is too high: current_std=0.0213, candidate_std=0.0026, threshold=0.0100."
134143,1046,sgd_lr_0_0001,sgd_lr_0_0005,stay,False,high_uncertainty,-0.5388105097569444,0.01,"Stay because utility uncertainty is too high: current_std=0.0133, candidate_std=0.0004, threshold=0.0100."
134271,1047,sgd_lr_0_0001,sgd_lr_0_0005,stay,False,high_uncertainty,-0.5423107069294113,0.01,"Stay because utility uncertainty is too high: current_std=0.0118, candidate_std=0.0024, threshold=0.0100."
134399,1048,sgd_lr_0_0001,sgd_lr_0_0005,stay,False,no_candidate_improvement,-0.5264733318852963,0.01,"Stay because candidate improvement is not sufficient after LCB comparison: margin=-0.5265, threshold=0.0100."
134527,1049,sgd_lr_0_0001,sgd_lr_0_0005,stay,False,high_uncertainty,-0.5126904044763163,0.01,"Stay because utility uncertainty is too high: current_std=0.0032, candidate_std=0.0106, threshold=0.0100."
134655,1050,sgd_lr_0_0001,sgd_lr_0_0005,stay,False,high_uncertainty,-0.5524908284560611,0.01,"Stay because utility uncertainty is too high: current_std=0.0255, candidate_std=0.0217, threshold=0.0100."
134783,1051,sgd_lr_0_0001,sgd_lr_0_0005,stay,False,high_uncertainty,-0.6260221737737848,0.01,"Stay because utility uncertainty is too high: current_std=0.0245, candidate_std=0.0019, threshold=0.0100."
134911,1052,sgd_lr_0_0001,sgd_lr_0_0005,stay,False,no_candidate_improvement,-0.6397753764447264,0.01,"Stay because candidate improvement is not sufficient after LCB comparison: margin=-0.6398, threshold=0.0100."
135039,1053,sgd_lr_0_0001,sgd_lr_0_0005,stay,False,no_candidate_improvement,-0.6389266091357828,0.01,"Stay because candidate improvement is not sufficient after LCB comparison: margin=-0.6389, threshold=0.0100."
135167,1054,sgd_lr_0_0001,sgd_lr_0_0005,stay,False,high_uncertainty,-0.6491918968964434,0.01,"Stay because utility uncertainty is too high: current_std=0.0102, candidate_std=0.0087, threshold=0.0100."
135295,1055,sgd_lr_0_0001,sgd_lr_0_0005,stay,False,high_uncertainty,-0.6615386259898152,0.01,"Stay because utility uncertainty is too high: current_std=0.0161, candidate_std=0.0022, threshold=0.0100."
135423,1056,sgd_lr_0_0001,sgd_lr_0_0005,stay,False,high_uncertainty,-0.6917384348636804,0.01,"Stay because utility uncertainty is too high: current_std=0.0181, candidate_std=0.0017, threshold=0.0100."
135551,1057,sgd_lr_0_0001,sgd_lr_0_0005,stay,False,high_uncertainty,-0.6673464272905741,0.01,"Stay because utility uncertainty is too high: current_std=0.0459, candidate_std=0.0051, threshold=0.0100."
135679,1058,sgd_lr_0_0001,sgd_lr_0_0005,stay,False,high_uncertainty,-0.6103142826014707,0.01,"Stay because utility uncertainty is too high: current_std=0.0159, candidate_std=0.0004, threshold=0.0100."
135807,1059,sgd_lr_0_0001,sgd_lr_0_0005,stay,False,high_uncertainty,-0.60511277739899,0.01,"Stay because utility uncertainty is too high: current_std=0.0119, candidate_std=0.0008, threshold=0.0100."
135935,1060,sgd_lr_0_0001,sgd_lr_0_0005,stay,False,high_uncertainty,-0.5991553716357516,0.01,"Stay because utility uncertainty is too high: current_std=0.0125, candidate_std=0.0046, threshold=0.0100."
136063,1061,sgd_lr_0_0001,sgd_lr_0_0005,stay,False,high_uncertainty,-0.5625291259893956,0.01,"Stay because utility uncertainty is too high: current_std=0.0060, candidate_std=0.0136, threshold=0.0100."
136191,1062,sgd_lr_0_0001,sgd_lr_0_0005,stay,False,high_uncertainty,-0.5711321477468354,0.01,"Stay because utility uncertainty is too high: current_std=0.0216, candidate_std=0.0066, threshold=0.0100."
136319,1063,sgd_lr_0_0001,sgd_lr_0_0005,stay,False,high_uncertainty,-0.6480034259800366,0.01,"Stay because utility uncertainty is too high: current_std=0.0343, candidate_std=0.0144, threshold=0.0100."
136447,1064,sgd_lr_0_0001,sgd_lr_0_0005,stay,False,high_uncertainty,-0.7195677995027112,0.01,"Stay because utility uncertainty is too high: current_std=0.0243, candidate_std=0.0015, threshold=0.0100."
136575,1065,sgd_lr_0_0001,sgd_lr_0_0005,stay,False,high_uncertainty,-0.7154848362398478,0.01,"Stay because utility uncertainty is too high: current_std=0.0276, candidate_std=0.0006, threshold=0.0100."
136703,1066,sgd_lr_0_0001,sgd_lr_0_0005,stay,False,high_uncertainty,-0.6353571149922909,0.01,"Stay because utility uncertainty is too high: current_std=0.0541, candidate_std=0.0009, threshold=0.0100."
136831,1067,sgd_lr_0_0001,sgd_lr_0_0005,stay,False,high_uncertainty,-0.536595439024511,0.01,"Stay because utility uncertainty is too high: current_std=0.0341, candidate_std=0.0115, threshold=0.0100."
136959,1068,sgd_lr_0_0001,sgd_lr_0_0005,stay,False,no_candidate_improvement,-0.4913170656546296,0.01,"Stay because candidate improvement is not sufficient after LCB comparison: margin=-0.4913, threshold=0.0100."
137087,1069,sgd_lr_0_0001,sgd_lr_0_0005,stay,False,high_uncertainty,-0.5538452359391238,0.01,"Stay because utility uncertainty is too high: current_std=0.0562, candidate_std=0.0060, threshold=0.0100."
137215,1070,sgd_lr_0_0001,sgd_lr_0_0005,stay,False,no_candidate_improvement,-0.6216379146054624,0.01,"Stay because candidate improvement is not sufficient after LCB comparison: margin=-0.6216, threshold=0.0100."
137343,1071,sgd_lr_0_0001,sgd_lr_0_0005,stay,False,high_uncertainty,-0.6197704879742587,0.01,"Stay because utility uncertainty is too high: current_std=0.0122, candidate_std=0.0048, threshold=0.0100."
137471,1072,sgd_lr_0_0001,sgd_lr_0_0005,stay,False,high_uncertainty,-0.6319950548659258,0.01,"Stay because utility uncertainty is too high: current_std=0.0295, candidate_std=0.0099, threshold=0.0100."
137599,1073,sgd_lr_0_0001,sgd_lr_0_0005,stay,False,high_uncertainty,-0.666350013599337,0.01,"Stay because utility uncertainty is too high: current_std=0.0154, candidate_std=0.0007, threshold=0.0100."
137727,1074,sgd_lr_0_0001,sgd_lr_0_0005,stay,False,no_candidate_improvement,-0.6835395876278372,0.01,"Stay because candidate improvement is not sufficient after LCB comparison: margin=-0.6835, threshold=0.0100."
137855,1075,sgd_lr_0_0001,sgd_lr_0_0005,stay,False,no_candidate_improvement,-0.6804700926117653,0.01,"Stay because candidate improvement is not sufficient after LCB comparison: margin=-0.6805, threshold=0.0100."
137983,1076,sgd_lr_0_0001,sgd_lr_0_0005,stay,False,high_uncertainty,-0.6867473978383659,0.01,"Stay because utility uncertainty is too high: current_std=0.0187, candidate_std=0.0068, threshold=0.0100."
138111,1077,sgd_lr_0_0001,sgd_lr_0_0005,stay,False,no_candidate_improvement,-0.6995008591885862,0.01,"Stay because candidate improvement is not sufficient after LCB comparison: margin=-0.6995, threshold=0.0100."
138239,1078,sgd_lr_0_0001,sgd_lr_0_0005,stay,False,high_uncertainty,-0.693783209763743,0.01,"Stay because utility uncertainty is too high: current_std=0.0134, candidate_std=0.0068, threshold=0.0100."
138367,1079,sgd_lr_0_0001,sgd_lr_0_0005,stay,False,high_uncertainty,-0.6654520115198753,0.01,"Stay because utility uncertainty is too high: current_std=0.0265, candidate_std=0.0048, threshold=0.0100."
138495,1080,sgd_lr_0_0001,sgd_lr_0_0005,stay,False,no_candidate_improvement,-0.6513163868756046,0.01,"Stay because candidate improvement is not sufficient after LCB comparison: margin=-0.6513, threshold=0.0100."
138623,1081,sgd_lr_0_0001,sgd_lr_0_0005,stay,False,high_uncertainty,-0.6750050999603099,0.01,"Stay because utility uncertainty is too high: current_std=0.0264, candidate_std=0.0103, threshold=0.0100."
138751,1082,sgd_lr_0_0001,sgd_lr_0_0005,stay,False,high_uncertainty,-0.661530794536562,0.01,"Stay because utility uncertainty is too high: current_std=0.0307, candidate_std=0.0011, threshold=0.0100."
138879,1083,sgd_lr_0_0001,sgd_lr_0_0005,stay,False,high_uncertainty,-0.6069928694952244,0.01,"Stay because utility uncertainty is too high: current_std=0.0354, candidate_std=0.0104, threshold=0.0100."
139007,1084,sgd_lr_0_0001,sgd_lr_0_0005,stay,False,no_candidate_improvement,-0.5760977048005071,0.01,"Stay because candidate improvement is not sufficient after LCB comparison: margin=-0.5761, threshold=0.0100."
139135,1085,sgd_lr_0_0001,sgd_lr_0_0005,stay,False,no_candidate_improvement,-0.5566570318103593,0.01,"Stay because candidate improvement is not sufficient after LCB comparison: margin=-0.5567, threshold=0.0100."
139263,1086,sgd_lr_0_0001,sgd_lr_0_0005,stay,False,high_uncertainty,-0.5279237514081326,0.01,"Stay because utility uncertainty is too high: current_std=0.0134, candidate_std=0.0019, threshold=0.0100."
139391,1087,sgd_lr_0_0001,sgd_lr_0_0005,stay,False,high_uncertainty,-0.53287278503161,0.01,"Stay because utility uncertainty is too high: current_std=0.0160, candidate_std=0.0042, threshold=0.0100."
139519,1088,sgd_lr_0_0001,sgd_lr_0_0005,stay,False,high_uncertainty,-0.5881810510127229,0.01,"Stay because utility uncertainty is too high: current_std=0.0302, candidate_std=0.0049, threshold=0.0100."
139647,1089,sgd_lr_0_0001,sgd_lr_0_0005,stay,False,high_uncertainty,-0.6484213520472647,0.01,"Stay because utility uncertainty is too high: current_std=0.0262, candidate_std=0.0011, threshold=0.0100."
139775,1090,sgd_lr_0_0001,sgd_lr_0_0005,stay,False,high_uncertainty,-0.6930693847258712,0.01,"Stay because utility uncertainty is too high: current_std=0.0206, candidate_std=0.0010, threshold=0.0100."
139903,1091,sgd_lr_0_0001,sgd_lr_0_0005,stay,False,high_uncertainty,-0.6669061938875818,0.01,"Stay because utility uncertainty is too high: current_std=0.0288, candidate_std=0.0169, threshold=0.0100."
140031,1092,sgd_lr_0_0001,sgd_lr_0_0005,stay,False,high_uncertainty,-0.6065175443090308,0.01,"Stay because utility uncertainty is too high: current_std=0.0154, candidate_std=0.0008, threshold=0.0100."
140159,1093,sgd_lr_0_0001,sgd_lr_0_0005,stay,False,high_uncertainty,-0.6084264779579993,0.01,"Stay because utility uncertainty is too high: current_std=0.0022, candidate_std=0.0144, threshold=0.0100."
140287,1094,sgd_lr_0_0001,sgd_lr_0_0005,stay,False,high_uncertainty,-0.5987433931403423,0.01,"Stay because utility uncertainty is too high: current_std=0.0223, candidate_std=0.0040, threshold=0.0100."
140415,1095,sgd_lr_0_0001,sgd_lr_0_0005,stay,False,no_candidate_improvement,-0.5755724489095475,0.01,"Stay because candidate improvement is not sufficient after LCB comparison: margin=-0.5756, threshold=0.0100."
140543,1096,sgd_lr_0_0001,sgd_lr_0_0005,stay,False,no_candidate_improvement,-0.5883857299091261,0.01,"Stay because candidate improvement is not sufficient after LCB comparison: margin=-0.5884, threshold=0.0100."
140671,1097,sgd_lr_0_0001,sgd_lr_0_0005,stay,False,high_uncertainty,-0.6078792650405371,0.01,"Stay because utility uncertainty is too high: current_std=0.0121, candidate_std=0.0023, threshold=0.0100."
140799,1098,sgd_lr_0_0001,sgd_lr_0_0005,stay,False,high_uncertainty,-0.6733455618044694,0.01,"Stay because utility uncertainty is too high: current_std=0.0619, candidate_std=0.0062, threshold=0.0100."
140927,1099,sgd_lr_0_0001,sgd_lr_0_0005,stay,False,high_uncertainty,-0.7150515381536448,0.01,"Stay because utility uncertainty is too high: current_std=0.0191, candidate_std=0.0052, threshold=0.0100."
141055,1100,sgd_lr_0_0001,sgd_lr_0_0005,stay,False,high_uncertainty,-0.6364135717169301,0.01,"Stay because utility uncertainty is too high: current_std=0.0710, candidate_std=0.0063, threshold=0.0100."
141183,1101,sgd_lr_0_0001,sgd_lr_0_0005,stay,False,no_candidate_improvement,-0.5638584961013471,0.01,"Stay because candidate improvement is not sufficient after LCB comparison: margin=-0.5639, threshold=0.0100."
141311,1102,sgd_lr_0_0001,sgd_lr_0_0005,stay,False,no_candidate_improvement,-0.5460560588945232,0.01,"Stay because candidate improvement is not sufficient after LCB comparison: margin=-0.5461, threshold=0.0100."
141439,1103,sgd_lr_0_0001,sgd_lr_0_0005,stay,False,high_uncertainty,-0.5218072778046289,0.01,"Stay because utility uncertainty is too high: current_std=0.0147, candidate_std=0.0003, threshold=0.0100."
141567,1104,sgd_lr_0_0001,sgd_lr_0_0005,stay,False,no_candidate_improvement,-0.5044091094989783,0.01,"Stay because candidate improvement is not sufficient after LCB comparison: margin=-0.5044, threshold=0.0100."
141695,1105,sgd_lr_0_0001,sgd_lr_0_0005,stay,False,high_uncertainty,-0.5108750330853227,0.01,"Stay because utility uncertainty is too high: current_std=0.0293, candidate_std=0.0197, threshold=0.0100."
141823,1106,sgd_lr_0_0001,sgd_lr_0_0005,stay,False,high_uncertainty,-0.5659947361157631,0.01,"Stay because utility uncertainty is too high: current_std=0.0404, candidate_std=0.0052, threshold=0.0100."
141951,1107,sgd_lr_0_0001,sgd_lr_0_0005,stay,False,high_uncertainty,-0.6767428285953258,0.01,"Stay because utility uncertainty is too high: current_std=0.0479, candidate_std=0.0173, threshold=0.0100."
142079,1108,sgd_lr_0_0001,sgd_lr_0_0005,stay,False,high_uncertainty,-0.7551965728365672,0.01,"Stay because utility uncertainty is too high: current_std=0.0146, candidate_std=0.0013, threshold=0.0100."
142207,1109,sgd_lr_0_0001,sgd_lr_0_0005,stay,False,no_candidate_improvement,-0.7753310583655001,0.01,"Stay because candidate improvement is not sufficient after LCB comparison: margin=-0.7753, threshold=0.0100."
142335,1110,sgd_lr_0_0001,sgd_lr_0_0005,stay,False,no_candidate_improvement,-0.7845719972249913,0.01,"Stay because candidate improvement is not sufficient after LCB comparison: margin=-0.7846, threshold=0.0100."
142463,1111,sgd_lr_0_0001,sgd_lr_0_0005,stay,False,high_uncertainty,-0.7718300858531071,0.01,"Stay because utility uncertainty is too high: current_std=0.0164, candidate_std=0.0013, threshold=0.0100."
142591,1112,sgd_lr_0_0001,sgd_lr_0_0005,stay,False,high_uncertainty,-0.7461959802147322,0.01,"Stay because utility uncertainty is too high: current_std=0.0118, candidate_std=0.0013, threshold=0.0100."
142719,1113,sgd_lr_0_0001,sgd_lr_0_0005,stay,False,no_candidate_improvement,-0.7309598744122708,0.01,"Stay because candidate improvement is not sufficient after LCB comparison: margin=-0.7310, threshold=0.0100."
142847,1114,sgd_lr_0_0001,sgd_lr_0_0005,stay,False,high_uncertainty,-0.7002081964108838,0.01,"Stay because utility uncertainty is too high: current_std=0.0208, candidate_std=0.0052, threshold=0.0100."
142975,1115,sgd_lr_0_0001,sgd_lr_0_0005,stay,False,high_uncertainty,-0.6479197325635202,0.01,"Stay because utility uncertainty is too high: current_std=0.0267, candidate_std=0.0005, threshold=0.0100."
143103,1116,sgd_lr_0_0001,sgd_lr_0_0005,stay,False,no_candidate_improvement,-0.6160920452576762,0.01,"Stay because candidate improvement is not sufficient after LCB comparison: margin=-0.6161, threshold=0.0100."
143231,1117,sgd_lr_0_0001,sgd_lr_0_0005,stay,False,high_uncertainty,-0.5953052142383342,0.01,"Stay because utility uncertainty is too high: current_std=0.0161, candidate_std=0.0009, threshold=0.0100."
143359,1118,sgd_lr_0_0001,sgd_lr_0_0005,stay,False,high_uncertainty,-0.6073438644979079,0.01,"Stay because utility uncertainty is too high: current_std=0.0240, candidate_std=0.0032, threshold=0.0100."
143487,1119,sgd_lr_0_0001,sgd_lr_0_0005,stay,False,high_uncertainty,-0.6977704015359266,0.01,"Stay because utility uncertainty is too high: current_std=0.0631, candidate_std=0.0001, threshold=0.0100."
143615,1120,sgd_lr_0_0001,sgd_lr_0_0005,stay,False,high_uncertainty,-0.7991935201962154,0.01,"Stay because utility uncertainty is too high: current_std=0.0379, candidate_std=0.0004, threshold=0.0100."
143743,1121,sgd_lr_0_0001,sgd_lr_0_0005,stay,False,high_uncertainty,-0.8238600386862943,0.01,"Stay because utility uncertainty is too high: current_std=0.0129, candidate_std=0.0007, threshold=0.0100."
143871,1122,sgd_lr_0_0001,sgd_lr_0_0005,stay,False,high_uncertainty,-0.7500881235549055,0.01,"Stay because utility uncertainty is too high: current_std=0.0464, candidate_std=0.0138, threshold=0.0100."
143999,1123,sgd_lr_0_0001,sgd_lr_0_0005,stay,False,high_uncertainty,-0.6604913493720455,0.01,"Stay because utility uncertainty is too high: current_std=0.0294, candidate_std=0.0001, threshold=0.0100."
144127,1124,sgd_lr_0_0001,sgd_lr_0_0005,stay,False,high_uncertainty,-0.6015022813811802,0.01,"Stay because utility uncertainty is too high: current_std=0.0387, candidate_std=0.0091, threshold=0.0100."
144255,1125,sgd_lr_0_0001,sgd_lr_0_0005,stay,False,high_uncertainty,-0.5394377880602235,0.01,"Stay because utility uncertainty is too high: current_std=0.0306, candidate_std=0.0019, threshold=0.0100."
144383,1126,sgd_lr_0_0001,sgd_lr_0_0005,stay,False,no_candidate_improvement,-0.5124281977290102,0.01,"Stay because candidate improvement is not sufficient after LCB comparison: margin=-0.5124, threshold=0.0100."
144511,1127,sgd_lr_0_0001,sgd_lr_0_0005,stay,False,no_candidate_improvement,-0.5288993082532543,0.01,"Stay because candidate improvement is not sufficient after LCB comparison: margin=-0.5289, threshold=0.0100."
144639,1128,sgd_lr_0_0001,sgd_lr_0_0005,stay,False,high_uncertainty,-0.5712837585367172,0.01,"Stay because utility uncertainty is too high: current_std=0.0291, candidate_std=0.0023, threshold=0.0100."
144767,1129,sgd_lr_0_0001,sgd_lr_0_0005,stay,False,high_uncertainty,-0.625090667507041,0.01,"Stay because utility uncertainty is too high: current_std=0.0249, candidate_std=0.0025, threshold=0.0100."
144895,1130,sgd_lr_0_0001,sgd_lr_0_0005,stay,False,high_uncertainty,-0.6761250925514738,0.01,"Stay because utility uncertainty is too high: current_std=0.0261, candidate_std=0.0025, threshold=0.0100."
145023,1131,sgd_lr_0_0001,sgd_lr_0_0005,stay,False,no_candidate_improvement,-0.7012875276535998,0.01,"Stay because candidate improvement is not sufficient after LCB comparison: margin=-0.7013, threshold=0.0100."
145151,1132,sgd_lr_0_0001,sgd_lr_0_0005,stay,False,high_uncertainty,-0.6584401076809603,0.01,"Stay because utility uncertainty is too high: current_std=0.0396, candidate_std=0.0003, threshold=0.0100."
145279,1133,sgd_lr_0_0001,sgd_lr_0_0005,stay,False,no_candidate_improvement,-0.6238200774604585,0.01,"Stay because candidate improvement is not sufficient after LCB comparison: margin=-0.6238, threshold=0.0100."
145407,1134,sgd_lr_0_0001,sgd_lr_0_0005,stay,False,no_candidate_improvement,-0.6247466210155858,0.01,"Stay because candidate improvement is not sufficient after LCB comparison: margin=-0.6247, threshold=0.0100."
145535,1135,sgd_lr_0_0001,sgd_lr_0_0005,stay,False,high_uncertainty,-0.602432258587627,0.01,"Stay because utility uncertainty is too high: current_std=0.0153, candidate_std=0.0032, threshold=0.0100."
145663,1136,sgd_lr_0_0001,sgd_lr_0_0005,stay,False,high_uncertainty,-0.622667107461052,0.01,"Stay because utility uncertainty is too high: current_std=0.0392, candidate_std=0.0005, threshold=0.0100."
145791,1137,sgd_lr_0_0001,sgd_lr_0_0005,stay,False,high_uncertainty,-0.6936120252668332,0.01,"Stay because utility uncertainty is too high: current_std=0.0295, candidate_std=0.0028, threshold=0.0100."
145919,1138,sgd_lr_0_0001,sgd_lr_0_0005,stay,False,no_candidate_improvement,-0.7315017385209794,0.01,"Stay because candidate improvement is not sufficient after LCB comparison: margin=-0.7315, threshold=0.0100."
146047,1139,sgd_lr_0_0001,sgd_lr_0_0005,stay,False,no_candidate_improvement,-0.7416808204727693,0.01,"Stay because candidate improvement is not sufficient after LCB comparison: margin=-0.7417, threshold=0.0100."
146175,1140,sgd_lr_0_0001,sgd_lr_0_0005,stay,False,high_uncertainty,-0.7264453313828239,0.01,"Stay because utility uncertainty is too high: current_std=0.0201, candidate_std=0.0003, threshold=0.0100."
146303,1141,sgd_lr_0_0001,sgd_lr_0_0005,stay,False,high_uncertainty,-0.6831068381185356,0.01,"Stay because utility uncertainty is too high: current_std=0.0263, candidate_std=0.0027, threshold=0.0100."
146431,1142,sgd_lr_0_0001,sgd_lr_0_0005,stay,False,high_uncertainty,-0.6397959531039838,0.01,"Stay because utility uncertainty is too high: current_std=0.0209, candidate_std=0.0012, threshold=0.0100."
146559,1143,sgd_lr_0_0001,sgd_lr_0_0005,stay,False,no_candidate_improvement,-0.6123286897123084,0.01,"Stay because candidate improvement is not sufficient after LCB comparison: margin=-0.6123, threshold=0.0100."
146687,1144,sgd_lr_0_0001,sgd_lr_0_0005,stay,False,high_uncertainty,-0.6219511150866103,0.01,"Stay because utility uncertainty is too high: current_std=0.0184, candidate_std=0.0010, threshold=0.0100."
146815,1145,sgd_lr_0_0001,sgd_lr_0_0005,stay,False,no_candidate_improvement,-0.6361013144205574,0.01,"Stay because candidate improvement is not sufficient after LCB comparison: margin=-0.6361, threshold=0.0100."
146943,1146,sgd_lr_0_0001,sgd_lr_0_0005,stay,False,high_uncertainty,-0.5995866716329026,0.01,"Stay because utility uncertainty is too high: current_std=0.0352, candidate_std=0.0019, threshold=0.0100."
147071,1147,sgd_lr_0_0001,sgd_lr_0_0005,stay,False,high_uncertainty,-0.5617517181646677,0.01,"Stay because utility uncertainty is too high: current_std=0.0102, candidate_std=0.0057, threshold=0.0100."
147199,1148,sgd_lr_0_0001,sgd_lr_0_0005,stay,False,high_uncertainty,-0.5863058505800943,0.01,"Stay because utility uncertainty is too high: current_std=0.0296, candidate_std=0.0005, threshold=0.0100."
147327,1149,sgd_lr_0_0001,sgd_lr_0_0005,stay,False,high_uncertainty,-0.6379850592097587,0.01,"Stay because utility uncertainty is too high: current_std=0.0181, candidate_std=0.0045, threshold=0.0100."
147455,1150,sgd_lr_0_0001,sgd_lr_0_0005,stay,False,high_uncertainty,-0.6454519468060427,0.01,"Stay because utility uncertainty is too high: current_std=0.0158, candidate_std=0.0007, threshold=0.0100."
147583,1151,sgd_lr_0_0001,sgd_lr_0_0005,stay,False,no_candidate_improvement,-0.6257988846130903,0.01,"Stay because candidate improvement is not sufficient after LCB comparison: margin=-0.6258, threshold=0.0100."
147711,1152,sgd_lr_0_0001,sgd_lr_0_0005,stay,False,no_candidate_improvement,-0.6155435169215255,0.01,"Stay because candidate improvement is not sufficient after LCB comparison: margin=-0.6155, threshold=0.0100."
147839,1153,sgd_lr_0_0001,sgd_lr_0_0005,stay,False,no_candidate_improvement,-0.6130927550191945,0.01,"Stay because candidate improvement is not sufficient after LCB comparison: margin=-0.6131, threshold=0.0100."
147967,1154,sgd_lr_0_0001,sgd_lr_0_0005,stay,False,no_candidate_improvement,-0.6183124023413423,0.01,"Stay because candidate improvement is not sufficient after LCB comparison: margin=-0.6183, threshold=0.0100."
148095,1155,sgd_lr_0_0001,sgd_lr_0_0005,stay,False,no_candidate_improvement,-0.6211842339419359,0.01,"Stay because candidate improvement is not sufficient after LCB comparison: margin=-0.6212, threshold=0.0100."
148223,1156,sgd_lr_0_0001,sgd_lr_0_0005,stay,False,no_candidate_improvement,-0.6222397148962089,0.01,"Stay because candidate improvement is not sufficient after LCB comparison: margin=-0.6222, threshold=0.0100."
148351,1157,sgd_lr_0_0001,sgd_lr_0_0005,stay,False,high_uncertainty,-0.5920378731541793,0.01,"Stay because utility uncertainty is too high: current_std=0.0314, candidate_std=0.0011, threshold=0.0100."
148479,1158,sgd_lr_0_0001,sgd_lr_0_0005,stay,False,no_candidate_improvement,-0.5598002557638335,0.01,"Stay because candidate improvement is not sufficient after LCB comparison: margin=-0.5598, threshold=0.0100."
148607,1159,sgd_lr_0_0001,sgd_lr_0_0005,stay,False,high_uncertainty,-0.5799571472902533,0.01,"Stay because utility uncertainty is too high: current_std=0.0208, candidate_std=0.0013, threshold=0.0100."
148735,1160,sgd_lr_0_0001,sgd_lr_0_0005,stay,False,no_candidate_improvement,-0.6100349208716995,0.01,"Stay because candidate improvement is not sufficient after LCB comparison: margin=-0.6100, threshold=0.0100."
148863,1161,sgd_lr_0_0001,sgd_lr_0_0005,stay,False,high_uncertainty,-0.5995534773394126,0.01,"Stay because utility uncertainty is too high: current_std=0.0184, candidate_std=0.0001, threshold=0.0100."
148991,1162,sgd_lr_0_0001,sgd_lr_0_0005,stay,False,no_candidate_improvement,-0.5734436038117443,0.01,"Stay because candidate improvement is not sufficient after LCB comparison: margin=-0.5734, threshold=0.0100."
149119,1163,sgd_lr_0_0001,sgd_lr_0_0005,stay,False,high_uncertainty,-0.5730558923009589,0.01,"Stay because utility uncertainty is too high: current_std=0.0110, candidate_std=0.0038, threshold=0.0100."
149247,1164,sgd_lr_0_0001,sgd_lr_0_0005,stay,False,no_candidate_improvement,-0.5927771037708055,0.01,"Stay because candidate improvement is not sufficient after LCB comparison: margin=-0.5928, threshold=0.0100."
149375,1165,sgd_lr_0_0001,sgd_lr_0_0005,stay,False,high_uncertainty,-0.598350362267723,0.01,"Stay because utility uncertainty is too high: current_std=0.0108, candidate_std=0.0039, threshold=0.0100."
149503,1166,sgd_lr_0_0001,sgd_lr_0_0005,stay,False,high_uncertainty,-0.6053026129267282,0.01,"Stay because utility uncertainty is too high: current_std=0.0114, candidate_std=0.0025, threshold=0.0100."
149631,1167,sgd_lr_0_0001,sgd_lr_0_0005,stay,False,high_uncertainty,-0.6212384398283962,0.01,"Stay because utility uncertainty is too high: current_std=0.0181, candidate_std=0.0160, threshold=0.0100."
149759,1168,sgd_lr_0_0001,sgd_lr_0_0005,stay,False,no_candidate_improvement,-0.6218379920006752,0.01,"Stay because candidate improvement is not sufficient after LCB comparison: margin=-0.6218, threshold=0.0100."
149887,1169,sgd_lr_0_0001,sgd_lr_0_0005,stay,False,high_uncertainty,-0.6455479767468986,0.01,"Stay because utility uncertainty is too high: current_std=0.0089, candidate_std=0.0163, threshold=0.0100."
150015,1170,sgd_lr_0_0001,sgd_lr_0_0005,stay,False,high_uncertainty,-0.6255534296570474,0.01,"Stay because utility uncertainty is too high: current_std=0.0228, candidate_std=0.0224, threshold=0.0100."
150143,1171,sgd_lr_0_0001,sgd_lr_0_0005,stay,False,high_uncertainty,-0.5742006277600324,0.01,"Stay because utility uncertainty is too high: current_std=0.0050, candidate_std=0.0112, threshold=0.0100."
150271,1172,sgd_lr_0_0001,sgd_lr_0_0005,stay,False,high_uncertainty,-0.6230261235545783,0.01,"Stay because utility uncertainty is too high: current_std=0.0345, candidate_std=0.0205, threshold=0.0100."
150399,1173,sgd_lr_0_0001,sgd_lr_0_0005,stay,False,high_uncertainty,-0.6986315894229079,0.01,"Stay because utility uncertainty is too high: current_std=0.0092, candidate_std=0.0114, threshold=0.0100."
150527,1174,sgd_lr_0_0001,sgd_lr_0_0005,stay,False,no_candidate_improvement,-0.7179224145442008,0.01,"Stay because candidate improvement is not sufficient after LCB comparison: margin=-0.7179, threshold=0.0100."
150655,1175,sgd_lr_0_0001,sgd_lr_0_0005,stay,False,no_candidate_improvement,-0.7132415147176212,0.01,"Stay because candidate improvement is not sufficient after LCB comparison: margin=-0.7132, threshold=0.0100."
150783,1176,sgd_lr_0_0001,sgd_lr_0_0005,stay,False,no_candidate_improvement,-0.7024950372023541,0.01,"Stay because candidate improvement is not sufficient after LCB comparison: margin=-0.7025, threshold=0.0100."
150911,1177,sgd_lr_0_0001,sgd_lr_0_0005,stay,False,high_uncertainty,-0.667847644291325,0.01,"Stay because utility uncertainty is too high: current_std=0.0279, candidate_std=0.0006, threshold=0.0100."
151039,1178,sgd_lr_0_0001,sgd_lr_0_0005,stay,False,high_uncertainty,-0.6020586754721675,0.01,"Stay because utility uncertainty is too high: current_std=0.0115, candidate_std=0.0270, threshold=0.0100."
151167,1179,sgd_lr_0_0001,sgd_lr_0_0005,stay,False,no_candidate_improvement,-0.5717546214738052,0.01,"Stay because candidate improvement is not sufficient after LCB comparison: margin=-0.5718, threshold=0.0100."
151295,1180,sgd_lr_0_0001,sgd_lr_0_0005,stay,False,high_uncertainty,-0.5872527651103989,0.01,"Stay because utility uncertainty is too high: current_std=0.0132, candidate_std=0.0059, threshold=0.0100."
151423,1181,sgd_lr_0_0001,sgd_lr_0_0005,stay,False,high_uncertainty,-0.6147894743561243,0.01,"Stay because utility uncertainty is too high: current_std=0.0203, candidate_std=0.0001, threshold=0.0100."
151551,1182,sgd_lr_0_0001,sgd_lr_0_0005,stay,False,high_uncertainty,-0.6677651996307775,0.01,"Stay because utility uncertainty is too high: current_std=0.0012, candidate_std=0.0315, threshold=0.0100."
151679,1183,sgd_lr_0_0001,sgd_lr_0_0005,stay,False,high_uncertainty,-0.6817420026039502,0.01,"Stay because utility uncertainty is too high: current_std=0.0200, candidate_std=0.0013, threshold=0.0100."
151807,1184,sgd_lr_0_0001,sgd_lr_0_0005,stay,False,no_candidate_improvement,-0.6654661641534846,0.01,"Stay because candidate improvement is not sufficient after LCB comparison: margin=-0.6655, threshold=0.0100."
151935,1185,sgd_lr_0_0001,sgd_lr_0_0005,stay,False,no_candidate_improvement,-0.6711312916263541,0.01,"Stay because candidate improvement is not sufficient after LCB comparison: margin=-0.6711, threshold=0.0100."
152063,1186,sgd_lr_0_0001,sgd_lr_0_0005,stay,False,high_uncertainty,-0.6439163522992379,0.01,"Stay because utility uncertainty is too high: current_std=0.0308, candidate_std=0.0004, threshold=0.0100."
152191,1187,sgd_lr_0_0001,sgd_lr_0_0005,stay,False,high_uncertainty,-0.5974871240559148,0.01,"Stay because utility uncertainty is too high: current_std=0.0126, candidate_std=0.0034, threshold=0.0100."
152319,1188,sgd_lr_0_0001,sgd_lr_0_0005,stay,False,no_candidate_improvement,-0.579034661831663,0.01,"Stay because candidate improvement is not sufficient after LCB comparison: margin=-0.5790, threshold=0.0100."
152447,1189,sgd_lr_0_0001,sgd_lr_0_0005,stay,False,no_candidate_improvement,-0.5831111129316064,0.01,"Stay because candidate improvement is not sufficient after LCB comparison: margin=-0.5831, threshold=0.0100."
152575,1190,sgd_lr_0_0001,sgd_lr_0_0005,stay,False,high_uncertainty,-0.6244923691775454,0.01,"Stay because utility uncertainty is too high: current_std=0.0297, candidate_std=0.0052, threshold=0.0100."
152703,1191,sgd_lr_0_0001,sgd_lr_0_0005,stay,False,high_uncertainty,-0.6867514318579696,0.01,"Stay because utility uncertainty is too high: current_std=0.0216, candidate_std=0.0058, threshold=0.0100."
152831,1192,sgd_lr_0_0001,sgd_lr_0_0005,stay,False,high_uncertainty,-0.7412558002901152,0.01,"Stay because utility uncertainty is too high: current_std=0.0290, candidate_std=0.0018, threshold=0.0100."
152959,1193,sgd_lr_0_0001,sgd_lr_0_0005,stay,False,no_candidate_improvement,-0.7712852818918389,0.01,"Stay because candidate improvement is not sufficient after LCB comparison: margin=-0.7713, threshold=0.0100."
153087,1194,sgd_lr_0_0001,sgd_lr_0_0005,stay,False,high_uncertainty,-0.7253009763904548,0.01,"Stay because utility uncertainty is too high: current_std=0.0510, candidate_std=0.0021, threshold=0.0100."
153215,1195,sgd_lr_0_0001,sgd_lr_0_0005,stay,False,high_uncertainty,-0.6589366892848342,0.01,"Stay because utility uncertainty is too high: current_std=0.0184, candidate_std=0.0009, threshold=0.0100."
153343,1196,sgd_lr_0_0001,sgd_lr_0_0005,stay,False,high_uncertainty,-0.6295665800881411,0.01,"Stay because utility uncertainty is too high: current_std=0.0012, candidate_std=0.0107, threshold=0.0100."
153471,1197,sgd_lr_0_0001,sgd_lr_0_0005,stay,False,no_candidate_improvement,-0.6100485738560955,0.01,"Stay because candidate improvement is not sufficient after LCB comparison: margin=-0.6100, threshold=0.0100."
153599,1198,sgd_lr_0_0001,sgd_lr_0_0005,stay,False,no_candidate_improvement,-0.6151456051493904,0.01,"Stay because candidate improvement is not sufficient after LCB comparison: margin=-0.6151, threshold=0.0100."
153727,1199,sgd_lr_0_0001,sgd_lr_0_0005,stay,False,no_candidate_improvement,-0.6328100452434828,0.01,"Stay because candidate improvement is not sufficient after LCB comparison: margin=-0.6328, threshold=0.0100."
153855,1200,sgd_lr_0_0001,sgd_lr_0_0005,stay,False,high_uncertainty,-0.6731571557741581,0.01,"Stay because utility uncertainty is too high: current_std=0.0353, candidate_std=0.0001, threshold=0.0100."
153983,1201,sgd_lr_0_0001,sgd_lr_0_0005,stay,False,high_uncertainty,-0.7144999653932579,0.01,"Stay because utility uncertainty is too high: current_std=0.0184, candidate_std=0.0125, threshold=0.0100."
154111,1202,sgd_lr_0_0001,sgd_lr_0_0005,stay,False,high_uncertainty,-0.6846370828115321,0.01,"Stay because utility uncertainty is too high: current_std=0.0309, candidate_std=0.0049, threshold=0.0100."
154239,1203,sgd_lr_0_0001,sgd_lr_0_0005,stay,False,high_uncertainty,-0.622726853294338,0.01,"Stay because utility uncertainty is too high: current_std=0.0363, candidate_std=0.0102, threshold=0.0100."
154367,1204,sgd_lr_0_0001,sgd_lr_0_0005,stay,False,no_candidate_improvement,-0.5911562124502869,0.01,"Stay because candidate improvement is not sufficient after LCB comparison: margin=-0.5912, threshold=0.0100."
154495,1205,sgd_lr_0_0001,sgd_lr_0_0005,stay,False,high_uncertainty,-0.5963586257458041,0.01,"Stay because utility uncertainty is too high: current_std=0.0132, candidate_std=0.0025, threshold=0.0100."
154623,1206,sgd_lr_0_0001,sgd_lr_0_0005,stay,False,high_uncertainty,-0.5872160538885483,0.01,"Stay because utility uncertainty is too high: current_std=0.0129, candidate_std=0.0069, threshold=0.0100."
154751,1207,sgd_lr_0_0001,sgd_lr_0_0005,stay,False,no_candidate_improvement,-0.5674412079212137,0.01,"Stay because candidate improvement is not sufficient after LCB comparison: margin=-0.5674, threshold=0.0100."
154879,1208,sgd_lr_0_0001,sgd_lr_0_0005,stay,False,no_candidate_improvement,-0.5696630688893473,0.01,"Stay because candidate improvement is not sufficient after LCB comparison: margin=-0.5697, threshold=0.0100."
155007,1209,sgd_lr_0_0001,sgd_lr_0_0005,stay,False,high_uncertainty,-0.634912722303189,0.01,"Stay because utility uncertainty is too high: current_std=0.0656, candidate_std=0.0025, threshold=0.0100."
155135,1210,sgd_lr_0_0001,sgd_lr_0_0005,stay,False,high_uncertainty,-0.7892698861113507,0.01,"Stay because utility uncertainty is too high: current_std=0.0831, candidate_std=0.0082, threshold=0.0100."
155263,1211,sgd_lr_0_0001,sgd_lr_0_0005,stay,False,high_uncertainty,-0.8320480452050497,0.01,"Stay because utility uncertainty is too high: current_std=0.0509, candidate_std=0.0024, threshold=0.0100."
155391,1212,sgd_lr_0_0001,sgd_lr_0_0005,stay,False,high_uncertainty,-0.7219993055037857,0.01,"Stay because utility uncertainty is too high: current_std=0.0637, candidate_std=0.0022, threshold=0.0100."
155519,1213,sgd_lr_0_0001,sgd_lr_0_0005,stay,False,high_uncertainty,-0.6514150225521318,0.01,"Stay because utility uncertainty is too high: current_std=0.0123, candidate_std=0.0032, threshold=0.0100."
155647,1214,sgd_lr_0_0001,sgd_lr_0_0005,stay,False,high_uncertainty,-0.6119422237268244,0.01,"Stay because utility uncertainty is too high: current_std=0.0068, candidate_std=0.0236, threshold=0.0100."
155775,1215,sgd_lr_0_0001,sgd_lr_0_0005,stay,False,no_candidate_improvement,-0.5848225834360055,0.01,"Stay because candidate improvement is not sufficient after LCB comparison: margin=-0.5848, threshold=0.0100."
155903,1216,sgd_lr_0_0001,sgd_lr_0_0005,stay,False,high_uncertainty,-0.6327478655244254,0.01,"Stay because utility uncertainty is too high: current_std=0.0213, candidate_std=0.0233, threshold=0.0100."
156031,1217,sgd_lr_0_0001,sgd_lr_0_0005,stay,False,high_uncertainty,-0.6450163417252003,0.01,"Stay because utility uncertainty is too high: current_std=0.0351, candidate_std=0.0028, threshold=0.0100."
156159,1218,sgd_lr_0_0001,sgd_lr_0_0005,stay,False,high_uncertainty,-0.5899040575202754,0.01,"Stay because utility uncertainty is too high: current_std=0.0031, candidate_std=0.0196, threshold=0.0100."
156287,1219,sgd_lr_0_0001,sgd_lr_0_0005,stay,False,high_uncertainty,-0.6002948150892066,0.01,"Stay because utility uncertainty is too high: current_std=0.0482, candidate_std=0.0150, threshold=0.0100."
156415,1220,sgd_lr_0_0001,sgd_lr_0_0005,stay,False,high_uncertainty,-0.6651549817283949,0.01,"Stay because utility uncertainty is too high: current_std=0.0205, candidate_std=0.0112, threshold=0.0100."
156543,1221,sgd_lr_0_0001,sgd_lr_0_0005,stay,False,high_uncertainty,-0.6841475639125064,0.01,"Stay because utility uncertainty is too high: current_std=0.0198, candidate_std=0.0071, threshold=0.0100."
156671,1222,sgd_lr_0_0001,sgd_lr_0_0005,stay,False,high_uncertainty,-0.6259308676321013,0.01,"Stay because utility uncertainty is too high: current_std=0.0534, candidate_std=0.0079, threshold=0.0100."
156799,1223,sgd_lr_0_0001,sgd_lr_0_0005,stay,False,high_uncertainty,-0.5627762239747515,0.01,"Stay because utility uncertainty is too high: current_std=0.0253, candidate_std=0.0076, threshold=0.0100."
156927,1224,sgd_lr_0_0001,sgd_lr_0_0005,stay,False,high_uncertainty,-0.5336850933016174,0.01,"Stay because utility uncertainty is too high: current_std=0.0046, candidate_std=0.0160, threshold=0.0100."
157055,1225,sgd_lr_0_0001,sgd_lr_0_0005,stay,False,no_candidate_improvement,-0.5290723409641672,0.01,"Stay because candidate improvement is not sufficient after LCB comparison: margin=-0.5291, threshold=0.0100."
157183,1226,sgd_lr_0_0001,sgd_lr_0_0005,stay,False,high_uncertainty,-0.5393843340869062,0.01,"Stay because utility uncertainty is too high: current_std=0.0119, candidate_std=0.0154, threshold=0.0100."
157311,1227,sgd_lr_0_0001,sgd_lr_0_0005,stay,False,high_uncertainty,-0.5281023417233791,0.01,"Stay because utility uncertainty is too high: current_std=0.0179, candidate_std=0.0031, threshold=0.0100."
157439,1228,sgd_lr_0_0001,sgd_lr_0_0005,stay,False,high_uncertainty,-0.5381411578236952,0.01,"Stay because utility uncertainty is too high: current_std=0.0354, candidate_std=0.0106, threshold=0.0100."
157567,1229,sgd_lr_0_0001,sgd_lr_0_0005,stay,False,high_uncertainty,-0.6455885273467257,0.01,"Stay because utility uncertainty is too high: current_std=0.0864, candidate_std=0.0037, threshold=0.0100."
157695,1230,sgd_lr_0_0001,sgd_lr_0_0005,stay,False,high_uncertainty,-0.7775362114131419,0.01,"Stay because utility uncertainty is too high: current_std=0.0365, candidate_std=0.0128, threshold=0.0100."
157823,1231,sgd_lr_0_0001,sgd_lr_0_0005,stay,False,high_uncertainty,-0.8119117495074896,0.01,"Stay because utility uncertainty is too high: current_std=0.0187, candidate_std=0.0038, threshold=0.0100."
157951,1232,sgd_lr_0_0001,sgd_lr_0_0005,stay,False,no_candidate_improvement,-0.7931951881455597,0.01,"Stay because candidate improvement is not sufficient after LCB comparison: margin=-0.7932, threshold=0.0100."
158079,1233,sgd_lr_0_0001,sgd_lr_0_0005,stay,False,no_candidate_improvement,-0.7855407722792516,0.01,"Stay because candidate improvement is not sufficient after LCB comparison: margin=-0.7855, threshold=0.0100."
158207,1234,sgd_lr_0_0001,sgd_lr_0_0005,stay,False,high_uncertainty,-0.7660270646279885,0.01,"Stay because utility uncertainty is too high: current_std=0.0189, candidate_std=0.0032, threshold=0.0100."
158335,1235,sgd_lr_0_0001,sgd_lr_0_0005,stay,False,high_uncertainty,-0.7346334149472545,0.01,"Stay because utility uncertainty is too high: current_std=0.0147, candidate_std=0.0010, threshold=0.0100."
158463,1236,sgd_lr_0_0001,sgd_lr_0_0005,stay,False,high_uncertainty,-0.7037084412960337,0.01,"Stay because utility uncertainty is too high: current_std=0.0005, candidate_std=0.0147, threshold=0.0100."
158591,1237,sgd_lr_0_0001,sgd_lr_0_0005,stay,False,no_candidate_improvement,-0.6828139136935001,0.01,"Stay because candidate improvement is not sufficient after LCB comparison: margin=-0.6828, threshold=0.0100."
158719,1238,sgd_lr_0_0001,sgd_lr_0_0005,stay,False,high_uncertainty,-0.6573149619256001,0.01,"Stay because utility uncertainty is too high: current_std=0.0338, candidate_std=0.0140, threshold=0.0100."
158847,1239,sgd_lr_0_0001,sgd_lr_0_0005,stay,False,high_uncertainty,-0.6134194105798699,0.01,"Stay because utility uncertainty is too high: current_std=0.0172, candidate_std=0.0069, threshold=0.0100."
158975,1240,sgd_lr_0_0001,sgd_lr_0_0005,stay,False,high_uncertainty,-0.6250966980189379,0.01,"Stay because utility uncertainty is too high: current_std=0.0501, candidate_std=0.0143, threshold=0.0100."
159103,1241,sgd_lr_0_0001,sgd_lr_0_0005,stay,False,high_uncertainty,-0.6903411826161644,0.01,"Stay because utility uncertainty is too high: current_std=0.0266, candidate_std=0.0028, threshold=0.0100."
159231,1242,sgd_lr_0_0001,sgd_lr_0_0005,stay,False,high_uncertainty,-0.7382763297365016,0.01,"Stay because utility uncertainty is too high: current_std=0.0050, candidate_std=0.0135, threshold=0.0100."
159359,1243,sgd_lr_0_0001,sgd_lr_0_0005,stay,False,high_uncertainty,-0.781332446073585,0.01,"Stay because utility uncertainty is too high: current_std=0.0227, candidate_std=0.0019, threshold=0.0100."
159487,1244,sgd_lr_0_0001,sgd_lr_0_0005,stay,False,high_uncertainty,-0.8357376586219988,0.01,"Stay because utility uncertainty is too high: current_std=0.0301, candidate_std=0.0003, threshold=0.0100."
159615,1245,sgd_lr_0_0001,sgd_lr_0_0005,stay,False,high_uncertainty,-0.8923815871289213,0.01,"Stay because utility uncertainty is too high: current_std=0.0278, candidate_std=0.0010, threshold=0.0100."
159743,1246,sgd_lr_0_0001,sgd_lr_0_0005,stay,False,high_uncertainty,-0.8571447998343379,0.01,"Stay because utility uncertainty is too high: current_std=0.0629, candidate_std=0.0008, threshold=0.0100."
159871,1247,sgd_lr_0_0001,sgd_lr_0_0005,stay,False,high_uncertainty,-0.7201681496922335,0.01,"Stay because utility uncertainty is too high: current_std=0.0771, candidate_std=0.0022, threshold=0.0100."
159999,1248,sgd_lr_0_0001,sgd_lr_0_0005,stay,False,high_uncertainty,-0.6153558594228126,0.01,"Stay because utility uncertainty is too high: current_std=0.0295, candidate_std=0.0004, threshold=0.0100."
160127,1249,sgd_lr_0_0001,sgd_lr_0_0005,stay,False,high_uncertainty,-0.5597863998514077,0.01,"Stay because utility uncertainty is too high: current_std=0.0216, candidate_std=0.0041, threshold=0.0100."
160255,1250,sgd_lr_0_0001,sgd_lr_0_0005,stay,False,high_uncertainty,-0.5137273465454468,0.01,"Stay because utility uncertainty is too high: current_std=0.0171, candidate_std=0.0033, threshold=0.0100."
160383,1251,sgd_lr_0_0001,sgd_lr_0_0005,stay,False,high_uncertainty,-0.5270292479855561,0.01,"Stay because utility uncertainty is too high: current_std=0.0339, candidate_std=0.0002, threshold=0.0100."
160511,1252,sgd_lr_0_0001,sgd_lr_0_0005,stay,False,high_uncertainty,-0.6083329547500198,0.01,"Stay because utility uncertainty is too high: current_std=0.0424, candidate_std=0.0053, threshold=0.0100."
160639,1253,sgd_lr_0_0001,sgd_lr_0_0005,stay,False,high_uncertainty,-0.6726274911367986,0.01,"Stay because utility uncertainty is too high: current_std=0.0149, candidate_std=0.0018, threshold=0.0100."
160767,1254,sgd_lr_0_0001,sgd_lr_0_0005,stay,False,high_uncertainty,-0.6927797087468066,0.01,"Stay because utility uncertainty is too high: current_std=0.0106, candidate_std=0.0071, threshold=0.0100."
160895,1255,sgd_lr_0_0001,sgd_lr_0_0005,stay,False,high_uncertainty,-0.6432585628131748,0.01,"Stay because utility uncertainty is too high: current_std=0.0296, candidate_std=0.0234, threshold=0.0100."
161023,1256,sgd_lr_0_0001,sgd_lr_0_0005,stay,False,high_uncertainty,-0.5310703194129125,0.01,"Stay because utility uncertainty is too high: current_std=0.0505, candidate_std=0.0087, threshold=0.0100."
161151,1257,sgd_lr_0_0001,sgd_lr_0_0005,stay,False,high_uncertainty,-0.4656088784759744,0.01,"Stay because utility uncertainty is too high: current_std=0.0263, candidate_std=0.0200, threshold=0.0100."
161279,1258,sgd_lr_0_0001,sgd_lr_0_0005,stay,False,high_uncertainty,-0.500318793416752,0.01,"Stay because utility uncertainty is too high: current_std=0.0451, candidate_std=0.0041, threshold=0.0100."
161407,1259,sgd_lr_0_0001,sgd_lr_0_0005,stay,False,high_uncertainty,-0.6017678914573079,0.01,"Stay because utility uncertainty is too high: current_std=0.0589, candidate_std=0.0016, threshold=0.0100."
161535,1260,sgd_lr_0_0001,sgd_lr_0_0005,stay,False,high_uncertainty,-0.6810119841681962,0.01,"Stay because utility uncertainty is too high: current_std=0.0144, candidate_std=0.0044, threshold=0.0100."
161663,1261,sgd_lr_0_0001,sgd_lr_0_0005,stay,False,high_uncertainty,-0.7326134594268546,0.01,"Stay because utility uncertainty is too high: current_std=0.0351, candidate_std=0.0023, threshold=0.0100."
161791,1262,sgd_lr_0_0001,sgd_lr_0_0005,stay,False,high_uncertainty,-0.7747939318857999,0.01,"Stay because utility uncertainty is too high: current_std=0.0208, candidate_std=0.0115, threshold=0.0100."
161919,1263,sgd_lr_0_0001,sgd_lr_0_0005,stay,False,high_uncertainty,-0.7413869773012793,0.01,"Stay because utility uncertainty is too high: current_std=0.0493, candidate_std=0.0065, threshold=0.0100."
162047,1264,sgd_lr_0_0001,sgd_lr_0_0005,stay,False,high_uncertainty,-0.6758325323157233,0.01,"Stay because utility uncertainty is too high: current_std=0.0450, candidate_std=0.0222, threshold=0.0100."
162175,1265,sgd_lr_0_0001,sgd_lr_0_0005,stay,False,high_uncertainty,-0.635762267082713,0.01,"Stay because utility uncertainty is too high: current_std=0.0176, candidate_std=0.0003, threshold=0.0100."
162303,1266,sgd_lr_0_0001,sgd_lr_0_0005,stay,False,high_uncertainty,-0.5917615534153884,0.01,"Stay because utility uncertainty is too high: current_std=0.0264, candidate_std=0.0003, threshold=0.0100."
162431,1267,sgd_lr_0_0001,sgd_lr_0_0005,stay,False,high_uncertainty,-0.5437767101458497,0.01,"Stay because utility uncertainty is too high: current_std=0.0214, candidate_std=0.0001, threshold=0.0100."
162559,1268,sgd_lr_0_0001,sgd_lr_0_0005,stay,False,no_candidate_improvement,-0.5161139162160966,0.01,"Stay because candidate improvement is not sufficient after LCB comparison: margin=-0.5161, threshold=0.0100."
162687,1269,sgd_lr_0_0001,sgd_lr_0_0005,stay,False,high_uncertainty,-0.5652122386004785,0.01,"Stay because utility uncertainty is too high: current_std=0.0567, candidate_std=0.0013, threshold=0.0100."
162815,1270,sgd_lr_0_0001,sgd_lr_0_0005,stay,False,high_uncertainty,-0.6775369725087701,0.01,"Stay because utility uncertainty is too high: current_std=0.0737, candidate_std=0.0168, threshold=0.0100."
162943,1271,sgd_lr_0_0001,sgd_lr_0_0005,stay,False,high_uncertainty,-0.693799151460958,0.01,"Stay because utility uncertainty is too high: current_std=0.0403, candidate_std=0.0002, threshold=0.0100."
163071,1272,sgd_lr_0_0001,sgd_lr_0_0005,stay,False,high_uncertainty,-0.6317919902388446,0.01,"Stay because utility uncertainty is too high: current_std=0.0339, candidate_std=0.0125, threshold=0.0100."
163199,1273,sgd_lr_0_0001,sgd_lr_0_0005,stay,False,high_uncertainty,-0.62787529676727,0.01,"Stay because utility uncertainty is too high: current_std=0.0213, candidate_std=0.0038, threshold=0.0100."
163327,1274,sgd_lr_0_0001,sgd_lr_0_0005,stay,False,high_uncertainty,-0.6269184323082407,0.01,"Stay because utility uncertainty is too high: current_std=0.0211, candidate_std=0.0027, threshold=0.0100."
163455,1275,sgd_lr_0_0001,sgd_lr_0_0005,stay,False,high_uncertainty,-0.5797265562503364,0.01,"Stay because utility uncertainty is too high: current_std=0.0315, candidate_std=0.0028, threshold=0.0100."
163583,1276,sgd_lr_0_0001,sgd_lr_0_0005,stay,False,high_uncertainty,-0.519830197046412,0.01,"Stay because utility uncertainty is too high: current_std=0.0261, candidate_std=0.0050, threshold=0.0100."
163711,1277,sgd_lr_0_0001,sgd_lr_0_0005,stay,False,no_candidate_improvement,-0.4977800700100189,0.01,"Stay because candidate improvement is not sufficient after LCB comparison: margin=-0.4978, threshold=0.0100."
163839,1278,sgd_lr_0_0001,sgd_lr_0_0005,stay,False,high_uncertainty,-0.5581301927413322,0.01,"Stay because utility uncertainty is too high: current_std=0.0467, candidate_std=0.0045, threshold=0.0100."
163967,1279,sgd_lr_0_0001,sgd_lr_0_0005,stay,False,high_uncertainty,-0.6551532523283332,0.01,"Stay because utility uncertainty is too high: current_std=0.0433, candidate_std=0.0025, threshold=0.0100."
164095,1280,sgd_lr_0_0001,sgd_lr_0_0005,stay,False,high_uncertainty,-0.7272136064114537,0.01,"Stay because utility uncertainty is too high: current_std=0.0270, candidate_std=0.0008, threshold=0.0100."
164223,1281,sgd_lr_0_0001,sgd_lr_0_0005,stay,False,high_uncertainty,-0.7400228796464305,0.01,"Stay because utility uncertainty is too high: current_std=0.0008, candidate_std=0.0127, threshold=0.0100."
164351,1282,sgd_lr_0_0001,sgd_lr_0_0005,stay,False,high_uncertainty,-0.7132331239713364,0.01,"Stay because utility uncertainty is too high: current_std=0.0180, candidate_std=0.0046, threshold=0.0100."
164479,1283,sgd_lr_0_0001,sgd_lr_0_0005,stay,False,high_uncertainty,-0.7223095308311016,0.01,"Stay because utility uncertainty is too high: current_std=0.0185, candidate_std=0.0039, threshold=0.0100."
164607,1284,sgd_lr_0_0001,sgd_lr_0_0005,stay,False,high_uncertainty,-0.7786031190777466,0.01,"Stay because utility uncertainty is too high: current_std=0.0337, candidate_std=0.0001, threshold=0.0100."
164735,1285,sgd_lr_0_0001,sgd_lr_0_0005,stay,False,no_candidate_improvement,-0.8091183306424377,0.01,"Stay because candidate improvement is not sufficient after LCB comparison: margin=-0.8091, threshold=0.0100."
164863,1286,sgd_lr_0_0001,sgd_lr_0_0005,stay,False,high_uncertainty,-0.7616754486256967,0.01,"Stay because utility uncertainty is too high: current_std=0.0443, candidate_std=0.0002, threshold=0.0100."
164991,1287,sgd_lr_0_0001,sgd_lr_0_0005,stay,False,high_uncertainty,-0.6536966813213242,0.01,"Stay because utility uncertainty is too high: current_std=0.0539, candidate_std=0.0100, threshold=0.0100."
165119,1288,sgd_lr_0_0001,sgd_lr_0_0005,stay,False,high_uncertainty,-0.5660667401259514,0.01,"Stay because utility uncertainty is too high: current_std=0.0205, candidate_std=0.0032, threshold=0.0100."
165247,1289,sgd_lr_0_0001,sgd_lr_0_0005,stay,False,high_uncertainty,-0.5596570188222729,0.01,"Stay because utility uncertainty is too high: current_std=0.0030, candidate_std=0.0143, threshold=0.0100."
165375,1290,sgd_lr_0_0001,sgd_lr_0_0005,stay,False,high_uncertainty,-0.616391849812059,0.01,"Stay because utility uncertainty is too high: current_std=0.0393, candidate_std=0.0001, threshold=0.0100."
165503,1291,sgd_lr_0_0001,sgd_lr_0_0005,stay,False,high_uncertainty,-0.7129241447298199,0.01,"Stay because utility uncertainty is too high: current_std=0.0596, candidate_std=0.0025, threshold=0.0100."
165631,1292,sgd_lr_0_0001,sgd_lr_0_0005,stay,False,high_uncertainty,-0.768540522912556,0.01,"Stay because utility uncertainty is too high: current_std=0.0142, candidate_std=0.0157, threshold=0.0100."
165759,1293,sgd_lr_0_0001,sgd_lr_0_0005,stay,False,high_uncertainty,-0.7344290300270524,0.01,"Stay because utility uncertainty is too high: current_std=0.0150, candidate_std=0.0176, threshold=0.0100."
165887,1294,sgd_lr_0_0001,sgd_lr_0_0005,stay,False,high_uncertainty,-0.674880972659472,0.01,"Stay because utility uncertainty is too high: current_std=0.0342, candidate_std=0.0073, threshold=0.0100."
166015,1295,sgd_lr_0_0001,sgd_lr_0_0005,stay,False,high_uncertainty,-0.6309517636688398,0.01,"Stay because utility uncertainty is too high: current_std=0.0398, candidate_std=0.0228, threshold=0.0100."
166143,1296,sgd_lr_0_0001,sgd_lr_0_0005,stay,False,high_uncertainty,-0.6035226584239353,0.01,"Stay because utility uncertainty is too high: current_std=0.0210, candidate_std=0.0106, threshold=0.0100."
166271,1297,sgd_lr_0_0001,sgd_lr_0_0005,stay,False,high_uncertainty,-0.5744421198147016,0.01,"Stay because utility uncertainty is too high: current_std=0.0178, candidate_std=0.0008, threshold=0.0100."
166399,1298,sgd_lr_0_0001,sgd_lr_0_0005,stay,False,no_candidate_improvement,-0.5616397771905207,0.01,"Stay because candidate improvement is not sufficient after LCB comparison: margin=-0.5616, threshold=0.0100."
166527,1299,sgd_lr_0_0001,sgd_lr_0_0005,stay,False,no_candidate_improvement,-0.5667192928663788,0.01,"Stay because candidate improvement is not sufficient after LCB comparison: margin=-0.5667, threshold=0.0100."
166655,1300,sgd_lr_0_0001,sgd_lr_0_0005,stay,False,high_uncertainty,-0.542780420666802,0.01,"Stay because utility uncertainty is too high: current_std=0.0241, candidate_std=0.0009, threshold=0.0100."
166783,1301,sgd_lr_0_0001,sgd_lr_0_0005,stay,False,no_candidate_improvement,-0.526397154135984,0.01,"Stay because candidate improvement is not sufficient after LCB comparison: margin=-0.5264, threshold=0.0100."
166911,1302,sgd_lr_0_0001,sgd_lr_0_0005,stay,False,high_uncertainty,-0.5739278006200963,0.01,"Stay because utility uncertainty is too high: current_std=0.0432, candidate_std=0.0025, threshold=0.0100."
167039,1303,sgd_lr_0_0001,sgd_lr_0_0005,stay,False,high_uncertainty,-0.654635194253335,0.01,"Stay because utility uncertainty is too high: current_std=0.0363, candidate_std=0.0037, threshold=0.0100."
167167,1304,sgd_lr_0_0001,sgd_lr_0_0005,stay,False,high_uncertainty,-0.677205842333388,0.01,"Stay because utility uncertainty is too high: current_std=0.0207, candidate_std=0.0033, threshold=0.0100."
167295,1305,sgd_lr_0_0001,sgd_lr_0_0005,stay,False,high_uncertainty,-0.6378186872297026,0.01,"Stay because utility uncertainty is too high: current_std=0.0215, candidate_std=0.0005, threshold=0.0100."
167423,1306,sgd_lr_0_0001,sgd_lr_0_0005,stay,False,high_uncertainty,-0.6499801365488682,0.01,"Stay because utility uncertainty is too high: current_std=0.0337, candidate_std=0.0004, threshold=0.0100."
167551,1307,sgd_lr_0_0001,sgd_lr_0_0005,stay,False,high_uncertainty,-0.7236552955863258,0.01,"Stay because utility uncertainty is too high: current_std=0.0455, candidate_std=0.0060, threshold=0.0100."
167679,1308,sgd_lr_0_0001,sgd_lr_0_0005,stay,False,high_uncertainty,-0.7522984508292871,0.01,"Stay because utility uncertainty is too high: current_std=0.0100, candidate_std=0.0008, threshold=0.0100."
167807,1309,sgd_lr_0_0001,sgd_lr_0_0005,stay,False,high_uncertainty,-0.7673905526382564,0.01,"Stay because utility uncertainty is too high: current_std=0.0256, candidate_std=0.0004, threshold=0.0100."
167935,1310,sgd_lr_0_0001,sgd_lr_0_0005,stay,False,high_uncertainty,-0.8280207928096773,0.01,"Stay because utility uncertainty is too high: current_std=0.0385, candidate_std=0.0039, threshold=0.0100."
168063,1311,sgd_lr_0_0001,sgd_lr_0_0005,stay,False,high_uncertainty,-0.7924501166636319,0.01,"Stay because utility uncertainty is too high: current_std=0.0707, candidate_std=0.0005, threshold=0.0100."
168191,1312,sgd_lr_0_0001,sgd_lr_0_0005,stay,False,high_uncertainty,-0.6739872158748178,0.01,"Stay because utility uncertainty is too high: current_std=0.0524, candidate_std=0.0042, threshold=0.0100."
168319,1313,sgd_lr_0_0001,sgd_lr_0_0005,stay,False,high_uncertainty,-0.6385995259352244,0.01,"Stay because utility uncertainty is too high: current_std=0.0104, candidate_std=0.0025, threshold=0.0100."
168447,1314,sgd_lr_0_0001,sgd_lr_0_0005,stay,False,high_uncertainty,-0.6544878016121938,0.01,"Stay because utility uncertainty is too high: current_std=0.0114, candidate_std=0.0083, threshold=0.0100."
168575,1315,sgd_lr_0_0001,sgd_lr_0_0005,stay,False,high_uncertainty,-0.6742607417817064,0.01,"Stay because utility uncertainty is too high: current_std=0.0303, candidate_std=0.0136, threshold=0.0100."
168703,1316,sgd_lr_0_0001,sgd_lr_0_0005,stay,False,high_uncertainty,-0.7125114828809248,0.01,"Stay because utility uncertainty is too high: current_std=0.0114, candidate_std=0.0101, threshold=0.0100."
168831,1317,sgd_lr_0_0001,sgd_lr_0_0005,stay,False,high_uncertainty,-0.6989352039695798,0.01,"Stay because utility uncertainty is too high: current_std=0.0460, candidate_std=0.0109, threshold=0.0100."
168959,1318,sgd_lr_0_0001,sgd_lr_0_0005,stay,False,high_uncertainty,-0.639082822423517,0.01,"Stay because utility uncertainty is too high: current_std=0.0187, candidate_std=0.0060, threshold=0.0100."
169087,1319,sgd_lr_0_0001,sgd_lr_0_0005,stay,False,high_uncertainty,-0.6611489295474551,0.01,"Stay because utility uncertainty is too high: current_std=0.0525, candidate_std=0.0057, threshold=0.0100."
169215,1320,sgd_lr_0_0001,sgd_lr_0_0005,stay,False,high_uncertainty,-0.7356294995380902,0.01,"Stay because utility uncertainty is too high: current_std=0.0387, candidate_std=0.0111, threshold=0.0100."
169343,1321,sgd_lr_0_0001,sgd_lr_0_0005,stay,False,high_uncertainty,-0.7339558818099168,0.01,"Stay because utility uncertainty is too high: current_std=0.0401, candidate_std=0.0108, threshold=0.0100."
169471,1322,sgd_lr_0_0001,sgd_lr_0_0005,stay,False,high_uncertainty,-0.6718861733527693,0.01,"Stay because utility uncertainty is too high: current_std=0.0484, candidate_std=0.0157, threshold=0.0100."
169599,1323,sgd_lr_0_0001,sgd_lr_0_0005,stay,False,high_uncertainty,-0.6135593695745781,0.01,"Stay because utility uncertainty is too high: current_std=0.0241, candidate_std=0.0015, threshold=0.0100."
169727,1324,sgd_lr_0_0001,sgd_lr_0_0005,stay,False,high_uncertainty,-0.5580857172240832,0.01,"Stay because utility uncertainty is too high: current_std=0.0083, candidate_std=0.0216, threshold=0.0100."
169855,1325,sgd_lr_0_0001,sgd_lr_0_0005,stay,False,high_uncertainty,-0.5370586507773314,0.01,"Stay because utility uncertainty is too high: current_std=0.0138, candidate_std=0.0049, threshold=0.0100."
169983,1326,sgd_lr_0_0001,sgd_lr_0_0005,stay,False,high_uncertainty,-0.560863400974326,0.01,"Stay because utility uncertainty is too high: current_std=0.0016, candidate_std=0.0166, threshold=0.0100."
170111,1327,sgd_lr_0_0001,sgd_lr_0_0005,stay,False,high_uncertainty,-0.5572433503965788,0.01,"Stay because utility uncertainty is too high: current_std=0.0173, candidate_std=0.0012, threshold=0.0100."
170239,1328,sgd_lr_0_0001,sgd_lr_0_0005,stay,False,high_uncertainty,-0.5553061566443473,0.01,"Stay because utility uncertainty is too high: current_std=0.0118, candidate_std=0.0048, threshold=0.0100."
170367,1329,sgd_lr_0_0001,sgd_lr_0_0005,stay,False,high_uncertainty,-0.6296259101668386,0.01,"Stay because utility uncertainty is too high: current_std=0.0748, candidate_std=0.0171, threshold=0.0100."
170495,1330,sgd_lr_0_0001,sgd_lr_0_0005,stay,False,high_uncertainty,-0.7173009897220137,0.01,"Stay because utility uncertainty is too high: current_std=0.0329, candidate_std=0.0029, threshold=0.0100."
170623,1331,sgd_lr_0_0001,sgd_lr_0_0005,stay,False,high_uncertainty,-0.6957914701545747,0.01,"Stay because utility uncertainty is too high: current_std=0.0775, candidate_std=0.0261, threshold=0.0100."
170751,1332,sgd_lr_0_0001,sgd_lr_0_0005,stay,False,high_uncertainty,-0.6019435929336192,0.01,"Stay because utility uncertainty is too high: current_std=0.0431, candidate_std=0.0008, threshold=0.0100."
170879,1333,sgd_lr_0_0001,sgd_lr_0_0005,stay,False,high_uncertainty,-0.566734273294831,0.01,"Stay because utility uncertainty is too high: current_std=0.0134, candidate_std=0.0063, threshold=0.0100."
171007,1334,sgd_lr_0_0001,sgd_lr_0_0005,stay,False,high_uncertainty,-0.5798531271756023,0.01,"Stay because utility uncertainty is too high: current_std=0.0206, candidate_std=0.0146, threshold=0.0100."
171135,1335,sgd_lr_0_0001,sgd_lr_0_0005,stay,False,no_candidate_improvement,-0.5776505770841961,0.01,"Stay because candidate improvement is not sufficient after LCB comparison: margin=-0.5777, threshold=0.0100."
171263,1336,sgd_lr_0_0001,sgd_lr_0_0005,stay,False,high_uncertainty,-0.5614364367509461,0.01,"Stay because utility uncertainty is too high: current_std=0.0212, candidate_std=0.0131, threshold=0.0100."
171391,1337,sgd_lr_0_0001,sgd_lr_0_0005,stay,False,high_uncertainty,-0.5726377915893103,0.01,"Stay because utility uncertainty is too high: current_std=0.0262, candidate_std=0.0069, threshold=0.0100."
171519,1338,sgd_lr_0_0001,sgd_lr_0_0005,stay,False,high_uncertainty,-0.6162472301347608,0.01,"Stay because utility uncertainty is too high: current_std=0.0539, candidate_std=0.0296, threshold=0.0100."
171647,1339,sgd_lr_0_0001,sgd_lr_0_0005,stay,False,high_uncertainty,-0.6852211997357247,0.01,"Stay because utility uncertainty is too high: current_std=0.0362, candidate_std=0.0084, threshold=0.0100."
171775,1340,sgd_lr_0_0001,sgd_lr_0_0005,stay,False,high_uncertainty,-0.7511996969160489,0.01,"Stay because utility uncertainty is too high: current_std=0.0080, candidate_std=0.0134, threshold=0.0100."
171903,1341,sgd_lr_0_0001,sgd_lr_0_0005,stay,False,high_uncertainty,-0.7573422207202368,0.01,"Stay because utility uncertainty is too high: current_std=0.0144, candidate_std=0.0008, threshold=0.0100."
172031,1342,sgd_lr_0_0001,sgd_lr_0_0005,stay,False,high_uncertainty,-0.738200339860304,0.01,"Stay because utility uncertainty is too high: current_std=0.0144, candidate_std=0.0105, threshold=0.0100."
172159,1343,sgd_lr_0_0001,sgd_lr_0_0005,stay,False,no_candidate_improvement,-0.7318745169745479,0.01,"Stay because candidate improvement is not sufficient after LCB comparison: margin=-0.7319, threshold=0.0100."
172287,1344,sgd_lr_0_0001,sgd_lr_0_0005,stay,False,high_uncertainty,-0.751183776587441,0.01,"Stay because utility uncertainty is too high: current_std=0.0165, candidate_std=0.0053, threshold=0.0100."
172415,1345,sgd_lr_0_0001,sgd_lr_0_0005,stay,False,high_uncertainty,-0.7646920244316988,0.01,"Stay because utility uncertainty is too high: current_std=0.0033, candidate_std=0.0116, threshold=0.0100."
172543,1346,sgd_lr_0_0001,sgd_lr_0_0005,stay,False,high_uncertainty,-0.7180184750782689,0.01,"Stay because utility uncertainty is too high: current_std=0.0434, candidate_std=0.0050, threshold=0.0100."
172671,1347,sgd_lr_0_0001,sgd_lr_0_0005,stay,False,high_uncertainty,-0.6555981180985798,0.01,"Stay because utility uncertainty is too high: current_std=0.0318, candidate_std=0.0078, threshold=0.0100."
172799,1348,sgd_lr_0_0001,sgd_lr_0_0005,stay,False,high_uncertainty,-0.6044747814544753,0.01,"Stay because utility uncertainty is too high: current_std=0.0267, candidate_std=0.0005, threshold=0.0100."
172927,1349,sgd_lr_0_0001,sgd_lr_0_0005,stay,False,high_uncertainty,-0.5688928042503408,0.01,"Stay because utility uncertainty is too high: current_std=0.0127, candidate_std=0.0043, threshold=0.0100."
173055,1350,sgd_lr_0_0001,sgd_lr_0_0005,stay,False,high_uncertainty,-0.5777396301436125,0.01,"Stay because utility uncertainty is too high: current_std=0.0219, candidate_std=0.0047, threshold=0.0100."
173183,1351,sgd_lr_0_0001,sgd_lr_0_0005,stay,False,high_uncertainty,-0.6462695955659318,0.01,"Stay because utility uncertainty is too high: current_std=0.0464, candidate_std=0.0048, threshold=0.0100."
173311,1352,sgd_lr_0_0001,sgd_lr_0_0005,stay,False,high_uncertainty,-0.7338284436571123,0.01,"Stay because utility uncertainty is too high: current_std=0.0369, candidate_std=0.0006, threshold=0.0100."
173439,1353,sgd_lr_0_0001,sgd_lr_0_0005,stay,False,high_uncertainty,-0.7926173796542616,0.01,"Stay because utility uncertainty is too high: current_std=0.0260, candidate_std=0.0035, threshold=0.0100."
173567,1354,sgd_lr_0_0001,sgd_lr_0_0005,stay,False,high_uncertainty,-0.7641025387408764,0.01,"Stay because utility uncertainty is too high: current_std=0.0261, candidate_std=0.0249, threshold=0.0100."
173695,1355,sgd_lr_0_0001,sgd_lr_0_0005,stay,False,high_uncertainty,-0.6564813246732536,0.01,"Stay because utility uncertainty is too high: current_std=0.0581, candidate_std=0.0014, threshold=0.0100."
173823,1356,sgd_lr_0_0001,sgd_lr_0_0005,stay,False,high_uncertainty,-0.5865535557468557,0.01,"Stay because utility uncertainty is too high: current_std=0.0127, candidate_std=0.0006, threshold=0.0100."
173951,1357,sgd_lr_0_0001,sgd_lr_0_0005,stay,False,no_candidate_improvement,-0.5597841073579594,0.01,"Stay because candidate improvement is not sufficient after LCB comparison: margin=-0.5598, threshold=0.0100."
174079,1358,sgd_lr_0_0001,sgd_lr_0_0005,stay,False,high_uncertainty,-0.5745308721243002,0.01,"Stay because utility uncertainty is too high: current_std=0.0050, candidate_std=0.0232, threshold=0.0100."
174207,1359,sgd_lr_0_0001,sgd_lr_0_0005,stay,False,high_uncertainty,-0.6450521840557464,0.01,"Stay because utility uncertainty is too high: current_std=0.0346, candidate_std=0.0078, threshold=0.0100."
174335,1360,sgd_lr_0_0001,sgd_lr_0_0005,stay,False,high_uncertainty,-0.7014373922265331,0.01,"Stay because utility uncertainty is too high: current_std=0.0286, candidate_std=0.0145, threshold=0.0100."
174463,1361,sgd_lr_0_0001,sgd_lr_0_0005,stay,False,high_uncertainty,-0.7116883516062189,0.01,"Stay because utility uncertainty is too high: current_std=0.0224, candidate_std=0.0263, threshold=0.0100."
174591,1362,sgd_lr_0_0001,sgd_lr_0_0005,stay,False,no_candidate_improvement,-0.7236117526149805,0.01,"Stay because candidate improvement is not sufficient after LCB comparison: margin=-0.7236, threshold=0.0100."
174719,1363,sgd_lr_0_0001,sgd_lr_0_0005,stay,False,high_uncertainty,-0.7461625090127058,0.01,"Stay because utility uncertainty is too high: current_std=0.0224, candidate_std=0.0292, threshold=0.0100."
174847,1364,sgd_lr_0_0001,sgd_lr_0_0005,stay,False,high_uncertainty,-0.7163081015595398,0.01,"Stay because utility uncertainty is too high: current_std=0.0444, candidate_std=0.0077, threshold=0.0100."
174975,1365,sgd_lr_0_0001,sgd_lr_0_0005,stay,False,high_uncertainty,-0.6509573483371315,0.01,"Stay because utility uncertainty is too high: current_std=0.0172, candidate_std=0.0115, threshold=0.0100."
175103,1366,sgd_lr_0_0001,sgd_lr_0_0005,stay,False,no_candidate_improvement,-0.6222581158041266,0.01,"Stay because candidate improvement is not sufficient after LCB comparison: margin=-0.6223, threshold=0.0100."
175231,1367,sgd_lr_0_0001,sgd_lr_0_0005,stay,False,no_candidate_improvement,-0.6206088662201479,0.01,"Stay because candidate improvement is not sufficient after LCB comparison: margin=-0.6206, threshold=0.0100."
175359,1368,sgd_lr_0_0001,sgd_lr_0_0005,stay,False,high_uncertainty,-0.6455170059672912,0.01,"Stay because utility uncertainty is too high: current_std=0.0251, candidate_std=0.0014, threshold=0.0100."
175487,1369,sgd_lr_0_0001,sgd_lr_0_0005,stay,False,no_candidate_improvement,-0.6702608064524439,0.01,"Stay because candidate improvement is not sufficient after LCB comparison: margin=-0.6703, threshold=0.0100."
175615,1370,sgd_lr_0_0001,sgd_lr_0_0005,stay,False,high_uncertainty,-0.6745624975496791,0.01,"Stay because utility uncertainty is too high: current_std=0.0102, candidate_std=0.0041, threshold=0.0100."
175743,1371,sgd_lr_0_0001,sgd_lr_0_0005,stay,False,high_uncertainty,-0.7405368609763433,0.01,"Stay because utility uncertainty is too high: current_std=0.0655, candidate_std=0.0056, threshold=0.0100."
175871,1372,sgd_lr_0_0001,sgd_lr_0_0005,stay,False,high_uncertainty,-0.7778974572678822,0.01,"Stay because utility uncertainty is too high: current_std=0.0316, candidate_std=0.0091, threshold=0.0100."
175999,1373,sgd_lr_0_0001,sgd_lr_0_0005,stay,False,high_uncertainty,-0.6790986655116888,0.01,"Stay because utility uncertainty is too high: current_std=0.0840, candidate_std=0.0077, threshold=0.0100."
176127,1374,sgd_lr_0_0001,sgd_lr_0_0005,stay,False,high_uncertainty,-0.5786384336688499,0.01,"Stay because utility uncertainty is too high: current_std=0.0243, candidate_std=0.0002, threshold=0.0100."
176255,1375,sgd_lr_0_0001,sgd_lr_0_0005,stay,False,no_candidate_improvement,-0.5530506364167952,0.01,"Stay because candidate improvement is not sufficient after LCB comparison: margin=-0.5531, threshold=0.0100."
176383,1376,sgd_lr_0_0001,sgd_lr_0_0005,stay,False,high_uncertainty,-0.5769565842442426,0.01,"Stay because utility uncertainty is too high: current_std=0.0280, candidate_std=0.0027, threshold=0.0100."
176511,1377,sgd_lr_0_0001,sgd_lr_0_0005,stay,False,high_uncertainty,-0.6172299667526702,0.01,"Stay because utility uncertainty is too high: current_std=0.0238, candidate_std=0.0088, threshold=0.0100."
176639,1378,sgd_lr_0_0001,sgd_lr_0_0005,stay,False,high_uncertainty,-0.5946119516213498,0.01,"Stay because utility uncertainty is too high: current_std=0.0216, candidate_std=0.0159, threshold=0.0100."
176767,1379,sgd_lr_0_0001,sgd_lr_0_0005,stay,False,high_uncertainty,-0.5715804296123365,0.01,"Stay because utility uncertainty is too high: current_std=0.0187, candidate_std=0.0042, threshold=0.0100."
176895,1380,sgd_lr_0_0001,sgd_lr_0_0005,stay,False,high_uncertainty,-0.6579875751475831,0.01,"Stay because utility uncertainty is too high: current_std=0.0737, candidate_std=0.0019, threshold=0.0100."
177023,1381,sgd_lr_0_0001,sgd_lr_0_0005,stay,False,high_uncertainty,-0.736715684176686,0.01,"Stay because utility uncertainty is too high: current_std=0.0046, candidate_std=0.0115, threshold=0.0100."
177151,1382,sgd_lr_0_0001,sgd_lr_0_0005,stay,False,high_uncertainty,-0.6947390675924974,0.01,"Stay because utility uncertainty is too high: current_std=0.0685, candidate_std=0.0197, threshold=0.0100."
177279,1383,sgd_lr_0_0001,sgd_lr_0_0005,stay,False,high_uncertainty,-0.6247249159715974,0.01,"Stay because utility uncertainty is too high: current_std=0.0246, candidate_std=0.0035, threshold=0.0100."
177407,1384,sgd_lr_0_0001,sgd_lr_0_0005,stay,False,no_candidate_improvement,-0.6108896830878643,0.01,"Stay because candidate improvement is not sufficient after LCB comparison: margin=-0.6109, threshold=0.0100."
177535,1385,sgd_lr_0_0001,sgd_lr_0_0005,stay,False,no_candidate_improvement,-0.6109373880387304,0.01,"Stay because candidate improvement is not sufficient after LCB comparison: margin=-0.6109, threshold=0.0100."
177663,1386,sgd_lr_0_0001,sgd_lr_0_0005,stay,False,high_uncertainty,-0.5663645777850809,0.01,"Stay because utility uncertainty is too high: current_std=0.0035, candidate_std=0.0338, threshold=0.0100."
177791,1387,sgd_lr_0_0001,sgd_lr_0_0005,stay,False,high_uncertainty,-0.5091734076872947,0.01,"Stay because utility uncertainty is too high: current_std=0.0052, candidate_std=0.0147, threshold=0.0100."
177919,1388,sgd_lr_0_0001,sgd_lr_0_0005,stay,False,high_uncertainty,-0.49185013610344075,0.01,"Stay because utility uncertainty is too high: current_std=0.0136, candidate_std=0.0162, threshold=0.0100."
178047,1389,sgd_lr_0_0001,sgd_lr_0_0005,stay,False,high_uncertainty,-0.5418198527477965,0.01,"Stay because utility uncertainty is too high: current_std=0.0339, candidate_std=0.0135, threshold=0.0100."
178175,1390,sgd_lr_0_0001,sgd_lr_0_0005,stay,False,high_uncertainty,-0.6602191243761575,0.01,"Stay because utility uncertainty is too high: current_std=0.0598, candidate_std=0.0112, threshold=0.0100."
178303,1391,sgd_lr_0_0001,sgd_lr_0_0005,stay,False,high_uncertainty,-0.7167739631766114,0.01,"Stay because utility uncertainty is too high: current_std=0.0171, candidate_std=0.0026, threshold=0.0100."
178431,1392,sgd_lr_0_0001,sgd_lr_0_0005,stay,False,high_uncertainty,-0.645258576687621,0.01,"Stay because utility uncertainty is too high: current_std=0.0539, candidate_std=0.0032, threshold=0.0100."
178559,1393,sgd_lr_0_0001,sgd_lr_0_0005,stay,False,high_uncertainty,-0.5619591126636722,0.01,"Stay because utility uncertainty is too high: current_std=0.0290, candidate_std=0.0027, threshold=0.0100."
178687,1394,sgd_lr_0_0001,sgd_lr_0_0005,stay,False,high_uncertainty,-0.5169834104276325,0.01,"Stay because utility uncertainty is too high: current_std=0.0107, candidate_std=0.0080, threshold=0.0100."
178815,1395,sgd_lr_0_0001,sgd_lr_0_0005,stay,False,high_uncertainty,-0.49837977806667777,0.01,"Stay because utility uncertainty is too high: current_std=0.0245, candidate_std=0.0244, threshold=0.0100."
178943,1396,sgd_lr_0_0001,sgd_lr_0_0005,stay,False,high_uncertainty,-0.5366614010373842,0.01,"Stay because utility uncertainty is too high: current_std=0.0226, candidate_std=0.0156, threshold=0.0100."
179071,1397,sgd_lr_0_0001,sgd_lr_0_0005,stay,False,high_uncertainty,-0.5963075502481445,0.01,"Stay because utility uncertainty is too high: current_std=0.0064, candidate_std=0.0151, threshold=0.0100."
179199,1398,sgd_lr_0_0001,sgd_lr_0_0005,stay,False,high_uncertainty,-0.62703924951562,0.01,"Stay because utility uncertainty is too high: current_std=0.0304, candidate_std=0.0211, threshold=0.0100."
179327,1399,sgd_lr_0_0001,sgd_lr_0_0005,stay,False,high_uncertainty,-0.6715400290953168,0.01,"Stay because utility uncertainty is too high: current_std=0.0292, candidate_std=0.0061, threshold=0.0100."
179455,1400,sgd_lr_0_0001,sgd_lr_0_0005,stay,False,high_uncertainty,-0.7290848572823687,0.01,"Stay because utility uncertainty is too high: current_std=0.0071, candidate_std=0.0152, threshold=0.0100."
179583,1401,sgd_lr_0_0001,sgd_lr_0_0005,stay,False,high_uncertainty,-0.7282422799556364,0.01,"Stay because utility uncertainty is too high: current_std=0.0100, candidate_std=0.0131, threshold=0.0100."
179711,1402,sgd_lr_0_0001,sgd_lr_0_0005,stay,False,no_candidate_improvement,-0.7100897051105053,0.01,"Stay because candidate improvement is not sufficient after LCB comparison: margin=-0.7101, threshold=0.0100."
179839,1403,sgd_lr_0_0001,sgd_lr_0_0005,stay,False,no_candidate_improvement,-0.7222197182120993,0.01,"Stay because candidate improvement is not sufficient after LCB comparison: margin=-0.7222, threshold=0.0100."
179967,1404,sgd_lr_0_0001,sgd_lr_0_0005,stay,False,no_candidate_improvement,-0.7319963789947185,0.01,"Stay because candidate improvement is not sufficient after LCB comparison: margin=-0.7320, threshold=0.0100."
180095,1405,sgd_lr_0_0001,sgd_lr_0_0005,stay,False,no_candidate_improvement,-0.7509851119191838,0.01,"Stay because candidate improvement is not sufficient after LCB comparison: margin=-0.7510, threshold=0.0100."
180223,1406,sgd_lr_0_0001,sgd_lr_0_0005,stay,False,high_uncertainty,-0.7154203639626255,0.01,"Stay because utility uncertainty is too high: current_std=0.0506, candidate_std=0.0013, threshold=0.0100."
180351,1407,sgd_lr_0_0001,sgd_lr_0_0005,stay,False,high_uncertainty,-0.6203205747855687,0.01,"Stay because utility uncertainty is too high: current_std=0.0424, candidate_std=0.0007, threshold=0.0100."
180479,1408,sgd_lr_0_0001,sgd_lr_0_0005,stay,False,no_candidate_improvement,-0.5674922584027755,0.01,"Stay because candidate improvement is not sufficient after LCB comparison: margin=-0.5675, threshold=0.0100."
180607,1409,sgd_lr_0_0001,sgd_lr_0_0005,stay,False,high_uncertainty,-0.5431032574238226,0.01,"Stay because utility uncertainty is too high: current_std=0.0159, candidate_std=0.0011, threshold=0.0100."
180735,1410,sgd_lr_0_0001,sgd_lr_0_0005,stay,False,high_uncertainty,-0.5172560130314724,0.01,"Stay because utility uncertainty is too high: current_std=0.0317, candidate_std=0.0429, threshold=0.0100."
180863,1411,sgd_lr_0_0001,sgd_lr_0_0005,stay,False,high_uncertainty,-0.5757221839572642,0.01,"Stay because utility uncertainty is too high: current_std=0.0663, candidate_std=0.0033, threshold=0.0100."
180991,1412,sgd_lr_0_0001,sgd_lr_0_0005,stay,False,high_uncertainty,-0.6790212238054171,0.01,"Stay because utility uncertainty is too high: current_std=0.0042, candidate_std=0.0296, threshold=0.0100."
181119,1413,sgd_lr_0_0001,sgd_lr_0_0005,stay,False,high_uncertainty,-0.6730229057518227,0.01,"Stay because utility uncertainty is too high: current_std=0.0209, candidate_std=0.0188, threshold=0.0100."
181247,1414,sgd_lr_0_0001,sgd_lr_0_0005,stay,False,high_uncertainty,-0.6595251145544574,0.01,"Stay because utility uncertainty is too high: current_std=0.0096, candidate_std=0.0166, threshold=0.0100."
181375,1415,sgd_lr_0_0001,sgd_lr_0_0005,stay,False,high_uncertainty,-0.6523702523065387,0.01,"Stay because utility uncertainty is too high: current_std=0.0344, candidate_std=0.0010, threshold=0.0100."
181503,1416,sgd_lr_0_0001,sgd_lr_0_0005,stay,False,high_uncertainty,-0.5881293277805832,0.01,"Stay because utility uncertainty is too high: current_std=0.0297, candidate_std=0.0012, threshold=0.0100."
181631,1417,sgd_lr_0_0001,sgd_lr_0_0005,stay,False,high_uncertainty,-0.5256480920281599,0.01,"Stay because utility uncertainty is too high: current_std=0.0188, candidate_std=0.0504, threshold=0.0100."
181759,1418,sgd_lr_0_0001,sgd_lr_0_0005,stay,False,high_uncertainty,-0.5157616024741162,0.01,"Stay because utility uncertainty is too high: current_std=0.0234, candidate_std=0.0017, threshold=0.0100."
181887,1419,sgd_lr_0_0001,sgd_lr_0_0005,stay,False,high_uncertainty,-0.5976344589811156,0.01,"Stay because utility uncertainty is too high: current_std=0.0033, candidate_std=0.0569, threshold=0.0100."
182015,1420,sgd_lr_0_0001,sgd_lr_0_0005,stay,False,no_candidate_improvement,-0.6627270347637845,0.01,"Stay because candidate improvement is not sufficient after LCB comparison: margin=-0.6627, threshold=0.0100."
182143,1421,sgd_lr_0_0001,sgd_lr_0_0005,stay,False,high_uncertainty,-0.6444870347905396,0.01,"Stay because utility uncertainty is too high: current_std=0.0212, candidate_std=0.0020, threshold=0.0100."
182271,1422,sgd_lr_0_0001,sgd_lr_0_0005,stay,False,high_uncertainty,-0.5907765428427609,0.01,"Stay because utility uncertainty is too high: current_std=0.0152, candidate_std=0.0153, threshold=0.0100."
182399,1423,sgd_lr_0_0001,sgd_lr_0_0005,stay,False,high_uncertainty,-0.6008004358547454,0.01,"Stay because utility uncertainty is too high: current_std=0.0300, candidate_std=0.0106, threshold=0.0100."
