sample_index,evaluation_index,current_strategy,candidate_strategy,action,switched,reason_code,decision_margin,decision_threshold,reason
511,2,river_logreg,windowed_rf,stay,False,no_candidate_improvement,0.01171875,0.014,"Stay because candidate improvement is not sufficient after LCB comparison: margin=0.0117, threshold=0.0140."
639,3,river_logreg,windowed_rf,stay,False,no_candidate_improvement,0.0078125,0.014,"Stay because candidate improvement is not sufficient after LCB comparison: margin=0.0078, threshold=0.0140."
767,4,river_logreg,windowed_rf,stay,False,high_uncertainty,0.01822916666666674,0.014,"Stay because utility uncertainty is too high: current_std=0.0147, candidate_std=0.0092, threshold=0.0140."
895,5,river_logreg,windowed_rf,switch,True,switch_advantage,0.02864583333333337,0.014,Switch because candidate LCB exceeds current LCB beyond the decision threshold: 0.8060 - 0.7773 = 0.0286 > 0.0140.
1023,6,windowed_rf,river_logreg,stay,False,high_uncertainty,0.02473958333333326,0.014,"Stay because utility uncertainty is too high: current_std=0.1309, candidate_std=0.0378, threshold=0.0140."
1151,7,windowed_rf,river_logreg,stay,False,high_uncertainty,0.13020833333333326,0.014,"Stay because utility uncertainty is too high: current_std=0.1813, candidate_std=0.0465, threshold=0.0140."
1279,8,windowed_rf,river_logreg,stay,False,high_uncertainty,0.17708333333333337,0.014,"Stay because utility uncertainty is too high: current_std=0.1000, candidate_std=0.0223, threshold=0.0140."
1407,9,windowed_rf,river_logreg,stay,False,high_uncertainty,0.12760416666666674,0.014,"Stay because utility uncertainty is too high: current_std=0.1469, candidate_std=0.0327, threshold=0.0140."
1535,10,windowed_rf,river_logreg,stay,False,high_uncertainty,0.0390625,0.014,"Stay because utility uncertainty is too high: current_std=0.0641, candidate_std=0.0310, threshold=0.0140."
1663,11,windowed_rf,river_logreg,stay,False,high_uncertainty,0.0078125,0.014,"Stay because utility uncertainty is too high: current_std=0.0187, candidate_std=0.0208, threshold=0.0140."
1791,12,windowed_rf,river_logreg,stay,False,high_uncertainty,0.0013020833333333703,0.014,"Stay because utility uncertainty is too high: current_std=0.0278, candidate_std=0.0381, threshold=0.0140."
1919,13,windowed_rf,river_logreg,stay,False,high_uncertainty,-0.01822916666666663,0.014,"Stay because utility uncertainty is too high: current_std=0.0355, candidate_std=0.0526, threshold=0.0140."
2047,14,windowed_rf,river_logreg,stay,False,high_uncertainty,-0.01822916666666663,0.014,"Stay because utility uncertainty is too high: current_std=0.0169, candidate_std=0.0256, threshold=0.0140."
2175,15,windowed_rf,river_logreg,stay,False,high_uncertainty,0.0078125,0.014,"Stay because utility uncertainty is too high: current_std=0.0080, candidate_std=0.0509, threshold=0.0140."
2303,16,windowed_rf,river_logreg,stay,False,high_uncertainty,0.04557291666666674,0.014,"Stay because utility uncertainty is too high: current_std=0.0144, candidate_std=0.0458, threshold=0.0140."
2431,17,windowed_rf,river_logreg,switch,True,switch_advantage,0.05859375,0.014,Switch because candidate LCB exceeds current LCB beyond the decision threshold: 0.7604 - 0.7018 = 0.0586 > 0.0140.
2559,18,river_logreg,windowed_histgb,stay,False,high_uncertainty,-0.0234375,0.014,"Stay because utility uncertainty is too high: current_std=0.0255, candidate_std=0.0194, threshold=0.0140."
2687,19,river_logreg,windowed_rf,stay,False,high_uncertainty,-0.00390625,0.014,"Stay because utility uncertainty is too high: current_std=0.0271, candidate_std=0.0097, threshold=0.0140."
2815,20,river_logreg,windowed_rf,stay,False,high_uncertainty,0.00911458333333337,0.014,"Stay because utility uncertainty is too high: current_std=0.0176, candidate_std=0.0191, threshold=0.0140."
2943,21,river_logreg,windowed_rf,stay,False,high_uncertainty,0.00651041666666663,0.014,"Stay because utility uncertainty is too high: current_std=0.0157, candidate_std=0.0146, threshold=0.0140."
3071,22,river_logreg,windowed_rf,stay,False,high_uncertainty,0.0013020833333333703,0.014,"Stay because utility uncertainty is too high: current_std=0.0226, candidate_std=0.0241, threshold=0.0140."
3199,23,river_logreg,windowed_rf,stay,False,high_uncertainty,-0.0026041666666666297,0.014,"Stay because utility uncertainty is too high: current_std=0.0159, candidate_std=0.0121, threshold=0.0140."
3327,24,river_logreg,windowed_rf,stay,False,no_candidate_improvement,0.0026041666666666297,0.014,"Stay because candidate improvement is not sufficient after LCB comparison: margin=0.0026, threshold=0.0140."
3455,25,river_logreg,windowed_rf,stay,False,high_uncertainty,0.0026041666666666297,0.014,"Stay because utility uncertainty is too high: current_std=0.0139, candidate_std=0.0176, threshold=0.0140."
3583,26,river_logreg,windowed_rf,stay,False,high_uncertainty,-0.0013020833333333703,0.014,"Stay because utility uncertainty is too high: current_std=0.0157, candidate_std=0.0261, threshold=0.0140."
3711,27,river_logreg,windowed_rf,stay,False,high_uncertainty,0.00520833333333337,0.014,"Stay because utility uncertainty is too high: current_std=0.0723, candidate_std=0.0559, threshold=0.0140."
3839,28,river_logreg,windowed_histgb,stay,False,high_uncertainty,0.02734375,0.014,"Stay because utility uncertainty is too high: current_std=0.0635, candidate_std=0.0314, threshold=0.0140."
3967,29,river_logreg,windowed_histgb,stay,False,high_uncertainty,0.04036458333333326,0.014,"Stay because utility uncertainty is too high: current_std=0.0157, candidate_std=0.0080, threshold=0.0140."
4095,30,river_logreg,windowed_rf,stay,False,high_uncertainty,0.03515625,0.014,"Stay because utility uncertainty is too high: current_std=0.0157, candidate_std=0.0271, threshold=0.0140."
4223,31,river_logreg,windowed_rf,stay,False,high_uncertainty,0.03645833333333337,0.014,"Stay because utility uncertainty is too high: current_std=0.0139, candidate_std=0.0147, threshold=0.0140."
4351,32,river_logreg,windowed_rf,stay,False,high_uncertainty,0.04296875,0.014,"Stay because utility uncertainty is too high: current_std=0.0157, candidate_std=0.0092, threshold=0.0140."
4479,33,river_logreg,windowed_rf,stay,False,high_uncertainty,0.0390625,0.014,"Stay because utility uncertainty is too high: current_std=0.0139, candidate_std=0.0209, threshold=0.0140."
4607,34,river_logreg,windowed_rf,stay,False,high_uncertainty,0.03776041666666674,0.014,"Stay because utility uncertainty is too high: current_std=0.0208, candidate_std=0.0147, threshold=0.0140."
4735,35,river_logreg,windowed_rf,stay,False,high_uncertainty,0.0234375,0.014,"Stay because utility uncertainty is too high: current_std=0.0133, candidate_std=0.0258, threshold=0.0140."
4863,36,river_logreg,windowed_rf,stay,False,high_uncertainty,0.0013020833333333703,0.014,"Stay because utility uncertainty is too high: current_std=0.0169, candidate_std=0.0226, threshold=0.0140."
4991,37,river_logreg,windowed_histgb,stay,False,high_uncertainty,0.0026041666666667407,0.014,"Stay because utility uncertainty is too high: current_std=0.0184, candidate_std=0.0112, threshold=0.0140."
5119,38,river_logreg,windowed_histgb,stay,False,high_uncertainty,-0.005208333333333259,0.014,"Stay because utility uncertainty is too high: current_std=0.0129, candidate_std=0.0161, threshold=0.0140."
5247,39,river_logreg,windowed_histgb,stay,False,high_uncertainty,-0.02083333333333337,0.014,"Stay because utility uncertainty is too high: current_std=0.0151, candidate_std=0.0230, threshold=0.0140."
5375,40,river_logreg,windowed_histgb,stay,False,high_uncertainty,-0.02213541666666663,0.014,"Stay because utility uncertainty is too high: current_std=0.0166, candidate_std=0.0097, threshold=0.0140."
5503,41,river_logreg,windowed_histgb,stay,False,high_uncertainty,-0.01302083333333337,0.014,"Stay because utility uncertainty is too high: current_std=0.0166, candidate_std=0.0176, threshold=0.0140."
5631,42,river_logreg,windowed_histgb,stay,False,no_candidate_improvement,0.0078125,0.014,"Stay because candidate improvement is not sufficient after LCB comparison: margin=0.0078, threshold=0.0140."
5759,43,river_logreg,windowed_histgb,stay,False,high_uncertainty,0.00651041666666663,0.014,"Stay because utility uncertainty is too high: current_std=0.0223, candidate_std=0.0296, threshold=0.0140."
5887,44,river_logreg,windowed_rf,stay,False,high_uncertainty,0.0,0.014,"Stay because utility uncertainty is too high: current_std=0.0223, candidate_std=0.0064, threshold=0.0140."
6015,45,river_logreg,windowed_rf,stay,False,high_uncertainty,0.006510416666666741,0.014,"Stay because utility uncertainty is too high: current_std=0.0181, candidate_std=0.0112, threshold=0.0140."
6143,46,river_logreg,windowed_rf,stay,False,high_uncertainty,0.0078125,0.014,"Stay because utility uncertainty is too high: current_std=0.0209, candidate_std=0.0115, threshold=0.0140."
6271,47,river_logreg,windowed_rf,switch,True,switch_advantage,0.02604166666666674,0.014,Switch because candidate LCB exceeds current LCB beyond the decision threshold: 0.6849 - 0.6589 = 0.0260 > 0.0140.
6399,48,windowed_rf,windowed_histgb,stay,False,no_candidate_improvement,-0.02473958333333337,0.014,"Stay because candidate improvement is not sufficient after LCB comparison: margin=-0.0247, threshold=0.0140."
6527,49,windowed_rf,windowed_histgb,stay,False,no_candidate_improvement,-0.015625,0.014,"Stay because candidate improvement is not sufficient after LCB comparison: margin=-0.0156, threshold=0.0140."
6655,50,windowed_rf,windowed_histgb,stay,False,high_uncertainty,0.00911458333333337,0.014,"Stay because utility uncertainty is too high: current_std=0.0032, candidate_std=0.0217, threshold=0.0140."
6783,51,windowed_rf,windowed_histgb,stay,False,high_uncertainty,0.02213541666666674,0.014,"Stay because utility uncertainty is too high: current_std=0.0066, candidate_std=0.0176, threshold=0.0140."
6911,52,windowed_rf,windowed_histgb,switch,True,switch_advantage,0.02864583333333337,0.014,Switch because candidate LCB exceeds current LCB beyond the decision threshold: 0.7201 - 0.6914 = 0.0286 > 0.0140.
7039,53,windowed_histgb,windowed_rf,stay,False,high_uncertainty,-0.03255208333333326,0.014,"Stay because utility uncertainty is too high: current_std=0.0112, candidate_std=0.0260, threshold=0.0140."
7167,54,windowed_histgb,windowed_rf,stay,False,high_uncertainty,-0.02864583333333326,0.014,"Stay because utility uncertainty is too high: current_std=0.0248, candidate_std=0.0239, threshold=0.0140."
7295,55,windowed_histgb,windowed_rf,stay,False,high_uncertainty,-0.02213541666666674,0.014,"Stay because utility uncertainty is too high: current_std=0.0203, candidate_std=0.0258, threshold=0.0140."
7423,56,windowed_histgb,windowed_rf,stay,False,high_uncertainty,-0.01692708333333326,0.014,"Stay because utility uncertainty is too high: current_std=0.0383, candidate_std=0.0289, threshold=0.0140."
7551,57,windowed_histgb,windowed_rf,stay,False,high_uncertainty,-0.01822916666666663,0.014,"Stay because utility uncertainty is too high: current_std=0.0223, candidate_std=0.0080, threshold=0.0140."
7679,58,windowed_histgb,windowed_rf,stay,False,high_uncertainty,-0.02213541666666663,0.014,"Stay because utility uncertainty is too high: current_std=0.0304, candidate_std=0.0192, threshold=0.0140."
7807,59,windowed_histgb,river_logreg,stay,False,high_uncertainty,0.04947916666666663,0.014,"Stay because utility uncertainty is too high: current_std=0.0784, candidate_std=0.0235, threshold=0.0140."
7935,60,windowed_histgb,river_logreg,stay,False,high_uncertainty,0.11328125,0.014,"Stay because utility uncertainty is too high: current_std=0.1012, candidate_std=0.0528, threshold=0.0140."
8063,61,windowed_histgb,river_logreg,stay,False,high_uncertainty,0.11328125,0.014,"Stay because utility uncertainty is too high: current_std=0.0588, candidate_std=0.0310, threshold=0.0140."
8191,62,windowed_histgb,river_logreg,stay,False,high_uncertainty,0.0703125,0.014,"Stay because utility uncertainty is too high: current_std=0.0963, candidate_std=0.0345, threshold=0.0140."
8319,63,windowed_histgb,windowed_rf,stay,False,high_uncertainty,0.03255208333333326,0.014,"Stay because utility uncertainty is too high: current_std=0.0557, candidate_std=0.0144, threshold=0.0140."
8447,64,windowed_histgb,windowed_rf,stay,False,high_uncertainty,0.0026041666666667407,0.014,"Stay because utility uncertainty is too high: current_std=0.0164, candidate_std=0.0066, threshold=0.0140."
8575,65,windowed_histgb,windowed_rf,stay,False,high_uncertainty,-0.01822916666666674,0.014,"Stay because utility uncertainty is too high: current_std=0.0080, candidate_std=0.0164, threshold=0.0140."
8703,66,windowed_histgb,windowed_rf,stay,False,high_uncertainty,-0.01692708333333326,0.014,"Stay because utility uncertainty is too high: current_std=0.0097, candidate_std=0.0176, threshold=0.0140."
8831,67,windowed_histgb,windowed_rf,stay,False,high_uncertainty,-0.005208333333333259,0.014,"Stay because utility uncertainty is too high: current_std=0.0121, candidate_std=0.0256, threshold=0.0140."
8959,68,windowed_histgb,windowed_rf,stay,False,high_uncertainty,0.02213541666666674,0.014,"Stay because utility uncertainty is too high: current_std=0.0239, candidate_std=0.0112, threshold=0.0140."
9087,69,windowed_histgb,windowed_rf,switch,True,switch_advantage,0.04036458333333337,0.014,Switch because candidate LCB exceeds current LCB beyond the decision threshold: 0.6966 - 0.6562 = 0.0404 > 0.0140.
9215,70,windowed_rf,river_logreg,stay,False,high_uncertainty,-0.00390625,0.014,"Stay because utility uncertainty is too high: current_std=0.0146, candidate_std=0.0199, threshold=0.0140."
9343,71,windowed_rf,windowed_histgb,stay,False,high_uncertainty,0.0026041666666666297,0.014,"Stay because utility uncertainty is too high: current_std=0.0097, candidate_std=0.0209, threshold=0.0140."
9471,72,windowed_rf,windowed_histgb,stay,False,high_uncertainty,0.01692708333333326,0.014,"Stay because utility uncertainty is too high: current_std=0.0248, candidate_std=0.0192, threshold=0.0140."
9599,73,windowed_rf,windowed_histgb,stay,False,high_uncertainty,0.01692708333333337,0.014,"Stay because utility uncertainty is too high: current_std=0.0248, candidate_std=0.0223, threshold=0.0140."
9727,74,windowed_rf,windowed_histgb,stay,False,high_uncertainty,0.015625,0.014,"Stay because utility uncertainty is too high: current_std=0.0248, candidate_std=0.0239, threshold=0.0140."
9855,75,windowed_rf,windowed_histgb,stay,False,high_uncertainty,0.01953125,0.014,"Stay because utility uncertainty is too high: current_std=0.0401, candidate_std=0.0401, threshold=0.0140."
9983,76,windowed_rf,windowed_histgb,stay,False,high_uncertainty,0.02213541666666674,0.014,"Stay because utility uncertainty is too high: current_std=0.0184, candidate_std=0.0205, threshold=0.0140."
10111,77,windowed_rf,windowed_histgb,stay,False,high_uncertainty,0.01692708333333337,0.014,"Stay because utility uncertainty is too high: current_std=0.0319, candidate_std=0.0266, threshold=0.0140."
10239,78,windowed_rf,windowed_histgb,stay,False,high_uncertainty,0.005208333333333259,0.014,"Stay because utility uncertainty is too high: current_std=0.0244, candidate_std=0.0074, threshold=0.0140."
10367,79,windowed_rf,windowed_histgb,stay,False,no_candidate_improvement,0.00390625,0.014,"Stay because candidate improvement is not sufficient after LCB comparison: margin=0.0039, threshold=0.0140."
10495,80,windowed_rf,river_logreg,stay,False,high_uncertainty,0.01432291666666663,0.014,"Stay because utility uncertainty is too high: current_std=0.0176, candidate_std=0.0084, threshold=0.0140."
10623,81,windowed_rf,river_logreg,switch,True,switch_advantage,0.0234375,0.014,Switch because candidate LCB exceeds current LCB beyond the decision threshold: 0.7227 - 0.6992 = 0.0234 > 0.0140.
10751,82,river_logreg,windowed_histgb,stay,False,high_uncertainty,-0.006510416666666741,0.014,"Stay because utility uncertainty is too high: current_std=0.0205, candidate_std=0.0049, threshold=0.0140."
10879,83,river_logreg,windowed_histgb,stay,False,high_uncertainty,0.00651041666666663,0.014,"Stay because utility uncertainty is too high: current_std=0.0242, candidate_std=0.0055, threshold=0.0140."
11007,84,river_logreg,windowed_histgb,switch,True,switch_advantage,0.02604166666666674,0.014,Switch because candidate LCB exceeds current LCB beyond the decision threshold: 0.6927 - 0.6667 = 0.0260 > 0.0140.
11135,85,windowed_histgb,windowed_rf,stay,False,high_uncertainty,0.006510416666666741,0.014,"Stay because utility uncertainty is too high: current_std=0.0296, candidate_std=0.0176, threshold=0.0140."
11263,86,windowed_histgb,windowed_rf,stay,False,high_uncertainty,0.01171875,0.014,"Stay because utility uncertainty is too high: current_std=0.0239, candidate_std=0.0164, threshold=0.0140."
11391,87,windowed_histgb,windowed_rf,stay,False,high_uncertainty,0.00911458333333326,0.014,"Stay because utility uncertainty is too high: current_std=0.0239, candidate_std=0.0129, threshold=0.0140."
11519,88,windowed_histgb,windowed_rf,stay,False,no_candidate_improvement,-0.005208333333333259,0.014,"Stay because candidate improvement is not sufficient after LCB comparison: margin=-0.0052, threshold=0.0140."
11647,89,windowed_histgb,windowed_rf,stay,False,high_uncertainty,-0.01822916666666663,0.014,"Stay because utility uncertainty is too high: current_std=0.0187, candidate_std=0.0292, threshold=0.0140."
11775,90,windowed_histgb,river_logreg,stay,False,high_uncertainty,-0.0234375,0.014,"Stay because utility uncertainty is too high: current_std=0.0199, candidate_std=0.0139, threshold=0.0140."
11903,91,windowed_histgb,windowed_rf,stay,False,high_uncertainty,-0.02473958333333326,0.014,"Stay because utility uncertainty is too high: current_std=0.0289, candidate_std=0.0323, threshold=0.0140."
12031,92,windowed_histgb,windowed_rf,stay,False,high_uncertainty,-0.01953125,0.014,"Stay because utility uncertainty is too high: current_std=0.0313, candidate_std=0.0341, threshold=0.0140."
12159,93,windowed_histgb,windowed_rf,stay,False,high_uncertainty,-0.01302083333333326,0.014,"Stay because utility uncertainty is too high: current_std=0.0184, candidate_std=0.0121, threshold=0.0140."
12287,94,windowed_histgb,river_logreg,stay,False,high_uncertainty,0.00911458333333337,0.014,"Stay because utility uncertainty is too high: current_std=0.0230, candidate_std=0.0080, threshold=0.0140."
12415,95,windowed_histgb,river_logreg,stay,False,high_uncertainty,0.03125,0.014,"Stay because utility uncertainty is too high: current_std=0.0097, candidate_std=0.0176, threshold=0.0140."
12543,96,windowed_histgb,river_logreg,stay,False,high_uncertainty,0.046875,0.014,"Stay because utility uncertainty is too high: current_std=0.0241, candidate_std=0.0292, threshold=0.0140."
12671,97,windowed_histgb,river_logreg,stay,False,high_uncertainty,0.04427083333333326,0.014,"Stay because utility uncertainty is too high: current_std=0.0212, candidate_std=0.0212, threshold=0.0140."
12799,98,windowed_histgb,river_logreg,stay,False,high_uncertainty,0.04166666666666674,0.014,"Stay because utility uncertainty is too high: current_std=0.0144, candidate_std=0.0176, threshold=0.0140."
12927,99,windowed_histgb,river_logreg,stay,False,high_uncertainty,0.03385416666666674,0.014,"Stay because utility uncertainty is too high: current_std=0.0151, candidate_std=0.0157, threshold=0.0140."
13055,100,windowed_histgb,river_logreg,stay,False,high_uncertainty,0.02473958333333337,0.014,"Stay because utility uncertainty is too high: current_std=0.0205, candidate_std=0.0084, threshold=0.0140."
13183,101,windowed_histgb,river_logreg,stay,False,high_uncertainty,0.01432291666666663,0.014,"Stay because utility uncertainty is too high: current_std=0.0161, candidate_std=0.0084, threshold=0.0140."
13311,102,windowed_histgb,river_logreg,stay,False,high_uncertainty,0.01302083333333326,0.014,"Stay because utility uncertainty is too high: current_std=0.0161, candidate_std=0.0092, threshold=0.0140."
13439,103,windowed_histgb,river_logreg,stay,False,high_uncertainty,0.01432291666666663,0.014,"Stay because utility uncertainty is too high: current_std=0.0176, candidate_std=0.0166, threshold=0.0140."
13567,104,windowed_histgb,river_logreg,stay,False,high_uncertainty,0.00520833333333337,0.014,"Stay because utility uncertainty is too high: current_std=0.0115, candidate_std=0.0319, threshold=0.0140."
13695,105,windowed_histgb,windowed_rf,stay,False,high_uncertainty,-0.0013020833333332593,0.014,"Stay because utility uncertainty is too high: current_std=0.0151, candidate_std=0.0181, threshold=0.0140."
13823,106,windowed_histgb,windowed_rf,stay,False,high_uncertainty,-0.00390625,0.014,"Stay because utility uncertainty is too high: current_std=0.0166, candidate_std=0.0223, threshold=0.0140."
13951,107,windowed_histgb,windowed_rf,stay,False,high_uncertainty,0.01041666666666663,0.014,"Stay because utility uncertainty is too high: current_std=0.0166, candidate_std=0.0037, threshold=0.0140."
14079,108,windowed_histgb,windowed_rf,stay,False,high_uncertainty,0.02604166666666674,0.014,"Stay because utility uncertainty is too high: current_std=0.0151, candidate_std=0.0080, threshold=0.0140."
14207,109,windowed_histgb,windowed_rf,switch,True,switch_advantage,0.03255208333333326,0.014,Switch because candidate LCB exceeds current LCB beyond the decision threshold: 0.6940 - 0.6615 = 0.0326 > 0.0140.
14335,110,windowed_rf,river_logreg,stay,False,high_uncertainty,-0.00651041666666663,0.014,"Stay because utility uncertainty is too high: current_std=0.0139, candidate_std=0.0239, threshold=0.0140."
14463,111,windowed_rf,windowed_histgb,stay,False,high_uncertainty,0.0013020833333333703,0.014,"Stay because utility uncertainty is too high: current_std=0.0231, candidate_std=0.0368, threshold=0.0140."
14591,112,windowed_rf,windowed_histgb,stay,False,high_uncertainty,0.01171875,0.014,"Stay because utility uncertainty is too high: current_std=0.0242, candidate_std=0.0239, threshold=0.0140."
14719,113,windowed_rf,windowed_histgb,switch,True,switch_advantage,0.01822916666666663,0.014,Switch because candidate LCB exceeds current LCB beyond the decision threshold: 0.7461 - 0.7279 = 0.0182 > 0.0140.
14847,114,windowed_histgb,river_logreg,stay,False,no_candidate_improvement,-0.01171875,0.014,"Stay because candidate improvement is not sufficient after LCB comparison: margin=-0.0117, threshold=0.0140."
14975,115,windowed_histgb,river_logreg,stay,False,no_candidate_improvement,-0.01822916666666663,0.014,"Stay because candidate improvement is not sufficient after LCB comparison: margin=-0.0182, threshold=0.0140."
15103,116,windowed_histgb,river_logreg,stay,False,high_uncertainty,-0.0078125,0.014,"Stay because utility uncertainty is too high: current_std=0.0350, candidate_std=0.0226, threshold=0.0140."
15231,117,windowed_histgb,river_logreg,stay,False,high_uncertainty,0.03385416666666674,0.014,"Stay because utility uncertainty is too high: current_std=0.0874, candidate_std=0.0431, threshold=0.0140."
15359,118,windowed_histgb,river_logreg,stay,False,high_uncertainty,0.07942708333333337,0.014,"Stay because utility uncertainty is too high: current_std=0.0695, candidate_std=0.0217, threshold=0.0140."
15487,119,windowed_histgb,river_logreg,stay,False,high_uncertainty,0.09114583333333326,0.014,"Stay because utility uncertainty is too high: current_std=0.0440, candidate_std=0.0129, threshold=0.0140."
15615,120,windowed_histgb,river_logreg,stay,False,high_uncertainty,0.06380208333333337,0.014,"Stay because utility uncertainty is too high: current_std=0.0555, candidate_std=0.0084, threshold=0.0140."
15743,121,windowed_histgb,windowed_rf,stay,False,high_uncertainty,0.02473958333333326,0.014,"Stay because utility uncertainty is too high: current_std=0.0289, candidate_std=0.0356, threshold=0.0140."
15871,122,windowed_histgb,windowed_rf,stay,False,high_uncertainty,0.01041666666666663,0.014,"Stay because utility uncertainty is too high: current_std=0.0367, candidate_std=0.0064, threshold=0.0140."
15999,123,windowed_histgb,windowed_rf,stay,False,high_uncertainty,-0.015625,0.014,"Stay because utility uncertainty is too high: current_std=0.0279, candidate_std=0.0097, threshold=0.0140."
16127,124,windowed_histgb,windowed_rf,stay,False,high_uncertainty,-0.03255208333333337,0.014,"Stay because utility uncertainty is too high: current_std=0.0159, candidate_std=0.0161, threshold=0.0140."
16255,125,windowed_histgb,windowed_rf,stay,False,high_uncertainty,-0.03385416666666674,0.014,"Stay because utility uncertainty is too high: current_std=0.0303, candidate_std=0.0335, threshold=0.0140."
16383,126,windowed_histgb,windowed_rf,stay,False,high_uncertainty,-0.02994791666666663,0.014,"Stay because utility uncertainty is too high: current_std=0.0199, candidate_std=0.0275, threshold=0.0140."
16511,127,windowed_histgb,windowed_rf,stay,False,high_uncertainty,-0.02213541666666663,0.014,"Stay because utility uncertainty is too high: current_std=0.0321, candidate_std=0.0450, threshold=0.0140."
16639,128,windowed_histgb,windowed_rf,stay,False,high_uncertainty,-0.00390625,0.014,"Stay because utility uncertainty is too high: current_std=0.0209, candidate_std=0.0178, threshold=0.0140."
16767,129,windowed_histgb,windowed_rf,stay,False,high_uncertainty,0.0,0.014,"Stay because utility uncertainty is too high: current_std=0.0271, candidate_std=0.0256, threshold=0.0140."
16895,130,windowed_histgb,windowed_rf,stay,False,high_uncertainty,0.00520833333333337,0.014,"Stay because utility uncertainty is too high: current_std=0.0096, candidate_std=0.0157, threshold=0.0140."
17023,131,windowed_histgb,windowed_rf,stay,False,high_uncertainty,0.01692708333333337,0.014,"Stay because utility uncertainty is too high: current_std=0.0253, candidate_std=0.0018, threshold=0.0140."
17151,132,windowed_histgb,windowed_rf,stay,False,high_uncertainty,0.03255208333333337,0.014,"Stay because utility uncertainty is too high: current_std=0.0191, candidate_std=0.0049, threshold=0.0140."
17279,133,windowed_histgb,windowed_rf,switch,True,switch_advantage,0.03776041666666663,0.014,Switch because candidate LCB exceeds current LCB beyond the decision threshold: 0.7070 - 0.6693 = 0.0378 > 0.0140.
17407,134,windowed_rf,windowed_histgb,stay,False,no_candidate_improvement,-0.02473958333333326,0.014,"Stay because candidate improvement is not sufficient after LCB comparison: margin=-0.0247, threshold=0.0140."
17535,135,windowed_rf,river_logreg,stay,False,high_uncertainty,-0.02604166666666663,0.014,"Stay because utility uncertainty is too high: current_std=0.0139, candidate_std=0.0176, threshold=0.0140."
17663,136,windowed_rf,river_logreg,stay,False,high_uncertainty,-0.01432291666666663,0.014,"Stay because utility uncertainty is too high: current_std=0.0139, candidate_std=0.0161, threshold=0.0140."
17791,137,windowed_rf,river_logreg,stay,False,no_candidate_improvement,-0.01432291666666663,0.014,"Stay because candidate improvement is not sufficient after LCB comparison: margin=-0.0143, threshold=0.0140."
17919,138,windowed_rf,windowed_histgb,stay,False,high_uncertainty,-0.015625,0.014,"Stay because utility uncertainty is too high: current_std=0.0032, candidate_std=0.0169, threshold=0.0140."
18047,139,windowed_rf,windowed_histgb,stay,False,no_candidate_improvement,-0.00520833333333337,0.014,"Stay because candidate improvement is not sufficient after LCB comparison: margin=-0.0052, threshold=0.0140."
18175,140,windowed_rf,windowed_histgb,stay,False,no_candidate_improvement,-0.005208333333333259,0.014,"Stay because candidate improvement is not sufficient after LCB comparison: margin=-0.0052, threshold=0.0140."
18303,141,windowed_rf,windowed_histgb,stay,False,no_candidate_improvement,0.0013020833333333703,0.014,"Stay because candidate improvement is not sufficient after LCB comparison: margin=0.0013, threshold=0.0140."
18431,142,windowed_rf,windowed_histgb,stay,False,high_uncertainty,-0.0013020833333332593,0.014,"Stay because utility uncertainty is too high: current_std=0.0161, candidate_std=0.0288, threshold=0.0140."
18559,143,windowed_rf,windowed_histgb,stay,False,high_uncertainty,-0.0234375,0.014,"Stay because utility uncertainty is too high: current_std=0.0790, candidate_std=0.1088, threshold=0.0140."
18687,144,windowed_rf,river_logreg,stay,False,high_uncertainty,-0.03776041666666663,0.014,"Stay because utility uncertainty is too high: current_std=0.0732, candidate_std=0.0417, threshold=0.0140."
18815,145,windowed_rf,river_logreg,stay,False,high_uncertainty,-0.03645833333333337,0.014,"Stay because utility uncertainty is too high: current_std=0.0314, candidate_std=0.0049, threshold=0.0140."
18943,146,windowed_rf,river_logreg,stay,False,high_uncertainty,-0.05338541666666674,0.014,"Stay because utility uncertainty is too high: current_std=0.0370, candidate_std=0.0097, threshold=0.0140."
19071,147,windowed_rf,windowed_histgb,stay,False,high_uncertainty,-0.02473958333333326,0.014,"Stay because utility uncertainty is too high: current_std=0.0133, candidate_std=0.0338, threshold=0.0140."
19199,148,windowed_rf,windowed_histgb,stay,False,high_uncertainty,0.0026041666666667407,0.014,"Stay because utility uncertainty is too high: current_std=0.0288, candidate_std=0.0321, threshold=0.0140."
19327,149,windowed_rf,windowed_histgb,stay,False,high_uncertainty,0.00911458333333337,0.014,"Stay because utility uncertainty is too high: current_std=0.0362, candidate_std=0.0205, threshold=0.0140."
19455,150,windowed_rf,windowed_histgb,stay,False,high_uncertainty,0.00651041666666663,0.014,"Stay because utility uncertainty is too high: current_std=0.0362, candidate_std=0.0242, threshold=0.0140."
19583,151,windowed_rf,windowed_histgb,stay,False,high_uncertainty,0.006510416666666741,0.014,"Stay because utility uncertainty is too high: current_std=0.0465, candidate_std=0.0367, threshold=0.0140."
19711,152,windowed_rf,river_hoeffding_tree,stay,False,high_uncertainty,0.01953125,0.014,"Stay because utility uncertainty is too high: current_std=0.0178, candidate_std=0.0084, threshold=0.0140."
19839,153,windowed_rf,river_hoeffding_tree,stay,False,high_uncertainty,0.02864583333333337,0.014,"Stay because utility uncertainty is too high: current_std=0.0178, candidate_std=0.0049, threshold=0.0140."
19967,154,windowed_rf,river_hoeffding_tree,stay,False,high_uncertainty,0.0026041666666666297,0.014,"Stay because utility uncertainty is too high: current_std=0.0416, candidate_std=0.0032, threshold=0.0140."
20095,155,windowed_rf,windowed_histgb,stay,False,high_uncertainty,-0.02604166666666663,0.014,"Stay because utility uncertainty is too high: current_std=0.0296, candidate_std=0.0032, threshold=0.0140."
20223,156,windowed_rf,river_logreg,stay,False,high_uncertainty,-0.02213541666666674,0.014,"Stay because utility uncertainty is too high: current_std=0.0260, candidate_std=0.0018, threshold=0.0140."
20351,157,windowed_rf,river_logreg,stay,False,high_uncertainty,-0.0026041666666667407,0.014,"Stay because utility uncertainty is too high: current_std=0.0267, candidate_std=0.0066, threshold=0.0140."
20479,158,windowed_rf,river_logreg,stay,False,high_uncertainty,0.01302083333333337,0.014,"Stay because utility uncertainty is too high: current_std=0.0194, candidate_std=0.0144, threshold=0.0140."
20607,159,windowed_rf,river_logreg,stay,False,high_uncertainty,0.0078125,0.014,"Stay because utility uncertainty is too high: current_std=0.0184, candidate_std=0.0080, threshold=0.0140."
20735,160,windowed_rf,windowed_histgb,stay,False,high_uncertainty,-0.01432291666666674,0.014,"Stay because utility uncertainty is too high: current_std=0.0129, candidate_std=0.0161, threshold=0.0140."
20863,161,windowed_rf,windowed_histgb,stay,False,high_uncertainty,-0.01953125,0.014,"Stay because utility uncertainty is too high: current_std=0.0273, candidate_std=0.0273, threshold=0.0140."
20991,162,windowed_rf,river_logreg,stay,False,high_uncertainty,0.0078125,0.014,"Stay because utility uncertainty is too high: current_std=0.0470, candidate_std=0.0637, threshold=0.0140."
21119,163,windowed_rf,river_logreg,stay,False,high_uncertainty,0.1171875,0.014,"Stay because utility uncertainty is too high: current_std=0.0574, candidate_std=0.0783, threshold=0.0140."
21247,164,windowed_rf,river_logreg,stay,False,high_uncertainty,0.16276041666666674,0.014,"Stay because utility uncertainty is too high: current_std=0.1254, candidate_std=0.0718, threshold=0.0140."
21375,165,windowed_rf,river_logreg,stay,False,high_uncertainty,0.09244791666666663,0.014,"Stay because utility uncertainty is too high: current_std=0.1747, candidate_std=0.0476, threshold=0.0140."
21503,166,windowed_rf,river_logreg,stay,False,high_uncertainty,-0.01041666666666663,0.014,"Stay because utility uncertainty is too high: current_std=0.0719, candidate_std=0.0129, threshold=0.0140."
21631,167,windowed_rf,windowed_histgb,stay,False,no_candidate_improvement,-0.01432291666666663,0.014,"Stay because candidate improvement is not sufficient after LCB comparison: margin=-0.0143, threshold=0.0140."
21759,168,windowed_rf,windowed_histgb,stay,False,no_candidate_improvement,-0.01171875,0.014,"Stay because candidate improvement is not sufficient after LCB comparison: margin=-0.0117, threshold=0.0140."
21887,169,windowed_rf,windowed_histgb,stay,False,no_candidate_improvement,-0.00651041666666663,0.014,"Stay because candidate improvement is not sufficient after LCB comparison: margin=-0.0065, threshold=0.0140."
22015,170,windowed_rf,windowed_histgb,stay,False,no_candidate_improvement,0.0,0.014,"Stay because candidate improvement is not sufficient after LCB comparison: margin=0.0000, threshold=0.0140."
22143,171,windowed_rf,windowed_histgb,stay,False,no_candidate_improvement,0.0013020833333333703,0.014,"Stay because candidate improvement is not sufficient after LCB comparison: margin=0.0013, threshold=0.0140."
22271,172,windowed_rf,windowed_histgb,stay,False,no_candidate_improvement,-0.00520833333333337,0.014,"Stay because candidate improvement is not sufficient after LCB comparison: margin=-0.0052, threshold=0.0140."
22399,173,windowed_rf,windowed_histgb,stay,False,no_candidate_improvement,-0.00911458333333326,0.014,"Stay because candidate improvement is not sufficient after LCB comparison: margin=-0.0091, threshold=0.0140."
22527,174,windowed_rf,windowed_histgb,stay,False,no_candidate_improvement,-0.00651041666666663,0.014,"Stay because candidate improvement is not sufficient after LCB comparison: margin=-0.0065, threshold=0.0140."
22655,175,windowed_rf,windowed_histgb,stay,False,no_candidate_improvement,-0.0013020833333333703,0.014,"Stay because candidate improvement is not sufficient after LCB comparison: margin=-0.0013, threshold=0.0140."
22783,176,windowed_rf,windowed_histgb,stay,False,no_candidate_improvement,0.00390625,0.014,"Stay because candidate improvement is not sufficient after LCB comparison: margin=0.0039, threshold=0.0140."
22911,177,windowed_rf,windowed_histgb,stay,False,no_candidate_improvement,0.00651041666666663,0.014,"Stay because candidate improvement is not sufficient after LCB comparison: margin=0.0065, threshold=0.0140."
23039,178,windowed_rf,windowed_histgb,stay,False,no_candidate_improvement,0.0078125,0.014,"Stay because candidate improvement is not sufficient after LCB comparison: margin=0.0078, threshold=0.0140."
23167,179,windowed_rf,river_logreg,stay,False,no_candidate_improvement,0.01041666666666674,0.014,"Stay because candidate improvement is not sufficient after LCB comparison: margin=0.0104, threshold=0.0140."
23295,180,windowed_rf,river_logreg,stay,False,no_candidate_improvement,0.00390625,0.014,"Stay because candidate improvement is not sufficient after LCB comparison: margin=0.0039, threshold=0.0140."
23423,181,windowed_rf,windowed_histgb,stay,False,no_candidate_improvement,-0.0026041666666666297,0.014,"Stay because candidate improvement is not sufficient after LCB comparison: margin=-0.0026, threshold=0.0140."
23551,182,windowed_rf,windowed_histgb,stay,False,no_candidate_improvement,-0.00390625,0.014,"Stay because candidate improvement is not sufficient after LCB comparison: margin=-0.0039, threshold=0.0140."
23679,183,windowed_rf,windowed_histgb,stay,False,no_candidate_improvement,-0.005208333333333259,0.014,"Stay because candidate improvement is not sufficient after LCB comparison: margin=-0.0052, threshold=0.0140."
23807,184,windowed_rf,windowed_histgb,stay,False,no_candidate_improvement,-0.00651041666666663,0.014,"Stay because candidate improvement is not sufficient after LCB comparison: margin=-0.0065, threshold=0.0140."
23935,185,windowed_rf,windowed_histgb,stay,False,no_candidate_improvement,-0.00390625,0.014,"Stay because candidate improvement is not sufficient after LCB comparison: margin=-0.0039, threshold=0.0140."
24063,186,windowed_rf,windowed_histgb,stay,False,no_candidate_improvement,0.0,0.014,"Stay because candidate improvement is not sufficient after LCB comparison: margin=0.0000, threshold=0.0140."
24191,187,windowed_rf,windowed_histgb,stay,False,no_candidate_improvement,-0.0013020833333333703,0.014,"Stay because candidate improvement is not sufficient after LCB comparison: margin=-0.0013, threshold=0.0140."
24319,188,windowed_rf,windowed_histgb,stay,False,no_candidate_improvement,-0.00390625,0.014,"Stay because candidate improvement is not sufficient after LCB comparison: margin=-0.0039, threshold=0.0140."
24447,189,windowed_rf,windowed_histgb,stay,False,no_candidate_improvement,-0.00520833333333337,0.014,"Stay because candidate improvement is not sufficient after LCB comparison: margin=-0.0052, threshold=0.0140."
24575,190,windowed_rf,windowed_histgb,stay,False,no_candidate_improvement,-0.0026041666666666297,0.014,"Stay because candidate improvement is not sufficient after LCB comparison: margin=-0.0026, threshold=0.0140."
24703,191,windowed_rf,windowed_histgb,stay,False,no_candidate_improvement,0.0,0.014,"Stay because candidate improvement is not sufficient after LCB comparison: margin=0.0000, threshold=0.0140."
24831,192,windowed_rf,windowed_histgb,stay,False,no_candidate_improvement,0.0,0.014,"Stay because candidate improvement is not sufficient after LCB comparison: margin=0.0000, threshold=0.0140."
24959,193,windowed_rf,windowed_histgb,stay,False,no_candidate_improvement,-0.0013020833333332593,0.014,"Stay because candidate improvement is not sufficient after LCB comparison: margin=-0.0013, threshold=0.0140."
25087,194,windowed_rf,windowed_histgb,stay,False,no_candidate_improvement,-0.0026041666666666297,0.014,"Stay because candidate improvement is not sufficient after LCB comparison: margin=-0.0026, threshold=0.0140."
25215,195,windowed_rf,windowed_histgb,stay,False,no_candidate_improvement,-0.0026041666666666297,0.014,"Stay because candidate improvement is not sufficient after LCB comparison: margin=-0.0026, threshold=0.0140."
25343,196,windowed_rf,windowed_histgb,stay,False,no_candidate_improvement,-0.0026041666666666297,0.014,"Stay because candidate improvement is not sufficient after LCB comparison: margin=-0.0026, threshold=0.0140."
25471,197,windowed_rf,windowed_histgb,stay,False,no_candidate_improvement,-0.0013020833333333703,0.014,"Stay because candidate improvement is not sufficient after LCB comparison: margin=-0.0013, threshold=0.0140."
25599,198,windowed_rf,windowed_histgb,stay,False,no_candidate_improvement,-0.0026041666666666297,0.014,"Stay because candidate improvement is not sufficient after LCB comparison: margin=-0.0026, threshold=0.0140."
25727,199,windowed_rf,windowed_histgb,stay,False,no_candidate_improvement,-0.00520833333333337,0.014,"Stay because candidate improvement is not sufficient after LCB comparison: margin=-0.0052, threshold=0.0140."
25855,200,windowed_rf,river_logreg,stay,False,no_candidate_improvement,-0.00651041666666663,0.014,"Stay because candidate improvement is not sufficient after LCB comparison: margin=-0.0065, threshold=0.0140."
25983,201,windowed_rf,river_logreg,stay,False,no_candidate_improvement,0.0,0.014,"Stay because candidate improvement is not sufficient after LCB comparison: margin=0.0000, threshold=0.0140."
26111,202,windowed_rf,river_logreg,stay,False,no_candidate_improvement,0.0078125,0.014,"Stay because candidate improvement is not sufficient after LCB comparison: margin=0.0078, threshold=0.0140."
26239,203,windowed_rf,river_logreg,stay,False,no_candidate_improvement,0.01041666666666674,0.014,"Stay because candidate improvement is not sufficient after LCB comparison: margin=0.0104, threshold=0.0140."
26367,204,windowed_rf,river_logreg,stay,False,no_candidate_improvement,0.00651041666666663,0.014,"Stay because candidate improvement is not sufficient after LCB comparison: margin=0.0065, threshold=0.0140."
26495,205,windowed_rf,river_logreg,stay,False,no_candidate_improvement,-0.0013020833333332593,0.014,"Stay because candidate improvement is not sufficient after LCB comparison: margin=-0.0013, threshold=0.0140."
26623,206,windowed_rf,river_logreg,stay,False,high_uncertainty,0.03255208333333337,0.014,"Stay because utility uncertainty is too high: current_std=0.0994, candidate_std=0.0479, threshold=0.0140."
26751,207,windowed_rf,river_logreg,stay,False,high_uncertainty,0.11979166666666674,0.014,"Stay because utility uncertainty is too high: current_std=0.2033, candidate_std=0.0960, threshold=0.0140."
26879,208,windowed_rf,river_logreg,stay,False,high_uncertainty,0.17708333333333337,0.014,"Stay because utility uncertainty is too high: current_std=0.1169, candidate_std=0.0567, threshold=0.0140."
27007,209,windowed_rf,river_logreg,stay,False,high_uncertainty,0.13932291666666663,0.014,"Stay because utility uncertainty is too high: current_std=0.1510, candidate_std=0.0407, threshold=0.0140."
27135,210,windowed_rf,river_logreg,stay,False,high_uncertainty,0.05078125,0.014,"Stay because utility uncertainty is too high: current_std=0.1107, candidate_std=0.0283, threshold=0.0140."
27263,211,windowed_rf,windowed_histgb,stay,False,high_uncertainty,0.01302083333333326,0.014,"Stay because utility uncertainty is too high: current_std=0.0319, candidate_std=0.0335, threshold=0.0140."
27391,212,windowed_rf,windowed_histgb,stay,False,high_uncertainty,0.01171875,0.014,"Stay because utility uncertainty is too high: current_std=0.0267, candidate_std=0.0350, threshold=0.0140."
27519,213,windowed_rf,river_logreg,stay,False,high_uncertainty,0.00390625,0.014,"Stay because utility uncertainty is too high: current_std=0.0301, candidate_std=0.0080, threshold=0.0140."
27647,214,windowed_rf,windowed_histgb,stay,False,high_uncertainty,0.01041666666666663,0.014,"Stay because utility uncertainty is too high: current_std=0.0178, candidate_std=0.0187, threshold=0.0140."
27775,215,windowed_rf,windowed_histgb,stay,False,high_uncertainty,0.02994791666666674,0.014,"Stay because utility uncertainty is too high: current_std=0.0181, candidate_std=0.0037, threshold=0.0140."
27903,216,windowed_rf,windowed_histgb,switch,True,switch_advantage,0.02864583333333326,0.014,Switch because candidate LCB exceeds current LCB beyond the decision threshold: 0.8581 - 0.8294 = 0.0286 > 0.0140.
28031,217,windowed_histgb,river_logreg,stay,False,no_candidate_improvement,0.01171875,0.014,"Stay because candidate improvement is not sufficient after LCB comparison: margin=0.0117, threshold=0.0140."
28159,218,windowed_histgb,river_logreg,stay,False,high_uncertainty,0.02083333333333337,0.014,"Stay because utility uncertainty is too high: current_std=0.0192, candidate_std=0.0169, threshold=0.0140."
28287,219,windowed_histgb,river_logreg,stay,False,high_uncertainty,0.0234375,0.014,"Stay because utility uncertainty is too high: current_std=0.0115, candidate_std=0.0169, threshold=0.0140."
28415,220,windowed_histgb,river_logreg,switch,True,switch_advantage,0.02083333333333337,0.014,Switch because candidate LCB exceeds current LCB beyond the decision threshold: 0.9036 - 0.8828 = 0.0208 > 0.0140.
28543,221,river_logreg,windowed_histgb,stay,False,high_uncertainty,-0.02473958333333337,0.014,"Stay because utility uncertainty is too high: current_std=0.0146, candidate_std=0.0157, threshold=0.0140."
28671,222,river_logreg,windowed_histgb,stay,False,high_uncertainty,-0.01953125,0.014,"Stay because utility uncertainty is too high: current_std=0.0146, candidate_std=0.0199, threshold=0.0140."
28799,223,river_logreg,windowed_histgb,stay,False,high_uncertainty,-0.01171875,0.014,"Stay because utility uncertainty is too high: current_std=0.0146, candidate_std=0.0096, threshold=0.0140."
28927,224,river_logreg,windowed_histgb,stay,False,no_candidate_improvement,-0.0013020833333332593,0.014,"Stay because candidate improvement is not sufficient after LCB comparison: margin=-0.0013, threshold=0.0140."
29055,225,river_logreg,windowed_histgb,stay,False,no_candidate_improvement,0.0026041666666666297,0.014,"Stay because candidate improvement is not sufficient after LCB comparison: margin=0.0026, threshold=0.0140."
29183,226,river_logreg,windowed_histgb,stay,False,high_uncertainty,-0.00911458333333337,0.014,"Stay because utility uncertainty is too high: current_std=0.0205, candidate_std=0.0276, threshold=0.0140."
29311,227,river_logreg,windowed_histgb,stay,False,high_uncertainty,-0.00390625,0.014,"Stay because utility uncertainty is too high: current_std=0.0351, candidate_std=0.0286, threshold=0.0140."
29439,228,river_logreg,windowed_histgb,stay,False,high_uncertainty,0.00911458333333337,0.014,"Stay because utility uncertainty is too high: current_std=0.0161, candidate_std=0.0139, threshold=0.0140."
29567,229,river_logreg,windowed_histgb,stay,False,high_uncertainty,0.02213541666666663,0.014,"Stay because utility uncertainty is too high: current_std=0.0195, candidate_std=0.0209, threshold=0.0140."
29695,230,river_logreg,windowed_histgb,switch,True,switch_advantage,0.02734375,0.014,Switch because candidate LCB exceeds current LCB beyond the decision threshold: 0.8320 - 0.8047 = 0.0273 > 0.0140.
29823,231,windowed_histgb,windowed_rf,stay,False,high_uncertainty,-0.01822916666666674,0.014,"Stay because utility uncertainty is too high: current_std=0.0286, candidate_std=0.0129, threshold=0.0140."
29951,232,windowed_histgb,windowed_rf,stay,False,high_uncertainty,-0.01041666666666663,0.014,"Stay because utility uncertainty is too high: current_std=0.0276, candidate_std=0.0080, threshold=0.0140."
30079,233,windowed_histgb,river_logreg,stay,False,no_candidate_improvement,-0.0013020833333332593,0.014,"Stay because candidate improvement is not sufficient after LCB comparison: margin=-0.0013, threshold=0.0140."
30207,234,windowed_histgb,river_logreg,stay,False,high_uncertainty,0.0078125,0.014,"Stay because utility uncertainty is too high: current_std=0.0244, candidate_std=0.0319, threshold=0.0140."
30335,235,windowed_histgb,river_logreg,stay,False,high_uncertainty,0.01822916666666663,0.014,"Stay because utility uncertainty is too high: current_std=0.0230, candidate_std=0.0372, threshold=0.0140."
30463,236,windowed_histgb,river_logreg,switch,True,switch_advantage,0.02994791666666663,0.014,Switch because candidate LCB exceeds current LCB beyond the decision threshold: 0.8672 - 0.8372 = 0.0299 > 0.0140.
30591,237,river_logreg,windowed_rf,stay,False,high_uncertainty,-0.0234375,0.014,"Stay because utility uncertainty is too high: current_std=0.0239, candidate_std=0.0335, threshold=0.0140."
30719,238,river_logreg,windowed_histgb,stay,False,high_uncertainty,-0.01041666666666674,0.014,"Stay because utility uncertainty is too high: current_std=0.0239, candidate_std=0.0049, threshold=0.0140."
30847,239,river_logreg,windowed_histgb,stay,False,high_uncertainty,-0.0026041666666666297,0.014,"Stay because utility uncertainty is too high: current_std=0.0208, candidate_std=0.0115, threshold=0.0140."
30975,240,river_logreg,windowed_histgb,stay,False,high_uncertainty,-0.0078125,0.014,"Stay because utility uncertainty is too high: current_std=0.0296, candidate_std=0.0092, threshold=0.0140."
31103,241,river_logreg,windowed_histgb,stay,False,high_uncertainty,-0.01302083333333337,0.014,"Stay because utility uncertainty is too high: current_std=0.0192, candidate_std=0.0055, threshold=0.0140."
31231,242,river_logreg,windowed_histgb,stay,False,high_uncertainty,-0.01432291666666663,0.014,"Stay because utility uncertainty is too high: current_std=0.0192, candidate_std=0.0055, threshold=0.0140."
31359,243,river_logreg,windowed_histgb,stay,False,no_candidate_improvement,-0.01041666666666674,0.014,"Stay because candidate improvement is not sufficient after LCB comparison: margin=-0.0104, threshold=0.0140."
31487,244,river_logreg,windowed_rf,stay,False,no_candidate_improvement,-0.01822916666666674,0.014,"Stay because candidate improvement is not sufficient after LCB comparison: margin=-0.0182, threshold=0.0140."
31615,245,river_logreg,windowed_histgb,stay,False,no_candidate_improvement,-0.01171875,0.014,"Stay because candidate improvement is not sufficient after LCB comparison: margin=-0.0117, threshold=0.0140."
31743,246,river_logreg,windowed_histgb,stay,False,high_uncertainty,-0.00390625,0.014,"Stay because utility uncertainty is too high: current_std=0.0151, candidate_std=0.0112, threshold=0.0140."
31871,247,river_logreg,windowed_rf,stay,False,high_uncertainty,-0.00520833333333337,0.014,"Stay because utility uncertainty is too high: current_std=0.0151, candidate_std=0.0064, threshold=0.0140."
31999,248,river_logreg,windowed_rf,stay,False,high_uncertainty,-0.01041666666666663,0.014,"Stay because utility uncertainty is too high: current_std=0.0166, candidate_std=0.0037, threshold=0.0140."
32127,249,river_logreg,windowed_rf,stay,False,high_uncertainty,-0.02473958333333326,0.014,"Stay because utility uncertainty is too high: current_std=0.0184, candidate_std=0.0258, threshold=0.0140."
32255,250,river_logreg,windowed_rf,stay,False,high_uncertainty,-0.01171875,0.014,"Stay because utility uncertainty is too high: current_std=0.0385, candidate_std=0.0258, threshold=0.0140."
32383,251,river_logreg,windowed_rf,stay,False,high_uncertainty,0.00651041666666663,0.014,"Stay because utility uncertainty is too high: current_std=0.0301, candidate_std=0.0000, threshold=0.0140."
32511,252,river_logreg,windowed_rf,switch,True,switch_advantage,0.01692708333333337,0.014,Switch because candidate LCB exceeds current LCB beyond the decision threshold: 0.7773 - 0.7604 = 0.0169 > 0.0140.
32639,253,windowed_rf,windowed_histgb,stay,False,high_uncertainty,0.00390625,0.014,"Stay because utility uncertainty is too high: current_std=0.0258, candidate_std=0.0258, threshold=0.0140."
32767,254,windowed_rf,windowed_histgb,stay,False,high_uncertainty,0.005208333333333259,0.014,"Stay because utility uncertainty is too high: current_std=0.0315, candidate_std=0.0164, threshold=0.0140."
32895,255,windowed_rf,windowed_histgb,stay,False,no_candidate_improvement,-0.0078125,0.014,"Stay because candidate improvement is not sufficient after LCB comparison: margin=-0.0078, threshold=0.0140."
33023,256,windowed_rf,windowed_histgb,stay,False,no_candidate_improvement,-0.0026041666666666297,0.014,"Stay because candidate improvement is not sufficient after LCB comparison: margin=-0.0026, threshold=0.0140."
33151,257,windowed_rf,windowed_histgb,stay,False,no_candidate_improvement,0.01302083333333326,0.014,"Stay because candidate improvement is not sufficient after LCB comparison: margin=0.0130, threshold=0.0140."
33279,258,windowed_rf,windowed_histgb,stay,False,high_uncertainty,0.01302083333333326,0.014,"Stay because utility uncertainty is too high: current_std=0.0144, candidate_std=0.0049, threshold=0.0140."
33407,259,windowed_rf,river_logreg,stay,False,high_uncertainty,-0.0026041666666666297,0.014,"Stay because utility uncertainty is too high: current_std=0.0271, candidate_std=0.0064, threshold=0.0140."
33535,260,windowed_rf,river_logreg,stay,False,high_uncertainty,0.00390625,0.014,"Stay because utility uncertainty is too high: current_std=0.0195, candidate_std=0.0195, threshold=0.0140."
33663,261,windowed_rf,river_logreg,stay,False,high_uncertainty,0.02864583333333337,0.014,"Stay because utility uncertainty is too high: current_std=0.0550, candidate_std=0.0304, threshold=0.0140."
33791,262,windowed_rf,river_logreg,stay,False,high_uncertainty,0.04557291666666663,0.014,"Stay because utility uncertainty is too high: current_std=0.0381, candidate_std=0.0429, threshold=0.0140."
33919,263,windowed_rf,river_logreg,stay,False,high_uncertainty,0.0234375,0.014,"Stay because utility uncertainty is too high: current_std=0.0080, candidate_std=0.0239, threshold=0.0140."
34047,264,windowed_rf,river_logreg,stay,False,high_uncertainty,-0.01171875,0.014,"Stay because utility uncertainty is too high: current_std=0.0080, candidate_std=0.0321, threshold=0.0140."
34175,265,windowed_rf,windowed_histgb,stay,False,high_uncertainty,-0.01692708333333337,0.014,"Stay because utility uncertainty is too high: current_std=0.0092, candidate_std=0.0230, threshold=0.0140."
34303,266,windowed_rf,windowed_histgb,stay,False,high_uncertainty,-0.0026041666666666297,0.014,"Stay because utility uncertainty is too high: current_std=0.0080, candidate_std=0.0249, threshold=0.0140."
34431,267,windowed_rf,river_logreg,stay,False,high_uncertainty,0.0234375,0.014,"Stay because utility uncertainty is too high: current_std=0.0064, candidate_std=0.0292, threshold=0.0140."
34559,268,windowed_rf,river_logreg,stay,False,high_uncertainty,0.02473958333333337,0.014,"Stay because utility uncertainty is too high: current_std=0.0283, candidate_std=0.0097, threshold=0.0140."
34687,269,windowed_rf,river_logreg,stay,False,high_uncertainty,0.01041666666666663,0.014,"Stay because utility uncertainty is too high: current_std=0.0208, candidate_std=0.0115, threshold=0.0140."
34815,270,windowed_rf,river_logreg,stay,False,high_uncertainty,0.0026041666666667407,0.014,"Stay because utility uncertainty is too high: current_std=0.0289, candidate_std=0.0144, threshold=0.0140."
34943,271,windowed_rf,river_logreg,stay,False,high_uncertainty,0.01822916666666674,0.014,"Stay because utility uncertainty is too high: current_std=0.0235, candidate_std=0.0074, threshold=0.0140."
35071,272,windowed_rf,river_logreg,switch,True,switch_advantage,0.03385416666666663,0.014,Switch because candidate LCB exceeds current LCB beyond the decision threshold: 0.7565 - 0.7227 = 0.0339 > 0.0140.
35199,273,river_logreg,windowed_histgb,stay,False,no_candidate_improvement,-0.00520833333333337,0.014,"Stay because candidate improvement is not sufficient after LCB comparison: margin=-0.0052, threshold=0.0140."
35327,274,river_logreg,windowed_histgb,stay,False,no_candidate_improvement,-0.005208333333333259,0.014,"Stay because candidate improvement is not sufficient after LCB comparison: margin=-0.0052, threshold=0.0140."
35455,275,river_logreg,windowed_histgb,stay,False,high_uncertainty,-0.0026041666666666297,0.014,"Stay because utility uncertainty is too high: current_std=0.0223, candidate_std=0.0164, threshold=0.0140."
35583,276,river_logreg,windowed_histgb,stay,False,no_candidate_improvement,-0.0078125,0.014,"Stay because candidate improvement is not sufficient after LCB comparison: margin=-0.0078, threshold=0.0140."
35711,277,river_logreg,windowed_rf,stay,False,high_uncertainty,0.0013020833333333703,0.014,"Stay because utility uncertainty is too high: current_std=0.0129, candidate_std=0.0230, threshold=0.0140."
35839,278,river_logreg,windowed_rf,stay,False,no_candidate_improvement,0.01302083333333337,0.014,"Stay because candidate improvement is not sufficient after LCB comparison: margin=0.0130, threshold=0.0140."
35967,279,river_logreg,windowed_rf,stay,False,no_candidate_improvement,0.00651041666666663,0.014,"Stay because candidate improvement is not sufficient after LCB comparison: margin=0.0065, threshold=0.0140."
36095,280,river_logreg,windowed_histgb,stay,False,no_candidate_improvement,0.0026041666666666297,0.014,"Stay because candidate improvement is not sufficient after LCB comparison: margin=0.0026, threshold=0.0140."
36223,281,river_logreg,windowed_histgb,stay,False,high_uncertainty,0.0013020833333333703,0.014,"Stay because utility uncertainty is too high: current_std=0.0164, candidate_std=0.0064, threshold=0.0140."
36351,282,river_logreg,windowed_histgb,stay,False,no_candidate_improvement,0.00911458333333337,0.014,"Stay because candidate improvement is not sufficient after LCB comparison: margin=0.0091, threshold=0.0140."
36479,283,river_logreg,windowed_rf,stay,False,high_uncertainty,0.00911458333333326,0.014,"Stay because utility uncertainty is too high: current_std=0.0212, candidate_std=0.0235, threshold=0.0140."
36607,284,river_logreg,windowed_rf,stay,False,high_uncertainty,-0.0013020833333333703,0.014,"Stay because utility uncertainty is too high: current_std=0.0400, candidate_std=0.0341, threshold=0.0140."
36735,285,river_logreg,windowed_rf,stay,False,high_uncertainty,0.0,0.014,"Stay because utility uncertainty is too high: current_std=0.0242, candidate_std=0.0129, threshold=0.0140."
36863,286,river_logreg,windowed_rf,stay,False,high_uncertainty,0.0078125,0.014,"Stay because utility uncertainty is too high: current_std=0.0415, candidate_std=0.0208, threshold=0.0140."
36991,287,river_logreg,windowed_rf,stay,False,high_uncertainty,0.03125,0.014,"Stay because utility uncertainty is too high: current_std=0.0327, candidate_std=0.0121, threshold=0.0140."
37119,288,river_logreg,windowed_rf,switch,True,switch_advantage,0.04296875,0.014,Switch because candidate LCB exceeds current LCB beyond the decision threshold: 0.7591 - 0.7161 = 0.0430 > 0.0140.
37247,289,windowed_rf,windowed_histgb,stay,False,high_uncertainty,-0.01302083333333337,0.014,"Stay because utility uncertainty is too high: current_std=0.0110, candidate_std=0.0212, threshold=0.0140."
37375,290,windowed_rf,windowed_histgb,stay,False,high_uncertainty,0.00911458333333337,0.014,"Stay because utility uncertainty is too high: current_std=0.0097, candidate_std=0.0166, threshold=0.0140."
37503,291,windowed_rf,windowed_histgb,stay,False,high_uncertainty,0.015625,0.014,"Stay because utility uncertainty is too high: current_std=0.0151, candidate_std=0.0018, threshold=0.0140."
37631,292,windowed_rf,windowed_histgb,stay,False,no_candidate_improvement,0.006510416666666741,0.014,"Stay because candidate improvement is not sufficient after LCB comparison: margin=0.0065, threshold=0.0140."
37759,293,windowed_rf,river_logreg,stay,False,high_uncertainty,0.00520833333333337,0.014,"Stay because utility uncertainty is too high: current_std=0.0049, candidate_std=0.0223, threshold=0.0140."
37887,294,windowed_rf,river_logreg,switch,True,switch_advantage,0.02083333333333337,0.014,Switch because candidate LCB exceeds current LCB beyond the decision threshold: 0.7852 - 0.7643 = 0.0208 > 0.0140.
38015,295,river_logreg,windowed_histgb,stay,False,no_candidate_improvement,-0.01822916666666674,0.014,"Stay because candidate improvement is not sufficient after LCB comparison: margin=-0.0182, threshold=0.0140."
38143,296,river_logreg,windowed_histgb,stay,False,high_uncertainty,0.0026041666666666297,0.014,"Stay because utility uncertainty is too high: current_std=0.0161, candidate_std=0.0055, threshold=0.0140."
38271,297,river_logreg,windowed_histgb,switch,True,switch_advantage,0.01822916666666663,0.014,Switch because candidate LCB exceeds current LCB beyond the decision threshold: 0.7734 - 0.7552 = 0.0182 > 0.0140.
38399,298,windowed_histgb,river_logreg,stay,False,no_candidate_improvement,-0.015625,0.014,"Stay because candidate improvement is not sufficient after LCB comparison: margin=-0.0156, threshold=0.0140."
38527,299,windowed_histgb,river_logreg,stay,False,no_candidate_improvement,-0.0026041666666666297,0.014,"Stay because candidate improvement is not sufficient after LCB comparison: margin=-0.0026, threshold=0.0140."
38655,300,windowed_histgb,river_logreg,stay,False,no_candidate_improvement,0.01171875,0.014,"Stay because candidate improvement is not sufficient after LCB comparison: margin=0.0117, threshold=0.0140."
38783,301,windowed_histgb,river_logreg,stay,False,no_candidate_improvement,0.01302083333333337,0.014,"Stay because candidate improvement is not sufficient after LCB comparison: margin=0.0130, threshold=0.0140."
38911,302,windowed_histgb,river_logreg,switch,True,switch_advantage,0.02213541666666674,0.014,Switch because candidate LCB exceeds current LCB beyond the decision threshold: 0.7630 - 0.7409 = 0.0221 > 0.0140.
39039,303,river_logreg,windowed_histgb,stay,False,no_candidate_improvement,-0.03515625,0.014,"Stay because candidate improvement is not sufficient after LCB comparison: margin=-0.0352, threshold=0.0140."
39167,304,river_logreg,windowed_rf,stay,False,high_uncertainty,-0.03255208333333337,0.014,"Stay because utility uncertainty is too high: current_std=0.0115, candidate_std=0.0161, threshold=0.0140."
39295,305,river_logreg,windowed_rf,stay,False,high_uncertainty,-0.01692708333333337,0.014,"Stay because utility uncertainty is too high: current_std=0.0112, candidate_std=0.0146, threshold=0.0140."
39423,306,river_logreg,windowed_rf,stay,False,high_uncertainty,0.00390625,0.014,"Stay because utility uncertainty is too high: current_std=0.0146, candidate_std=0.0096, threshold=0.0140."
39551,307,river_logreg,windowed_histgb,stay,False,high_uncertainty,0.01041666666666663,0.014,"Stay because utility uncertainty is too high: current_std=0.0336, candidate_std=0.0351, threshold=0.0140."
39679,308,river_logreg,windowed_histgb,stay,False,high_uncertainty,0.00390625,0.014,"Stay because utility uncertainty is too high: current_std=0.0253, candidate_std=0.0287, threshold=0.0140."
39807,309,river_logreg,windowed_histgb,stay,False,high_uncertainty,-0.0026041666666666297,0.014,"Stay because utility uncertainty is too high: current_std=0.0345, candidate_std=0.0353, threshold=0.0140."
39935,310,river_logreg,windowed_histgb,stay,False,high_uncertainty,-0.01302083333333326,0.014,"Stay because utility uncertainty is too high: current_std=0.0097, candidate_std=0.0239, threshold=0.0140."
40063,311,river_logreg,windowed_histgb,stay,False,high_uncertainty,-0.03385416666666663,0.014,"Stay because utility uncertainty is too high: current_std=0.0084, candidate_std=0.0353, threshold=0.0140."
40191,312,river_logreg,windowed_rf,stay,False,high_uncertainty,-0.04817708333333337,0.014,"Stay because utility uncertainty is too high: current_std=0.0209, candidate_std=0.0121, threshold=0.0140."
40319,313,river_logreg,windowed_rf,stay,False,high_uncertainty,-0.03125,0.014,"Stay because utility uncertainty is too high: current_std=0.0260, candidate_std=0.0176, threshold=0.0140."
40447,314,river_logreg,windowed_rf,stay,False,high_uncertainty,-0.00520833333333337,0.014,"Stay because utility uncertainty is too high: current_std=0.0115, candidate_std=0.0217, threshold=0.0140."
40575,315,river_logreg,windowed_rf,stay,False,high_uncertainty,-0.01302083333333337,0.014,"Stay because utility uncertainty is too high: current_std=0.0289, candidate_std=0.0055, threshold=0.0140."
40703,316,river_logreg,windowed_rf,stay,False,high_uncertainty,-0.03645833333333326,0.014,"Stay because utility uncertainty is too high: current_std=0.0335, candidate_std=0.0164, threshold=0.0140."
40831,317,river_logreg,windowed_rf,stay,False,high_uncertainty,-0.03776041666666663,0.014,"Stay because utility uncertainty is too high: current_std=0.0335, candidate_std=0.0169, threshold=0.0140."
40959,318,river_logreg,windowed_histgb,stay,False,high_uncertainty,-0.01432291666666663,0.014,"Stay because utility uncertainty is too high: current_std=0.0505, candidate_std=0.0032, threshold=0.0140."
41087,319,river_logreg,windowed_histgb,stay,False,high_uncertainty,0.01041666666666663,0.014,"Stay because utility uncertainty is too high: current_std=0.0164, candidate_std=0.0169, threshold=0.0140."
41215,320,river_logreg,windowed_histgb,switch,True,switch_advantage,0.015625,0.014,Switch because candidate LCB exceeds current LCB beyond the decision threshold: 0.7305 - 0.7148 = 0.0156 > 0.0140.
41343,321,windowed_histgb,windowed_rf,stay,False,high_uncertainty,0.0013020833333333703,0.014,"Stay because utility uncertainty is too high: current_std=0.0139, candidate_std=0.0151, threshold=0.0140."
41471,322,windowed_histgb,river_logreg,stay,False,high_uncertainty,0.01302083333333337,0.014,"Stay because utility uncertainty is too high: current_std=0.0139, candidate_std=0.0176, threshold=0.0140."
41599,323,windowed_histgb,river_logreg,stay,False,high_uncertainty,0.02473958333333326,0.014,"Stay because utility uncertainty is too high: current_std=0.0157, candidate_std=0.0157, threshold=0.0140."
41727,324,windowed_histgb,river_logreg,stay,False,high_uncertainty,0.03125,0.014,"Stay because utility uncertainty is too high: current_std=0.0032, candidate_std=0.0146, threshold=0.0140."
41855,325,windowed_histgb,river_logreg,stay,False,high_uncertainty,0.03776041666666663,0.014,"Stay because utility uncertainty is too high: current_std=0.0032, candidate_std=0.0224, threshold=0.0140."
41983,326,windowed_histgb,river_logreg,switch,True,switch_advantage,0.04557291666666663,0.014,Switch because candidate LCB exceeds current LCB beyond the decision threshold: 0.7604 - 0.7148 = 0.0456 > 0.0140.
42111,327,river_logreg,windowed_rf,stay,False,no_candidate_improvement,-0.02994791666666674,0.014,"Stay because candidate improvement is not sufficient after LCB comparison: margin=-0.0299, threshold=0.0140."
42239,328,river_logreg,windowed_histgb,stay,False,no_candidate_improvement,-0.0234375,0.014,"Stay because candidate improvement is not sufficient after LCB comparison: margin=-0.0234, threshold=0.0140."
42367,329,river_logreg,windowed_histgb,stay,False,high_uncertainty,0.01171875,0.014,"Stay because utility uncertainty is too high: current_std=0.0129, candidate_std=0.0279, threshold=0.0140."
42495,330,river_logreg,windowed_histgb,stay,False,high_uncertainty,0.02864583333333337,0.014,"Stay because utility uncertainty is too high: current_std=0.0144, candidate_std=0.0199, threshold=0.0140."
42623,331,river_logreg,windowed_rf,stay,False,high_uncertainty,0.015625,0.014,"Stay because utility uncertainty is too high: current_std=0.0226, candidate_std=0.0097, threshold=0.0140."
42751,332,river_logreg,windowed_rf,stay,False,high_uncertainty,-0.0013020833333333703,0.014,"Stay because utility uncertainty is too high: current_std=0.0159, candidate_std=0.0248, threshold=0.0140."
42879,333,river_logreg,windowed_rf,stay,False,high_uncertainty,-0.0078125,0.014,"Stay because utility uncertainty is too high: current_std=0.0258, candidate_std=0.0212, threshold=0.0140."
43007,334,river_logreg,windowed_rf,stay,False,no_candidate_improvement,0.0078125,0.014,"Stay because candidate improvement is not sufficient after LCB comparison: margin=0.0078, threshold=0.0140."
43135,335,river_logreg,windowed_rf,switch,True,switch_advantage,0.01432291666666663,0.014,Switch because candidate LCB exceeds current LCB beyond the decision threshold: 0.7370 - 0.7227 = 0.0143 > 0.0140.
43263,336,windowed_rf,river_logreg,stay,False,high_uncertainty,-0.0013020833333332593,0.014,"Stay because utility uncertainty is too high: current_std=0.0184, candidate_std=0.0147, threshold=0.0140."
43391,337,windowed_rf,river_logreg,stay,False,high_uncertainty,0.0078125,0.014,"Stay because utility uncertainty is too high: current_std=0.0161, candidate_std=0.0129, threshold=0.0140."
43519,338,windowed_rf,river_logreg,stay,False,high_uncertainty,0.0,0.014,"Stay because utility uncertainty is too high: current_std=0.0266, candidate_std=0.0129, threshold=0.0140."
43647,339,windowed_rf,river_logreg,stay,False,high_uncertainty,-0.0234375,0.014,"Stay because utility uncertainty is too high: current_std=0.0253, candidate_std=0.0139, threshold=0.0140."
43775,340,windowed_rf,river_logreg,stay,False,no_candidate_improvement,-0.02213541666666674,0.014,"Stay because candidate improvement is not sufficient after LCB comparison: margin=-0.0221, threshold=0.0140."
43903,341,windowed_rf,river_logreg,stay,False,high_uncertainty,-0.0026041666666666297,0.014,"Stay because utility uncertainty is too high: current_std=0.0115, candidate_std=0.0164, threshold=0.0140."
44031,342,windowed_rf,river_logreg,stay,False,high_uncertainty,0.015625,0.014,"Stay because utility uncertainty is too high: current_std=0.0187, candidate_std=0.0192, threshold=0.0140."
44159,343,windowed_rf,river_logreg,stay,False,high_uncertainty,0.02213541666666663,0.014,"Stay because utility uncertainty is too high: current_std=0.0166, candidate_std=0.0231, threshold=0.0140."
44287,344,windowed_rf,river_logreg,stay,False,high_uncertainty,0.0234375,0.014,"Stay because utility uncertainty is too high: current_std=0.0129, candidate_std=0.0212, threshold=0.0140."
44415,345,windowed_rf,river_logreg,stay,False,high_uncertainty,0.02864583333333337,0.014,"Stay because utility uncertainty is too high: current_std=0.0115, candidate_std=0.0192, threshold=0.0140."
44543,346,windowed_rf,river_logreg,stay,False,high_uncertainty,0.0234375,0.014,"Stay because utility uncertainty is too high: current_std=0.0404, candidate_std=0.0567, threshold=0.0140."
44671,347,windowed_rf,river_logreg,stay,False,high_uncertainty,0.01692708333333337,0.014,"Stay because utility uncertainty is too high: current_std=0.0370, candidate_std=0.0498, threshold=0.0140."
44799,348,windowed_rf,windowed_histgb,stay,False,high_uncertainty,0.00651041666666663,0.014,"Stay because utility uncertainty is too high: current_std=0.0498, candidate_std=0.0428, threshold=0.0140."
44927,349,windowed_rf,river_logreg,stay,False,high_uncertainty,0.01432291666666674,0.014,"Stay because utility uncertainty is too high: current_std=0.0516, candidate_std=0.0519, threshold=0.0140."
45055,350,windowed_rf,river_logreg,stay,False,high_uncertainty,0.04427083333333337,0.014,"Stay because utility uncertainty is too high: current_std=0.0055, candidate_std=0.0394, threshold=0.0140."
45183,351,windowed_rf,river_logreg,stay,False,high_uncertainty,0.05859375,0.014,"Stay because utility uncertainty is too high: current_std=0.0344, candidate_std=0.0356, threshold=0.0140."
45311,352,windowed_rf,river_logreg,stay,False,high_uncertainty,0.05598958333333326,0.014,"Stay because utility uncertainty is too high: current_std=0.0434, candidate_std=0.0074, threshold=0.0140."
45439,353,windowed_rf,river_logreg,switch,True,switch_advantage,0.03125,0.014,Switch because candidate LCB exceeds current LCB beyond the decision threshold: 0.8646 - 0.8333 = 0.0312 > 0.0140.
45567,354,river_logreg,windowed_rf,stay,False,high_uncertainty,-0.01171875,0.014,"Stay because utility uncertainty is too high: current_std=0.0049, candidate_std=0.0151, threshold=0.0140."
45695,355,river_logreg,windowed_rf,stay,False,high_uncertainty,-0.0013020833333333703,0.014,"Stay because utility uncertainty is too high: current_std=0.0112, candidate_std=0.0241, threshold=0.0140."
45823,356,river_logreg,windowed_rf,stay,False,no_candidate_improvement,0.00390625,0.014,"Stay because candidate improvement is not sufficient after LCB comparison: margin=0.0039, threshold=0.0140."
45951,357,river_logreg,windowed_rf,stay,False,high_uncertainty,0.0026041666666666297,0.014,"Stay because utility uncertainty is too high: current_std=0.0249, candidate_std=0.0208, threshold=0.0140."
46079,358,river_logreg,windowed_histgb,stay,False,high_uncertainty,0.01041666666666663,0.014,"Stay because utility uncertainty is too high: current_std=0.0230, candidate_std=0.0224, threshold=0.0140."
46207,359,river_logreg,windowed_histgb,stay,False,high_uncertainty,0.01302083333333326,0.014,"Stay because utility uncertainty is too high: current_std=0.0385, candidate_std=0.0301, threshold=0.0140."
46335,360,river_logreg,windowed_histgb,stay,False,high_uncertainty,0.0026041666666666297,0.014,"Stay because utility uncertainty is too high: current_std=0.0235, candidate_std=0.0084, threshold=0.0140."
46463,361,river_logreg,windowed_histgb,stay,False,no_candidate_improvement,-0.0078125,0.014,"Stay because candidate improvement is not sufficient after LCB comparison: margin=-0.0078, threshold=0.0140."
46591,362,river_logreg,windowed_histgb,stay,False,no_candidate_improvement,0.0013020833333333703,0.014,"Stay because candidate improvement is not sufficient after LCB comparison: margin=0.0013, threshold=0.0140."
46719,363,river_logreg,windowed_histgb,stay,False,no_candidate_improvement,0.01041666666666663,0.014,"Stay because candidate improvement is not sufficient after LCB comparison: margin=0.0104, threshold=0.0140."
46847,364,river_logreg,windowed_histgb,stay,False,no_candidate_improvement,0.00390625,0.014,"Stay because candidate improvement is not sufficient after LCB comparison: margin=0.0039, threshold=0.0140."
46975,365,river_logreg,windowed_rf,stay,False,no_candidate_improvement,0.0026041666666666297,0.014,"Stay because candidate improvement is not sufficient after LCB comparison: margin=0.0026, threshold=0.0140."
47103,366,river_logreg,windowed_rf,stay,False,no_candidate_improvement,0.00390625,0.014,"Stay because candidate improvement is not sufficient after LCB comparison: margin=0.0039, threshold=0.0140."
47231,367,river_logreg,windowed_histgb,stay,False,no_candidate_improvement,0.00911458333333337,0.014,"Stay because candidate improvement is not sufficient after LCB comparison: margin=0.0091, threshold=0.0140."
47359,368,river_logreg,windowed_histgb,stay,False,high_uncertainty,0.00390625,0.014,"Stay because utility uncertainty is too high: current_std=0.0032, candidate_std=0.0253, threshold=0.0140."
47487,369,river_logreg,windowed_histgb,stay,False,high_uncertainty,-0.01302083333333326,0.014,"Stay because utility uncertainty is too high: current_std=0.0103, candidate_std=0.0279, threshold=0.0140."
47615,370,river_logreg,windowed_histgb,stay,False,high_uncertainty,-0.01432291666666674,0.014,"Stay because utility uncertainty is too high: current_std=0.0176, candidate_std=0.0103, threshold=0.0140."
47743,371,river_logreg,windowed_histgb,stay,False,no_candidate_improvement,-0.0013020833333333703,0.014,"Stay because candidate improvement is not sufficient after LCB comparison: margin=-0.0013, threshold=0.0140."
47871,372,river_logreg,windowed_histgb,stay,False,no_candidate_improvement,0.01171875,0.014,"Stay because candidate improvement is not sufficient after LCB comparison: margin=0.0117, threshold=0.0140."
47999,373,river_logreg,windowed_histgb,stay,False,high_uncertainty,0.01822916666666663,0.014,"Stay because utility uncertainty is too high: current_std=0.0084, candidate_std=0.0192, threshold=0.0140."
48127,374,river_logreg,windowed_histgb,switch,True,switch_advantage,0.01953125,0.014,Switch because candidate LCB exceeds current LCB beyond the decision threshold: 0.8958 - 0.8763 = 0.0195 > 0.0140.
48255,375,windowed_histgb,river_logreg,stay,False,high_uncertainty,-0.0013020833333332593,0.014,"Stay because utility uncertainty is too high: current_std=0.0097, candidate_std=0.0242, threshold=0.0140."
48383,376,windowed_histgb,river_logreg,stay,False,high_uncertainty,0.02473958333333337,0.014,"Stay because utility uncertainty is too high: current_std=0.0169, candidate_std=0.0351, threshold=0.0140."
48511,377,windowed_histgb,river_logreg,stay,False,high_uncertainty,0.02604166666666663,0.014,"Stay because utility uncertainty is too high: current_std=0.0368, candidate_std=0.0184, threshold=0.0140."
48639,378,windowed_histgb,windowed_rf,stay,False,high_uncertainty,0.0078125,0.014,"Stay because utility uncertainty is too high: current_std=0.0283, candidate_std=0.0166, threshold=0.0140."
48767,379,windowed_histgb,windowed_rf,stay,False,no_candidate_improvement,-0.00390625,0.014,"Stay because candidate improvement is not sufficient after LCB comparison: margin=-0.0039, threshold=0.0140."
48895,380,windowed_histgb,river_logreg,stay,False,no_candidate_improvement,-0.00390625,0.014,"Stay because candidate improvement is not sufficient after LCB comparison: margin=-0.0039, threshold=0.0140."
49023,381,windowed_histgb,river_logreg,stay,False,no_candidate_improvement,0.0026041666666666297,0.014,"Stay because candidate improvement is not sufficient after LCB comparison: margin=0.0026, threshold=0.0140."
49151,382,windowed_histgb,river_logreg,stay,False,high_uncertainty,0.01692708333333326,0.014,"Stay because utility uncertainty is too high: current_std=0.0313, candidate_std=0.0129, threshold=0.0140."
49279,383,windowed_histgb,river_logreg,stay,False,high_uncertainty,0.06510416666666663,0.014,"Stay because utility uncertainty is too high: current_std=0.0776, candidate_std=0.0178, threshold=0.0140."
49407,384,windowed_histgb,river_logreg,stay,False,high_uncertainty,0.09895833333333337,0.014,"Stay because utility uncertainty is too high: current_std=0.0494, candidate_std=0.0084, threshold=0.0140."
49535,385,windowed_histgb,river_logreg,stay,False,high_uncertainty,0.07942708333333337,0.014,"Stay because utility uncertainty is too high: current_std=0.0762, candidate_std=0.0092, threshold=0.0140."
49663,386,windowed_histgb,windowed_rf,stay,False,high_uncertainty,0.03385416666666663,0.014,"Stay because utility uncertainty is too high: current_std=0.0590, candidate_std=0.0084, threshold=0.0140."
49791,387,windowed_histgb,windowed_rf,stay,False,no_candidate_improvement,-0.0026041666666666297,0.014,"Stay because candidate improvement is not sufficient after LCB comparison: margin=-0.0026, threshold=0.0140."
49919,388,windowed_histgb,windowed_rf,stay,False,no_candidate_improvement,-0.00390625,0.014,"Stay because candidate improvement is not sufficient after LCB comparison: margin=-0.0039, threshold=0.0140."
50047,389,windowed_histgb,windowed_rf,stay,False,no_candidate_improvement,-0.0013020833333333703,0.014,"Stay because candidate improvement is not sufficient after LCB comparison: margin=-0.0013, threshold=0.0140."
50175,390,windowed_histgb,windowed_rf,stay,False,no_candidate_improvement,0.00390625,0.014,"Stay because candidate improvement is not sufficient after LCB comparison: margin=0.0039, threshold=0.0140."
50303,391,windowed_histgb,windowed_rf,stay,False,no_candidate_improvement,0.00911458333333337,0.014,"Stay because candidate improvement is not sufficient after LCB comparison: margin=0.0091, threshold=0.0140."
50431,392,windowed_histgb,windowed_rf,stay,False,no_candidate_improvement,0.00911458333333326,0.014,"Stay because candidate improvement is not sufficient after LCB comparison: margin=0.0091, threshold=0.0140."
50559,393,windowed_histgb,river_logreg,stay,False,no_candidate_improvement,0.00911458333333326,0.014,"Stay because candidate improvement is not sufficient after LCB comparison: margin=0.0091, threshold=0.0140."
50687,394,windowed_histgb,river_logreg,switch,True,switch_advantage,0.01953125,0.014,Switch because candidate LCB exceeds current LCB beyond the decision threshold: 0.9922 - 0.9727 = 0.0195 > 0.0140.
50815,395,river_logreg,windowed_rf,stay,False,no_candidate_improvement,-0.00911458333333326,0.014,"Stay because candidate improvement is not sufficient after LCB comparison: margin=-0.0091, threshold=0.0140."
50943,396,river_logreg,windowed_rf,stay,False,no_candidate_improvement,-0.00390625,0.014,"Stay because candidate improvement is not sufficient after LCB comparison: margin=-0.0039, threshold=0.0140."
51071,397,river_logreg,windowed_rf,stay,False,no_candidate_improvement,-0.0013020833333333703,0.014,"Stay because candidate improvement is not sufficient after LCB comparison: margin=-0.0013, threshold=0.0140."
51199,398,river_logreg,windowed_rf,stay,False,no_candidate_improvement,-0.0013020833333333703,0.014,"Stay because candidate improvement is not sufficient after LCB comparison: margin=-0.0013, threshold=0.0140."
51327,399,river_logreg,windowed_rf,stay,False,no_candidate_improvement,0.0013020833333333703,0.014,"Stay because candidate improvement is not sufficient after LCB comparison: margin=0.0013, threshold=0.0140."
51455,400,river_logreg,windowed_rf,stay,False,no_candidate_improvement,0.0026041666666666297,0.014,"Stay because candidate improvement is not sufficient after LCB comparison: margin=0.0026, threshold=0.0140."
51583,401,river_logreg,windowed_rf,stay,False,no_candidate_improvement,0.005208333333333259,0.014,"Stay because candidate improvement is not sufficient after LCB comparison: margin=0.0052, threshold=0.0140."
51711,402,river_logreg,windowed_rf,stay,False,no_candidate_improvement,0.00520833333333337,0.014,"Stay because candidate improvement is not sufficient after LCB comparison: margin=0.0052, threshold=0.0140."
51839,403,river_logreg,windowed_rf,stay,False,no_candidate_improvement,0.0026041666666666297,0.014,"Stay because candidate improvement is not sufficient after LCB comparison: margin=0.0026, threshold=0.0140."
51967,404,river_logreg,windowed_rf,stay,False,no_candidate_improvement,-0.0026041666666666297,0.014,"Stay because candidate improvement is not sufficient after LCB comparison: margin=-0.0026, threshold=0.0140."
52095,405,river_logreg,windowed_histgb,stay,False,no_candidate_improvement,-0.0013020833333332593,0.014,"Stay because candidate improvement is not sufficient after LCB comparison: margin=-0.0013, threshold=0.0140."
52223,406,river_logreg,windowed_histgb,stay,False,no_candidate_improvement,0.0013020833333333703,0.014,"Stay because candidate improvement is not sufficient after LCB comparison: margin=0.0013, threshold=0.0140."
52351,407,river_logreg,windowed_histgb,stay,False,no_candidate_improvement,0.0013020833333333703,0.014,"Stay because candidate improvement is not sufficient after LCB comparison: margin=0.0013, threshold=0.0140."
52479,408,river_logreg,windowed_histgb,stay,False,no_candidate_improvement,-0.00390625,0.014,"Stay because candidate improvement is not sufficient after LCB comparison: margin=-0.0039, threshold=0.0140."
52607,409,river_logreg,windowed_histgb,stay,False,no_candidate_improvement,-0.00651041666666663,0.014,"Stay because candidate improvement is not sufficient after LCB comparison: margin=-0.0065, threshold=0.0140."
52735,410,river_logreg,windowed_histgb,stay,False,no_candidate_improvement,-0.00390625,0.014,"Stay because candidate improvement is not sufficient after LCB comparison: margin=-0.0039, threshold=0.0140."
52863,411,river_logreg,windowed_histgb,stay,False,no_candidate_improvement,-0.0026041666666667407,0.014,"Stay because candidate improvement is not sufficient after LCB comparison: margin=-0.0026, threshold=0.0140."
52991,412,river_logreg,windowed_histgb,stay,False,no_candidate_improvement,0.00390625,0.014,"Stay because candidate improvement is not sufficient after LCB comparison: margin=0.0039, threshold=0.0140."
53119,413,river_logreg,windowed_histgb,stay,False,no_candidate_improvement,0.01302083333333326,0.014,"Stay because candidate improvement is not sufficient after LCB comparison: margin=0.0130, threshold=0.0140."
53247,414,river_logreg,windowed_histgb,switch,True,switch_advantage,0.01432291666666663,0.014,Switch because candidate LCB exceeds current LCB beyond the decision threshold: 0.9792 - 0.9648 = 0.0143 > 0.0140.
53375,415,windowed_histgb,river_logreg,stay,False,high_uncertainty,0.00520833333333337,0.014,"Stay because utility uncertainty is too high: current_std=0.0645, candidate_std=0.0368, threshold=0.0140."
53503,416,windowed_histgb,river_logreg,stay,False,high_uncertainty,0.11979166666666674,0.014,"Stay because utility uncertainty is too high: current_std=0.2417, candidate_std=0.1027, threshold=0.0140."
53631,417,windowed_histgb,river_logreg,stay,False,high_uncertainty,0.21354166666666674,0.014,"Stay because utility uncertainty is too high: current_std=0.2265, candidate_std=0.1126, threshold=0.0140."
53759,418,windowed_histgb,river_logreg,stay,False,high_uncertainty,0.18880208333333331,0.014,"Stay because utility uncertainty is too high: current_std=0.1429, candidate_std=0.0458, threshold=0.0140."
53887,419,windowed_histgb,river_logreg,stay,False,high_uncertainty,0.06510416666666663,0.014,"Stay because utility uncertainty is too high: current_std=0.1916, candidate_std=0.0513, threshold=0.0140."
54015,420,windowed_histgb,windowed_rf,stay,False,high_uncertainty,0.01041666666666663,0.014,"Stay because utility uncertainty is too high: current_std=0.0762, candidate_std=0.0730, threshold=0.0140."
54143,421,windowed_histgb,windowed_rf,stay,False,high_uncertainty,0.0026041666666666297,0.014,"Stay because utility uncertainty is too high: current_std=0.0261, candidate_std=0.0181, threshold=0.0140."
54271,422,windowed_histgb,windowed_rf,stay,False,high_uncertainty,0.0026041666666666297,0.014,"Stay because utility uncertainty is too high: current_std=0.0209, candidate_std=0.0147, threshold=0.0140."
54399,423,windowed_histgb,river_logreg,stay,False,high_uncertainty,0.05598958333333326,0.014,"Stay because utility uncertainty is too high: current_std=0.1369, candidate_std=0.0239, threshold=0.0140."
54527,424,windowed_histgb,river_logreg,stay,False,high_uncertainty,0.18359375,0.014,"Stay because utility uncertainty is too high: current_std=0.1762, candidate_std=0.0195, threshold=0.0140."
54655,425,windowed_histgb,river_logreg,stay,False,high_uncertainty,0.2265625,0.014,"Stay because utility uncertainty is too high: current_std=0.1165, candidate_std=0.0144, threshold=0.0140."
54783,426,windowed_histgb,river_logreg,stay,False,high_uncertainty,0.13151041666666674,0.014,"Stay because utility uncertainty is too high: current_std=0.1771, candidate_std=0.0157, threshold=0.0140."
54911,427,windowed_histgb,river_logreg,stay,False,high_uncertainty,-0.00390625,0.014,"Stay because utility uncertainty is too high: current_std=0.0615, candidate_std=0.0169, threshold=0.0140."
55039,428,windowed_histgb,windowed_rf,stay,False,high_uncertainty,-0.0234375,0.014,"Stay because utility uncertainty is too high: current_std=0.0241, candidate_std=0.0223, threshold=0.0140."
55167,429,windowed_histgb,windowed_rf,stay,False,high_uncertainty,-0.00390625,0.014,"Stay because utility uncertainty is too high: current_std=0.0226, candidate_std=0.0133, threshold=0.0140."
55295,430,windowed_histgb,windowed_rf,stay,False,no_candidate_improvement,0.01302083333333337,0.014,"Stay because candidate improvement is not sufficient after LCB comparison: margin=0.0130, threshold=0.0140."
55423,431,windowed_histgb,windowed_rf,stay,False,high_uncertainty,0.02213541666666663,0.014,"Stay because utility uncertainty is too high: current_std=0.0231, candidate_std=0.0255, threshold=0.0140."
55551,432,windowed_histgb,windowed_rf,stay,False,high_uncertainty,0.0234375,0.014,"Stay because utility uncertainty is too high: current_std=0.0231, candidate_std=0.0271, threshold=0.0140."
55679,433,windowed_histgb,windowed_rf,stay,False,high_uncertainty,0.01953125,0.014,"Stay because utility uncertainty is too high: current_std=0.0321, candidate_std=0.0279, threshold=0.0140."
55807,434,windowed_histgb,windowed_rf,stay,False,high_uncertainty,0.0078125,0.014,"Stay because utility uncertainty is too high: current_std=0.0255, candidate_std=0.0368, threshold=0.0140."
55935,435,windowed_histgb,windowed_rf,stay,False,high_uncertainty,-0.006510416666666741,0.014,"Stay because utility uncertainty is too high: current_std=0.0256, candidate_std=0.0279, threshold=0.0140."
56063,436,windowed_histgb,windowed_rf,stay,False,high_uncertainty,-0.00651041666666663,0.014,"Stay because utility uncertainty is too high: current_std=0.0187, candidate_std=0.0221, threshold=0.0140."
56191,437,windowed_histgb,windowed_rf,stay,False,no_candidate_improvement,-0.00390625,0.014,"Stay because candidate improvement is not sufficient after LCB comparison: margin=-0.0039, threshold=0.0140."
56319,438,windowed_histgb,windowed_rf,stay,False,no_candidate_improvement,-0.0026041666666667407,0.014,"Stay because candidate improvement is not sufficient after LCB comparison: margin=-0.0026, threshold=0.0140."
56447,439,windowed_histgb,river_hoeffding_tree,stay,False,no_candidate_improvement,-0.00520833333333337,0.014,"Stay because candidate improvement is not sufficient after LCB comparison: margin=-0.0052, threshold=0.0140."
56575,440,windowed_histgb,river_hoeffding_tree,stay,False,no_candidate_improvement,-0.00651041666666663,0.014,"Stay because candidate improvement is not sufficient after LCB comparison: margin=-0.0065, threshold=0.0140."
56703,441,windowed_histgb,river_hoeffding_tree,stay,False,no_candidate_improvement,-0.0078125,0.014,"Stay because candidate improvement is not sufficient after LCB comparison: margin=-0.0078, threshold=0.0140."
56831,442,windowed_histgb,windowed_rf,stay,False,high_uncertainty,0.00520833333333337,0.014,"Stay because utility uncertainty is too high: current_std=0.0208, candidate_std=0.0055, threshold=0.0140."
56959,443,windowed_histgb,windowed_rf,stay,False,high_uncertainty,0.03385416666666663,0.014,"Stay because utility uncertainty is too high: current_std=0.0112, candidate_std=0.0199, threshold=0.0140."
57087,444,windowed_histgb,windowed_rf,stay,False,high_uncertainty,0.03776041666666663,0.014,"Stay because utility uncertainty is too high: current_std=0.0049, candidate_std=0.0241, threshold=0.0140."
57215,445,windowed_histgb,windowed_rf,stay,False,high_uncertainty,0.03385416666666663,0.014,"Stay because utility uncertainty is too high: current_std=0.0278, candidate_std=0.0401, threshold=0.0140."
57343,446,windowed_histgb,windowed_rf,stay,False,high_uncertainty,0.02994791666666663,0.014,"Stay because utility uncertainty is too high: current_std=0.0278, candidate_std=0.0161, threshold=0.0140."
57471,447,windowed_histgb,windowed_rf,stay,False,high_uncertainty,0.03385416666666663,0.014,"Stay because utility uncertainty is too high: current_std=0.0333, candidate_std=0.0266, threshold=0.0140."
57599,448,windowed_histgb,windowed_rf,stay,False,high_uncertainty,0.03385416666666663,0.014,"Stay because utility uncertainty is too high: current_std=0.0404, candidate_std=0.0292, threshold=0.0140."
57727,449,windowed_histgb,windowed_rf,stay,False,high_uncertainty,0.015625,0.014,"Stay because utility uncertainty is too high: current_std=0.0080, candidate_std=0.0176, threshold=0.0140."
57855,450,windowed_histgb,windowed_rf,stay,False,high_uncertainty,0.0,0.014,"Stay because utility uncertainty is too high: current_std=0.0066, candidate_std=0.0212, threshold=0.0140."
57983,451,windowed_histgb,windowed_rf,stay,False,high_uncertainty,-0.015625,0.014,"Stay because utility uncertainty is too high: current_std=0.0161, candidate_std=0.0121, threshold=0.0140."
58111,452,windowed_histgb,windowed_rf,stay,False,high_uncertainty,-0.01432291666666674,0.014,"Stay because utility uncertainty is too high: current_std=0.0161, candidate_std=0.0256, threshold=0.0140."
58239,453,windowed_histgb,windowed_rf,stay,False,high_uncertainty,-0.0013020833333333703,0.014,"Stay because utility uncertainty is too high: current_std=0.0178, candidate_std=0.0319, threshold=0.0140."
58367,454,windowed_histgb,windowed_rf,stay,False,high_uncertainty,0.0026041666666667407,0.014,"Stay because utility uncertainty is too high: current_std=0.0121, candidate_std=0.0212, threshold=0.0140."
58495,455,windowed_histgb,river_logreg,stay,False,high_uncertainty,0.0,0.014,"Stay because utility uncertainty is too high: current_std=0.0224, candidate_std=0.0289, threshold=0.0140."
58623,456,windowed_histgb,river_logreg,stay,False,high_uncertainty,-0.00390625,0.014,"Stay because utility uncertainty is too high: current_std=0.0147, candidate_std=0.0224, threshold=0.0140."
58751,457,windowed_histgb,windowed_rf,stay,False,high_uncertainty,0.0,0.014,"Stay because utility uncertainty is too high: current_std=0.0129, candidate_std=0.0226, threshold=0.0140."
58879,458,windowed_histgb,windowed_rf,stay,False,no_candidate_improvement,0.00651041666666663,0.014,"Stay because candidate improvement is not sufficient after LCB comparison: margin=0.0065, threshold=0.0140."
59007,459,windowed_histgb,windowed_rf,stay,False,no_candidate_improvement,-0.0026041666666666297,0.014,"Stay because candidate improvement is not sufficient after LCB comparison: margin=-0.0026, threshold=0.0140."
59135,460,windowed_histgb,windowed_rf,stay,False,high_uncertainty,-0.01953125,0.014,"Stay because utility uncertainty is too high: current_std=0.0112, candidate_std=0.0157, threshold=0.0140."
59263,461,windowed_histgb,windowed_rf,stay,False,high_uncertainty,-0.02083333333333337,0.014,"Stay because utility uncertainty is too high: current_std=0.0146, candidate_std=0.0144, threshold=0.0140."
59391,462,windowed_histgb,river_logreg,stay,False,high_uncertainty,-0.01041666666666674,0.014,"Stay because utility uncertainty is too high: current_std=0.0176, candidate_std=0.0144, threshold=0.0140."
59519,463,windowed_histgb,river_logreg,stay,False,high_uncertainty,0.02473958333333326,0.014,"Stay because utility uncertainty is too high: current_std=0.0244, candidate_std=0.0066, threshold=0.0140."
59647,464,windowed_histgb,river_logreg,stay,False,high_uncertainty,0.03385416666666663,0.014,"Stay because utility uncertainty is too high: current_std=0.0176, candidate_std=0.0055, threshold=0.0140."
59775,465,windowed_histgb,river_logreg,stay,False,high_uncertainty,0.01432291666666663,0.014,"Stay because utility uncertainty is too high: current_std=0.0491, candidate_std=0.0147, threshold=0.0140."
59903,466,windowed_histgb,windowed_rf,stay,False,high_uncertainty,-0.01692708333333337,0.014,"Stay because utility uncertainty is too high: current_std=0.0370, candidate_std=0.0333, threshold=0.0140."
60031,467,windowed_histgb,windowed_rf,stay,False,high_uncertainty,-0.02083333333333337,0.014,"Stay because utility uncertainty is too high: current_std=0.0169, candidate_std=0.0187, threshold=0.0140."
60159,468,windowed_histgb,windowed_rf,stay,False,high_uncertainty,-0.01432291666666674,0.014,"Stay because utility uncertainty is too high: current_std=0.0157, candidate_std=0.0144, threshold=0.0140."
60287,469,windowed_histgb,windowed_rf,stay,False,high_uncertainty,0.0,0.014,"Stay because utility uncertainty is too high: current_std=0.0231, candidate_std=0.0103, threshold=0.0140."
60415,470,windowed_histgb,windowed_rf,stay,False,high_uncertainty,0.0078125,0.014,"Stay because utility uncertainty is too high: current_std=0.0221, candidate_std=0.0191, threshold=0.0140."
60543,471,windowed_histgb,windowed_rf,stay,False,no_candidate_improvement,0.0,0.014,"Stay because candidate improvement is not sufficient after LCB comparison: margin=0.0000, threshold=0.0140."
60671,472,windowed_histgb,river_logreg,stay,False,high_uncertainty,0.0026041666666667407,0.014,"Stay because utility uncertainty is too high: current_std=0.0080, candidate_std=0.0344, threshold=0.0140."
60799,473,windowed_histgb,river_logreg,stay,False,high_uncertainty,0.01822916666666663,0.014,"Stay because utility uncertainty is too high: current_std=0.0242, candidate_std=0.0199, threshold=0.0140."
60927,474,windowed_histgb,river_logreg,stay,False,high_uncertainty,0.00390625,0.014,"Stay because utility uncertainty is too high: current_std=0.0278, candidate_std=0.0166, threshold=0.0140."
61055,475,windowed_histgb,river_logreg,stay,False,high_uncertainty,-0.0013020833333333703,0.014,"Stay because utility uncertainty is too high: current_std=0.0443, candidate_std=0.0353, threshold=0.0140."
61183,476,windowed_histgb,river_logreg,stay,False,high_uncertainty,0.05989583333333337,0.014,"Stay because utility uncertainty is too high: current_std=0.1166, candidate_std=0.0249, threshold=0.0140."
61311,477,windowed_histgb,river_logreg,stay,False,high_uncertainty,0.12109375,0.014,"Stay because utility uncertainty is too high: current_std=0.0759, candidate_std=0.0103, threshold=0.0140."
61439,478,windowed_histgb,river_logreg,stay,False,high_uncertainty,0.11197916666666663,0.014,"Stay because utility uncertainty is too high: current_std=0.0863, candidate_std=0.0110, threshold=0.0140."
61567,479,windowed_histgb,river_logreg,stay,False,high_uncertainty,0.03515625,0.014,"Stay because utility uncertainty is too high: current_std=0.0663, candidate_std=0.0191, threshold=0.0140."
61695,480,windowed_histgb,windowed_rf,stay,False,high_uncertainty,-0.00651041666666663,0.014,"Stay because utility uncertainty is too high: current_std=0.0166, candidate_std=0.0080, threshold=0.0140."
61823,481,windowed_histgb,windowed_rf,stay,False,high_uncertainty,-0.02213541666666674,0.014,"Stay because utility uncertainty is too high: current_std=0.0151, candidate_std=0.0129, threshold=0.0140."
61951,482,windowed_histgb,windowed_rf,stay,False,high_uncertainty,-0.0390625,0.014,"Stay because utility uncertainty is too high: current_std=0.0064, candidate_std=0.0209, threshold=0.0140."
62079,483,windowed_histgb,windowed_rf,stay,False,high_uncertainty,-0.03255208333333337,0.014,"Stay because utility uncertainty is too high: current_std=0.0097, candidate_std=0.0159, threshold=0.0140."
62207,484,windowed_histgb,windowed_rf,stay,False,high_uncertainty,-0.01692708333333326,0.014,"Stay because utility uncertainty is too high: current_std=0.0066, candidate_std=0.0205, threshold=0.0140."
62335,485,windowed_histgb,river_logreg,stay,False,high_uncertainty,0.00520833333333337,0.014,"Stay because utility uncertainty is too high: current_std=0.0139, candidate_std=0.0151, threshold=0.0140."
62463,486,windowed_histgb,river_logreg,stay,False,no_candidate_improvement,0.0078125,0.014,"Stay because candidate improvement is not sufficient after LCB comparison: margin=0.0078, threshold=0.0140."
62591,487,windowed_histgb,river_logreg,stay,False,no_candidate_improvement,0.00651041666666663,0.014,"Stay because candidate improvement is not sufficient after LCB comparison: margin=0.0065, threshold=0.0140."
62719,488,windowed_histgb,windowed_rf,switch,True,switch_advantage,0.02083333333333326,0.014,Switch because candidate LCB exceeds current LCB beyond the decision threshold: 0.7253 - 0.7044 = 0.0208 > 0.0140.
62847,489,windowed_rf,river_logreg,stay,False,high_uncertainty,-0.02213541666666663,0.014,"Stay because utility uncertainty is too high: current_std=0.0144, candidate_std=0.0084, threshold=0.0140."
62975,490,windowed_rf,windowed_histgb,stay,False,high_uncertainty,-0.01692708333333337,0.014,"Stay because utility uncertainty is too high: current_std=0.0097, candidate_std=0.0191, threshold=0.0140."
63103,491,windowed_rf,windowed_histgb,stay,False,no_candidate_improvement,-0.00911458333333326,0.014,"Stay because candidate improvement is not sufficient after LCB comparison: margin=-0.0091, threshold=0.0140."
63231,492,windowed_rf,windowed_histgb,stay,False,high_uncertainty,-0.006510416666666741,0.014,"Stay because utility uncertainty is too high: current_std=0.0144, candidate_std=0.0176, threshold=0.0140."
63359,493,windowed_rf,windowed_histgb,stay,False,no_candidate_improvement,-0.0026041666666666297,0.014,"Stay because candidate improvement is not sufficient after LCB comparison: margin=-0.0026, threshold=0.0140."
63487,494,windowed_rf,windowed_histgb,stay,False,no_candidate_improvement,0.0013020833333333703,0.014,"Stay because candidate improvement is not sufficient after LCB comparison: margin=0.0013, threshold=0.0140."
63615,495,windowed_rf,windowed_histgb,stay,False,high_uncertainty,0.0,0.014,"Stay because utility uncertainty is too high: current_std=0.0097, candidate_std=0.0195, threshold=0.0140."
63743,496,windowed_rf,windowed_histgb,stay,False,high_uncertainty,-0.0013020833333333703,0.014,"Stay because utility uncertainty is too high: current_std=0.0115, candidate_std=0.0147, threshold=0.0140."
63871,497,windowed_rf,windowed_histgb,stay,False,no_candidate_improvement,-0.0026041666666666297,0.014,"Stay because candidate improvement is not sufficient after LCB comparison: margin=-0.0026, threshold=0.0140."
63999,498,windowed_rf,windowed_histgb,stay,False,no_candidate_improvement,0.0026041666666666297,0.014,"Stay because candidate improvement is not sufficient after LCB comparison: margin=0.0026, threshold=0.0140."
64127,499,windowed_rf,windowed_histgb,stay,False,no_candidate_improvement,0.01041666666666663,0.014,"Stay because candidate improvement is not sufficient after LCB comparison: margin=0.0104, threshold=0.0140."
64255,500,windowed_rf,windowed_histgb,stay,False,no_candidate_improvement,0.01041666666666663,0.014,"Stay because candidate improvement is not sufficient after LCB comparison: margin=0.0104, threshold=0.0140."
64383,501,windowed_rf,windowed_histgb,stay,False,high_uncertainty,0.0026041666666666297,0.014,"Stay because utility uncertainty is too high: current_std=0.0208, candidate_std=0.0000, threshold=0.0140."
64511,502,windowed_rf,river_logreg,stay,False,no_candidate_improvement,-0.01171875,0.014,"Stay because candidate improvement is not sufficient after LCB comparison: margin=-0.0117, threshold=0.0140."
64639,503,windowed_rf,river_logreg,stay,False,high_uncertainty,-0.00520833333333337,0.014,"Stay because utility uncertainty is too high: current_std=0.0261, candidate_std=0.0129, threshold=0.0140."
64767,504,windowed_rf,river_logreg,stay,False,high_uncertainty,0.00390625,0.014,"Stay because utility uncertainty is too high: current_std=0.0212, candidate_std=0.0239, threshold=0.0140."
64895,505,windowed_rf,windowed_histgb,stay,False,no_candidate_improvement,0.00390625,0.014,"Stay because candidate improvement is not sufficient after LCB comparison: margin=0.0039, threshold=0.0140."
65023,506,windowed_rf,windowed_histgb,stay,False,high_uncertainty,0.00651041666666663,0.014,"Stay because utility uncertainty is too high: current_std=0.0084, candidate_std=0.0161, threshold=0.0140."
65151,507,windowed_rf,windowed_histgb,stay,False,high_uncertainty,-0.0013020833333333703,0.014,"Stay because utility uncertainty is too high: current_std=0.0212, candidate_std=0.0178, threshold=0.0140."
65279,508,windowed_rf,windowed_histgb,stay,False,high_uncertainty,-0.0013020833333333703,0.014,"Stay because utility uncertainty is too high: current_std=0.0336, candidate_std=0.0383, threshold=0.0140."
65407,509,windowed_rf,windowed_histgb,stay,False,high_uncertainty,0.0013020833333333703,0.014,"Stay because utility uncertainty is too high: current_std=0.0187, candidate_std=0.0249, threshold=0.0140."
65535,510,windowed_rf,windowed_histgb,stay,False,no_candidate_improvement,0.006510416666666741,0.014,"Stay because candidate improvement is not sufficient after LCB comparison: margin=0.0065, threshold=0.0140."
65663,511,windowed_rf,river_logreg,switch,True,switch_advantage,0.02083333333333337,0.014,Switch because candidate LCB exceeds current LCB beyond the decision threshold: 0.7240 - 0.7031 = 0.0208 > 0.0140.
65791,512,river_logreg,windowed_histgb,stay,False,no_candidate_improvement,-0.02604166666666663,0.014,"Stay because candidate improvement is not sufficient after LCB comparison: margin=-0.0260, threshold=0.0140."
65919,513,river_logreg,windowed_histgb,stay,False,no_candidate_improvement,-0.01953125,0.014,"Stay because candidate improvement is not sufficient after LCB comparison: margin=-0.0195, threshold=0.0140."
66047,514,river_logreg,windowed_histgb,stay,False,no_candidate_improvement,-0.00911458333333326,0.014,"Stay because candidate improvement is not sufficient after LCB comparison: margin=-0.0091, threshold=0.0140."
66175,515,river_logreg,windowed_histgb,stay,False,high_uncertainty,0.015625,0.014,"Stay because utility uncertainty is too high: current_std=0.0181, candidate_std=0.0080, threshold=0.0140."
66303,516,river_logreg,windowed_histgb,switch,True,switch_advantage,0.01692708333333326,0.014,Switch because candidate LCB exceeds current LCB beyond the decision threshold: 0.7135 - 0.6966 = 0.0169 > 0.0140.
66431,517,windowed_histgb,river_logreg,stay,False,high_uncertainty,0.00390625,0.014,"Stay because utility uncertainty is too high: current_std=0.0066, candidate_std=0.0244, threshold=0.0140."
66559,518,windowed_histgb,river_logreg,stay,False,high_uncertainty,0.01692708333333326,0.014,"Stay because utility uncertainty is too high: current_std=0.0018, candidate_std=0.0176, threshold=0.0140."
66687,519,windowed_histgb,river_logreg,stay,False,high_uncertainty,0.0234375,0.014,"Stay because utility uncertainty is too high: current_std=0.0129, candidate_std=0.0176, threshold=0.0140."
66815,520,windowed_histgb,river_logreg,stay,False,high_uncertainty,0.0234375,0.014,"Stay because utility uncertainty is too high: current_std=0.0115, candidate_std=0.0230, threshold=0.0140."
66943,521,windowed_histgb,river_logreg,stay,False,high_uncertainty,0.02473958333333337,0.014,"Stay because utility uncertainty is too high: current_std=0.0133, candidate_std=0.0230, threshold=0.0140."
67071,522,windowed_histgb,river_logreg,stay,False,high_uncertainty,0.02734375,0.014,"Stay because utility uncertainty is too high: current_std=0.0191, candidate_std=0.0278, threshold=0.0140."
67199,523,windowed_histgb,river_logreg,stay,False,high_uncertainty,0.03125,0.014,"Stay because utility uncertainty is too high: current_std=0.0146, candidate_std=0.0064, threshold=0.0140."
67327,524,windowed_histgb,river_logreg,stay,False,high_uncertainty,0.03645833333333337,0.014,"Stay because utility uncertainty is too high: current_std=0.0235, candidate_std=0.0178, threshold=0.0140."
67455,525,windowed_histgb,river_logreg,stay,False,high_uncertainty,0.01692708333333326,0.014,"Stay because utility uncertainty is too high: current_std=0.0327, candidate_std=0.0151, threshold=0.0140."
67583,526,windowed_histgb,windowed_rf,stay,False,no_candidate_improvement,-0.01432291666666663,0.014,"Stay because candidate improvement is not sufficient after LCB comparison: margin=-0.0143, threshold=0.0140."
67711,527,windowed_histgb,windowed_rf,stay,False,no_candidate_improvement,-0.01822916666666674,0.014,"Stay because candidate improvement is not sufficient after LCB comparison: margin=-0.0182, threshold=0.0140."
67839,528,windowed_histgb,windowed_rf,stay,False,high_uncertainty,0.0,0.014,"Stay because utility uncertainty is too high: current_std=0.0209, candidate_std=0.0000, threshold=0.0140."
67967,529,windowed_histgb,windowed_rf,switch,True,switch_advantage,0.015625,0.014,Switch because candidate LCB exceeds current LCB beyond the decision threshold: 0.7135 - 0.6979 = 0.0156 > 0.0140.
68095,530,windowed_rf,windowed_histgb,stay,False,high_uncertainty,-0.01302083333333326,0.014,"Stay because utility uncertainty is too high: current_std=0.0037, candidate_std=0.0164, threshold=0.0140."
68223,531,windowed_rf,river_logreg,stay,False,high_uncertainty,0.0078125,0.014,"Stay because utility uncertainty is too high: current_std=0.0115, candidate_std=0.0166, threshold=0.0140."
68351,532,windowed_rf,river_logreg,switch,True,switch_advantage,0.02604166666666663,0.014,Switch because candidate LCB exceeds current LCB beyond the decision threshold: 0.7214 - 0.6953 = 0.0260 > 0.0140.
68479,533,river_logreg,windowed_histgb,stay,False,high_uncertainty,-0.03645833333333326,0.014,"Stay because utility uncertainty is too high: current_std=0.0144, candidate_std=0.0066, threshold=0.0140."
68607,534,river_logreg,windowed_histgb,stay,False,high_uncertainty,-0.04947916666666674,0.014,"Stay because utility uncertainty is too high: current_std=0.0404, candidate_std=0.0655, threshold=0.0140."
68735,535,river_logreg,windowed_rf,stay,False,high_uncertainty,-0.0625,0.014,"Stay because utility uncertainty is too high: current_std=0.0310, candidate_std=0.0435, threshold=0.0140."
68863,536,river_logreg,windowed_rf,stay,False,high_uncertainty,-0.03255208333333326,0.014,"Stay because utility uncertainty is too high: current_std=0.0310, candidate_std=0.0766, threshold=0.0140."
68991,537,river_logreg,windowed_rf,stay,False,high_uncertainty,0.0078125,0.014,"Stay because utility uncertainty is too high: current_std=0.0110, candidate_std=0.0498, threshold=0.0140."
69119,538,river_logreg,windowed_rf,stay,False,high_uncertainty,0.01953125,0.014,"Stay because utility uncertainty is too high: current_std=0.0055, candidate_std=0.0169, threshold=0.0140."
69247,539,river_logreg,windowed_rf,stay,False,high_uncertainty,0.01432291666666663,0.014,"Stay because utility uncertainty is too high: current_std=0.0066, candidate_std=0.0169, threshold=0.0140."
69375,540,river_logreg,windowed_rf,stay,False,high_uncertainty,0.006510416666666741,0.014,"Stay because utility uncertainty is too high: current_std=0.0176, candidate_std=0.0271, threshold=0.0140."
69503,541,river_logreg,windowed_rf,stay,False,high_uncertainty,0.01953125,0.014,"Stay because utility uncertainty is too high: current_std=0.0241, candidate_std=0.0199, threshold=0.0140."
69631,542,river_logreg,windowed_rf,stay,False,high_uncertainty,0.03255208333333337,0.014,"Stay because utility uncertainty is too high: current_std=0.0286, candidate_std=0.0191, threshold=0.0140."
69759,543,river_logreg,windowed_rf,switch,True,switch_advantage,0.0390625,0.014,Switch because candidate LCB exceeds current LCB beyond the decision threshold: 0.7292 - 0.6901 = 0.0391 > 0.0140.
69887,544,windowed_rf,windowed_histgb,stay,False,no_candidate_improvement,-0.04296875,0.014,"Stay because candidate improvement is not sufficient after LCB comparison: margin=-0.0430, threshold=0.0140."
70015,545,windowed_rf,windowed_histgb,stay,False,high_uncertainty,-0.02213541666666663,0.014,"Stay because utility uncertainty is too high: current_std=0.0314, candidate_std=0.0103, threshold=0.0140."
70143,546,windowed_rf,windowed_histgb,stay,False,high_uncertainty,-0.0026041666666666297,0.014,"Stay because utility uncertainty is too high: current_std=0.0223, candidate_std=0.0080, threshold=0.0140."
70271,547,windowed_rf,river_logreg,stay,False,high_uncertainty,-0.0026041666666667407,0.014,"Stay because utility uncertainty is too high: current_std=0.0341, candidate_std=0.0494, threshold=0.0140."
70399,548,windowed_rf,river_logreg,stay,False,high_uncertainty,0.0078125,0.014,"Stay because utility uncertainty is too high: current_std=0.0258, candidate_std=0.0260, threshold=0.0140."
70527,549,windowed_rf,river_logreg,stay,False,high_uncertainty,0.0078125,0.014,"Stay because utility uncertainty is too high: current_std=0.0147, candidate_std=0.0151, threshold=0.0140."
70655,550,windowed_rf,river_logreg,stay,False,high_uncertainty,-0.00390625,0.014,"Stay because utility uncertainty is too high: current_std=0.0147, candidate_std=0.0239, threshold=0.0140."
70783,551,windowed_rf,river_logreg,stay,False,no_candidate_improvement,-0.01432291666666674,0.014,"Stay because candidate improvement is not sufficient after LCB comparison: margin=-0.0143, threshold=0.0140."
70911,552,windowed_rf,river_logreg,stay,False,no_candidate_improvement,-0.01822916666666674,0.014,"Stay because candidate improvement is not sufficient after LCB comparison: margin=-0.0182, threshold=0.0140."
71039,553,windowed_rf,river_logreg,stay,False,high_uncertainty,-0.02213541666666663,0.014,"Stay because utility uncertainty is too high: current_std=0.0084, candidate_std=0.0151, threshold=0.0140."
71167,554,windowed_rf,windowed_histgb,stay,False,high_uncertainty,-0.02604166666666663,0.014,"Stay because utility uncertainty is too high: current_std=0.0018, candidate_std=0.0169, threshold=0.0140."
71295,555,windowed_rf,windowed_histgb,stay,False,high_uncertainty,-0.01692708333333337,0.014,"Stay because utility uncertainty is too high: current_std=0.0084, candidate_std=0.0217, threshold=0.0140."
71423,556,windowed_rf,windowed_histgb,stay,False,high_uncertainty,-0.01171875,0.014,"Stay because utility uncertainty is too high: current_std=0.0084, candidate_std=0.0146, threshold=0.0140."
71551,557,windowed_rf,windowed_histgb,stay,False,high_uncertainty,-0.01041666666666674,0.014,"Stay because utility uncertainty is too high: current_std=0.0296, candidate_std=0.0256, threshold=0.0140."
71679,558,windowed_rf,windowed_histgb,stay,False,high_uncertainty,-0.0026041666666666297,0.014,"Stay because utility uncertainty is too high: current_std=0.0209, candidate_std=0.0151, threshold=0.0140."
71807,559,windowed_rf,windowed_histgb,stay,False,high_uncertainty,0.01041666666666674,0.014,"Stay because utility uncertainty is too high: current_std=0.0176, candidate_std=0.0187, threshold=0.0140."
71935,560,windowed_rf,windowed_histgb,stay,False,high_uncertainty,0.02994791666666663,0.014,"Stay because utility uncertainty is too high: current_std=0.0695, candidate_std=0.0501, threshold=0.0140."
72063,561,windowed_rf,windowed_histgb,stay,False,high_uncertainty,0.04427083333333326,0.014,"Stay because utility uncertainty is too high: current_std=0.0545, candidate_std=0.0344, threshold=0.0140."
72191,562,windowed_rf,windowed_histgb,stay,False,high_uncertainty,0.04557291666666674,0.014,"Stay because utility uncertainty is too high: current_std=0.0235, candidate_std=0.0066, threshold=0.0140."
72319,563,windowed_rf,windowed_histgb,stay,False,high_uncertainty,0.02473958333333337,0.014,"Stay because utility uncertainty is too high: current_std=0.0248, candidate_std=0.0032, threshold=0.0140."
72447,564,windowed_rf,windowed_histgb,stay,False,no_candidate_improvement,-0.0026041666666666297,0.014,"Stay because candidate improvement is not sufficient after LCB comparison: margin=-0.0026, threshold=0.0140."
72575,565,windowed_rf,windowed_histgb,stay,False,no_candidate_improvement,-0.005208333333333259,0.014,"Stay because candidate improvement is not sufficient after LCB comparison: margin=-0.0052, threshold=0.0140."
72703,566,windowed_rf,windowed_histgb,stay,False,high_uncertainty,-0.0026041666666667407,0.014,"Stay because utility uncertainty is too high: current_std=0.0049, candidate_std=0.0157, threshold=0.0140."
72831,567,windowed_rf,windowed_histgb,stay,False,high_uncertainty,0.00390625,0.014,"Stay because utility uncertainty is too high: current_std=0.0164, candidate_std=0.0212, threshold=0.0140."
72959,568,windowed_rf,windowed_histgb,stay,False,high_uncertainty,0.0,0.014,"Stay because utility uncertainty is too high: current_std=0.0169, candidate_std=0.0199, threshold=0.0140."
73087,569,windowed_rf,windowed_histgb,stay,False,high_uncertainty,-0.00911458333333337,0.014,"Stay because utility uncertainty is too high: current_std=0.0224, candidate_std=0.0166, threshold=0.0140."
73215,570,windowed_rf,windowed_histgb,stay,False,high_uncertainty,-0.01302083333333337,0.014,"Stay because utility uncertainty is too high: current_std=0.0146, candidate_std=0.0092, threshold=0.0140."
73343,571,windowed_rf,windowed_histgb,stay,False,no_candidate_improvement,-0.015625,0.014,"Stay because candidate improvement is not sufficient after LCB comparison: margin=-0.0156, threshold=0.0140."
73471,572,windowed_rf,windowed_histgb,stay,False,high_uncertainty,-0.01692708333333326,0.014,"Stay because utility uncertainty is too high: current_std=0.0212, candidate_std=0.0289, threshold=0.0140."
73599,573,windowed_rf,windowed_histgb,stay,False,high_uncertainty,-0.02864583333333326,0.014,"Stay because utility uncertainty is too high: current_std=0.0192, candidate_std=0.0323, threshold=0.0140."
73727,574,windowed_rf,windowed_histgb,stay,False,high_uncertainty,-0.02083333333333337,0.014,"Stay because utility uncertainty is too high: current_std=0.0144, candidate_std=0.0139, threshold=0.0140."
73855,575,windowed_rf,windowed_histgb,stay,False,high_uncertainty,0.00911458333333337,0.014,"Stay because utility uncertainty is too high: current_std=0.0166, candidate_std=0.0321, threshold=0.0140."
73983,576,windowed_rf,windowed_histgb,stay,False,high_uncertainty,0.046875,0.014,"Stay because utility uncertainty is too high: current_std=0.0147, candidate_std=0.0321, threshold=0.0140."
74111,577,windowed_rf,windowed_histgb,stay,False,high_uncertainty,0.04817708333333326,0.014,"Stay because utility uncertainty is too high: current_std=0.0133, candidate_std=0.0271, threshold=0.0140."
74239,578,windowed_rf,windowed_histgb,stay,False,high_uncertainty,0.01041666666666663,0.014,"Stay because utility uncertainty is too high: current_std=0.0096, candidate_std=0.0511, threshold=0.0140."
74367,579,windowed_rf,river_logreg,stay,False,high_uncertainty,0.00651041666666663,0.014,"Stay because utility uncertainty is too high: current_std=0.0344, candidate_std=0.0249, threshold=0.0140."
74495,580,windowed_rf,river_logreg,stay,False,high_uncertainty,0.08463541666666663,0.014,"Stay because utility uncertainty is too high: current_std=0.0321, candidate_std=0.1073, threshold=0.0140."
74623,581,windowed_rf,river_logreg,stay,False,high_uncertainty,0.140625,0.014,"Stay because utility uncertainty is too high: current_std=0.1314, candidate_std=0.1348, threshold=0.0140."
74751,582,windowed_rf,river_logreg,stay,False,high_uncertainty,0.11197916666666674,0.014,"Stay because utility uncertainty is too high: current_std=0.1667, candidate_std=0.0677, threshold=0.0140."
74879,583,windowed_rf,river_logreg,stay,False,high_uncertainty,0.02994791666666663,0.014,"Stay because utility uncertainty is too high: current_std=0.0692, candidate_std=0.0144, threshold=0.0140."
75007,584,windowed_rf,windowed_histgb,stay,False,no_candidate_improvement,0.00520833333333337,0.014,"Stay because candidate improvement is not sufficient after LCB comparison: margin=0.0052, threshold=0.0140."
75135,585,windowed_rf,windowed_histgb,stay,False,no_candidate_improvement,0.01041666666666663,0.014,"Stay because candidate improvement is not sufficient after LCB comparison: margin=0.0104, threshold=0.0140."
75263,586,windowed_rf,river_logreg,switch,True,switch_advantage,0.015625,0.014,Switch because candidate LCB exceeds current LCB beyond the decision threshold: 0.9674 - 0.9518 = 0.0156 > 0.0140.
75391,587,river_logreg,windowed_histgb,stay,False,no_candidate_improvement,0.00911458333333337,0.014,"Stay because candidate improvement is not sufficient after LCB comparison: margin=0.0091, threshold=0.0140."
75519,588,river_logreg,windowed_histgb,switch,True,switch_advantage,0.0234375,0.014,Switch because candidate LCB exceeds current LCB beyond the decision threshold: 0.9753 - 0.9518 = 0.0234 > 0.0140.
75647,589,windowed_histgb,windowed_rf,stay,False,no_candidate_improvement,-0.015625,0.014,"Stay because candidate improvement is not sufficient after LCB comparison: margin=-0.0156, threshold=0.0140."
75775,590,windowed_histgb,windowed_rf,stay,False,no_candidate_improvement,-0.01432291666666663,0.014,"Stay because candidate improvement is not sufficient after LCB comparison: margin=-0.0143, threshold=0.0140."
75903,591,windowed_histgb,river_logreg,stay,False,no_candidate_improvement,-0.00390625,0.014,"Stay because candidate improvement is not sufficient after LCB comparison: margin=-0.0039, threshold=0.0140."
76031,592,windowed_histgb,river_logreg,stay,False,no_candidate_improvement,0.00520833333333337,0.014,"Stay because candidate improvement is not sufficient after LCB comparison: margin=0.0052, threshold=0.0140."
76159,593,windowed_histgb,river_logreg,stay,False,no_candidate_improvement,0.00651041666666663,0.014,"Stay because candidate improvement is not sufficient after LCB comparison: margin=0.0065, threshold=0.0140."
76287,594,windowed_histgb,river_logreg,stay,False,no_candidate_improvement,0.0013020833333333703,0.014,"Stay because candidate improvement is not sufficient after LCB comparison: margin=0.0013, threshold=0.0140."
76415,595,windowed_histgb,river_logreg,stay,False,no_candidate_improvement,0.00390625,0.014,"Stay because candidate improvement is not sufficient after LCB comparison: margin=0.0039, threshold=0.0140."
76543,596,windowed_histgb,river_logreg,stay,False,no_candidate_improvement,0.01302083333333337,0.014,"Stay because candidate improvement is not sufficient after LCB comparison: margin=0.0130, threshold=0.0140."
76671,597,windowed_histgb,river_logreg,switch,True,switch_advantage,0.01822916666666663,0.014,Switch because candidate LCB exceeds current LCB beyond the decision threshold: 0.9870 - 0.9688 = 0.0182 > 0.0140.
76799,598,river_logreg,windowed_rf,stay,False,no_candidate_improvement,0.0026041666666666297,0.014,"Stay because candidate improvement is not sufficient after LCB comparison: margin=0.0026, threshold=0.0140."
76927,599,river_logreg,windowed_rf,stay,False,no_candidate_improvement,0.0013020833333333703,0.014,"Stay because candidate improvement is not sufficient after LCB comparison: margin=0.0013, threshold=0.0140."
77055,600,river_logreg,windowed_histgb,stay,False,no_candidate_improvement,-0.0026041666666667407,0.014,"Stay because candidate improvement is not sufficient after LCB comparison: margin=-0.0026, threshold=0.0140."
77183,601,river_logreg,windowed_histgb,stay,False,no_candidate_improvement,-0.00390625,0.014,"Stay because candidate improvement is not sufficient after LCB comparison: margin=-0.0039, threshold=0.0140."
77311,602,river_logreg,windowed_rf,stay,False,no_candidate_improvement,-0.00390625,0.014,"Stay because candidate improvement is not sufficient after LCB comparison: margin=-0.0039, threshold=0.0140."
77439,603,river_logreg,windowed_rf,stay,False,no_candidate_improvement,-0.00520833333333337,0.014,"Stay because candidate improvement is not sufficient after LCB comparison: margin=-0.0052, threshold=0.0140."
77567,604,river_logreg,windowed_rf,stay,False,no_candidate_improvement,-0.01041666666666663,0.014,"Stay because candidate improvement is not sufficient after LCB comparison: margin=-0.0104, threshold=0.0140."
77695,605,river_logreg,windowed_rf,stay,False,no_candidate_improvement,-0.01041666666666674,0.014,"Stay because candidate improvement is not sufficient after LCB comparison: margin=-0.0104, threshold=0.0140."
77823,606,river_logreg,windowed_rf,stay,False,no_candidate_improvement,-0.01041666666666663,0.014,"Stay because candidate improvement is not sufficient after LCB comparison: margin=-0.0104, threshold=0.0140."
77951,607,river_logreg,windowed_histgb,stay,False,no_candidate_improvement,-0.02083333333333337,0.014,"Stay because candidate improvement is not sufficient after LCB comparison: margin=-0.0208, threshold=0.0140."
78079,608,river_logreg,windowed_histgb,stay,False,no_candidate_improvement,-0.02083333333333326,0.014,"Stay because candidate improvement is not sufficient after LCB comparison: margin=-0.0208, threshold=0.0140."
78207,609,river_logreg,windowed_histgb,stay,False,high_uncertainty,-0.03515625,0.014,"Stay because utility uncertainty is too high: current_std=0.0018, candidate_std=0.0203, threshold=0.0140."
78335,610,river_logreg,windowed_rf,stay,False,no_candidate_improvement,-0.04947916666666663,0.014,"Stay because candidate improvement is not sufficient after LCB comparison: margin=-0.0495, threshold=0.0140."
78463,611,river_logreg,windowed_rf,stay,False,high_uncertainty,-0.05729166666666663,0.014,"Stay because utility uncertainty is too high: current_std=0.0000, candidate_std=0.0164, threshold=0.0140."
78591,612,river_logreg,windowed_histgb,stay,False,high_uncertainty,-0.04557291666666663,0.014,"Stay because utility uncertainty is too high: current_std=0.0018, candidate_std=0.0169, threshold=0.0140."
78719,613,river_logreg,windowed_histgb,stay,False,no_candidate_improvement,-0.03125,0.014,"Stay because candidate improvement is not sufficient after LCB comparison: margin=-0.0312, threshold=0.0140."
78847,614,river_logreg,windowed_histgb,stay,False,no_candidate_improvement,-0.02734375,0.014,"Stay because candidate improvement is not sufficient after LCB comparison: margin=-0.0273, threshold=0.0140."
78975,615,river_logreg,windowed_histgb,stay,False,no_candidate_improvement,-0.02864583333333326,0.014,"Stay because candidate improvement is not sufficient after LCB comparison: margin=-0.0286, threshold=0.0140."
79103,616,river_logreg,windowed_histgb,stay,False,no_candidate_improvement,-0.02864583333333326,0.014,"Stay because candidate improvement is not sufficient after LCB comparison: margin=-0.0286, threshold=0.0140."
79231,617,river_logreg,windowed_histgb,stay,False,no_candidate_improvement,-0.02994791666666674,0.014,"Stay because candidate improvement is not sufficient after LCB comparison: margin=-0.0299, threshold=0.0140."
79359,618,river_logreg,windowed_histgb,stay,False,no_candidate_improvement,-0.03515625,0.014,"Stay because candidate improvement is not sufficient after LCB comparison: margin=-0.0352, threshold=0.0140."
79487,619,river_logreg,windowed_histgb,stay,False,no_candidate_improvement,-0.04427083333333337,0.014,"Stay because candidate improvement is not sufficient after LCB comparison: margin=-0.0443, threshold=0.0140."
79615,620,river_logreg,windowed_histgb,stay,False,no_candidate_improvement,-0.05989583333333326,0.014,"Stay because candidate improvement is not sufficient after LCB comparison: margin=-0.0599, threshold=0.0140."
79743,621,river_logreg,windowed_histgb,stay,False,no_candidate_improvement,-0.06770833333333326,0.014,"Stay because candidate improvement is not sufficient after LCB comparison: margin=-0.0677, threshold=0.0140."
79871,622,river_logreg,windowed_histgb,stay,False,no_candidate_improvement,-0.0703125,0.014,"Stay because candidate improvement is not sufficient after LCB comparison: margin=-0.0703, threshold=0.0140."
