sample_index,evaluation_index,current_strategy,candidate_strategy,action,switched,reason_code,decision_margin,decision_threshold,reason
127,0,sgd_lr_0_0005,sgd_lr_0_001,stay,False,hedge_margin_too_small,0.001145181362026626,0.01,"Stay because candidate Hedge weight advantage is too small: margin=0.0011, threshold=0.0100."
255,1,sgd_lr_0_0005,sgd_lr_0_0001,switch,True,warmup_leader,,0.01,Switch after warmup because cumulative reward leader differs from the starting strategy: sgd_lr_0_0001.
255,1,sgd_lr_0_0001,sgd_lr_0_0001,stay,False,hedge_same_leader,0.0,0.01,Stay because the current strategy remains the highest-weight Hedge expert.
383,2,sgd_lr_0_0001,sgd_lr_0_0001,stay,False,hedge_same_leader,0.0,0.01,Stay because the current strategy remains the highest-weight Hedge expert.
511,3,sgd_lr_0_0001,sgd_lr_0_0001,stay,False,hedge_same_leader,0.0,0.01,Stay because the current strategy remains the highest-weight Hedge expert.
639,4,sgd_lr_0_0001,sgd_lr_0_001,switch,True,hedge_weight_advantage,0.04812554893705717,0.01,Switch because candidate Hedge weight exceeds current weight beyond the switch threshold: 0.3522 - 0.3040 = 0.0481 >= 0.0100.
767,5,sgd_lr_0_001,sgd_lr_0_0005,stay,False,hedge_margin_too_small,0.008069327277680893,0.01,"Stay because candidate Hedge weight advantage is too small: margin=0.0081, threshold=0.0100."
895,6,sgd_lr_0_001,sgd_lr_0_0005,switch,True,hedge_weight_advantage,0.054117596855641825,0.01,Switch because candidate Hedge weight exceeds current weight beyond the switch threshold: 0.3894 - 0.3352 = 0.0541 >= 0.0100.
1023,7,sgd_lr_0_0005,sgd_lr_0_001,stay,False,hedge_margin_too_small,0.00451718771586429,0.01,"Stay because candidate Hedge weight advantage is too small: margin=0.0045, threshold=0.0100."
1151,8,sgd_lr_0_0005,sgd_lr_0_001,stay,False,hedge_margin_too_small,0.006498245442005779,0.01,"Stay because candidate Hedge weight advantage is too small: margin=0.0065, threshold=0.0100."
1279,9,sgd_lr_0_0005,sgd_lr_0_0005,stay,False,hedge_same_leader,0.0,0.01,Stay because the current strategy remains the highest-weight Hedge expert.
1407,10,sgd_lr_0_0005,sgd_lr_0_001,switch,True,hedge_weight_advantage,0.032080048424292795,0.01,Switch because candidate Hedge weight exceeds current weight beyond the switch threshold: 0.4198 - 0.3877 = 0.0321 >= 0.0100.
1535,11,sgd_lr_0_001,sgd_lr_0_001,stay,False,hedge_same_leader,0.0,0.01,Stay because the current strategy remains the highest-weight Hedge expert.
1663,12,sgd_lr_0_001,sgd_lr_0_001,stay,False,hedge_same_leader,0.0,0.01,Stay because the current strategy remains the highest-weight Hedge expert.
1791,13,sgd_lr_0_001,sgd_lr_0_001,stay,False,hedge_same_leader,0.0,0.01,Stay because the current strategy remains the highest-weight Hedge expert.
1919,14,sgd_lr_0_001,sgd_lr_0_0005,switch,True,hedge_weight_advantage,0.04140419482006796,0.01,Switch because candidate Hedge weight exceeds current weight beyond the switch threshold: 0.4990 - 0.4576 = 0.0414 >= 0.0100.
2047,15,sgd_lr_0_0005,sgd_lr_0_0005,stay,False,hedge_same_leader,0.0,0.01,Stay because the current strategy remains the highest-weight Hedge expert.
2175,16,sgd_lr_0_0005,sgd_lr_0_0001,stay,False,hedge_margin_too_small,nan,0.01,"Stay because candidate Hedge weight advantage is too small: margin=nan, threshold=0.0100."
2303,17,sgd_lr_0_0005,sgd_lr_0_0001,stay,False,hedge_margin_too_small,nan,0.01,"Stay because candidate Hedge weight advantage is too small: margin=nan, threshold=0.0100."
2431,18,sgd_lr_0_0005,sgd_lr_0_0001,stay,False,hedge_margin_too_small,nan,0.01,"Stay because candidate Hedge weight advantage is too small: margin=nan, threshold=0.0100."
2559,19,sgd_lr_0_0005,sgd_lr_0_0001,stay,False,hedge_margin_too_small,nan,0.01,"Stay because candidate Hedge weight advantage is too small: margin=nan, threshold=0.0100."
2687,20,sgd_lr_0_0005,sgd_lr_0_0001,stay,False,hedge_margin_too_small,nan,0.01,"Stay because candidate Hedge weight advantage is too small: margin=nan, threshold=0.0100."
2815,21,sgd_lr_0_0005,sgd_lr_0_0001,stay,False,hedge_margin_too_small,nan,0.01,"Stay because candidate Hedge weight advantage is too small: margin=nan, threshold=0.0100."
2943,22,sgd_lr_0_0005,sgd_lr_0_0001,stay,False,hedge_margin_too_small,nan,0.01,"Stay because candidate Hedge weight advantage is too small: margin=nan, threshold=0.0100."
3071,23,sgd_lr_0_0005,sgd_lr_0_0001,stay,False,hedge_margin_too_small,nan,0.01,"Stay because candidate Hedge weight advantage is too small: margin=nan, threshold=0.0100."
3199,24,sgd_lr_0_0005,sgd_lr_0_0001,stay,False,hedge_margin_too_small,nan,0.01,"Stay because candidate Hedge weight advantage is too small: margin=nan, threshold=0.0100."
3327,25,sgd_lr_0_0005,sgd_lr_0_0001,stay,False,hedge_margin_too_small,nan,0.01,"Stay because candidate Hedge weight advantage is too small: margin=nan, threshold=0.0100."
3455,26,sgd_lr_0_0005,sgd_lr_0_0001,stay,False,hedge_margin_too_small,nan,0.01,"Stay because candidate Hedge weight advantage is too small: margin=nan, threshold=0.0100."
3583,27,sgd_lr_0_0005,sgd_lr_0_0001,stay,False,hedge_margin_too_small,nan,0.01,"Stay because candidate Hedge weight advantage is too small: margin=nan, threshold=0.0100."
3711,28,sgd_lr_0_0005,sgd_lr_0_0001,stay,False,hedge_margin_too_small,nan,0.01,"Stay because candidate Hedge weight advantage is too small: margin=nan, threshold=0.0100."
3839,29,sgd_lr_0_0005,sgd_lr_0_0001,stay,False,hedge_margin_too_small,nan,0.01,"Stay because candidate Hedge weight advantage is too small: margin=nan, threshold=0.0100."
3967,30,sgd_lr_0_0005,sgd_lr_0_0001,stay,False,hedge_margin_too_small,nan,0.01,"Stay because candidate Hedge weight advantage is too small: margin=nan, threshold=0.0100."
4095,31,sgd_lr_0_0005,sgd_lr_0_0001,stay,False,hedge_margin_too_small,nan,0.01,"Stay because candidate Hedge weight advantage is too small: margin=nan, threshold=0.0100."
4223,32,sgd_lr_0_0005,sgd_lr_0_0001,stay,False,hedge_margin_too_small,nan,0.01,"Stay because candidate Hedge weight advantage is too small: margin=nan, threshold=0.0100."
4351,33,sgd_lr_0_0005,sgd_lr_0_0001,stay,False,hedge_margin_too_small,nan,0.01,"Stay because candidate Hedge weight advantage is too small: margin=nan, threshold=0.0100."
4479,34,sgd_lr_0_0005,sgd_lr_0_0001,stay,False,hedge_margin_too_small,nan,0.01,"Stay because candidate Hedge weight advantage is too small: margin=nan, threshold=0.0100."
4607,35,sgd_lr_0_0005,sgd_lr_0_0001,stay,False,hedge_margin_too_small,nan,0.01,"Stay because candidate Hedge weight advantage is too small: margin=nan, threshold=0.0100."
4735,36,sgd_lr_0_0005,sgd_lr_0_0001,stay,False,hedge_margin_too_small,nan,0.01,"Stay because candidate Hedge weight advantage is too small: margin=nan, threshold=0.0100."
4863,37,sgd_lr_0_0005,sgd_lr_0_0001,stay,False,hedge_margin_too_small,nan,0.01,"Stay because candidate Hedge weight advantage is too small: margin=nan, threshold=0.0100."
4991,38,sgd_lr_0_0005,sgd_lr_0_0001,stay,False,hedge_margin_too_small,nan,0.01,"Stay because candidate Hedge weight advantage is too small: margin=nan, threshold=0.0100."
5119,39,sgd_lr_0_0005,sgd_lr_0_0001,stay,False,hedge_margin_too_small,nan,0.01,"Stay because candidate Hedge weight advantage is too small: margin=nan, threshold=0.0100."
5247,40,sgd_lr_0_0005,sgd_lr_0_0001,stay,False,hedge_margin_too_small,nan,0.01,"Stay because candidate Hedge weight advantage is too small: margin=nan, threshold=0.0100."
5375,41,sgd_lr_0_0005,sgd_lr_0_0001,stay,False,hedge_margin_too_small,nan,0.01,"Stay because candidate Hedge weight advantage is too small: margin=nan, threshold=0.0100."
5503,42,sgd_lr_0_0005,sgd_lr_0_0001,stay,False,hedge_margin_too_small,nan,0.01,"Stay because candidate Hedge weight advantage is too small: margin=nan, threshold=0.0100."
5631,43,sgd_lr_0_0005,sgd_lr_0_0001,stay,False,hedge_margin_too_small,nan,0.01,"Stay because candidate Hedge weight advantage is too small: margin=nan, threshold=0.0100."
5759,44,sgd_lr_0_0005,sgd_lr_0_0001,stay,False,hedge_margin_too_small,nan,0.01,"Stay because candidate Hedge weight advantage is too small: margin=nan, threshold=0.0100."
5887,45,sgd_lr_0_0005,sgd_lr_0_0001,stay,False,hedge_margin_too_small,nan,0.01,"Stay because candidate Hedge weight advantage is too small: margin=nan, threshold=0.0100."
6015,46,sgd_lr_0_0005,sgd_lr_0_0001,stay,False,hedge_margin_too_small,nan,0.01,"Stay because candidate Hedge weight advantage is too small: margin=nan, threshold=0.0100."
6143,47,sgd_lr_0_0005,sgd_lr_0_0001,stay,False,hedge_margin_too_small,nan,0.01,"Stay because candidate Hedge weight advantage is too small: margin=nan, threshold=0.0100."
6271,48,sgd_lr_0_0005,sgd_lr_0_0001,stay,False,hedge_margin_too_small,nan,0.01,"Stay because candidate Hedge weight advantage is too small: margin=nan, threshold=0.0100."
6399,49,sgd_lr_0_0005,sgd_lr_0_0001,stay,False,hedge_margin_too_small,nan,0.01,"Stay because candidate Hedge weight advantage is too small: margin=nan, threshold=0.0100."
6527,50,sgd_lr_0_0005,sgd_lr_0_0001,stay,False,hedge_margin_too_small,nan,0.01,"Stay because candidate Hedge weight advantage is too small: margin=nan, threshold=0.0100."
6655,51,sgd_lr_0_0005,sgd_lr_0_0001,stay,False,hedge_margin_too_small,nan,0.01,"Stay because candidate Hedge weight advantage is too small: margin=nan, threshold=0.0100."
6783,52,sgd_lr_0_0005,sgd_lr_0_0001,stay,False,hedge_margin_too_small,nan,0.01,"Stay because candidate Hedge weight advantage is too small: margin=nan, threshold=0.0100."
6911,53,sgd_lr_0_0005,sgd_lr_0_0001,stay,False,hedge_margin_too_small,nan,0.01,"Stay because candidate Hedge weight advantage is too small: margin=nan, threshold=0.0100."
7039,54,sgd_lr_0_0005,sgd_lr_0_0001,stay,False,hedge_margin_too_small,nan,0.01,"Stay because candidate Hedge weight advantage is too small: margin=nan, threshold=0.0100."
7167,55,sgd_lr_0_0005,sgd_lr_0_0001,stay,False,hedge_margin_too_small,nan,0.01,"Stay because candidate Hedge weight advantage is too small: margin=nan, threshold=0.0100."
7295,56,sgd_lr_0_0005,sgd_lr_0_0001,stay,False,hedge_margin_too_small,nan,0.01,"Stay because candidate Hedge weight advantage is too small: margin=nan, threshold=0.0100."
7423,57,sgd_lr_0_0005,sgd_lr_0_0001,stay,False,hedge_margin_too_small,nan,0.01,"Stay because candidate Hedge weight advantage is too small: margin=nan, threshold=0.0100."
7551,58,sgd_lr_0_0005,sgd_lr_0_0001,stay,False,hedge_margin_too_small,nan,0.01,"Stay because candidate Hedge weight advantage is too small: margin=nan, threshold=0.0100."
7679,59,sgd_lr_0_0005,sgd_lr_0_0001,stay,False,hedge_margin_too_small,nan,0.01,"Stay because candidate Hedge weight advantage is too small: margin=nan, threshold=0.0100."
7807,60,sgd_lr_0_0005,sgd_lr_0_0001,stay,False,hedge_margin_too_small,nan,0.01,"Stay because candidate Hedge weight advantage is too small: margin=nan, threshold=0.0100."
7935,61,sgd_lr_0_0005,sgd_lr_0_0001,stay,False,hedge_margin_too_small,nan,0.01,"Stay because candidate Hedge weight advantage is too small: margin=nan, threshold=0.0100."
8063,62,sgd_lr_0_0005,sgd_lr_0_0001,stay,False,hedge_margin_too_small,nan,0.01,"Stay because candidate Hedge weight advantage is too small: margin=nan, threshold=0.0100."
8191,63,sgd_lr_0_0005,sgd_lr_0_0001,stay,False,hedge_margin_too_small,nan,0.01,"Stay because candidate Hedge weight advantage is too small: margin=nan, threshold=0.0100."
8319,64,sgd_lr_0_0005,sgd_lr_0_0001,stay,False,hedge_margin_too_small,nan,0.01,"Stay because candidate Hedge weight advantage is too small: margin=nan, threshold=0.0100."
8447,65,sgd_lr_0_0005,sgd_lr_0_0001,stay,False,hedge_margin_too_small,nan,0.01,"Stay because candidate Hedge weight advantage is too small: margin=nan, threshold=0.0100."
8575,66,sgd_lr_0_0005,sgd_lr_0_0001,stay,False,hedge_margin_too_small,nan,0.01,"Stay because candidate Hedge weight advantage is too small: margin=nan, threshold=0.0100."
8703,67,sgd_lr_0_0005,sgd_lr_0_0001,stay,False,hedge_margin_too_small,nan,0.01,"Stay because candidate Hedge weight advantage is too small: margin=nan, threshold=0.0100."
8831,68,sgd_lr_0_0005,sgd_lr_0_0001,stay,False,hedge_margin_too_small,nan,0.01,"Stay because candidate Hedge weight advantage is too small: margin=nan, threshold=0.0100."
8959,69,sgd_lr_0_0005,sgd_lr_0_0001,stay,False,hedge_margin_too_small,nan,0.01,"Stay because candidate Hedge weight advantage is too small: margin=nan, threshold=0.0100."
9087,70,sgd_lr_0_0005,sgd_lr_0_0001,stay,False,hedge_margin_too_small,nan,0.01,"Stay because candidate Hedge weight advantage is too small: margin=nan, threshold=0.0100."
9215,71,sgd_lr_0_0005,sgd_lr_0_0001,stay,False,hedge_margin_too_small,nan,0.01,"Stay because candidate Hedge weight advantage is too small: margin=nan, threshold=0.0100."
9343,72,sgd_lr_0_0005,sgd_lr_0_0001,stay,False,hedge_margin_too_small,nan,0.01,"Stay because candidate Hedge weight advantage is too small: margin=nan, threshold=0.0100."
9471,73,sgd_lr_0_0005,sgd_lr_0_0001,stay,False,hedge_margin_too_small,nan,0.01,"Stay because candidate Hedge weight advantage is too small: margin=nan, threshold=0.0100."
9599,74,sgd_lr_0_0005,sgd_lr_0_0001,stay,False,hedge_margin_too_small,nan,0.01,"Stay because candidate Hedge weight advantage is too small: margin=nan, threshold=0.0100."
9727,75,sgd_lr_0_0005,sgd_lr_0_0001,stay,False,hedge_margin_too_small,nan,0.01,"Stay because candidate Hedge weight advantage is too small: margin=nan, threshold=0.0100."
9855,76,sgd_lr_0_0005,sgd_lr_0_0001,stay,False,hedge_margin_too_small,nan,0.01,"Stay because candidate Hedge weight advantage is too small: margin=nan, threshold=0.0100."
9983,77,sgd_lr_0_0005,sgd_lr_0_0001,stay,False,hedge_margin_too_small,nan,0.01,"Stay because candidate Hedge weight advantage is too small: margin=nan, threshold=0.0100."
10111,78,sgd_lr_0_0005,sgd_lr_0_0001,stay,False,hedge_margin_too_small,nan,0.01,"Stay because candidate Hedge weight advantage is too small: margin=nan, threshold=0.0100."
10239,79,sgd_lr_0_0005,sgd_lr_0_0001,stay,False,hedge_margin_too_small,nan,0.01,"Stay because candidate Hedge weight advantage is too small: margin=nan, threshold=0.0100."
10367,80,sgd_lr_0_0005,sgd_lr_0_0001,stay,False,hedge_margin_too_small,nan,0.01,"Stay because candidate Hedge weight advantage is too small: margin=nan, threshold=0.0100."
10495,81,sgd_lr_0_0005,sgd_lr_0_0001,stay,False,hedge_margin_too_small,nan,0.01,"Stay because candidate Hedge weight advantage is too small: margin=nan, threshold=0.0100."
10623,82,sgd_lr_0_0005,sgd_lr_0_0001,stay,False,hedge_margin_too_small,nan,0.01,"Stay because candidate Hedge weight advantage is too small: margin=nan, threshold=0.0100."
10751,83,sgd_lr_0_0005,sgd_lr_0_0001,stay,False,hedge_margin_too_small,nan,0.01,"Stay because candidate Hedge weight advantage is too small: margin=nan, threshold=0.0100."
10879,84,sgd_lr_0_0005,sgd_lr_0_0001,stay,False,hedge_margin_too_small,nan,0.01,"Stay because candidate Hedge weight advantage is too small: margin=nan, threshold=0.0100."
11007,85,sgd_lr_0_0005,sgd_lr_0_0001,stay,False,hedge_margin_too_small,nan,0.01,"Stay because candidate Hedge weight advantage is too small: margin=nan, threshold=0.0100."
11135,86,sgd_lr_0_0005,sgd_lr_0_0001,stay,False,hedge_margin_too_small,nan,0.01,"Stay because candidate Hedge weight advantage is too small: margin=nan, threshold=0.0100."
11263,87,sgd_lr_0_0005,sgd_lr_0_0001,stay,False,hedge_margin_too_small,nan,0.01,"Stay because candidate Hedge weight advantage is too small: margin=nan, threshold=0.0100."
11391,88,sgd_lr_0_0005,sgd_lr_0_0001,stay,False,hedge_margin_too_small,nan,0.01,"Stay because candidate Hedge weight advantage is too small: margin=nan, threshold=0.0100."
11519,89,sgd_lr_0_0005,sgd_lr_0_0001,stay,False,hedge_margin_too_small,nan,0.01,"Stay because candidate Hedge weight advantage is too small: margin=nan, threshold=0.0100."
11647,90,sgd_lr_0_0005,sgd_lr_0_0001,stay,False,hedge_margin_too_small,nan,0.01,"Stay because candidate Hedge weight advantage is too small: margin=nan, threshold=0.0100."
11775,91,sgd_lr_0_0005,sgd_lr_0_0001,stay,False,hedge_margin_too_small,nan,0.01,"Stay because candidate Hedge weight advantage is too small: margin=nan, threshold=0.0100."
11903,92,sgd_lr_0_0005,sgd_lr_0_0001,stay,False,hedge_margin_too_small,nan,0.01,"Stay because candidate Hedge weight advantage is too small: margin=nan, threshold=0.0100."
12031,93,sgd_lr_0_0005,sgd_lr_0_0001,stay,False,hedge_margin_too_small,nan,0.01,"Stay because candidate Hedge weight advantage is too small: margin=nan, threshold=0.0100."
12159,94,sgd_lr_0_0005,sgd_lr_0_0001,stay,False,hedge_margin_too_small,nan,0.01,"Stay because candidate Hedge weight advantage is too small: margin=nan, threshold=0.0100."
12287,95,sgd_lr_0_0005,sgd_lr_0_0001,stay,False,hedge_margin_too_small,nan,0.01,"Stay because candidate Hedge weight advantage is too small: margin=nan, threshold=0.0100."
12415,96,sgd_lr_0_0005,sgd_lr_0_0001,stay,False,hedge_margin_too_small,nan,0.01,"Stay because candidate Hedge weight advantage is too small: margin=nan, threshold=0.0100."
12543,97,sgd_lr_0_0005,sgd_lr_0_0001,stay,False,hedge_margin_too_small,nan,0.01,"Stay because candidate Hedge weight advantage is too small: margin=nan, threshold=0.0100."
12671,98,sgd_lr_0_0005,sgd_lr_0_0001,stay,False,hedge_margin_too_small,nan,0.01,"Stay because candidate Hedge weight advantage is too small: margin=nan, threshold=0.0100."
12799,99,sgd_lr_0_0005,sgd_lr_0_0001,stay,False,hedge_margin_too_small,nan,0.01,"Stay because candidate Hedge weight advantage is too small: margin=nan, threshold=0.0100."
12927,100,sgd_lr_0_0005,sgd_lr_0_0001,stay,False,hedge_margin_too_small,nan,0.01,"Stay because candidate Hedge weight advantage is too small: margin=nan, threshold=0.0100."
13055,101,sgd_lr_0_0005,sgd_lr_0_0001,stay,False,hedge_margin_too_small,nan,0.01,"Stay because candidate Hedge weight advantage is too small: margin=nan, threshold=0.0100."
13183,102,sgd_lr_0_0005,sgd_lr_0_0001,stay,False,hedge_margin_too_small,nan,0.01,"Stay because candidate Hedge weight advantage is too small: margin=nan, threshold=0.0100."
13311,103,sgd_lr_0_0005,sgd_lr_0_0001,stay,False,hedge_margin_too_small,nan,0.01,"Stay because candidate Hedge weight advantage is too small: margin=nan, threshold=0.0100."
13439,104,sgd_lr_0_0005,sgd_lr_0_0001,stay,False,hedge_margin_too_small,nan,0.01,"Stay because candidate Hedge weight advantage is too small: margin=nan, threshold=0.0100."
13567,105,sgd_lr_0_0005,sgd_lr_0_0001,stay,False,hedge_margin_too_small,nan,0.01,"Stay because candidate Hedge weight advantage is too small: margin=nan, threshold=0.0100."
13695,106,sgd_lr_0_0005,sgd_lr_0_0001,stay,False,hedge_margin_too_small,nan,0.01,"Stay because candidate Hedge weight advantage is too small: margin=nan, threshold=0.0100."
13823,107,sgd_lr_0_0005,sgd_lr_0_0001,stay,False,hedge_margin_too_small,nan,0.01,"Stay because candidate Hedge weight advantage is too small: margin=nan, threshold=0.0100."
13951,108,sgd_lr_0_0005,sgd_lr_0_0001,stay,False,hedge_margin_too_small,nan,0.01,"Stay because candidate Hedge weight advantage is too small: margin=nan, threshold=0.0100."
14079,109,sgd_lr_0_0005,sgd_lr_0_0001,stay,False,hedge_margin_too_small,nan,0.01,"Stay because candidate Hedge weight advantage is too small: margin=nan, threshold=0.0100."
14207,110,sgd_lr_0_0005,sgd_lr_0_0001,stay,False,hedge_margin_too_small,nan,0.01,"Stay because candidate Hedge weight advantage is too small: margin=nan, threshold=0.0100."
14335,111,sgd_lr_0_0005,sgd_lr_0_0001,stay,False,hedge_margin_too_small,nan,0.01,"Stay because candidate Hedge weight advantage is too small: margin=nan, threshold=0.0100."
14463,112,sgd_lr_0_0005,sgd_lr_0_0001,stay,False,hedge_margin_too_small,nan,0.01,"Stay because candidate Hedge weight advantage is too small: margin=nan, threshold=0.0100."
14591,113,sgd_lr_0_0005,sgd_lr_0_0001,stay,False,hedge_margin_too_small,nan,0.01,"Stay because candidate Hedge weight advantage is too small: margin=nan, threshold=0.0100."
14719,114,sgd_lr_0_0005,sgd_lr_0_0001,stay,False,hedge_margin_too_small,nan,0.01,"Stay because candidate Hedge weight advantage is too small: margin=nan, threshold=0.0100."
14847,115,sgd_lr_0_0005,sgd_lr_0_0001,stay,False,hedge_margin_too_small,nan,0.01,"Stay because candidate Hedge weight advantage is too small: margin=nan, threshold=0.0100."
14975,116,sgd_lr_0_0005,sgd_lr_0_0001,stay,False,hedge_margin_too_small,nan,0.01,"Stay because candidate Hedge weight advantage is too small: margin=nan, threshold=0.0100."
15103,117,sgd_lr_0_0005,sgd_lr_0_0001,stay,False,hedge_margin_too_small,nan,0.01,"Stay because candidate Hedge weight advantage is too small: margin=nan, threshold=0.0100."
15231,118,sgd_lr_0_0005,sgd_lr_0_0001,stay,False,hedge_margin_too_small,nan,0.01,"Stay because candidate Hedge weight advantage is too small: margin=nan, threshold=0.0100."
15359,119,sgd_lr_0_0005,sgd_lr_0_0001,stay,False,hedge_margin_too_small,nan,0.01,"Stay because candidate Hedge weight advantage is too small: margin=nan, threshold=0.0100."
15487,120,sgd_lr_0_0005,sgd_lr_0_0001,stay,False,hedge_margin_too_small,nan,0.01,"Stay because candidate Hedge weight advantage is too small: margin=nan, threshold=0.0100."
15615,121,sgd_lr_0_0005,sgd_lr_0_0001,stay,False,hedge_margin_too_small,nan,0.01,"Stay because candidate Hedge weight advantage is too small: margin=nan, threshold=0.0100."
15743,122,sgd_lr_0_0005,sgd_lr_0_0001,stay,False,hedge_margin_too_small,nan,0.01,"Stay because candidate Hedge weight advantage is too small: margin=nan, threshold=0.0100."
15871,123,sgd_lr_0_0005,sgd_lr_0_0001,stay,False,hedge_margin_too_small,nan,0.01,"Stay because candidate Hedge weight advantage is too small: margin=nan, threshold=0.0100."
15999,124,sgd_lr_0_0005,sgd_lr_0_0001,stay,False,hedge_margin_too_small,nan,0.01,"Stay because candidate Hedge weight advantage is too small: margin=nan, threshold=0.0100."
16127,125,sgd_lr_0_0005,sgd_lr_0_0001,stay,False,hedge_margin_too_small,nan,0.01,"Stay because candidate Hedge weight advantage is too small: margin=nan, threshold=0.0100."
16255,126,sgd_lr_0_0005,sgd_lr_0_0001,stay,False,hedge_margin_too_small,nan,0.01,"Stay because candidate Hedge weight advantage is too small: margin=nan, threshold=0.0100."
16383,127,sgd_lr_0_0005,sgd_lr_0_0001,stay,False,hedge_margin_too_small,nan,0.01,"Stay because candidate Hedge weight advantage is too small: margin=nan, threshold=0.0100."
16511,128,sgd_lr_0_0005,sgd_lr_0_0001,stay,False,hedge_margin_too_small,nan,0.01,"Stay because candidate Hedge weight advantage is too small: margin=nan, threshold=0.0100."
16639,129,sgd_lr_0_0005,sgd_lr_0_0001,stay,False,hedge_margin_too_small,nan,0.01,"Stay because candidate Hedge weight advantage is too small: margin=nan, threshold=0.0100."
16767,130,sgd_lr_0_0005,sgd_lr_0_0001,stay,False,hedge_margin_too_small,nan,0.01,"Stay because candidate Hedge weight advantage is too small: margin=nan, threshold=0.0100."
16895,131,sgd_lr_0_0005,sgd_lr_0_0001,stay,False,hedge_margin_too_small,nan,0.01,"Stay because candidate Hedge weight advantage is too small: margin=nan, threshold=0.0100."
17023,132,sgd_lr_0_0005,sgd_lr_0_0001,stay,False,hedge_margin_too_small,nan,0.01,"Stay because candidate Hedge weight advantage is too small: margin=nan, threshold=0.0100."
17151,133,sgd_lr_0_0005,sgd_lr_0_0001,stay,False,hedge_margin_too_small,nan,0.01,"Stay because candidate Hedge weight advantage is too small: margin=nan, threshold=0.0100."
17279,134,sgd_lr_0_0005,sgd_lr_0_0001,stay,False,hedge_margin_too_small,nan,0.01,"Stay because candidate Hedge weight advantage is too small: margin=nan, threshold=0.0100."
17407,135,sgd_lr_0_0005,sgd_lr_0_0001,stay,False,hedge_margin_too_small,nan,0.01,"Stay because candidate Hedge weight advantage is too small: margin=nan, threshold=0.0100."
17535,136,sgd_lr_0_0005,sgd_lr_0_0001,stay,False,hedge_margin_too_small,nan,0.01,"Stay because candidate Hedge weight advantage is too small: margin=nan, threshold=0.0100."
17663,137,sgd_lr_0_0005,sgd_lr_0_0001,stay,False,hedge_margin_too_small,nan,0.01,"Stay because candidate Hedge weight advantage is too small: margin=nan, threshold=0.0100."
17791,138,sgd_lr_0_0005,sgd_lr_0_0001,stay,False,hedge_margin_too_small,nan,0.01,"Stay because candidate Hedge weight advantage is too small: margin=nan, threshold=0.0100."
17919,139,sgd_lr_0_0005,sgd_lr_0_0001,stay,False,hedge_margin_too_small,nan,0.01,"Stay because candidate Hedge weight advantage is too small: margin=nan, threshold=0.0100."
18047,140,sgd_lr_0_0005,sgd_lr_0_0001,stay,False,hedge_margin_too_small,nan,0.01,"Stay because candidate Hedge weight advantage is too small: margin=nan, threshold=0.0100."
18175,141,sgd_lr_0_0005,sgd_lr_0_0001,stay,False,hedge_margin_too_small,nan,0.01,"Stay because candidate Hedge weight advantage is too small: margin=nan, threshold=0.0100."
18303,142,sgd_lr_0_0005,sgd_lr_0_0001,stay,False,hedge_margin_too_small,nan,0.01,"Stay because candidate Hedge weight advantage is too small: margin=nan, threshold=0.0100."
18431,143,sgd_lr_0_0005,sgd_lr_0_0001,stay,False,hedge_margin_too_small,nan,0.01,"Stay because candidate Hedge weight advantage is too small: margin=nan, threshold=0.0100."
18559,144,sgd_lr_0_0005,sgd_lr_0_0001,stay,False,hedge_margin_too_small,nan,0.01,"Stay because candidate Hedge weight advantage is too small: margin=nan, threshold=0.0100."
18687,145,sgd_lr_0_0005,sgd_lr_0_0001,stay,False,hedge_margin_too_small,nan,0.01,"Stay because candidate Hedge weight advantage is too small: margin=nan, threshold=0.0100."
18815,146,sgd_lr_0_0005,sgd_lr_0_0001,stay,False,hedge_margin_too_small,nan,0.01,"Stay because candidate Hedge weight advantage is too small: margin=nan, threshold=0.0100."
18943,147,sgd_lr_0_0005,sgd_lr_0_0001,stay,False,hedge_margin_too_small,nan,0.01,"Stay because candidate Hedge weight advantage is too small: margin=nan, threshold=0.0100."
19071,148,sgd_lr_0_0005,sgd_lr_0_0001,stay,False,hedge_margin_too_small,nan,0.01,"Stay because candidate Hedge weight advantage is too small: margin=nan, threshold=0.0100."
19199,149,sgd_lr_0_0005,sgd_lr_0_0001,stay,False,hedge_margin_too_small,nan,0.01,"Stay because candidate Hedge weight advantage is too small: margin=nan, threshold=0.0100."
19327,150,sgd_lr_0_0005,sgd_lr_0_0001,stay,False,hedge_margin_too_small,nan,0.01,"Stay because candidate Hedge weight advantage is too small: margin=nan, threshold=0.0100."
19455,151,sgd_lr_0_0005,sgd_lr_0_0001,stay,False,hedge_margin_too_small,nan,0.01,"Stay because candidate Hedge weight advantage is too small: margin=nan, threshold=0.0100."
19583,152,sgd_lr_0_0005,sgd_lr_0_0001,stay,False,hedge_margin_too_small,nan,0.01,"Stay because candidate Hedge weight advantage is too small: margin=nan, threshold=0.0100."
19711,153,sgd_lr_0_0005,sgd_lr_0_0001,stay,False,hedge_margin_too_small,nan,0.01,"Stay because candidate Hedge weight advantage is too small: margin=nan, threshold=0.0100."
19839,154,sgd_lr_0_0005,sgd_lr_0_0001,stay,False,hedge_margin_too_small,nan,0.01,"Stay because candidate Hedge weight advantage is too small: margin=nan, threshold=0.0100."
19967,155,sgd_lr_0_0005,sgd_lr_0_0001,stay,False,hedge_margin_too_small,nan,0.01,"Stay because candidate Hedge weight advantage is too small: margin=nan, threshold=0.0100."
20095,156,sgd_lr_0_0005,sgd_lr_0_0001,stay,False,hedge_margin_too_small,nan,0.01,"Stay because candidate Hedge weight advantage is too small: margin=nan, threshold=0.0100."
20223,157,sgd_lr_0_0005,sgd_lr_0_0001,stay,False,hedge_margin_too_small,nan,0.01,"Stay because candidate Hedge weight advantage is too small: margin=nan, threshold=0.0100."
20351,158,sgd_lr_0_0005,sgd_lr_0_0001,stay,False,hedge_margin_too_small,nan,0.01,"Stay because candidate Hedge weight advantage is too small: margin=nan, threshold=0.0100."
20479,159,sgd_lr_0_0005,sgd_lr_0_0001,stay,False,hedge_margin_too_small,nan,0.01,"Stay because candidate Hedge weight advantage is too small: margin=nan, threshold=0.0100."
20607,160,sgd_lr_0_0005,sgd_lr_0_0001,stay,False,hedge_margin_too_small,nan,0.01,"Stay because candidate Hedge weight advantage is too small: margin=nan, threshold=0.0100."
20735,161,sgd_lr_0_0005,sgd_lr_0_0001,stay,False,hedge_margin_too_small,nan,0.01,"Stay because candidate Hedge weight advantage is too small: margin=nan, threshold=0.0100."
20863,162,sgd_lr_0_0005,sgd_lr_0_0001,stay,False,hedge_margin_too_small,nan,0.01,"Stay because candidate Hedge weight advantage is too small: margin=nan, threshold=0.0100."
20991,163,sgd_lr_0_0005,sgd_lr_0_0001,stay,False,hedge_margin_too_small,nan,0.01,"Stay because candidate Hedge weight advantage is too small: margin=nan, threshold=0.0100."
21119,164,sgd_lr_0_0005,sgd_lr_0_0001,stay,False,hedge_margin_too_small,nan,0.01,"Stay because candidate Hedge weight advantage is too small: margin=nan, threshold=0.0100."
21247,165,sgd_lr_0_0005,sgd_lr_0_0001,stay,False,hedge_margin_too_small,nan,0.01,"Stay because candidate Hedge weight advantage is too small: margin=nan, threshold=0.0100."
21375,166,sgd_lr_0_0005,sgd_lr_0_0001,stay,False,hedge_margin_too_small,nan,0.01,"Stay because candidate Hedge weight advantage is too small: margin=nan, threshold=0.0100."
21503,167,sgd_lr_0_0005,sgd_lr_0_0001,stay,False,hedge_margin_too_small,nan,0.01,"Stay because candidate Hedge weight advantage is too small: margin=nan, threshold=0.0100."
21631,168,sgd_lr_0_0005,sgd_lr_0_0001,stay,False,hedge_margin_too_small,nan,0.01,"Stay because candidate Hedge weight advantage is too small: margin=nan, threshold=0.0100."
21759,169,sgd_lr_0_0005,sgd_lr_0_0001,stay,False,hedge_margin_too_small,nan,0.01,"Stay because candidate Hedge weight advantage is too small: margin=nan, threshold=0.0100."
21887,170,sgd_lr_0_0005,sgd_lr_0_0001,stay,False,hedge_margin_too_small,nan,0.01,"Stay because candidate Hedge weight advantage is too small: margin=nan, threshold=0.0100."
22015,171,sgd_lr_0_0005,sgd_lr_0_0001,stay,False,hedge_margin_too_small,nan,0.01,"Stay because candidate Hedge weight advantage is too small: margin=nan, threshold=0.0100."
22143,172,sgd_lr_0_0005,sgd_lr_0_0001,stay,False,hedge_margin_too_small,nan,0.01,"Stay because candidate Hedge weight advantage is too small: margin=nan, threshold=0.0100."
22271,173,sgd_lr_0_0005,sgd_lr_0_0001,stay,False,hedge_margin_too_small,nan,0.01,"Stay because candidate Hedge weight advantage is too small: margin=nan, threshold=0.0100."
22399,174,sgd_lr_0_0005,sgd_lr_0_0001,stay,False,hedge_margin_too_small,nan,0.01,"Stay because candidate Hedge weight advantage is too small: margin=nan, threshold=0.0100."
22527,175,sgd_lr_0_0005,sgd_lr_0_0001,stay,False,hedge_margin_too_small,nan,0.01,"Stay because candidate Hedge weight advantage is too small: margin=nan, threshold=0.0100."
22655,176,sgd_lr_0_0005,sgd_lr_0_0001,stay,False,hedge_margin_too_small,nan,0.01,"Stay because candidate Hedge weight advantage is too small: margin=nan, threshold=0.0100."
22783,177,sgd_lr_0_0005,sgd_lr_0_0001,stay,False,hedge_margin_too_small,nan,0.01,"Stay because candidate Hedge weight advantage is too small: margin=nan, threshold=0.0100."
22911,178,sgd_lr_0_0005,sgd_lr_0_0001,stay,False,hedge_margin_too_small,nan,0.01,"Stay because candidate Hedge weight advantage is too small: margin=nan, threshold=0.0100."
23039,179,sgd_lr_0_0005,sgd_lr_0_0001,stay,False,hedge_margin_too_small,nan,0.01,"Stay because candidate Hedge weight advantage is too small: margin=nan, threshold=0.0100."
23167,180,sgd_lr_0_0005,sgd_lr_0_0001,stay,False,hedge_margin_too_small,nan,0.01,"Stay because candidate Hedge weight advantage is too small: margin=nan, threshold=0.0100."
23295,181,sgd_lr_0_0005,sgd_lr_0_0001,stay,False,hedge_margin_too_small,nan,0.01,"Stay because candidate Hedge weight advantage is too small: margin=nan, threshold=0.0100."
23423,182,sgd_lr_0_0005,sgd_lr_0_0001,stay,False,hedge_margin_too_small,nan,0.01,"Stay because candidate Hedge weight advantage is too small: margin=nan, threshold=0.0100."
23551,183,sgd_lr_0_0005,sgd_lr_0_0001,stay,False,hedge_margin_too_small,nan,0.01,"Stay because candidate Hedge weight advantage is too small: margin=nan, threshold=0.0100."
23679,184,sgd_lr_0_0005,sgd_lr_0_0001,stay,False,hedge_margin_too_small,nan,0.01,"Stay because candidate Hedge weight advantage is too small: margin=nan, threshold=0.0100."
23807,185,sgd_lr_0_0005,sgd_lr_0_0001,stay,False,hedge_margin_too_small,nan,0.01,"Stay because candidate Hedge weight advantage is too small: margin=nan, threshold=0.0100."
23935,186,sgd_lr_0_0005,sgd_lr_0_0001,stay,False,hedge_margin_too_small,nan,0.01,"Stay because candidate Hedge weight advantage is too small: margin=nan, threshold=0.0100."
24063,187,sgd_lr_0_0005,sgd_lr_0_0001,stay,False,hedge_margin_too_small,nan,0.01,"Stay because candidate Hedge weight advantage is too small: margin=nan, threshold=0.0100."
24191,188,sgd_lr_0_0005,sgd_lr_0_0001,stay,False,hedge_margin_too_small,nan,0.01,"Stay because candidate Hedge weight advantage is too small: margin=nan, threshold=0.0100."
24319,189,sgd_lr_0_0005,sgd_lr_0_0001,stay,False,hedge_margin_too_small,nan,0.01,"Stay because candidate Hedge weight advantage is too small: margin=nan, threshold=0.0100."
24447,190,sgd_lr_0_0005,sgd_lr_0_0001,stay,False,hedge_margin_too_small,nan,0.01,"Stay because candidate Hedge weight advantage is too small: margin=nan, threshold=0.0100."
24575,191,sgd_lr_0_0005,sgd_lr_0_0001,stay,False,hedge_margin_too_small,nan,0.01,"Stay because candidate Hedge weight advantage is too small: margin=nan, threshold=0.0100."
24703,192,sgd_lr_0_0005,sgd_lr_0_0001,stay,False,hedge_margin_too_small,nan,0.01,"Stay because candidate Hedge weight advantage is too small: margin=nan, threshold=0.0100."
24831,193,sgd_lr_0_0005,sgd_lr_0_0001,stay,False,hedge_margin_too_small,nan,0.01,"Stay because candidate Hedge weight advantage is too small: margin=nan, threshold=0.0100."
24959,194,sgd_lr_0_0005,sgd_lr_0_0001,stay,False,hedge_margin_too_small,nan,0.01,"Stay because candidate Hedge weight advantage is too small: margin=nan, threshold=0.0100."
25087,195,sgd_lr_0_0005,sgd_lr_0_0001,stay,False,hedge_margin_too_small,nan,0.01,"Stay because candidate Hedge weight advantage is too small: margin=nan, threshold=0.0100."
25215,196,sgd_lr_0_0005,sgd_lr_0_0001,stay,False,hedge_margin_too_small,nan,0.01,"Stay because candidate Hedge weight advantage is too small: margin=nan, threshold=0.0100."
25343,197,sgd_lr_0_0005,sgd_lr_0_0001,stay,False,hedge_margin_too_small,nan,0.01,"Stay because candidate Hedge weight advantage is too small: margin=nan, threshold=0.0100."
25471,198,sgd_lr_0_0005,sgd_lr_0_0001,stay,False,hedge_margin_too_small,nan,0.01,"Stay because candidate Hedge weight advantage is too small: margin=nan, threshold=0.0100."
25599,199,sgd_lr_0_0005,sgd_lr_0_0001,stay,False,hedge_margin_too_small,nan,0.01,"Stay because candidate Hedge weight advantage is too small: margin=nan, threshold=0.0100."
25727,200,sgd_lr_0_0005,sgd_lr_0_0001,stay,False,hedge_margin_too_small,nan,0.01,"Stay because candidate Hedge weight advantage is too small: margin=nan, threshold=0.0100."
25855,201,sgd_lr_0_0005,sgd_lr_0_0001,stay,False,hedge_margin_too_small,nan,0.01,"Stay because candidate Hedge weight advantage is too small: margin=nan, threshold=0.0100."
25983,202,sgd_lr_0_0005,sgd_lr_0_0001,stay,False,hedge_margin_too_small,nan,0.01,"Stay because candidate Hedge weight advantage is too small: margin=nan, threshold=0.0100."
26111,203,sgd_lr_0_0005,sgd_lr_0_0001,stay,False,hedge_margin_too_small,nan,0.01,"Stay because candidate Hedge weight advantage is too small: margin=nan, threshold=0.0100."
26239,204,sgd_lr_0_0005,sgd_lr_0_0001,stay,False,hedge_margin_too_small,nan,0.01,"Stay because candidate Hedge weight advantage is too small: margin=nan, threshold=0.0100."
26367,205,sgd_lr_0_0005,sgd_lr_0_0001,stay,False,hedge_margin_too_small,nan,0.01,"Stay because candidate Hedge weight advantage is too small: margin=nan, threshold=0.0100."
26495,206,sgd_lr_0_0005,sgd_lr_0_0001,stay,False,hedge_margin_too_small,nan,0.01,"Stay because candidate Hedge weight advantage is too small: margin=nan, threshold=0.0100."
26623,207,sgd_lr_0_0005,sgd_lr_0_0001,stay,False,hedge_margin_too_small,nan,0.01,"Stay because candidate Hedge weight advantage is too small: margin=nan, threshold=0.0100."
26751,208,sgd_lr_0_0005,sgd_lr_0_0001,stay,False,hedge_margin_too_small,nan,0.01,"Stay because candidate Hedge weight advantage is too small: margin=nan, threshold=0.0100."
26879,209,sgd_lr_0_0005,sgd_lr_0_0001,stay,False,hedge_margin_too_small,nan,0.01,"Stay because candidate Hedge weight advantage is too small: margin=nan, threshold=0.0100."
27007,210,sgd_lr_0_0005,sgd_lr_0_0001,stay,False,hedge_margin_too_small,nan,0.01,"Stay because candidate Hedge weight advantage is too small: margin=nan, threshold=0.0100."
27135,211,sgd_lr_0_0005,sgd_lr_0_0001,stay,False,hedge_margin_too_small,nan,0.01,"Stay because candidate Hedge weight advantage is too small: margin=nan, threshold=0.0100."
27263,212,sgd_lr_0_0005,sgd_lr_0_0001,stay,False,hedge_margin_too_small,nan,0.01,"Stay because candidate Hedge weight advantage is too small: margin=nan, threshold=0.0100."
27391,213,sgd_lr_0_0005,sgd_lr_0_0001,stay,False,hedge_margin_too_small,nan,0.01,"Stay because candidate Hedge weight advantage is too small: margin=nan, threshold=0.0100."
27519,214,sgd_lr_0_0005,sgd_lr_0_0001,stay,False,hedge_margin_too_small,nan,0.01,"Stay because candidate Hedge weight advantage is too small: margin=nan, threshold=0.0100."
27647,215,sgd_lr_0_0005,sgd_lr_0_0001,stay,False,hedge_margin_too_small,nan,0.01,"Stay because candidate Hedge weight advantage is too small: margin=nan, threshold=0.0100."
27775,216,sgd_lr_0_0005,sgd_lr_0_0001,stay,False,hedge_margin_too_small,nan,0.01,"Stay because candidate Hedge weight advantage is too small: margin=nan, threshold=0.0100."
27903,217,sgd_lr_0_0005,sgd_lr_0_0001,stay,False,hedge_margin_too_small,nan,0.01,"Stay because candidate Hedge weight advantage is too small: margin=nan, threshold=0.0100."
28031,218,sgd_lr_0_0005,sgd_lr_0_0001,stay,False,hedge_margin_too_small,nan,0.01,"Stay because candidate Hedge weight advantage is too small: margin=nan, threshold=0.0100."
28159,219,sgd_lr_0_0005,sgd_lr_0_0001,stay,False,hedge_margin_too_small,nan,0.01,"Stay because candidate Hedge weight advantage is too small: margin=nan, threshold=0.0100."
28287,220,sgd_lr_0_0005,sgd_lr_0_0001,stay,False,hedge_margin_too_small,nan,0.01,"Stay because candidate Hedge weight advantage is too small: margin=nan, threshold=0.0100."
28415,221,sgd_lr_0_0005,sgd_lr_0_0001,stay,False,hedge_margin_too_small,nan,0.01,"Stay because candidate Hedge weight advantage is too small: margin=nan, threshold=0.0100."
28543,222,sgd_lr_0_0005,sgd_lr_0_0001,stay,False,hedge_margin_too_small,nan,0.01,"Stay because candidate Hedge weight advantage is too small: margin=nan, threshold=0.0100."
28671,223,sgd_lr_0_0005,sgd_lr_0_0001,stay,False,hedge_margin_too_small,nan,0.01,"Stay because candidate Hedge weight advantage is too small: margin=nan, threshold=0.0100."
28799,224,sgd_lr_0_0005,sgd_lr_0_0001,stay,False,hedge_margin_too_small,nan,0.01,"Stay because candidate Hedge weight advantage is too small: margin=nan, threshold=0.0100."
28927,225,sgd_lr_0_0005,sgd_lr_0_0001,stay,False,hedge_margin_too_small,nan,0.01,"Stay because candidate Hedge weight advantage is too small: margin=nan, threshold=0.0100."
29055,226,sgd_lr_0_0005,sgd_lr_0_0001,stay,False,hedge_margin_too_small,nan,0.01,"Stay because candidate Hedge weight advantage is too small: margin=nan, threshold=0.0100."
29183,227,sgd_lr_0_0005,sgd_lr_0_0001,stay,False,hedge_margin_too_small,nan,0.01,"Stay because candidate Hedge weight advantage is too small: margin=nan, threshold=0.0100."
29311,228,sgd_lr_0_0005,sgd_lr_0_0001,stay,False,hedge_margin_too_small,nan,0.01,"Stay because candidate Hedge weight advantage is too small: margin=nan, threshold=0.0100."
29439,229,sgd_lr_0_0005,sgd_lr_0_0001,stay,False,hedge_margin_too_small,nan,0.01,"Stay because candidate Hedge weight advantage is too small: margin=nan, threshold=0.0100."
29567,230,sgd_lr_0_0005,sgd_lr_0_0001,stay,False,hedge_margin_too_small,nan,0.01,"Stay because candidate Hedge weight advantage is too small: margin=nan, threshold=0.0100."
29695,231,sgd_lr_0_0005,sgd_lr_0_0001,stay,False,hedge_margin_too_small,nan,0.01,"Stay because candidate Hedge weight advantage is too small: margin=nan, threshold=0.0100."
29823,232,sgd_lr_0_0005,sgd_lr_0_0001,stay,False,hedge_margin_too_small,nan,0.01,"Stay because candidate Hedge weight advantage is too small: margin=nan, threshold=0.0100."
29951,233,sgd_lr_0_0005,sgd_lr_0_0001,stay,False,hedge_margin_too_small,nan,0.01,"Stay because candidate Hedge weight advantage is too small: margin=nan, threshold=0.0100."
30079,234,sgd_lr_0_0005,sgd_lr_0_0001,stay,False,hedge_margin_too_small,nan,0.01,"Stay because candidate Hedge weight advantage is too small: margin=nan, threshold=0.0100."
30207,235,sgd_lr_0_0005,sgd_lr_0_0001,stay,False,hedge_margin_too_small,nan,0.01,"Stay because candidate Hedge weight advantage is too small: margin=nan, threshold=0.0100."
30335,236,sgd_lr_0_0005,sgd_lr_0_0001,stay,False,hedge_margin_too_small,nan,0.01,"Stay because candidate Hedge weight advantage is too small: margin=nan, threshold=0.0100."
30463,237,sgd_lr_0_0005,sgd_lr_0_0001,stay,False,hedge_margin_too_small,nan,0.01,"Stay because candidate Hedge weight advantage is too small: margin=nan, threshold=0.0100."
30591,238,sgd_lr_0_0005,sgd_lr_0_0001,stay,False,hedge_margin_too_small,nan,0.01,"Stay because candidate Hedge weight advantage is too small: margin=nan, threshold=0.0100."
30719,239,sgd_lr_0_0005,sgd_lr_0_0001,stay,False,hedge_margin_too_small,nan,0.01,"Stay because candidate Hedge weight advantage is too small: margin=nan, threshold=0.0100."
30847,240,sgd_lr_0_0005,sgd_lr_0_0001,stay,False,hedge_margin_too_small,nan,0.01,"Stay because candidate Hedge weight advantage is too small: margin=nan, threshold=0.0100."
30975,241,sgd_lr_0_0005,sgd_lr_0_0001,stay,False,hedge_margin_too_small,nan,0.01,"Stay because candidate Hedge weight advantage is too small: margin=nan, threshold=0.0100."
31103,242,sgd_lr_0_0005,sgd_lr_0_0001,stay,False,hedge_margin_too_small,nan,0.01,"Stay because candidate Hedge weight advantage is too small: margin=nan, threshold=0.0100."
31231,243,sgd_lr_0_0005,sgd_lr_0_0001,stay,False,hedge_margin_too_small,nan,0.01,"Stay because candidate Hedge weight advantage is too small: margin=nan, threshold=0.0100."
31359,244,sgd_lr_0_0005,sgd_lr_0_0001,stay,False,hedge_margin_too_small,nan,0.01,"Stay because candidate Hedge weight advantage is too small: margin=nan, threshold=0.0100."
31487,245,sgd_lr_0_0005,sgd_lr_0_0001,stay,False,hedge_margin_too_small,nan,0.01,"Stay because candidate Hedge weight advantage is too small: margin=nan, threshold=0.0100."
31615,246,sgd_lr_0_0005,sgd_lr_0_0001,stay,False,hedge_margin_too_small,nan,0.01,"Stay because candidate Hedge weight advantage is too small: margin=nan, threshold=0.0100."
31743,247,sgd_lr_0_0005,sgd_lr_0_0001,stay,False,hedge_margin_too_small,nan,0.01,"Stay because candidate Hedge weight advantage is too small: margin=nan, threshold=0.0100."
31871,248,sgd_lr_0_0005,sgd_lr_0_0001,stay,False,hedge_margin_too_small,nan,0.01,"Stay because candidate Hedge weight advantage is too small: margin=nan, threshold=0.0100."
31999,249,sgd_lr_0_0005,sgd_lr_0_0001,stay,False,hedge_margin_too_small,nan,0.01,"Stay because candidate Hedge weight advantage is too small: margin=nan, threshold=0.0100."
32127,250,sgd_lr_0_0005,sgd_lr_0_0001,stay,False,hedge_margin_too_small,nan,0.01,"Stay because candidate Hedge weight advantage is too small: margin=nan, threshold=0.0100."
32255,251,sgd_lr_0_0005,sgd_lr_0_0001,stay,False,hedge_margin_too_small,nan,0.01,"Stay because candidate Hedge weight advantage is too small: margin=nan, threshold=0.0100."
32383,252,sgd_lr_0_0005,sgd_lr_0_0001,stay,False,hedge_margin_too_small,nan,0.01,"Stay because candidate Hedge weight advantage is too small: margin=nan, threshold=0.0100."
32511,253,sgd_lr_0_0005,sgd_lr_0_0001,stay,False,hedge_margin_too_small,nan,0.01,"Stay because candidate Hedge weight advantage is too small: margin=nan, threshold=0.0100."
32639,254,sgd_lr_0_0005,sgd_lr_0_0001,stay,False,hedge_margin_too_small,nan,0.01,"Stay because candidate Hedge weight advantage is too small: margin=nan, threshold=0.0100."
32767,255,sgd_lr_0_0005,sgd_lr_0_0001,stay,False,hedge_margin_too_small,nan,0.01,"Stay because candidate Hedge weight advantage is too small: margin=nan, threshold=0.0100."
32895,256,sgd_lr_0_0005,sgd_lr_0_0001,stay,False,hedge_margin_too_small,nan,0.01,"Stay because candidate Hedge weight advantage is too small: margin=nan, threshold=0.0100."
33023,257,sgd_lr_0_0005,sgd_lr_0_0001,stay,False,hedge_margin_too_small,nan,0.01,"Stay because candidate Hedge weight advantage is too small: margin=nan, threshold=0.0100."
33151,258,sgd_lr_0_0005,sgd_lr_0_0001,stay,False,hedge_margin_too_small,nan,0.01,"Stay because candidate Hedge weight advantage is too small: margin=nan, threshold=0.0100."
33279,259,sgd_lr_0_0005,sgd_lr_0_0001,stay,False,hedge_margin_too_small,nan,0.01,"Stay because candidate Hedge weight advantage is too small: margin=nan, threshold=0.0100."
33407,260,sgd_lr_0_0005,sgd_lr_0_0001,stay,False,hedge_margin_too_small,nan,0.01,"Stay because candidate Hedge weight advantage is too small: margin=nan, threshold=0.0100."
33535,261,sgd_lr_0_0005,sgd_lr_0_0001,stay,False,hedge_margin_too_small,nan,0.01,"Stay because candidate Hedge weight advantage is too small: margin=nan, threshold=0.0100."
33663,262,sgd_lr_0_0005,sgd_lr_0_0001,stay,False,hedge_margin_too_small,nan,0.01,"Stay because candidate Hedge weight advantage is too small: margin=nan, threshold=0.0100."
33791,263,sgd_lr_0_0005,sgd_lr_0_0001,stay,False,hedge_margin_too_small,nan,0.01,"Stay because candidate Hedge weight advantage is too small: margin=nan, threshold=0.0100."
33919,264,sgd_lr_0_0005,sgd_lr_0_0001,stay,False,hedge_margin_too_small,nan,0.01,"Stay because candidate Hedge weight advantage is too small: margin=nan, threshold=0.0100."
34047,265,sgd_lr_0_0005,sgd_lr_0_0001,stay,False,hedge_margin_too_small,nan,0.01,"Stay because candidate Hedge weight advantage is too small: margin=nan, threshold=0.0100."
34175,266,sgd_lr_0_0005,sgd_lr_0_0001,stay,False,hedge_margin_too_small,nan,0.01,"Stay because candidate Hedge weight advantage is too small: margin=nan, threshold=0.0100."
34303,267,sgd_lr_0_0005,sgd_lr_0_0001,stay,False,hedge_margin_too_small,nan,0.01,"Stay because candidate Hedge weight advantage is too small: margin=nan, threshold=0.0100."
34431,268,sgd_lr_0_0005,sgd_lr_0_0001,stay,False,hedge_margin_too_small,nan,0.01,"Stay because candidate Hedge weight advantage is too small: margin=nan, threshold=0.0100."
34559,269,sgd_lr_0_0005,sgd_lr_0_0001,stay,False,hedge_margin_too_small,nan,0.01,"Stay because candidate Hedge weight advantage is too small: margin=nan, threshold=0.0100."
34687,270,sgd_lr_0_0005,sgd_lr_0_0001,stay,False,hedge_margin_too_small,nan,0.01,"Stay because candidate Hedge weight advantage is too small: margin=nan, threshold=0.0100."
34815,271,sgd_lr_0_0005,sgd_lr_0_0001,stay,False,hedge_margin_too_small,nan,0.01,"Stay because candidate Hedge weight advantage is too small: margin=nan, threshold=0.0100."
34943,272,sgd_lr_0_0005,sgd_lr_0_0001,stay,False,hedge_margin_too_small,nan,0.01,"Stay because candidate Hedge weight advantage is too small: margin=nan, threshold=0.0100."
35071,273,sgd_lr_0_0005,sgd_lr_0_0001,stay,False,hedge_margin_too_small,nan,0.01,"Stay because candidate Hedge weight advantage is too small: margin=nan, threshold=0.0100."
35199,274,sgd_lr_0_0005,sgd_lr_0_0001,stay,False,hedge_margin_too_small,nan,0.01,"Stay because candidate Hedge weight advantage is too small: margin=nan, threshold=0.0100."
35327,275,sgd_lr_0_0005,sgd_lr_0_0001,stay,False,hedge_margin_too_small,nan,0.01,"Stay because candidate Hedge weight advantage is too small: margin=nan, threshold=0.0100."
35455,276,sgd_lr_0_0005,sgd_lr_0_0001,stay,False,hedge_margin_too_small,nan,0.01,"Stay because candidate Hedge weight advantage is too small: margin=nan, threshold=0.0100."
35583,277,sgd_lr_0_0005,sgd_lr_0_0001,stay,False,hedge_margin_too_small,nan,0.01,"Stay because candidate Hedge weight advantage is too small: margin=nan, threshold=0.0100."
35711,278,sgd_lr_0_0005,sgd_lr_0_0001,stay,False,hedge_margin_too_small,nan,0.01,"Stay because candidate Hedge weight advantage is too small: margin=nan, threshold=0.0100."
35839,279,sgd_lr_0_0005,sgd_lr_0_0001,stay,False,hedge_margin_too_small,nan,0.01,"Stay because candidate Hedge weight advantage is too small: margin=nan, threshold=0.0100."
35967,280,sgd_lr_0_0005,sgd_lr_0_0001,stay,False,hedge_margin_too_small,nan,0.01,"Stay because candidate Hedge weight advantage is too small: margin=nan, threshold=0.0100."
36095,281,sgd_lr_0_0005,sgd_lr_0_0001,stay,False,hedge_margin_too_small,nan,0.01,"Stay because candidate Hedge weight advantage is too small: margin=nan, threshold=0.0100."
36223,282,sgd_lr_0_0005,sgd_lr_0_0001,stay,False,hedge_margin_too_small,nan,0.01,"Stay because candidate Hedge weight advantage is too small: margin=nan, threshold=0.0100."
36351,283,sgd_lr_0_0005,sgd_lr_0_0001,stay,False,hedge_margin_too_small,nan,0.01,"Stay because candidate Hedge weight advantage is too small: margin=nan, threshold=0.0100."
36479,284,sgd_lr_0_0005,sgd_lr_0_0001,stay,False,hedge_margin_too_small,nan,0.01,"Stay because candidate Hedge weight advantage is too small: margin=nan, threshold=0.0100."
36607,285,sgd_lr_0_0005,sgd_lr_0_0001,stay,False,hedge_margin_too_small,nan,0.01,"Stay because candidate Hedge weight advantage is too small: margin=nan, threshold=0.0100."
36735,286,sgd_lr_0_0005,sgd_lr_0_0001,stay,False,hedge_margin_too_small,nan,0.01,"Stay because candidate Hedge weight advantage is too small: margin=nan, threshold=0.0100."
36863,287,sgd_lr_0_0005,sgd_lr_0_0001,stay,False,hedge_margin_too_small,nan,0.01,"Stay because candidate Hedge weight advantage is too small: margin=nan, threshold=0.0100."
36991,288,sgd_lr_0_0005,sgd_lr_0_0001,stay,False,hedge_margin_too_small,nan,0.01,"Stay because candidate Hedge weight advantage is too small: margin=nan, threshold=0.0100."
37119,289,sgd_lr_0_0005,sgd_lr_0_0001,stay,False,hedge_margin_too_small,nan,0.01,"Stay because candidate Hedge weight advantage is too small: margin=nan, threshold=0.0100."
37247,290,sgd_lr_0_0005,sgd_lr_0_0001,stay,False,hedge_margin_too_small,nan,0.01,"Stay because candidate Hedge weight advantage is too small: margin=nan, threshold=0.0100."
37375,291,sgd_lr_0_0005,sgd_lr_0_0001,stay,False,hedge_margin_too_small,nan,0.01,"Stay because candidate Hedge weight advantage is too small: margin=nan, threshold=0.0100."
37503,292,sgd_lr_0_0005,sgd_lr_0_0001,stay,False,hedge_margin_too_small,nan,0.01,"Stay because candidate Hedge weight advantage is too small: margin=nan, threshold=0.0100."
37631,293,sgd_lr_0_0005,sgd_lr_0_0001,stay,False,hedge_margin_too_small,nan,0.01,"Stay because candidate Hedge weight advantage is too small: margin=nan, threshold=0.0100."
37759,294,sgd_lr_0_0005,sgd_lr_0_0001,stay,False,hedge_margin_too_small,nan,0.01,"Stay because candidate Hedge weight advantage is too small: margin=nan, threshold=0.0100."
37887,295,sgd_lr_0_0005,sgd_lr_0_0001,stay,False,hedge_margin_too_small,nan,0.01,"Stay because candidate Hedge weight advantage is too small: margin=nan, threshold=0.0100."
38015,296,sgd_lr_0_0005,sgd_lr_0_0001,stay,False,hedge_margin_too_small,nan,0.01,"Stay because candidate Hedge weight advantage is too small: margin=nan, threshold=0.0100."
38143,297,sgd_lr_0_0005,sgd_lr_0_0001,stay,False,hedge_margin_too_small,nan,0.01,"Stay because candidate Hedge weight advantage is too small: margin=nan, threshold=0.0100."
38271,298,sgd_lr_0_0005,sgd_lr_0_0001,stay,False,hedge_margin_too_small,nan,0.01,"Stay because candidate Hedge weight advantage is too small: margin=nan, threshold=0.0100."
38399,299,sgd_lr_0_0005,sgd_lr_0_0001,stay,False,hedge_margin_too_small,nan,0.01,"Stay because candidate Hedge weight advantage is too small: margin=nan, threshold=0.0100."
38527,300,sgd_lr_0_0005,sgd_lr_0_0001,stay,False,hedge_margin_too_small,nan,0.01,"Stay because candidate Hedge weight advantage is too small: margin=nan, threshold=0.0100."
38655,301,sgd_lr_0_0005,sgd_lr_0_0001,stay,False,hedge_margin_too_small,nan,0.01,"Stay because candidate Hedge weight advantage is too small: margin=nan, threshold=0.0100."
38783,302,sgd_lr_0_0005,sgd_lr_0_0001,stay,False,hedge_margin_too_small,nan,0.01,"Stay because candidate Hedge weight advantage is too small: margin=nan, threshold=0.0100."
38911,303,sgd_lr_0_0005,sgd_lr_0_0001,stay,False,hedge_margin_too_small,nan,0.01,"Stay because candidate Hedge weight advantage is too small: margin=nan, threshold=0.0100."
39039,304,sgd_lr_0_0005,sgd_lr_0_0001,stay,False,hedge_margin_too_small,nan,0.01,"Stay because candidate Hedge weight advantage is too small: margin=nan, threshold=0.0100."
39167,305,sgd_lr_0_0005,sgd_lr_0_0001,stay,False,hedge_margin_too_small,nan,0.01,"Stay because candidate Hedge weight advantage is too small: margin=nan, threshold=0.0100."
39295,306,sgd_lr_0_0005,sgd_lr_0_0001,stay,False,hedge_margin_too_small,nan,0.01,"Stay because candidate Hedge weight advantage is too small: margin=nan, threshold=0.0100."
39423,307,sgd_lr_0_0005,sgd_lr_0_0001,stay,False,hedge_margin_too_small,nan,0.01,"Stay because candidate Hedge weight advantage is too small: margin=nan, threshold=0.0100."
39551,308,sgd_lr_0_0005,sgd_lr_0_0001,stay,False,hedge_margin_too_small,nan,0.01,"Stay because candidate Hedge weight advantage is too small: margin=nan, threshold=0.0100."
39679,309,sgd_lr_0_0005,sgd_lr_0_0001,stay,False,hedge_margin_too_small,nan,0.01,"Stay because candidate Hedge weight advantage is too small: margin=nan, threshold=0.0100."
39807,310,sgd_lr_0_0005,sgd_lr_0_0001,stay,False,hedge_margin_too_small,nan,0.01,"Stay because candidate Hedge weight advantage is too small: margin=nan, threshold=0.0100."
39935,311,sgd_lr_0_0005,sgd_lr_0_0001,stay,False,hedge_margin_too_small,nan,0.01,"Stay because candidate Hedge weight advantage is too small: margin=nan, threshold=0.0100."
40063,312,sgd_lr_0_0005,sgd_lr_0_0001,stay,False,hedge_margin_too_small,nan,0.01,"Stay because candidate Hedge weight advantage is too small: margin=nan, threshold=0.0100."
40191,313,sgd_lr_0_0005,sgd_lr_0_0001,stay,False,hedge_margin_too_small,nan,0.01,"Stay because candidate Hedge weight advantage is too small: margin=nan, threshold=0.0100."
40319,314,sgd_lr_0_0005,sgd_lr_0_0001,stay,False,hedge_margin_too_small,nan,0.01,"Stay because candidate Hedge weight advantage is too small: margin=nan, threshold=0.0100."
40447,315,sgd_lr_0_0005,sgd_lr_0_0001,stay,False,hedge_margin_too_small,nan,0.01,"Stay because candidate Hedge weight advantage is too small: margin=nan, threshold=0.0100."
40575,316,sgd_lr_0_0005,sgd_lr_0_0001,stay,False,hedge_margin_too_small,nan,0.01,"Stay because candidate Hedge weight advantage is too small: margin=nan, threshold=0.0100."
40703,317,sgd_lr_0_0005,sgd_lr_0_0001,stay,False,hedge_margin_too_small,nan,0.01,"Stay because candidate Hedge weight advantage is too small: margin=nan, threshold=0.0100."
40831,318,sgd_lr_0_0005,sgd_lr_0_0001,stay,False,hedge_margin_too_small,nan,0.01,"Stay because candidate Hedge weight advantage is too small: margin=nan, threshold=0.0100."
40959,319,sgd_lr_0_0005,sgd_lr_0_0001,stay,False,hedge_margin_too_small,nan,0.01,"Stay because candidate Hedge weight advantage is too small: margin=nan, threshold=0.0100."
41087,320,sgd_lr_0_0005,sgd_lr_0_0001,stay,False,hedge_margin_too_small,nan,0.01,"Stay because candidate Hedge weight advantage is too small: margin=nan, threshold=0.0100."
41215,321,sgd_lr_0_0005,sgd_lr_0_0001,stay,False,hedge_margin_too_small,nan,0.01,"Stay because candidate Hedge weight advantage is too small: margin=nan, threshold=0.0100."
41343,322,sgd_lr_0_0005,sgd_lr_0_0001,stay,False,hedge_margin_too_small,nan,0.01,"Stay because candidate Hedge weight advantage is too small: margin=nan, threshold=0.0100."
41471,323,sgd_lr_0_0005,sgd_lr_0_0001,stay,False,hedge_margin_too_small,nan,0.01,"Stay because candidate Hedge weight advantage is too small: margin=nan, threshold=0.0100."
41599,324,sgd_lr_0_0005,sgd_lr_0_0001,stay,False,hedge_margin_too_small,nan,0.01,"Stay because candidate Hedge weight advantage is too small: margin=nan, threshold=0.0100."
41727,325,sgd_lr_0_0005,sgd_lr_0_0001,stay,False,hedge_margin_too_small,nan,0.01,"Stay because candidate Hedge weight advantage is too small: margin=nan, threshold=0.0100."
41855,326,sgd_lr_0_0005,sgd_lr_0_0001,stay,False,hedge_margin_too_small,nan,0.01,"Stay because candidate Hedge weight advantage is too small: margin=nan, threshold=0.0100."
41983,327,sgd_lr_0_0005,sgd_lr_0_0001,stay,False,hedge_margin_too_small,nan,0.01,"Stay because candidate Hedge weight advantage is too small: margin=nan, threshold=0.0100."
42111,328,sgd_lr_0_0005,sgd_lr_0_0001,stay,False,hedge_margin_too_small,nan,0.01,"Stay because candidate Hedge weight advantage is too small: margin=nan, threshold=0.0100."
42239,329,sgd_lr_0_0005,sgd_lr_0_0001,stay,False,hedge_margin_too_small,nan,0.01,"Stay because candidate Hedge weight advantage is too small: margin=nan, threshold=0.0100."
42367,330,sgd_lr_0_0005,sgd_lr_0_0001,stay,False,hedge_margin_too_small,nan,0.01,"Stay because candidate Hedge weight advantage is too small: margin=nan, threshold=0.0100."
42495,331,sgd_lr_0_0005,sgd_lr_0_0001,stay,False,hedge_margin_too_small,nan,0.01,"Stay because candidate Hedge weight advantage is too small: margin=nan, threshold=0.0100."
42623,332,sgd_lr_0_0005,sgd_lr_0_0001,stay,False,hedge_margin_too_small,nan,0.01,"Stay because candidate Hedge weight advantage is too small: margin=nan, threshold=0.0100."
42751,333,sgd_lr_0_0005,sgd_lr_0_0001,stay,False,hedge_margin_too_small,nan,0.01,"Stay because candidate Hedge weight advantage is too small: margin=nan, threshold=0.0100."
42879,334,sgd_lr_0_0005,sgd_lr_0_0001,stay,False,hedge_margin_too_small,nan,0.01,"Stay because candidate Hedge weight advantage is too small: margin=nan, threshold=0.0100."
43007,335,sgd_lr_0_0005,sgd_lr_0_0001,stay,False,hedge_margin_too_small,nan,0.01,"Stay because candidate Hedge weight advantage is too small: margin=nan, threshold=0.0100."
43135,336,sgd_lr_0_0005,sgd_lr_0_0001,stay,False,hedge_margin_too_small,nan,0.01,"Stay because candidate Hedge weight advantage is too small: margin=nan, threshold=0.0100."
43263,337,sgd_lr_0_0005,sgd_lr_0_0001,stay,False,hedge_margin_too_small,nan,0.01,"Stay because candidate Hedge weight advantage is too small: margin=nan, threshold=0.0100."
43391,338,sgd_lr_0_0005,sgd_lr_0_0001,stay,False,hedge_margin_too_small,nan,0.01,"Stay because candidate Hedge weight advantage is too small: margin=nan, threshold=0.0100."
43519,339,sgd_lr_0_0005,sgd_lr_0_0001,stay,False,hedge_margin_too_small,nan,0.01,"Stay because candidate Hedge weight advantage is too small: margin=nan, threshold=0.0100."
43647,340,sgd_lr_0_0005,sgd_lr_0_0001,stay,False,hedge_margin_too_small,nan,0.01,"Stay because candidate Hedge weight advantage is too small: margin=nan, threshold=0.0100."
43775,341,sgd_lr_0_0005,sgd_lr_0_0001,stay,False,hedge_margin_too_small,nan,0.01,"Stay because candidate Hedge weight advantage is too small: margin=nan, threshold=0.0100."
43903,342,sgd_lr_0_0005,sgd_lr_0_0001,stay,False,hedge_margin_too_small,nan,0.01,"Stay because candidate Hedge weight advantage is too small: margin=nan, threshold=0.0100."
44031,343,sgd_lr_0_0005,sgd_lr_0_0001,stay,False,hedge_margin_too_small,nan,0.01,"Stay because candidate Hedge weight advantage is too small: margin=nan, threshold=0.0100."
44159,344,sgd_lr_0_0005,sgd_lr_0_0001,stay,False,hedge_margin_too_small,nan,0.01,"Stay because candidate Hedge weight advantage is too small: margin=nan, threshold=0.0100."
44287,345,sgd_lr_0_0005,sgd_lr_0_0001,stay,False,hedge_margin_too_small,nan,0.01,"Stay because candidate Hedge weight advantage is too small: margin=nan, threshold=0.0100."
44415,346,sgd_lr_0_0005,sgd_lr_0_0001,stay,False,hedge_margin_too_small,nan,0.01,"Stay because candidate Hedge weight advantage is too small: margin=nan, threshold=0.0100."
44543,347,sgd_lr_0_0005,sgd_lr_0_0001,stay,False,hedge_margin_too_small,nan,0.01,"Stay because candidate Hedge weight advantage is too small: margin=nan, threshold=0.0100."
44671,348,sgd_lr_0_0005,sgd_lr_0_0001,stay,False,hedge_margin_too_small,nan,0.01,"Stay because candidate Hedge weight advantage is too small: margin=nan, threshold=0.0100."
44799,349,sgd_lr_0_0005,sgd_lr_0_0001,stay,False,hedge_margin_too_small,nan,0.01,"Stay because candidate Hedge weight advantage is too small: margin=nan, threshold=0.0100."
44927,350,sgd_lr_0_0005,sgd_lr_0_0001,stay,False,hedge_margin_too_small,nan,0.01,"Stay because candidate Hedge weight advantage is too small: margin=nan, threshold=0.0100."
45055,351,sgd_lr_0_0005,sgd_lr_0_0001,stay,False,hedge_margin_too_small,nan,0.01,"Stay because candidate Hedge weight advantage is too small: margin=nan, threshold=0.0100."
45183,352,sgd_lr_0_0005,sgd_lr_0_0001,stay,False,hedge_margin_too_small,nan,0.01,"Stay because candidate Hedge weight advantage is too small: margin=nan, threshold=0.0100."
45311,353,sgd_lr_0_0005,sgd_lr_0_0001,stay,False,hedge_margin_too_small,nan,0.01,"Stay because candidate Hedge weight advantage is too small: margin=nan, threshold=0.0100."
45439,354,sgd_lr_0_0005,sgd_lr_0_0001,stay,False,hedge_margin_too_small,nan,0.01,"Stay because candidate Hedge weight advantage is too small: margin=nan, threshold=0.0100."
45567,355,sgd_lr_0_0005,sgd_lr_0_0001,stay,False,hedge_margin_too_small,nan,0.01,"Stay because candidate Hedge weight advantage is too small: margin=nan, threshold=0.0100."
45695,356,sgd_lr_0_0005,sgd_lr_0_0001,stay,False,hedge_margin_too_small,nan,0.01,"Stay because candidate Hedge weight advantage is too small: margin=nan, threshold=0.0100."
45823,357,sgd_lr_0_0005,sgd_lr_0_0001,stay,False,hedge_margin_too_small,nan,0.01,"Stay because candidate Hedge weight advantage is too small: margin=nan, threshold=0.0100."
45951,358,sgd_lr_0_0005,sgd_lr_0_0001,stay,False,hedge_margin_too_small,nan,0.01,"Stay because candidate Hedge weight advantage is too small: margin=nan, threshold=0.0100."
46079,359,sgd_lr_0_0005,sgd_lr_0_0001,stay,False,hedge_margin_too_small,nan,0.01,"Stay because candidate Hedge weight advantage is too small: margin=nan, threshold=0.0100."
46207,360,sgd_lr_0_0005,sgd_lr_0_0001,stay,False,hedge_margin_too_small,nan,0.01,"Stay because candidate Hedge weight advantage is too small: margin=nan, threshold=0.0100."
46335,361,sgd_lr_0_0005,sgd_lr_0_0001,stay,False,hedge_margin_too_small,nan,0.01,"Stay because candidate Hedge weight advantage is too small: margin=nan, threshold=0.0100."
46463,362,sgd_lr_0_0005,sgd_lr_0_0001,stay,False,hedge_margin_too_small,nan,0.01,"Stay because candidate Hedge weight advantage is too small: margin=nan, threshold=0.0100."
46591,363,sgd_lr_0_0005,sgd_lr_0_0001,stay,False,hedge_margin_too_small,nan,0.01,"Stay because candidate Hedge weight advantage is too small: margin=nan, threshold=0.0100."
46719,364,sgd_lr_0_0005,sgd_lr_0_0001,stay,False,hedge_margin_too_small,nan,0.01,"Stay because candidate Hedge weight advantage is too small: margin=nan, threshold=0.0100."
46847,365,sgd_lr_0_0005,sgd_lr_0_0001,stay,False,hedge_margin_too_small,nan,0.01,"Stay because candidate Hedge weight advantage is too small: margin=nan, threshold=0.0100."
46975,366,sgd_lr_0_0005,sgd_lr_0_0001,stay,False,hedge_margin_too_small,nan,0.01,"Stay because candidate Hedge weight advantage is too small: margin=nan, threshold=0.0100."
47103,367,sgd_lr_0_0005,sgd_lr_0_0001,stay,False,hedge_margin_too_small,nan,0.01,"Stay because candidate Hedge weight advantage is too small: margin=nan, threshold=0.0100."
47231,368,sgd_lr_0_0005,sgd_lr_0_0001,stay,False,hedge_margin_too_small,nan,0.01,"Stay because candidate Hedge weight advantage is too small: margin=nan, threshold=0.0100."
47359,369,sgd_lr_0_0005,sgd_lr_0_0001,stay,False,hedge_margin_too_small,nan,0.01,"Stay because candidate Hedge weight advantage is too small: margin=nan, threshold=0.0100."
47487,370,sgd_lr_0_0005,sgd_lr_0_0001,stay,False,hedge_margin_too_small,nan,0.01,"Stay because candidate Hedge weight advantage is too small: margin=nan, threshold=0.0100."
47615,371,sgd_lr_0_0005,sgd_lr_0_0001,stay,False,hedge_margin_too_small,nan,0.01,"Stay because candidate Hedge weight advantage is too small: margin=nan, threshold=0.0100."
47743,372,sgd_lr_0_0005,sgd_lr_0_0001,stay,False,hedge_margin_too_small,nan,0.01,"Stay because candidate Hedge weight advantage is too small: margin=nan, threshold=0.0100."
47871,373,sgd_lr_0_0005,sgd_lr_0_0001,stay,False,hedge_margin_too_small,nan,0.01,"Stay because candidate Hedge weight advantage is too small: margin=nan, threshold=0.0100."
47999,374,sgd_lr_0_0005,sgd_lr_0_0001,stay,False,hedge_margin_too_small,nan,0.01,"Stay because candidate Hedge weight advantage is too small: margin=nan, threshold=0.0100."
48127,375,sgd_lr_0_0005,sgd_lr_0_0001,stay,False,hedge_margin_too_small,nan,0.01,"Stay because candidate Hedge weight advantage is too small: margin=nan, threshold=0.0100."
48255,376,sgd_lr_0_0005,sgd_lr_0_0001,stay,False,hedge_margin_too_small,nan,0.01,"Stay because candidate Hedge weight advantage is too small: margin=nan, threshold=0.0100."
48383,377,sgd_lr_0_0005,sgd_lr_0_0001,stay,False,hedge_margin_too_small,nan,0.01,"Stay because candidate Hedge weight advantage is too small: margin=nan, threshold=0.0100."
48511,378,sgd_lr_0_0005,sgd_lr_0_0001,stay,False,hedge_margin_too_small,nan,0.01,"Stay because candidate Hedge weight advantage is too small: margin=nan, threshold=0.0100."
48639,379,sgd_lr_0_0005,sgd_lr_0_0001,stay,False,hedge_margin_too_small,nan,0.01,"Stay because candidate Hedge weight advantage is too small: margin=nan, threshold=0.0100."
48767,380,sgd_lr_0_0005,sgd_lr_0_0001,stay,False,hedge_margin_too_small,nan,0.01,"Stay because candidate Hedge weight advantage is too small: margin=nan, threshold=0.0100."
48895,381,sgd_lr_0_0005,sgd_lr_0_0001,stay,False,hedge_margin_too_small,nan,0.01,"Stay because candidate Hedge weight advantage is too small: margin=nan, threshold=0.0100."
49023,382,sgd_lr_0_0005,sgd_lr_0_0001,stay,False,hedge_margin_too_small,nan,0.01,"Stay because candidate Hedge weight advantage is too small: margin=nan, threshold=0.0100."
49151,383,sgd_lr_0_0005,sgd_lr_0_0001,stay,False,hedge_margin_too_small,nan,0.01,"Stay because candidate Hedge weight advantage is too small: margin=nan, threshold=0.0100."
49279,384,sgd_lr_0_0005,sgd_lr_0_0001,stay,False,hedge_margin_too_small,nan,0.01,"Stay because candidate Hedge weight advantage is too small: margin=nan, threshold=0.0100."
49407,385,sgd_lr_0_0005,sgd_lr_0_0001,stay,False,hedge_margin_too_small,nan,0.01,"Stay because candidate Hedge weight advantage is too small: margin=nan, threshold=0.0100."
49535,386,sgd_lr_0_0005,sgd_lr_0_0001,stay,False,hedge_margin_too_small,nan,0.01,"Stay because candidate Hedge weight advantage is too small: margin=nan, threshold=0.0100."
49663,387,sgd_lr_0_0005,sgd_lr_0_0001,stay,False,hedge_margin_too_small,nan,0.01,"Stay because candidate Hedge weight advantage is too small: margin=nan, threshold=0.0100."
49791,388,sgd_lr_0_0005,sgd_lr_0_0001,stay,False,hedge_margin_too_small,nan,0.01,"Stay because candidate Hedge weight advantage is too small: margin=nan, threshold=0.0100."
49919,389,sgd_lr_0_0005,sgd_lr_0_0001,stay,False,hedge_margin_too_small,nan,0.01,"Stay because candidate Hedge weight advantage is too small: margin=nan, threshold=0.0100."
50047,390,sgd_lr_0_0005,sgd_lr_0_0001,stay,False,hedge_margin_too_small,nan,0.01,"Stay because candidate Hedge weight advantage is too small: margin=nan, threshold=0.0100."
50175,391,sgd_lr_0_0005,sgd_lr_0_0001,stay,False,hedge_margin_too_small,nan,0.01,"Stay because candidate Hedge weight advantage is too small: margin=nan, threshold=0.0100."
50303,392,sgd_lr_0_0005,sgd_lr_0_0001,stay,False,hedge_margin_too_small,nan,0.01,"Stay because candidate Hedge weight advantage is too small: margin=nan, threshold=0.0100."
50431,393,sgd_lr_0_0005,sgd_lr_0_0001,stay,False,hedge_margin_too_small,nan,0.01,"Stay because candidate Hedge weight advantage is too small: margin=nan, threshold=0.0100."
50559,394,sgd_lr_0_0005,sgd_lr_0_0001,stay,False,hedge_margin_too_small,nan,0.01,"Stay because candidate Hedge weight advantage is too small: margin=nan, threshold=0.0100."
50687,395,sgd_lr_0_0005,sgd_lr_0_0001,stay,False,hedge_margin_too_small,nan,0.01,"Stay because candidate Hedge weight advantage is too small: margin=nan, threshold=0.0100."
50815,396,sgd_lr_0_0005,sgd_lr_0_0001,stay,False,hedge_margin_too_small,nan,0.01,"Stay because candidate Hedge weight advantage is too small: margin=nan, threshold=0.0100."
50943,397,sgd_lr_0_0005,sgd_lr_0_0001,stay,False,hedge_margin_too_small,nan,0.01,"Stay because candidate Hedge weight advantage is too small: margin=nan, threshold=0.0100."
51071,398,sgd_lr_0_0005,sgd_lr_0_0001,stay,False,hedge_margin_too_small,nan,0.01,"Stay because candidate Hedge weight advantage is too small: margin=nan, threshold=0.0100."
51199,399,sgd_lr_0_0005,sgd_lr_0_0001,stay,False,hedge_margin_too_small,nan,0.01,"Stay because candidate Hedge weight advantage is too small: margin=nan, threshold=0.0100."
51327,400,sgd_lr_0_0005,sgd_lr_0_0001,stay,False,hedge_margin_too_small,nan,0.01,"Stay because candidate Hedge weight advantage is too small: margin=nan, threshold=0.0100."
51455,401,sgd_lr_0_0005,sgd_lr_0_0001,stay,False,hedge_margin_too_small,nan,0.01,"Stay because candidate Hedge weight advantage is too small: margin=nan, threshold=0.0100."
51583,402,sgd_lr_0_0005,sgd_lr_0_0001,stay,False,hedge_margin_too_small,nan,0.01,"Stay because candidate Hedge weight advantage is too small: margin=nan, threshold=0.0100."
51711,403,sgd_lr_0_0005,sgd_lr_0_0001,stay,False,hedge_margin_too_small,nan,0.01,"Stay because candidate Hedge weight advantage is too small: margin=nan, threshold=0.0100."
51839,404,sgd_lr_0_0005,sgd_lr_0_0001,stay,False,hedge_margin_too_small,nan,0.01,"Stay because candidate Hedge weight advantage is too small: margin=nan, threshold=0.0100."
51967,405,sgd_lr_0_0005,sgd_lr_0_0001,stay,False,hedge_margin_too_small,nan,0.01,"Stay because candidate Hedge weight advantage is too small: margin=nan, threshold=0.0100."
52095,406,sgd_lr_0_0005,sgd_lr_0_0001,stay,False,hedge_margin_too_small,nan,0.01,"Stay because candidate Hedge weight advantage is too small: margin=nan, threshold=0.0100."
52223,407,sgd_lr_0_0005,sgd_lr_0_0001,stay,False,hedge_margin_too_small,nan,0.01,"Stay because candidate Hedge weight advantage is too small: margin=nan, threshold=0.0100."
52351,408,sgd_lr_0_0005,sgd_lr_0_0001,stay,False,hedge_margin_too_small,nan,0.01,"Stay because candidate Hedge weight advantage is too small: margin=nan, threshold=0.0100."
52479,409,sgd_lr_0_0005,sgd_lr_0_0001,stay,False,hedge_margin_too_small,nan,0.01,"Stay because candidate Hedge weight advantage is too small: margin=nan, threshold=0.0100."
52607,410,sgd_lr_0_0005,sgd_lr_0_0001,stay,False,hedge_margin_too_small,nan,0.01,"Stay because candidate Hedge weight advantage is too small: margin=nan, threshold=0.0100."
52735,411,sgd_lr_0_0005,sgd_lr_0_0001,stay,False,hedge_margin_too_small,nan,0.01,"Stay because candidate Hedge weight advantage is too small: margin=nan, threshold=0.0100."
52863,412,sgd_lr_0_0005,sgd_lr_0_0001,stay,False,hedge_margin_too_small,nan,0.01,"Stay because candidate Hedge weight advantage is too small: margin=nan, threshold=0.0100."
52991,413,sgd_lr_0_0005,sgd_lr_0_0001,stay,False,hedge_margin_too_small,nan,0.01,"Stay because candidate Hedge weight advantage is too small: margin=nan, threshold=0.0100."
53119,414,sgd_lr_0_0005,sgd_lr_0_0001,stay,False,hedge_margin_too_small,nan,0.01,"Stay because candidate Hedge weight advantage is too small: margin=nan, threshold=0.0100."
53247,415,sgd_lr_0_0005,sgd_lr_0_0001,stay,False,hedge_margin_too_small,nan,0.01,"Stay because candidate Hedge weight advantage is too small: margin=nan, threshold=0.0100."
53375,416,sgd_lr_0_0005,sgd_lr_0_0001,stay,False,hedge_margin_too_small,nan,0.01,"Stay because candidate Hedge weight advantage is too small: margin=nan, threshold=0.0100."
53503,417,sgd_lr_0_0005,sgd_lr_0_0001,stay,False,hedge_margin_too_small,nan,0.01,"Stay because candidate Hedge weight advantage is too small: margin=nan, threshold=0.0100."
53631,418,sgd_lr_0_0005,sgd_lr_0_0001,stay,False,hedge_margin_too_small,nan,0.01,"Stay because candidate Hedge weight advantage is too small: margin=nan, threshold=0.0100."
53759,419,sgd_lr_0_0005,sgd_lr_0_0001,stay,False,hedge_margin_too_small,nan,0.01,"Stay because candidate Hedge weight advantage is too small: margin=nan, threshold=0.0100."
53887,420,sgd_lr_0_0005,sgd_lr_0_0001,stay,False,hedge_margin_too_small,nan,0.01,"Stay because candidate Hedge weight advantage is too small: margin=nan, threshold=0.0100."
54015,421,sgd_lr_0_0005,sgd_lr_0_0001,stay,False,hedge_margin_too_small,nan,0.01,"Stay because candidate Hedge weight advantage is too small: margin=nan, threshold=0.0100."
54143,422,sgd_lr_0_0005,sgd_lr_0_0001,stay,False,hedge_margin_too_small,nan,0.01,"Stay because candidate Hedge weight advantage is too small: margin=nan, threshold=0.0100."
54271,423,sgd_lr_0_0005,sgd_lr_0_0001,stay,False,hedge_margin_too_small,nan,0.01,"Stay because candidate Hedge weight advantage is too small: margin=nan, threshold=0.0100."
54399,424,sgd_lr_0_0005,sgd_lr_0_0001,stay,False,hedge_margin_too_small,nan,0.01,"Stay because candidate Hedge weight advantage is too small: margin=nan, threshold=0.0100."
54527,425,sgd_lr_0_0005,sgd_lr_0_0001,stay,False,hedge_margin_too_small,nan,0.01,"Stay because candidate Hedge weight advantage is too small: margin=nan, threshold=0.0100."
54655,426,sgd_lr_0_0005,sgd_lr_0_0001,stay,False,hedge_margin_too_small,nan,0.01,"Stay because candidate Hedge weight advantage is too small: margin=nan, threshold=0.0100."
54783,427,sgd_lr_0_0005,sgd_lr_0_0001,stay,False,hedge_margin_too_small,nan,0.01,"Stay because candidate Hedge weight advantage is too small: margin=nan, threshold=0.0100."
54911,428,sgd_lr_0_0005,sgd_lr_0_0001,stay,False,hedge_margin_too_small,nan,0.01,"Stay because candidate Hedge weight advantage is too small: margin=nan, threshold=0.0100."
55039,429,sgd_lr_0_0005,sgd_lr_0_0001,stay,False,hedge_margin_too_small,nan,0.01,"Stay because candidate Hedge weight advantage is too small: margin=nan, threshold=0.0100."
55167,430,sgd_lr_0_0005,sgd_lr_0_0001,stay,False,hedge_margin_too_small,nan,0.01,"Stay because candidate Hedge weight advantage is too small: margin=nan, threshold=0.0100."
55295,431,sgd_lr_0_0005,sgd_lr_0_0001,stay,False,hedge_margin_too_small,nan,0.01,"Stay because candidate Hedge weight advantage is too small: margin=nan, threshold=0.0100."
55423,432,sgd_lr_0_0005,sgd_lr_0_0001,stay,False,hedge_margin_too_small,nan,0.01,"Stay because candidate Hedge weight advantage is too small: margin=nan, threshold=0.0100."
55551,433,sgd_lr_0_0005,sgd_lr_0_0001,stay,False,hedge_margin_too_small,nan,0.01,"Stay because candidate Hedge weight advantage is too small: margin=nan, threshold=0.0100."
55679,434,sgd_lr_0_0005,sgd_lr_0_0001,stay,False,hedge_margin_too_small,nan,0.01,"Stay because candidate Hedge weight advantage is too small: margin=nan, threshold=0.0100."
55807,435,sgd_lr_0_0005,sgd_lr_0_0001,stay,False,hedge_margin_too_small,nan,0.01,"Stay because candidate Hedge weight advantage is too small: margin=nan, threshold=0.0100."
55935,436,sgd_lr_0_0005,sgd_lr_0_0001,stay,False,hedge_margin_too_small,nan,0.01,"Stay because candidate Hedge weight advantage is too small: margin=nan, threshold=0.0100."
56063,437,sgd_lr_0_0005,sgd_lr_0_0001,stay,False,hedge_margin_too_small,nan,0.01,"Stay because candidate Hedge weight advantage is too small: margin=nan, threshold=0.0100."
56191,438,sgd_lr_0_0005,sgd_lr_0_0001,stay,False,hedge_margin_too_small,nan,0.01,"Stay because candidate Hedge weight advantage is too small: margin=nan, threshold=0.0100."
56319,439,sgd_lr_0_0005,sgd_lr_0_0001,stay,False,hedge_margin_too_small,nan,0.01,"Stay because candidate Hedge weight advantage is too small: margin=nan, threshold=0.0100."
56447,440,sgd_lr_0_0005,sgd_lr_0_0001,stay,False,hedge_margin_too_small,nan,0.01,"Stay because candidate Hedge weight advantage is too small: margin=nan, threshold=0.0100."
56575,441,sgd_lr_0_0005,sgd_lr_0_0001,stay,False,hedge_margin_too_small,nan,0.01,"Stay because candidate Hedge weight advantage is too small: margin=nan, threshold=0.0100."
56703,442,sgd_lr_0_0005,sgd_lr_0_0001,stay,False,hedge_margin_too_small,nan,0.01,"Stay because candidate Hedge weight advantage is too small: margin=nan, threshold=0.0100."
56831,443,sgd_lr_0_0005,sgd_lr_0_0001,stay,False,hedge_margin_too_small,nan,0.01,"Stay because candidate Hedge weight advantage is too small: margin=nan, threshold=0.0100."
56959,444,sgd_lr_0_0005,sgd_lr_0_0001,stay,False,hedge_margin_too_small,nan,0.01,"Stay because candidate Hedge weight advantage is too small: margin=nan, threshold=0.0100."
57087,445,sgd_lr_0_0005,sgd_lr_0_0001,stay,False,hedge_margin_too_small,nan,0.01,"Stay because candidate Hedge weight advantage is too small: margin=nan, threshold=0.0100."
57215,446,sgd_lr_0_0005,sgd_lr_0_0001,stay,False,hedge_margin_too_small,nan,0.01,"Stay because candidate Hedge weight advantage is too small: margin=nan, threshold=0.0100."
57343,447,sgd_lr_0_0005,sgd_lr_0_0001,stay,False,hedge_margin_too_small,nan,0.01,"Stay because candidate Hedge weight advantage is too small: margin=nan, threshold=0.0100."
57471,448,sgd_lr_0_0005,sgd_lr_0_0001,stay,False,hedge_margin_too_small,nan,0.01,"Stay because candidate Hedge weight advantage is too small: margin=nan, threshold=0.0100."
57599,449,sgd_lr_0_0005,sgd_lr_0_0001,stay,False,hedge_margin_too_small,nan,0.01,"Stay because candidate Hedge weight advantage is too small: margin=nan, threshold=0.0100."
57727,450,sgd_lr_0_0005,sgd_lr_0_0001,stay,False,hedge_margin_too_small,nan,0.01,"Stay because candidate Hedge weight advantage is too small: margin=nan, threshold=0.0100."
57855,451,sgd_lr_0_0005,sgd_lr_0_0001,stay,False,hedge_margin_too_small,nan,0.01,"Stay because candidate Hedge weight advantage is too small: margin=nan, threshold=0.0100."
57983,452,sgd_lr_0_0005,sgd_lr_0_0001,stay,False,hedge_margin_too_small,nan,0.01,"Stay because candidate Hedge weight advantage is too small: margin=nan, threshold=0.0100."
58111,453,sgd_lr_0_0005,sgd_lr_0_0001,stay,False,hedge_margin_too_small,nan,0.01,"Stay because candidate Hedge weight advantage is too small: margin=nan, threshold=0.0100."
58239,454,sgd_lr_0_0005,sgd_lr_0_0001,stay,False,hedge_margin_too_small,nan,0.01,"Stay because candidate Hedge weight advantage is too small: margin=nan, threshold=0.0100."
58367,455,sgd_lr_0_0005,sgd_lr_0_0001,stay,False,hedge_margin_too_small,nan,0.01,"Stay because candidate Hedge weight advantage is too small: margin=nan, threshold=0.0100."
58495,456,sgd_lr_0_0005,sgd_lr_0_0001,stay,False,hedge_margin_too_small,nan,0.01,"Stay because candidate Hedge weight advantage is too small: margin=nan, threshold=0.0100."
58623,457,sgd_lr_0_0005,sgd_lr_0_0001,stay,False,hedge_margin_too_small,nan,0.01,"Stay because candidate Hedge weight advantage is too small: margin=nan, threshold=0.0100."
58751,458,sgd_lr_0_0005,sgd_lr_0_0001,stay,False,hedge_margin_too_small,nan,0.01,"Stay because candidate Hedge weight advantage is too small: margin=nan, threshold=0.0100."
58879,459,sgd_lr_0_0005,sgd_lr_0_0001,stay,False,hedge_margin_too_small,nan,0.01,"Stay because candidate Hedge weight advantage is too small: margin=nan, threshold=0.0100."
59007,460,sgd_lr_0_0005,sgd_lr_0_0001,stay,False,hedge_margin_too_small,nan,0.01,"Stay because candidate Hedge weight advantage is too small: margin=nan, threshold=0.0100."
59135,461,sgd_lr_0_0005,sgd_lr_0_0001,stay,False,hedge_margin_too_small,nan,0.01,"Stay because candidate Hedge weight advantage is too small: margin=nan, threshold=0.0100."
59263,462,sgd_lr_0_0005,sgd_lr_0_0001,stay,False,hedge_margin_too_small,nan,0.01,"Stay because candidate Hedge weight advantage is too small: margin=nan, threshold=0.0100."
59391,463,sgd_lr_0_0005,sgd_lr_0_0001,stay,False,hedge_margin_too_small,nan,0.01,"Stay because candidate Hedge weight advantage is too small: margin=nan, threshold=0.0100."
59519,464,sgd_lr_0_0005,sgd_lr_0_0001,stay,False,hedge_margin_too_small,nan,0.01,"Stay because candidate Hedge weight advantage is too small: margin=nan, threshold=0.0100."
59647,465,sgd_lr_0_0005,sgd_lr_0_0001,stay,False,hedge_margin_too_small,nan,0.01,"Stay because candidate Hedge weight advantage is too small: margin=nan, threshold=0.0100."
59775,466,sgd_lr_0_0005,sgd_lr_0_0001,stay,False,hedge_margin_too_small,nan,0.01,"Stay because candidate Hedge weight advantage is too small: margin=nan, threshold=0.0100."
59903,467,sgd_lr_0_0005,sgd_lr_0_0001,stay,False,hedge_margin_too_small,nan,0.01,"Stay because candidate Hedge weight advantage is too small: margin=nan, threshold=0.0100."
60031,468,sgd_lr_0_0005,sgd_lr_0_0001,stay,False,hedge_margin_too_small,nan,0.01,"Stay because candidate Hedge weight advantage is too small: margin=nan, threshold=0.0100."
60159,469,sgd_lr_0_0005,sgd_lr_0_0001,stay,False,hedge_margin_too_small,nan,0.01,"Stay because candidate Hedge weight advantage is too small: margin=nan, threshold=0.0100."
60287,470,sgd_lr_0_0005,sgd_lr_0_0001,stay,False,hedge_margin_too_small,nan,0.01,"Stay because candidate Hedge weight advantage is too small: margin=nan, threshold=0.0100."
60415,471,sgd_lr_0_0005,sgd_lr_0_0001,stay,False,hedge_margin_too_small,nan,0.01,"Stay because candidate Hedge weight advantage is too small: margin=nan, threshold=0.0100."
60543,472,sgd_lr_0_0005,sgd_lr_0_0001,stay,False,hedge_margin_too_small,nan,0.01,"Stay because candidate Hedge weight advantage is too small: margin=nan, threshold=0.0100."
60671,473,sgd_lr_0_0005,sgd_lr_0_0001,stay,False,hedge_margin_too_small,nan,0.01,"Stay because candidate Hedge weight advantage is too small: margin=nan, threshold=0.0100."
60799,474,sgd_lr_0_0005,sgd_lr_0_0001,stay,False,hedge_margin_too_small,nan,0.01,"Stay because candidate Hedge weight advantage is too small: margin=nan, threshold=0.0100."
60927,475,sgd_lr_0_0005,sgd_lr_0_0001,stay,False,hedge_margin_too_small,nan,0.01,"Stay because candidate Hedge weight advantage is too small: margin=nan, threshold=0.0100."
61055,476,sgd_lr_0_0005,sgd_lr_0_0001,stay,False,hedge_margin_too_small,nan,0.01,"Stay because candidate Hedge weight advantage is too small: margin=nan, threshold=0.0100."
61183,477,sgd_lr_0_0005,sgd_lr_0_0001,stay,False,hedge_margin_too_small,nan,0.01,"Stay because candidate Hedge weight advantage is too small: margin=nan, threshold=0.0100."
61311,478,sgd_lr_0_0005,sgd_lr_0_0001,stay,False,hedge_margin_too_small,nan,0.01,"Stay because candidate Hedge weight advantage is too small: margin=nan, threshold=0.0100."
61439,479,sgd_lr_0_0005,sgd_lr_0_0001,stay,False,hedge_margin_too_small,nan,0.01,"Stay because candidate Hedge weight advantage is too small: margin=nan, threshold=0.0100."
61567,480,sgd_lr_0_0005,sgd_lr_0_0001,stay,False,hedge_margin_too_small,nan,0.01,"Stay because candidate Hedge weight advantage is too small: margin=nan, threshold=0.0100."
61695,481,sgd_lr_0_0005,sgd_lr_0_0001,stay,False,hedge_margin_too_small,nan,0.01,"Stay because candidate Hedge weight advantage is too small: margin=nan, threshold=0.0100."
61823,482,sgd_lr_0_0005,sgd_lr_0_0001,stay,False,hedge_margin_too_small,nan,0.01,"Stay because candidate Hedge weight advantage is too small: margin=nan, threshold=0.0100."
61951,483,sgd_lr_0_0005,sgd_lr_0_0001,stay,False,hedge_margin_too_small,nan,0.01,"Stay because candidate Hedge weight advantage is too small: margin=nan, threshold=0.0100."
62079,484,sgd_lr_0_0005,sgd_lr_0_0001,stay,False,hedge_margin_too_small,nan,0.01,"Stay because candidate Hedge weight advantage is too small: margin=nan, threshold=0.0100."
62207,485,sgd_lr_0_0005,sgd_lr_0_0001,stay,False,hedge_margin_too_small,nan,0.01,"Stay because candidate Hedge weight advantage is too small: margin=nan, threshold=0.0100."
62335,486,sgd_lr_0_0005,sgd_lr_0_0001,stay,False,hedge_margin_too_small,nan,0.01,"Stay because candidate Hedge weight advantage is too small: margin=nan, threshold=0.0100."
62463,487,sgd_lr_0_0005,sgd_lr_0_0001,stay,False,hedge_margin_too_small,nan,0.01,"Stay because candidate Hedge weight advantage is too small: margin=nan, threshold=0.0100."
62591,488,sgd_lr_0_0005,sgd_lr_0_0001,stay,False,hedge_margin_too_small,nan,0.01,"Stay because candidate Hedge weight advantage is too small: margin=nan, threshold=0.0100."
62719,489,sgd_lr_0_0005,sgd_lr_0_0001,stay,False,hedge_margin_too_small,nan,0.01,"Stay because candidate Hedge weight advantage is too small: margin=nan, threshold=0.0100."
62847,490,sgd_lr_0_0005,sgd_lr_0_0001,stay,False,hedge_margin_too_small,nan,0.01,"Stay because candidate Hedge weight advantage is too small: margin=nan, threshold=0.0100."
62975,491,sgd_lr_0_0005,sgd_lr_0_0001,stay,False,hedge_margin_too_small,nan,0.01,"Stay because candidate Hedge weight advantage is too small: margin=nan, threshold=0.0100."
63103,492,sgd_lr_0_0005,sgd_lr_0_0001,stay,False,hedge_margin_too_small,nan,0.01,"Stay because candidate Hedge weight advantage is too small: margin=nan, threshold=0.0100."
63231,493,sgd_lr_0_0005,sgd_lr_0_0001,stay,False,hedge_margin_too_small,nan,0.01,"Stay because candidate Hedge weight advantage is too small: margin=nan, threshold=0.0100."
63359,494,sgd_lr_0_0005,sgd_lr_0_0001,stay,False,hedge_margin_too_small,nan,0.01,"Stay because candidate Hedge weight advantage is too small: margin=nan, threshold=0.0100."
63487,495,sgd_lr_0_0005,sgd_lr_0_0001,stay,False,hedge_margin_too_small,nan,0.01,"Stay because candidate Hedge weight advantage is too small: margin=nan, threshold=0.0100."
63615,496,sgd_lr_0_0005,sgd_lr_0_0001,stay,False,hedge_margin_too_small,nan,0.01,"Stay because candidate Hedge weight advantage is too small: margin=nan, threshold=0.0100."
63743,497,sgd_lr_0_0005,sgd_lr_0_0001,stay,False,hedge_margin_too_small,nan,0.01,"Stay because candidate Hedge weight advantage is too small: margin=nan, threshold=0.0100."
63871,498,sgd_lr_0_0005,sgd_lr_0_0001,stay,False,hedge_margin_too_small,nan,0.01,"Stay because candidate Hedge weight advantage is too small: margin=nan, threshold=0.0100."
63999,499,sgd_lr_0_0005,sgd_lr_0_0001,stay,False,hedge_margin_too_small,nan,0.01,"Stay because candidate Hedge weight advantage is too small: margin=nan, threshold=0.0100."
64127,500,sgd_lr_0_0005,sgd_lr_0_0001,stay,False,hedge_margin_too_small,nan,0.01,"Stay because candidate Hedge weight advantage is too small: margin=nan, threshold=0.0100."
64255,501,sgd_lr_0_0005,sgd_lr_0_0001,stay,False,hedge_margin_too_small,nan,0.01,"Stay because candidate Hedge weight advantage is too small: margin=nan, threshold=0.0100."
64383,502,sgd_lr_0_0005,sgd_lr_0_0001,stay,False,hedge_margin_too_small,nan,0.01,"Stay because candidate Hedge weight advantage is too small: margin=nan, threshold=0.0100."
64511,503,sgd_lr_0_0005,sgd_lr_0_0001,stay,False,hedge_margin_too_small,nan,0.01,"Stay because candidate Hedge weight advantage is too small: margin=nan, threshold=0.0100."
64639,504,sgd_lr_0_0005,sgd_lr_0_0001,stay,False,hedge_margin_too_small,nan,0.01,"Stay because candidate Hedge weight advantage is too small: margin=nan, threshold=0.0100."
64767,505,sgd_lr_0_0005,sgd_lr_0_0001,stay,False,hedge_margin_too_small,nan,0.01,"Stay because candidate Hedge weight advantage is too small: margin=nan, threshold=0.0100."
64895,506,sgd_lr_0_0005,sgd_lr_0_0001,stay,False,hedge_margin_too_small,nan,0.01,"Stay because candidate Hedge weight advantage is too small: margin=nan, threshold=0.0100."
65023,507,sgd_lr_0_0005,sgd_lr_0_0001,stay,False,hedge_margin_too_small,nan,0.01,"Stay because candidate Hedge weight advantage is too small: margin=nan, threshold=0.0100."
65151,508,sgd_lr_0_0005,sgd_lr_0_0001,stay,False,hedge_margin_too_small,nan,0.01,"Stay because candidate Hedge weight advantage is too small: margin=nan, threshold=0.0100."
65279,509,sgd_lr_0_0005,sgd_lr_0_0001,stay,False,hedge_margin_too_small,nan,0.01,"Stay because candidate Hedge weight advantage is too small: margin=nan, threshold=0.0100."
65407,510,sgd_lr_0_0005,sgd_lr_0_0001,stay,False,hedge_margin_too_small,nan,0.01,"Stay because candidate Hedge weight advantage is too small: margin=nan, threshold=0.0100."
65535,511,sgd_lr_0_0005,sgd_lr_0_0001,stay,False,hedge_margin_too_small,nan,0.01,"Stay because candidate Hedge weight advantage is too small: margin=nan, threshold=0.0100."
65663,512,sgd_lr_0_0005,sgd_lr_0_0001,stay,False,hedge_margin_too_small,nan,0.01,"Stay because candidate Hedge weight advantage is too small: margin=nan, threshold=0.0100."
65791,513,sgd_lr_0_0005,sgd_lr_0_0001,stay,False,hedge_margin_too_small,nan,0.01,"Stay because candidate Hedge weight advantage is too small: margin=nan, threshold=0.0100."
65919,514,sgd_lr_0_0005,sgd_lr_0_0001,stay,False,hedge_margin_too_small,nan,0.01,"Stay because candidate Hedge weight advantage is too small: margin=nan, threshold=0.0100."
66047,515,sgd_lr_0_0005,sgd_lr_0_0001,stay,False,hedge_margin_too_small,nan,0.01,"Stay because candidate Hedge weight advantage is too small: margin=nan, threshold=0.0100."
66175,516,sgd_lr_0_0005,sgd_lr_0_0001,stay,False,hedge_margin_too_small,nan,0.01,"Stay because candidate Hedge weight advantage is too small: margin=nan, threshold=0.0100."
66303,517,sgd_lr_0_0005,sgd_lr_0_0001,stay,False,hedge_margin_too_small,nan,0.01,"Stay because candidate Hedge weight advantage is too small: margin=nan, threshold=0.0100."
66431,518,sgd_lr_0_0005,sgd_lr_0_0001,stay,False,hedge_margin_too_small,nan,0.01,"Stay because candidate Hedge weight advantage is too small: margin=nan, threshold=0.0100."
66559,519,sgd_lr_0_0005,sgd_lr_0_0001,stay,False,hedge_margin_too_small,nan,0.01,"Stay because candidate Hedge weight advantage is too small: margin=nan, threshold=0.0100."
66687,520,sgd_lr_0_0005,sgd_lr_0_0001,stay,False,hedge_margin_too_small,nan,0.01,"Stay because candidate Hedge weight advantage is too small: margin=nan, threshold=0.0100."
66815,521,sgd_lr_0_0005,sgd_lr_0_0001,stay,False,hedge_margin_too_small,nan,0.01,"Stay because candidate Hedge weight advantage is too small: margin=nan, threshold=0.0100."
66943,522,sgd_lr_0_0005,sgd_lr_0_0001,stay,False,hedge_margin_too_small,nan,0.01,"Stay because candidate Hedge weight advantage is too small: margin=nan, threshold=0.0100."
67071,523,sgd_lr_0_0005,sgd_lr_0_0001,stay,False,hedge_margin_too_small,nan,0.01,"Stay because candidate Hedge weight advantage is too small: margin=nan, threshold=0.0100."
67199,524,sgd_lr_0_0005,sgd_lr_0_0001,stay,False,hedge_margin_too_small,nan,0.01,"Stay because candidate Hedge weight advantage is too small: margin=nan, threshold=0.0100."
67327,525,sgd_lr_0_0005,sgd_lr_0_0001,stay,False,hedge_margin_too_small,nan,0.01,"Stay because candidate Hedge weight advantage is too small: margin=nan, threshold=0.0100."
67455,526,sgd_lr_0_0005,sgd_lr_0_0001,stay,False,hedge_margin_too_small,nan,0.01,"Stay because candidate Hedge weight advantage is too small: margin=nan, threshold=0.0100."
67583,527,sgd_lr_0_0005,sgd_lr_0_0001,stay,False,hedge_margin_too_small,nan,0.01,"Stay because candidate Hedge weight advantage is too small: margin=nan, threshold=0.0100."
67711,528,sgd_lr_0_0005,sgd_lr_0_0001,stay,False,hedge_margin_too_small,nan,0.01,"Stay because candidate Hedge weight advantage is too small: margin=nan, threshold=0.0100."
67839,529,sgd_lr_0_0005,sgd_lr_0_0001,stay,False,hedge_margin_too_small,nan,0.01,"Stay because candidate Hedge weight advantage is too small: margin=nan, threshold=0.0100."
67967,530,sgd_lr_0_0005,sgd_lr_0_0001,stay,False,hedge_margin_too_small,nan,0.01,"Stay because candidate Hedge weight advantage is too small: margin=nan, threshold=0.0100."
68095,531,sgd_lr_0_0005,sgd_lr_0_0001,stay,False,hedge_margin_too_small,nan,0.01,"Stay because candidate Hedge weight advantage is too small: margin=nan, threshold=0.0100."
68223,532,sgd_lr_0_0005,sgd_lr_0_0001,stay,False,hedge_margin_too_small,nan,0.01,"Stay because candidate Hedge weight advantage is too small: margin=nan, threshold=0.0100."
68351,533,sgd_lr_0_0005,sgd_lr_0_0001,stay,False,hedge_margin_too_small,nan,0.01,"Stay because candidate Hedge weight advantage is too small: margin=nan, threshold=0.0100."
68479,534,sgd_lr_0_0005,sgd_lr_0_0001,stay,False,hedge_margin_too_small,nan,0.01,"Stay because candidate Hedge weight advantage is too small: margin=nan, threshold=0.0100."
68607,535,sgd_lr_0_0005,sgd_lr_0_0001,stay,False,hedge_margin_too_small,nan,0.01,"Stay because candidate Hedge weight advantage is too small: margin=nan, threshold=0.0100."
68735,536,sgd_lr_0_0005,sgd_lr_0_0001,stay,False,hedge_margin_too_small,nan,0.01,"Stay because candidate Hedge weight advantage is too small: margin=nan, threshold=0.0100."
68863,537,sgd_lr_0_0005,sgd_lr_0_0001,stay,False,hedge_margin_too_small,nan,0.01,"Stay because candidate Hedge weight advantage is too small: margin=nan, threshold=0.0100."
68991,538,sgd_lr_0_0005,sgd_lr_0_0001,stay,False,hedge_margin_too_small,nan,0.01,"Stay because candidate Hedge weight advantage is too small: margin=nan, threshold=0.0100."
69119,539,sgd_lr_0_0005,sgd_lr_0_0001,stay,False,hedge_margin_too_small,nan,0.01,"Stay because candidate Hedge weight advantage is too small: margin=nan, threshold=0.0100."
69247,540,sgd_lr_0_0005,sgd_lr_0_0001,stay,False,hedge_margin_too_small,nan,0.01,"Stay because candidate Hedge weight advantage is too small: margin=nan, threshold=0.0100."
69375,541,sgd_lr_0_0005,sgd_lr_0_0001,stay,False,hedge_margin_too_small,nan,0.01,"Stay because candidate Hedge weight advantage is too small: margin=nan, threshold=0.0100."
69503,542,sgd_lr_0_0005,sgd_lr_0_0001,stay,False,hedge_margin_too_small,nan,0.01,"Stay because candidate Hedge weight advantage is too small: margin=nan, threshold=0.0100."
69631,543,sgd_lr_0_0005,sgd_lr_0_0001,stay,False,hedge_margin_too_small,nan,0.01,"Stay because candidate Hedge weight advantage is too small: margin=nan, threshold=0.0100."
69759,544,sgd_lr_0_0005,sgd_lr_0_0001,stay,False,hedge_margin_too_small,nan,0.01,"Stay because candidate Hedge weight advantage is too small: margin=nan, threshold=0.0100."
69887,545,sgd_lr_0_0005,sgd_lr_0_0001,stay,False,hedge_margin_too_small,nan,0.01,"Stay because candidate Hedge weight advantage is too small: margin=nan, threshold=0.0100."
70015,546,sgd_lr_0_0005,sgd_lr_0_0001,stay,False,hedge_margin_too_small,nan,0.01,"Stay because candidate Hedge weight advantage is too small: margin=nan, threshold=0.0100."
70143,547,sgd_lr_0_0005,sgd_lr_0_0001,stay,False,hedge_margin_too_small,nan,0.01,"Stay because candidate Hedge weight advantage is too small: margin=nan, threshold=0.0100."
70271,548,sgd_lr_0_0005,sgd_lr_0_0001,stay,False,hedge_margin_too_small,nan,0.01,"Stay because candidate Hedge weight advantage is too small: margin=nan, threshold=0.0100."
70399,549,sgd_lr_0_0005,sgd_lr_0_0001,stay,False,hedge_margin_too_small,nan,0.01,"Stay because candidate Hedge weight advantage is too small: margin=nan, threshold=0.0100."
70527,550,sgd_lr_0_0005,sgd_lr_0_0001,stay,False,hedge_margin_too_small,nan,0.01,"Stay because candidate Hedge weight advantage is too small: margin=nan, threshold=0.0100."
70655,551,sgd_lr_0_0005,sgd_lr_0_0001,stay,False,hedge_margin_too_small,nan,0.01,"Stay because candidate Hedge weight advantage is too small: margin=nan, threshold=0.0100."
70783,552,sgd_lr_0_0005,sgd_lr_0_0001,stay,False,hedge_margin_too_small,nan,0.01,"Stay because candidate Hedge weight advantage is too small: margin=nan, threshold=0.0100."
70911,553,sgd_lr_0_0005,sgd_lr_0_0001,stay,False,hedge_margin_too_small,nan,0.01,"Stay because candidate Hedge weight advantage is too small: margin=nan, threshold=0.0100."
71039,554,sgd_lr_0_0005,sgd_lr_0_0001,stay,False,hedge_margin_too_small,nan,0.01,"Stay because candidate Hedge weight advantage is too small: margin=nan, threshold=0.0100."
71167,555,sgd_lr_0_0005,sgd_lr_0_0001,stay,False,hedge_margin_too_small,nan,0.01,"Stay because candidate Hedge weight advantage is too small: margin=nan, threshold=0.0100."
71295,556,sgd_lr_0_0005,sgd_lr_0_0001,stay,False,hedge_margin_too_small,nan,0.01,"Stay because candidate Hedge weight advantage is too small: margin=nan, threshold=0.0100."
71423,557,sgd_lr_0_0005,sgd_lr_0_0001,stay,False,hedge_margin_too_small,nan,0.01,"Stay because candidate Hedge weight advantage is too small: margin=nan, threshold=0.0100."
71551,558,sgd_lr_0_0005,sgd_lr_0_0001,stay,False,hedge_margin_too_small,nan,0.01,"Stay because candidate Hedge weight advantage is too small: margin=nan, threshold=0.0100."
71679,559,sgd_lr_0_0005,sgd_lr_0_0001,stay,False,hedge_margin_too_small,nan,0.01,"Stay because candidate Hedge weight advantage is too small: margin=nan, threshold=0.0100."
71807,560,sgd_lr_0_0005,sgd_lr_0_0001,stay,False,hedge_margin_too_small,nan,0.01,"Stay because candidate Hedge weight advantage is too small: margin=nan, threshold=0.0100."
71935,561,sgd_lr_0_0005,sgd_lr_0_0001,stay,False,hedge_margin_too_small,nan,0.01,"Stay because candidate Hedge weight advantage is too small: margin=nan, threshold=0.0100."
72063,562,sgd_lr_0_0005,sgd_lr_0_0001,stay,False,hedge_margin_too_small,nan,0.01,"Stay because candidate Hedge weight advantage is too small: margin=nan, threshold=0.0100."
72191,563,sgd_lr_0_0005,sgd_lr_0_0001,stay,False,hedge_margin_too_small,nan,0.01,"Stay because candidate Hedge weight advantage is too small: margin=nan, threshold=0.0100."
72319,564,sgd_lr_0_0005,sgd_lr_0_0001,stay,False,hedge_margin_too_small,nan,0.01,"Stay because candidate Hedge weight advantage is too small: margin=nan, threshold=0.0100."
72447,565,sgd_lr_0_0005,sgd_lr_0_0001,stay,False,hedge_margin_too_small,nan,0.01,"Stay because candidate Hedge weight advantage is too small: margin=nan, threshold=0.0100."
72575,566,sgd_lr_0_0005,sgd_lr_0_0001,stay,False,hedge_margin_too_small,nan,0.01,"Stay because candidate Hedge weight advantage is too small: margin=nan, threshold=0.0100."
72703,567,sgd_lr_0_0005,sgd_lr_0_0001,stay,False,hedge_margin_too_small,nan,0.01,"Stay because candidate Hedge weight advantage is too small: margin=nan, threshold=0.0100."
72831,568,sgd_lr_0_0005,sgd_lr_0_0001,stay,False,hedge_margin_too_small,nan,0.01,"Stay because candidate Hedge weight advantage is too small: margin=nan, threshold=0.0100."
72959,569,sgd_lr_0_0005,sgd_lr_0_0001,stay,False,hedge_margin_too_small,nan,0.01,"Stay because candidate Hedge weight advantage is too small: margin=nan, threshold=0.0100."
73087,570,sgd_lr_0_0005,sgd_lr_0_0001,stay,False,hedge_margin_too_small,nan,0.01,"Stay because candidate Hedge weight advantage is too small: margin=nan, threshold=0.0100."
73215,571,sgd_lr_0_0005,sgd_lr_0_0001,stay,False,hedge_margin_too_small,nan,0.01,"Stay because candidate Hedge weight advantage is too small: margin=nan, threshold=0.0100."
73343,572,sgd_lr_0_0005,sgd_lr_0_0001,stay,False,hedge_margin_too_small,nan,0.01,"Stay because candidate Hedge weight advantage is too small: margin=nan, threshold=0.0100."
73471,573,sgd_lr_0_0005,sgd_lr_0_0001,stay,False,hedge_margin_too_small,nan,0.01,"Stay because candidate Hedge weight advantage is too small: margin=nan, threshold=0.0100."
73599,574,sgd_lr_0_0005,sgd_lr_0_0001,stay,False,hedge_margin_too_small,nan,0.01,"Stay because candidate Hedge weight advantage is too small: margin=nan, threshold=0.0100."
73727,575,sgd_lr_0_0005,sgd_lr_0_0001,stay,False,hedge_margin_too_small,nan,0.01,"Stay because candidate Hedge weight advantage is too small: margin=nan, threshold=0.0100."
73855,576,sgd_lr_0_0005,sgd_lr_0_0001,stay,False,hedge_margin_too_small,nan,0.01,"Stay because candidate Hedge weight advantage is too small: margin=nan, threshold=0.0100."
73983,577,sgd_lr_0_0005,sgd_lr_0_0001,stay,False,hedge_margin_too_small,nan,0.01,"Stay because candidate Hedge weight advantage is too small: margin=nan, threshold=0.0100."
74111,578,sgd_lr_0_0005,sgd_lr_0_0001,stay,False,hedge_margin_too_small,nan,0.01,"Stay because candidate Hedge weight advantage is too small: margin=nan, threshold=0.0100."
74239,579,sgd_lr_0_0005,sgd_lr_0_0001,stay,False,hedge_margin_too_small,nan,0.01,"Stay because candidate Hedge weight advantage is too small: margin=nan, threshold=0.0100."
74367,580,sgd_lr_0_0005,sgd_lr_0_0001,stay,False,hedge_margin_too_small,nan,0.01,"Stay because candidate Hedge weight advantage is too small: margin=nan, threshold=0.0100."
74495,581,sgd_lr_0_0005,sgd_lr_0_0001,stay,False,hedge_margin_too_small,nan,0.01,"Stay because candidate Hedge weight advantage is too small: margin=nan, threshold=0.0100."
74623,582,sgd_lr_0_0005,sgd_lr_0_0001,stay,False,hedge_margin_too_small,nan,0.01,"Stay because candidate Hedge weight advantage is too small: margin=nan, threshold=0.0100."
74751,583,sgd_lr_0_0005,sgd_lr_0_0001,stay,False,hedge_margin_too_small,nan,0.01,"Stay because candidate Hedge weight advantage is too small: margin=nan, threshold=0.0100."
74879,584,sgd_lr_0_0005,sgd_lr_0_0001,stay,False,hedge_margin_too_small,nan,0.01,"Stay because candidate Hedge weight advantage is too small: margin=nan, threshold=0.0100."
75007,585,sgd_lr_0_0005,sgd_lr_0_0001,stay,False,hedge_margin_too_small,nan,0.01,"Stay because candidate Hedge weight advantage is too small: margin=nan, threshold=0.0100."
75135,586,sgd_lr_0_0005,sgd_lr_0_0001,stay,False,hedge_margin_too_small,nan,0.01,"Stay because candidate Hedge weight advantage is too small: margin=nan, threshold=0.0100."
75263,587,sgd_lr_0_0005,sgd_lr_0_0001,stay,False,hedge_margin_too_small,nan,0.01,"Stay because candidate Hedge weight advantage is too small: margin=nan, threshold=0.0100."
75391,588,sgd_lr_0_0005,sgd_lr_0_0001,stay,False,hedge_margin_too_small,nan,0.01,"Stay because candidate Hedge weight advantage is too small: margin=nan, threshold=0.0100."
75519,589,sgd_lr_0_0005,sgd_lr_0_0001,stay,False,hedge_margin_too_small,nan,0.01,"Stay because candidate Hedge weight advantage is too small: margin=nan, threshold=0.0100."
75647,590,sgd_lr_0_0005,sgd_lr_0_0001,stay,False,hedge_margin_too_small,nan,0.01,"Stay because candidate Hedge weight advantage is too small: margin=nan, threshold=0.0100."
75775,591,sgd_lr_0_0005,sgd_lr_0_0001,stay,False,hedge_margin_too_small,nan,0.01,"Stay because candidate Hedge weight advantage is too small: margin=nan, threshold=0.0100."
75903,592,sgd_lr_0_0005,sgd_lr_0_0001,stay,False,hedge_margin_too_small,nan,0.01,"Stay because candidate Hedge weight advantage is too small: margin=nan, threshold=0.0100."
76031,593,sgd_lr_0_0005,sgd_lr_0_0001,stay,False,hedge_margin_too_small,nan,0.01,"Stay because candidate Hedge weight advantage is too small: margin=nan, threshold=0.0100."
76159,594,sgd_lr_0_0005,sgd_lr_0_0001,stay,False,hedge_margin_too_small,nan,0.01,"Stay because candidate Hedge weight advantage is too small: margin=nan, threshold=0.0100."
76287,595,sgd_lr_0_0005,sgd_lr_0_0001,stay,False,hedge_margin_too_small,nan,0.01,"Stay because candidate Hedge weight advantage is too small: margin=nan, threshold=0.0100."
76415,596,sgd_lr_0_0005,sgd_lr_0_0001,stay,False,hedge_margin_too_small,nan,0.01,"Stay because candidate Hedge weight advantage is too small: margin=nan, threshold=0.0100."
76543,597,sgd_lr_0_0005,sgd_lr_0_0001,stay,False,hedge_margin_too_small,nan,0.01,"Stay because candidate Hedge weight advantage is too small: margin=nan, threshold=0.0100."
76671,598,sgd_lr_0_0005,sgd_lr_0_0001,stay,False,hedge_margin_too_small,nan,0.01,"Stay because candidate Hedge weight advantage is too small: margin=nan, threshold=0.0100."
76799,599,sgd_lr_0_0005,sgd_lr_0_0001,stay,False,hedge_margin_too_small,nan,0.01,"Stay because candidate Hedge weight advantage is too small: margin=nan, threshold=0.0100."
76927,600,sgd_lr_0_0005,sgd_lr_0_0001,stay,False,hedge_margin_too_small,nan,0.01,"Stay because candidate Hedge weight advantage is too small: margin=nan, threshold=0.0100."
77055,601,sgd_lr_0_0005,sgd_lr_0_0001,stay,False,hedge_margin_too_small,nan,0.01,"Stay because candidate Hedge weight advantage is too small: margin=nan, threshold=0.0100."
77183,602,sgd_lr_0_0005,sgd_lr_0_0001,stay,False,hedge_margin_too_small,nan,0.01,"Stay because candidate Hedge weight advantage is too small: margin=nan, threshold=0.0100."
77311,603,sgd_lr_0_0005,sgd_lr_0_0001,stay,False,hedge_margin_too_small,nan,0.01,"Stay because candidate Hedge weight advantage is too small: margin=nan, threshold=0.0100."
77439,604,sgd_lr_0_0005,sgd_lr_0_0001,stay,False,hedge_margin_too_small,nan,0.01,"Stay because candidate Hedge weight advantage is too small: margin=nan, threshold=0.0100."
77567,605,sgd_lr_0_0005,sgd_lr_0_0001,stay,False,hedge_margin_too_small,nan,0.01,"Stay because candidate Hedge weight advantage is too small: margin=nan, threshold=0.0100."
77695,606,sgd_lr_0_0005,sgd_lr_0_0001,stay,False,hedge_margin_too_small,nan,0.01,"Stay because candidate Hedge weight advantage is too small: margin=nan, threshold=0.0100."
77823,607,sgd_lr_0_0005,sgd_lr_0_0001,stay,False,hedge_margin_too_small,nan,0.01,"Stay because candidate Hedge weight advantage is too small: margin=nan, threshold=0.0100."
77951,608,sgd_lr_0_0005,sgd_lr_0_0001,stay,False,hedge_margin_too_small,nan,0.01,"Stay because candidate Hedge weight advantage is too small: margin=nan, threshold=0.0100."
78079,609,sgd_lr_0_0005,sgd_lr_0_0001,stay,False,hedge_margin_too_small,nan,0.01,"Stay because candidate Hedge weight advantage is too small: margin=nan, threshold=0.0100."
78207,610,sgd_lr_0_0005,sgd_lr_0_0001,stay,False,hedge_margin_too_small,nan,0.01,"Stay because candidate Hedge weight advantage is too small: margin=nan, threshold=0.0100."
78335,611,sgd_lr_0_0005,sgd_lr_0_0001,stay,False,hedge_margin_too_small,nan,0.01,"Stay because candidate Hedge weight advantage is too small: margin=nan, threshold=0.0100."
78463,612,sgd_lr_0_0005,sgd_lr_0_0001,stay,False,hedge_margin_too_small,nan,0.01,"Stay because candidate Hedge weight advantage is too small: margin=nan, threshold=0.0100."
78591,613,sgd_lr_0_0005,sgd_lr_0_0001,stay,False,hedge_margin_too_small,nan,0.01,"Stay because candidate Hedge weight advantage is too small: margin=nan, threshold=0.0100."
78719,614,sgd_lr_0_0005,sgd_lr_0_0001,stay,False,hedge_margin_too_small,nan,0.01,"Stay because candidate Hedge weight advantage is too small: margin=nan, threshold=0.0100."
78847,615,sgd_lr_0_0005,sgd_lr_0_0001,stay,False,hedge_margin_too_small,nan,0.01,"Stay because candidate Hedge weight advantage is too small: margin=nan, threshold=0.0100."
78975,616,sgd_lr_0_0005,sgd_lr_0_0001,stay,False,hedge_margin_too_small,nan,0.01,"Stay because candidate Hedge weight advantage is too small: margin=nan, threshold=0.0100."
79103,617,sgd_lr_0_0005,sgd_lr_0_0001,stay,False,hedge_margin_too_small,nan,0.01,"Stay because candidate Hedge weight advantage is too small: margin=nan, threshold=0.0100."
79231,618,sgd_lr_0_0005,sgd_lr_0_0001,stay,False,hedge_margin_too_small,nan,0.01,"Stay because candidate Hedge weight advantage is too small: margin=nan, threshold=0.0100."
79359,619,sgd_lr_0_0005,sgd_lr_0_0001,stay,False,hedge_margin_too_small,nan,0.01,"Stay because candidate Hedge weight advantage is too small: margin=nan, threshold=0.0100."
79487,620,sgd_lr_0_0005,sgd_lr_0_0001,stay,False,hedge_margin_too_small,nan,0.01,"Stay because candidate Hedge weight advantage is too small: margin=nan, threshold=0.0100."
79615,621,sgd_lr_0_0005,sgd_lr_0_0001,stay,False,hedge_margin_too_small,nan,0.01,"Stay because candidate Hedge weight advantage is too small: margin=nan, threshold=0.0100."
79743,622,sgd_lr_0_0005,sgd_lr_0_0001,stay,False,hedge_margin_too_small,nan,0.01,"Stay because candidate Hedge weight advantage is too small: margin=nan, threshold=0.0100."
79871,623,sgd_lr_0_0005,sgd_lr_0_0001,stay,False,hedge_margin_too_small,nan,0.01,"Stay because candidate Hedge weight advantage is too small: margin=nan, threshold=0.0100."
79999,624,sgd_lr_0_0005,sgd_lr_0_0001,stay,False,hedge_margin_too_small,nan,0.01,"Stay because candidate Hedge weight advantage is too small: margin=nan, threshold=0.0100."
80127,625,sgd_lr_0_0005,sgd_lr_0_0001,stay,False,hedge_margin_too_small,nan,0.01,"Stay because candidate Hedge weight advantage is too small: margin=nan, threshold=0.0100."
80255,626,sgd_lr_0_0005,sgd_lr_0_0001,stay,False,hedge_margin_too_small,nan,0.01,"Stay because candidate Hedge weight advantage is too small: margin=nan, threshold=0.0100."
80383,627,sgd_lr_0_0005,sgd_lr_0_0001,stay,False,hedge_margin_too_small,nan,0.01,"Stay because candidate Hedge weight advantage is too small: margin=nan, threshold=0.0100."
80511,628,sgd_lr_0_0005,sgd_lr_0_0001,stay,False,hedge_margin_too_small,nan,0.01,"Stay because candidate Hedge weight advantage is too small: margin=nan, threshold=0.0100."
80639,629,sgd_lr_0_0005,sgd_lr_0_0001,stay,False,hedge_margin_too_small,nan,0.01,"Stay because candidate Hedge weight advantage is too small: margin=nan, threshold=0.0100."
80767,630,sgd_lr_0_0005,sgd_lr_0_0001,stay,False,hedge_margin_too_small,nan,0.01,"Stay because candidate Hedge weight advantage is too small: margin=nan, threshold=0.0100."
80895,631,sgd_lr_0_0005,sgd_lr_0_0001,stay,False,hedge_margin_too_small,nan,0.01,"Stay because candidate Hedge weight advantage is too small: margin=nan, threshold=0.0100."
81023,632,sgd_lr_0_0005,sgd_lr_0_0001,stay,False,hedge_margin_too_small,nan,0.01,"Stay because candidate Hedge weight advantage is too small: margin=nan, threshold=0.0100."
81151,633,sgd_lr_0_0005,sgd_lr_0_0001,stay,False,hedge_margin_too_small,nan,0.01,"Stay because candidate Hedge weight advantage is too small: margin=nan, threshold=0.0100."
81279,634,sgd_lr_0_0005,sgd_lr_0_0001,stay,False,hedge_margin_too_small,nan,0.01,"Stay because candidate Hedge weight advantage is too small: margin=nan, threshold=0.0100."
81407,635,sgd_lr_0_0005,sgd_lr_0_0001,stay,False,hedge_margin_too_small,nan,0.01,"Stay because candidate Hedge weight advantage is too small: margin=nan, threshold=0.0100."
81535,636,sgd_lr_0_0005,sgd_lr_0_0001,stay,False,hedge_margin_too_small,nan,0.01,"Stay because candidate Hedge weight advantage is too small: margin=nan, threshold=0.0100."
81663,637,sgd_lr_0_0005,sgd_lr_0_0001,stay,False,hedge_margin_too_small,nan,0.01,"Stay because candidate Hedge weight advantage is too small: margin=nan, threshold=0.0100."
81791,638,sgd_lr_0_0005,sgd_lr_0_0001,stay,False,hedge_margin_too_small,nan,0.01,"Stay because candidate Hedge weight advantage is too small: margin=nan, threshold=0.0100."
81919,639,sgd_lr_0_0005,sgd_lr_0_0001,stay,False,hedge_margin_too_small,nan,0.01,"Stay because candidate Hedge weight advantage is too small: margin=nan, threshold=0.0100."
82047,640,sgd_lr_0_0005,sgd_lr_0_0001,stay,False,hedge_margin_too_small,nan,0.01,"Stay because candidate Hedge weight advantage is too small: margin=nan, threshold=0.0100."
82175,641,sgd_lr_0_0005,sgd_lr_0_0001,stay,False,hedge_margin_too_small,nan,0.01,"Stay because candidate Hedge weight advantage is too small: margin=nan, threshold=0.0100."
82303,642,sgd_lr_0_0005,sgd_lr_0_0001,stay,False,hedge_margin_too_small,nan,0.01,"Stay because candidate Hedge weight advantage is too small: margin=nan, threshold=0.0100."
82431,643,sgd_lr_0_0005,sgd_lr_0_0001,stay,False,hedge_margin_too_small,nan,0.01,"Stay because candidate Hedge weight advantage is too small: margin=nan, threshold=0.0100."
82559,644,sgd_lr_0_0005,sgd_lr_0_0001,stay,False,hedge_margin_too_small,nan,0.01,"Stay because candidate Hedge weight advantage is too small: margin=nan, threshold=0.0100."
82687,645,sgd_lr_0_0005,sgd_lr_0_0001,stay,False,hedge_margin_too_small,nan,0.01,"Stay because candidate Hedge weight advantage is too small: margin=nan, threshold=0.0100."
82815,646,sgd_lr_0_0005,sgd_lr_0_0001,stay,False,hedge_margin_too_small,nan,0.01,"Stay because candidate Hedge weight advantage is too small: margin=nan, threshold=0.0100."
82943,647,sgd_lr_0_0005,sgd_lr_0_0001,stay,False,hedge_margin_too_small,nan,0.01,"Stay because candidate Hedge weight advantage is too small: margin=nan, threshold=0.0100."
83071,648,sgd_lr_0_0005,sgd_lr_0_0001,stay,False,hedge_margin_too_small,nan,0.01,"Stay because candidate Hedge weight advantage is too small: margin=nan, threshold=0.0100."
83199,649,sgd_lr_0_0005,sgd_lr_0_0001,stay,False,hedge_margin_too_small,nan,0.01,"Stay because candidate Hedge weight advantage is too small: margin=nan, threshold=0.0100."
83327,650,sgd_lr_0_0005,sgd_lr_0_0001,stay,False,hedge_margin_too_small,nan,0.01,"Stay because candidate Hedge weight advantage is too small: margin=nan, threshold=0.0100."
83455,651,sgd_lr_0_0005,sgd_lr_0_0001,stay,False,hedge_margin_too_small,nan,0.01,"Stay because candidate Hedge weight advantage is too small: margin=nan, threshold=0.0100."
83583,652,sgd_lr_0_0005,sgd_lr_0_0001,stay,False,hedge_margin_too_small,nan,0.01,"Stay because candidate Hedge weight advantage is too small: margin=nan, threshold=0.0100."
83711,653,sgd_lr_0_0005,sgd_lr_0_0001,stay,False,hedge_margin_too_small,nan,0.01,"Stay because candidate Hedge weight advantage is too small: margin=nan, threshold=0.0100."
83839,654,sgd_lr_0_0005,sgd_lr_0_0001,stay,False,hedge_margin_too_small,nan,0.01,"Stay because candidate Hedge weight advantage is too small: margin=nan, threshold=0.0100."
83967,655,sgd_lr_0_0005,sgd_lr_0_0001,stay,False,hedge_margin_too_small,nan,0.01,"Stay because candidate Hedge weight advantage is too small: margin=nan, threshold=0.0100."
84095,656,sgd_lr_0_0005,sgd_lr_0_0001,stay,False,hedge_margin_too_small,nan,0.01,"Stay because candidate Hedge weight advantage is too small: margin=nan, threshold=0.0100."
84223,657,sgd_lr_0_0005,sgd_lr_0_0001,stay,False,hedge_margin_too_small,nan,0.01,"Stay because candidate Hedge weight advantage is too small: margin=nan, threshold=0.0100."
84351,658,sgd_lr_0_0005,sgd_lr_0_0001,stay,False,hedge_margin_too_small,nan,0.01,"Stay because candidate Hedge weight advantage is too small: margin=nan, threshold=0.0100."
84479,659,sgd_lr_0_0005,sgd_lr_0_0001,stay,False,hedge_margin_too_small,nan,0.01,"Stay because candidate Hedge weight advantage is too small: margin=nan, threshold=0.0100."
84607,660,sgd_lr_0_0005,sgd_lr_0_0001,stay,False,hedge_margin_too_small,nan,0.01,"Stay because candidate Hedge weight advantage is too small: margin=nan, threshold=0.0100."
84735,661,sgd_lr_0_0005,sgd_lr_0_0001,stay,False,hedge_margin_too_small,nan,0.01,"Stay because candidate Hedge weight advantage is too small: margin=nan, threshold=0.0100."
84863,662,sgd_lr_0_0005,sgd_lr_0_0001,stay,False,hedge_margin_too_small,nan,0.01,"Stay because candidate Hedge weight advantage is too small: margin=nan, threshold=0.0100."
84991,663,sgd_lr_0_0005,sgd_lr_0_0001,stay,False,hedge_margin_too_small,nan,0.01,"Stay because candidate Hedge weight advantage is too small: margin=nan, threshold=0.0100."
85119,664,sgd_lr_0_0005,sgd_lr_0_0001,stay,False,hedge_margin_too_small,nan,0.01,"Stay because candidate Hedge weight advantage is too small: margin=nan, threshold=0.0100."
85247,665,sgd_lr_0_0005,sgd_lr_0_0001,stay,False,hedge_margin_too_small,nan,0.01,"Stay because candidate Hedge weight advantage is too small: margin=nan, threshold=0.0100."
85375,666,sgd_lr_0_0005,sgd_lr_0_0001,stay,False,hedge_margin_too_small,nan,0.01,"Stay because candidate Hedge weight advantage is too small: margin=nan, threshold=0.0100."
85503,667,sgd_lr_0_0005,sgd_lr_0_0001,stay,False,hedge_margin_too_small,nan,0.01,"Stay because candidate Hedge weight advantage is too small: margin=nan, threshold=0.0100."
85631,668,sgd_lr_0_0005,sgd_lr_0_0001,stay,False,hedge_margin_too_small,nan,0.01,"Stay because candidate Hedge weight advantage is too small: margin=nan, threshold=0.0100."
85759,669,sgd_lr_0_0005,sgd_lr_0_0001,stay,False,hedge_margin_too_small,nan,0.01,"Stay because candidate Hedge weight advantage is too small: margin=nan, threshold=0.0100."
85887,670,sgd_lr_0_0005,sgd_lr_0_0001,stay,False,hedge_margin_too_small,nan,0.01,"Stay because candidate Hedge weight advantage is too small: margin=nan, threshold=0.0100."
86015,671,sgd_lr_0_0005,sgd_lr_0_0001,stay,False,hedge_margin_too_small,nan,0.01,"Stay because candidate Hedge weight advantage is too small: margin=nan, threshold=0.0100."
86143,672,sgd_lr_0_0005,sgd_lr_0_0001,stay,False,hedge_margin_too_small,nan,0.01,"Stay because candidate Hedge weight advantage is too small: margin=nan, threshold=0.0100."
86271,673,sgd_lr_0_0005,sgd_lr_0_0001,stay,False,hedge_margin_too_small,nan,0.01,"Stay because candidate Hedge weight advantage is too small: margin=nan, threshold=0.0100."
86399,674,sgd_lr_0_0005,sgd_lr_0_0001,stay,False,hedge_margin_too_small,nan,0.01,"Stay because candidate Hedge weight advantage is too small: margin=nan, threshold=0.0100."
86527,675,sgd_lr_0_0005,sgd_lr_0_0001,stay,False,hedge_margin_too_small,nan,0.01,"Stay because candidate Hedge weight advantage is too small: margin=nan, threshold=0.0100."
86655,676,sgd_lr_0_0005,sgd_lr_0_0001,stay,False,hedge_margin_too_small,nan,0.01,"Stay because candidate Hedge weight advantage is too small: margin=nan, threshold=0.0100."
86783,677,sgd_lr_0_0005,sgd_lr_0_0001,stay,False,hedge_margin_too_small,nan,0.01,"Stay because candidate Hedge weight advantage is too small: margin=nan, threshold=0.0100."
86911,678,sgd_lr_0_0005,sgd_lr_0_0001,stay,False,hedge_margin_too_small,nan,0.01,"Stay because candidate Hedge weight advantage is too small: margin=nan, threshold=0.0100."
87039,679,sgd_lr_0_0005,sgd_lr_0_0001,stay,False,hedge_margin_too_small,nan,0.01,"Stay because candidate Hedge weight advantage is too small: margin=nan, threshold=0.0100."
87167,680,sgd_lr_0_0005,sgd_lr_0_0001,stay,False,hedge_margin_too_small,nan,0.01,"Stay because candidate Hedge weight advantage is too small: margin=nan, threshold=0.0100."
87295,681,sgd_lr_0_0005,sgd_lr_0_0001,stay,False,hedge_margin_too_small,nan,0.01,"Stay because candidate Hedge weight advantage is too small: margin=nan, threshold=0.0100."
87423,682,sgd_lr_0_0005,sgd_lr_0_0001,stay,False,hedge_margin_too_small,nan,0.01,"Stay because candidate Hedge weight advantage is too small: margin=nan, threshold=0.0100."
87551,683,sgd_lr_0_0005,sgd_lr_0_0001,stay,False,hedge_margin_too_small,nan,0.01,"Stay because candidate Hedge weight advantage is too small: margin=nan, threshold=0.0100."
87679,684,sgd_lr_0_0005,sgd_lr_0_0001,stay,False,hedge_margin_too_small,nan,0.01,"Stay because candidate Hedge weight advantage is too small: margin=nan, threshold=0.0100."
87807,685,sgd_lr_0_0005,sgd_lr_0_0001,stay,False,hedge_margin_too_small,nan,0.01,"Stay because candidate Hedge weight advantage is too small: margin=nan, threshold=0.0100."
87935,686,sgd_lr_0_0005,sgd_lr_0_0001,stay,False,hedge_margin_too_small,nan,0.01,"Stay because candidate Hedge weight advantage is too small: margin=nan, threshold=0.0100."
88063,687,sgd_lr_0_0005,sgd_lr_0_0001,stay,False,hedge_margin_too_small,nan,0.01,"Stay because candidate Hedge weight advantage is too small: margin=nan, threshold=0.0100."
88191,688,sgd_lr_0_0005,sgd_lr_0_0001,stay,False,hedge_margin_too_small,nan,0.01,"Stay because candidate Hedge weight advantage is too small: margin=nan, threshold=0.0100."
88319,689,sgd_lr_0_0005,sgd_lr_0_0001,stay,False,hedge_margin_too_small,nan,0.01,"Stay because candidate Hedge weight advantage is too small: margin=nan, threshold=0.0100."
88447,690,sgd_lr_0_0005,sgd_lr_0_0001,stay,False,hedge_margin_too_small,nan,0.01,"Stay because candidate Hedge weight advantage is too small: margin=nan, threshold=0.0100."
88575,691,sgd_lr_0_0005,sgd_lr_0_0001,stay,False,hedge_margin_too_small,nan,0.01,"Stay because candidate Hedge weight advantage is too small: margin=nan, threshold=0.0100."
88703,692,sgd_lr_0_0005,sgd_lr_0_0001,stay,False,hedge_margin_too_small,nan,0.01,"Stay because candidate Hedge weight advantage is too small: margin=nan, threshold=0.0100."
88831,693,sgd_lr_0_0005,sgd_lr_0_0001,stay,False,hedge_margin_too_small,nan,0.01,"Stay because candidate Hedge weight advantage is too small: margin=nan, threshold=0.0100."
88959,694,sgd_lr_0_0005,sgd_lr_0_0001,stay,False,hedge_margin_too_small,nan,0.01,"Stay because candidate Hedge weight advantage is too small: margin=nan, threshold=0.0100."
89087,695,sgd_lr_0_0005,sgd_lr_0_0001,stay,False,hedge_margin_too_small,nan,0.01,"Stay because candidate Hedge weight advantage is too small: margin=nan, threshold=0.0100."
89215,696,sgd_lr_0_0005,sgd_lr_0_0001,stay,False,hedge_margin_too_small,nan,0.01,"Stay because candidate Hedge weight advantage is too small: margin=nan, threshold=0.0100."
89343,697,sgd_lr_0_0005,sgd_lr_0_0001,stay,False,hedge_margin_too_small,nan,0.01,"Stay because candidate Hedge weight advantage is too small: margin=nan, threshold=0.0100."
89471,698,sgd_lr_0_0005,sgd_lr_0_0001,stay,False,hedge_margin_too_small,nan,0.01,"Stay because candidate Hedge weight advantage is too small: margin=nan, threshold=0.0100."
89599,699,sgd_lr_0_0005,sgd_lr_0_0001,stay,False,hedge_margin_too_small,nan,0.01,"Stay because candidate Hedge weight advantage is too small: margin=nan, threshold=0.0100."
89727,700,sgd_lr_0_0005,sgd_lr_0_0001,stay,False,hedge_margin_too_small,nan,0.01,"Stay because candidate Hedge weight advantage is too small: margin=nan, threshold=0.0100."
89855,701,sgd_lr_0_0005,sgd_lr_0_0001,stay,False,hedge_margin_too_small,nan,0.01,"Stay because candidate Hedge weight advantage is too small: margin=nan, threshold=0.0100."
89983,702,sgd_lr_0_0005,sgd_lr_0_0001,stay,False,hedge_margin_too_small,nan,0.01,"Stay because candidate Hedge weight advantage is too small: margin=nan, threshold=0.0100."
90111,703,sgd_lr_0_0005,sgd_lr_0_0001,stay,False,hedge_margin_too_small,nan,0.01,"Stay because candidate Hedge weight advantage is too small: margin=nan, threshold=0.0100."
90239,704,sgd_lr_0_0005,sgd_lr_0_0001,stay,False,hedge_margin_too_small,nan,0.01,"Stay because candidate Hedge weight advantage is too small: margin=nan, threshold=0.0100."
90367,705,sgd_lr_0_0005,sgd_lr_0_0001,stay,False,hedge_margin_too_small,nan,0.01,"Stay because candidate Hedge weight advantage is too small: margin=nan, threshold=0.0100."
90495,706,sgd_lr_0_0005,sgd_lr_0_0001,stay,False,hedge_margin_too_small,nan,0.01,"Stay because candidate Hedge weight advantage is too small: margin=nan, threshold=0.0100."
90623,707,sgd_lr_0_0005,sgd_lr_0_0001,stay,False,hedge_margin_too_small,nan,0.01,"Stay because candidate Hedge weight advantage is too small: margin=nan, threshold=0.0100."
90751,708,sgd_lr_0_0005,sgd_lr_0_0001,stay,False,hedge_margin_too_small,nan,0.01,"Stay because candidate Hedge weight advantage is too small: margin=nan, threshold=0.0100."
90879,709,sgd_lr_0_0005,sgd_lr_0_0001,stay,False,hedge_margin_too_small,nan,0.01,"Stay because candidate Hedge weight advantage is too small: margin=nan, threshold=0.0100."
91007,710,sgd_lr_0_0005,sgd_lr_0_0001,stay,False,hedge_margin_too_small,nan,0.01,"Stay because candidate Hedge weight advantage is too small: margin=nan, threshold=0.0100."
91135,711,sgd_lr_0_0005,sgd_lr_0_0001,stay,False,hedge_margin_too_small,nan,0.01,"Stay because candidate Hedge weight advantage is too small: margin=nan, threshold=0.0100."
91263,712,sgd_lr_0_0005,sgd_lr_0_0001,stay,False,hedge_margin_too_small,nan,0.01,"Stay because candidate Hedge weight advantage is too small: margin=nan, threshold=0.0100."
91391,713,sgd_lr_0_0005,sgd_lr_0_0001,stay,False,hedge_margin_too_small,nan,0.01,"Stay because candidate Hedge weight advantage is too small: margin=nan, threshold=0.0100."
91519,714,sgd_lr_0_0005,sgd_lr_0_0001,stay,False,hedge_margin_too_small,nan,0.01,"Stay because candidate Hedge weight advantage is too small: margin=nan, threshold=0.0100."
91647,715,sgd_lr_0_0005,sgd_lr_0_0001,stay,False,hedge_margin_too_small,nan,0.01,"Stay because candidate Hedge weight advantage is too small: margin=nan, threshold=0.0100."
91775,716,sgd_lr_0_0005,sgd_lr_0_0001,stay,False,hedge_margin_too_small,nan,0.01,"Stay because candidate Hedge weight advantage is too small: margin=nan, threshold=0.0100."
91903,717,sgd_lr_0_0005,sgd_lr_0_0001,stay,False,hedge_margin_too_small,nan,0.01,"Stay because candidate Hedge weight advantage is too small: margin=nan, threshold=0.0100."
92031,718,sgd_lr_0_0005,sgd_lr_0_0001,stay,False,hedge_margin_too_small,nan,0.01,"Stay because candidate Hedge weight advantage is too small: margin=nan, threshold=0.0100."
92159,719,sgd_lr_0_0005,sgd_lr_0_0001,stay,False,hedge_margin_too_small,nan,0.01,"Stay because candidate Hedge weight advantage is too small: margin=nan, threshold=0.0100."
92287,720,sgd_lr_0_0005,sgd_lr_0_0001,stay,False,hedge_margin_too_small,nan,0.01,"Stay because candidate Hedge weight advantage is too small: margin=nan, threshold=0.0100."
92415,721,sgd_lr_0_0005,sgd_lr_0_0001,stay,False,hedge_margin_too_small,nan,0.01,"Stay because candidate Hedge weight advantage is too small: margin=nan, threshold=0.0100."
92543,722,sgd_lr_0_0005,sgd_lr_0_0001,stay,False,hedge_margin_too_small,nan,0.01,"Stay because candidate Hedge weight advantage is too small: margin=nan, threshold=0.0100."
92671,723,sgd_lr_0_0005,sgd_lr_0_0001,stay,False,hedge_margin_too_small,nan,0.01,"Stay because candidate Hedge weight advantage is too small: margin=nan, threshold=0.0100."
92799,724,sgd_lr_0_0005,sgd_lr_0_0001,stay,False,hedge_margin_too_small,nan,0.01,"Stay because candidate Hedge weight advantage is too small: margin=nan, threshold=0.0100."
92927,725,sgd_lr_0_0005,sgd_lr_0_0001,stay,False,hedge_margin_too_small,nan,0.01,"Stay because candidate Hedge weight advantage is too small: margin=nan, threshold=0.0100."
93055,726,sgd_lr_0_0005,sgd_lr_0_0001,stay,False,hedge_margin_too_small,nan,0.01,"Stay because candidate Hedge weight advantage is too small: margin=nan, threshold=0.0100."
93183,727,sgd_lr_0_0005,sgd_lr_0_0001,stay,False,hedge_margin_too_small,nan,0.01,"Stay because candidate Hedge weight advantage is too small: margin=nan, threshold=0.0100."
93311,728,sgd_lr_0_0005,sgd_lr_0_0001,stay,False,hedge_margin_too_small,nan,0.01,"Stay because candidate Hedge weight advantage is too small: margin=nan, threshold=0.0100."
93439,729,sgd_lr_0_0005,sgd_lr_0_0001,stay,False,hedge_margin_too_small,nan,0.01,"Stay because candidate Hedge weight advantage is too small: margin=nan, threshold=0.0100."
93567,730,sgd_lr_0_0005,sgd_lr_0_0001,stay,False,hedge_margin_too_small,nan,0.01,"Stay because candidate Hedge weight advantage is too small: margin=nan, threshold=0.0100."
93695,731,sgd_lr_0_0005,sgd_lr_0_0001,stay,False,hedge_margin_too_small,nan,0.01,"Stay because candidate Hedge weight advantage is too small: margin=nan, threshold=0.0100."
93823,732,sgd_lr_0_0005,sgd_lr_0_0001,stay,False,hedge_margin_too_small,nan,0.01,"Stay because candidate Hedge weight advantage is too small: margin=nan, threshold=0.0100."
93951,733,sgd_lr_0_0005,sgd_lr_0_0001,stay,False,hedge_margin_too_small,nan,0.01,"Stay because candidate Hedge weight advantage is too small: margin=nan, threshold=0.0100."
94079,734,sgd_lr_0_0005,sgd_lr_0_0001,stay,False,hedge_margin_too_small,nan,0.01,"Stay because candidate Hedge weight advantage is too small: margin=nan, threshold=0.0100."
94207,735,sgd_lr_0_0005,sgd_lr_0_0001,stay,False,hedge_margin_too_small,nan,0.01,"Stay because candidate Hedge weight advantage is too small: margin=nan, threshold=0.0100."
94335,736,sgd_lr_0_0005,sgd_lr_0_0001,stay,False,hedge_margin_too_small,nan,0.01,"Stay because candidate Hedge weight advantage is too small: margin=nan, threshold=0.0100."
94463,737,sgd_lr_0_0005,sgd_lr_0_0001,stay,False,hedge_margin_too_small,nan,0.01,"Stay because candidate Hedge weight advantage is too small: margin=nan, threshold=0.0100."
94591,738,sgd_lr_0_0005,sgd_lr_0_0001,stay,False,hedge_margin_too_small,nan,0.01,"Stay because candidate Hedge weight advantage is too small: margin=nan, threshold=0.0100."
94719,739,sgd_lr_0_0005,sgd_lr_0_0001,stay,False,hedge_margin_too_small,nan,0.01,"Stay because candidate Hedge weight advantage is too small: margin=nan, threshold=0.0100."
94847,740,sgd_lr_0_0005,sgd_lr_0_0001,stay,False,hedge_margin_too_small,nan,0.01,"Stay because candidate Hedge weight advantage is too small: margin=nan, threshold=0.0100."
94975,741,sgd_lr_0_0005,sgd_lr_0_0001,stay,False,hedge_margin_too_small,nan,0.01,"Stay because candidate Hedge weight advantage is too small: margin=nan, threshold=0.0100."
95103,742,sgd_lr_0_0005,sgd_lr_0_0001,stay,False,hedge_margin_too_small,nan,0.01,"Stay because candidate Hedge weight advantage is too small: margin=nan, threshold=0.0100."
95231,743,sgd_lr_0_0005,sgd_lr_0_0001,stay,False,hedge_margin_too_small,nan,0.01,"Stay because candidate Hedge weight advantage is too small: margin=nan, threshold=0.0100."
95359,744,sgd_lr_0_0005,sgd_lr_0_0001,stay,False,hedge_margin_too_small,nan,0.01,"Stay because candidate Hedge weight advantage is too small: margin=nan, threshold=0.0100."
95487,745,sgd_lr_0_0005,sgd_lr_0_0001,stay,False,hedge_margin_too_small,nan,0.01,"Stay because candidate Hedge weight advantage is too small: margin=nan, threshold=0.0100."
95615,746,sgd_lr_0_0005,sgd_lr_0_0001,stay,False,hedge_margin_too_small,nan,0.01,"Stay because candidate Hedge weight advantage is too small: margin=nan, threshold=0.0100."
95743,747,sgd_lr_0_0005,sgd_lr_0_0001,stay,False,hedge_margin_too_small,nan,0.01,"Stay because candidate Hedge weight advantage is too small: margin=nan, threshold=0.0100."
95871,748,sgd_lr_0_0005,sgd_lr_0_0001,stay,False,hedge_margin_too_small,nan,0.01,"Stay because candidate Hedge weight advantage is too small: margin=nan, threshold=0.0100."
95999,749,sgd_lr_0_0005,sgd_lr_0_0001,stay,False,hedge_margin_too_small,nan,0.01,"Stay because candidate Hedge weight advantage is too small: margin=nan, threshold=0.0100."
96127,750,sgd_lr_0_0005,sgd_lr_0_0001,stay,False,hedge_margin_too_small,nan,0.01,"Stay because candidate Hedge weight advantage is too small: margin=nan, threshold=0.0100."
96255,751,sgd_lr_0_0005,sgd_lr_0_0001,stay,False,hedge_margin_too_small,nan,0.01,"Stay because candidate Hedge weight advantage is too small: margin=nan, threshold=0.0100."
96383,752,sgd_lr_0_0005,sgd_lr_0_0001,stay,False,hedge_margin_too_small,nan,0.01,"Stay because candidate Hedge weight advantage is too small: margin=nan, threshold=0.0100."
96511,753,sgd_lr_0_0005,sgd_lr_0_0001,stay,False,hedge_margin_too_small,nan,0.01,"Stay because candidate Hedge weight advantage is too small: margin=nan, threshold=0.0100."
96639,754,sgd_lr_0_0005,sgd_lr_0_0001,stay,False,hedge_margin_too_small,nan,0.01,"Stay because candidate Hedge weight advantage is too small: margin=nan, threshold=0.0100."
96767,755,sgd_lr_0_0005,sgd_lr_0_0001,stay,False,hedge_margin_too_small,nan,0.01,"Stay because candidate Hedge weight advantage is too small: margin=nan, threshold=0.0100."
96895,756,sgd_lr_0_0005,sgd_lr_0_0001,stay,False,hedge_margin_too_small,nan,0.01,"Stay because candidate Hedge weight advantage is too small: margin=nan, threshold=0.0100."
97023,757,sgd_lr_0_0005,sgd_lr_0_0001,stay,False,hedge_margin_too_small,nan,0.01,"Stay because candidate Hedge weight advantage is too small: margin=nan, threshold=0.0100."
97151,758,sgd_lr_0_0005,sgd_lr_0_0001,stay,False,hedge_margin_too_small,nan,0.01,"Stay because candidate Hedge weight advantage is too small: margin=nan, threshold=0.0100."
97279,759,sgd_lr_0_0005,sgd_lr_0_0001,stay,False,hedge_margin_too_small,nan,0.01,"Stay because candidate Hedge weight advantage is too small: margin=nan, threshold=0.0100."
97407,760,sgd_lr_0_0005,sgd_lr_0_0001,stay,False,hedge_margin_too_small,nan,0.01,"Stay because candidate Hedge weight advantage is too small: margin=nan, threshold=0.0100."
97535,761,sgd_lr_0_0005,sgd_lr_0_0001,stay,False,hedge_margin_too_small,nan,0.01,"Stay because candidate Hedge weight advantage is too small: margin=nan, threshold=0.0100."
97663,762,sgd_lr_0_0005,sgd_lr_0_0001,stay,False,hedge_margin_too_small,nan,0.01,"Stay because candidate Hedge weight advantage is too small: margin=nan, threshold=0.0100."
97791,763,sgd_lr_0_0005,sgd_lr_0_0001,stay,False,hedge_margin_too_small,nan,0.01,"Stay because candidate Hedge weight advantage is too small: margin=nan, threshold=0.0100."
97919,764,sgd_lr_0_0005,sgd_lr_0_0001,stay,False,hedge_margin_too_small,nan,0.01,"Stay because candidate Hedge weight advantage is too small: margin=nan, threshold=0.0100."
98047,765,sgd_lr_0_0005,sgd_lr_0_0001,stay,False,hedge_margin_too_small,nan,0.01,"Stay because candidate Hedge weight advantage is too small: margin=nan, threshold=0.0100."
98175,766,sgd_lr_0_0005,sgd_lr_0_0001,stay,False,hedge_margin_too_small,nan,0.01,"Stay because candidate Hedge weight advantage is too small: margin=nan, threshold=0.0100."
98303,767,sgd_lr_0_0005,sgd_lr_0_0001,stay,False,hedge_margin_too_small,nan,0.01,"Stay because candidate Hedge weight advantage is too small: margin=nan, threshold=0.0100."
98431,768,sgd_lr_0_0005,sgd_lr_0_0001,stay,False,hedge_margin_too_small,nan,0.01,"Stay because candidate Hedge weight advantage is too small: margin=nan, threshold=0.0100."
98559,769,sgd_lr_0_0005,sgd_lr_0_0001,stay,False,hedge_margin_too_small,nan,0.01,"Stay because candidate Hedge weight advantage is too small: margin=nan, threshold=0.0100."
98687,770,sgd_lr_0_0005,sgd_lr_0_0001,stay,False,hedge_margin_too_small,nan,0.01,"Stay because candidate Hedge weight advantage is too small: margin=nan, threshold=0.0100."
98815,771,sgd_lr_0_0005,sgd_lr_0_0001,stay,False,hedge_margin_too_small,nan,0.01,"Stay because candidate Hedge weight advantage is too small: margin=nan, threshold=0.0100."
98943,772,sgd_lr_0_0005,sgd_lr_0_0001,stay,False,hedge_margin_too_small,nan,0.01,"Stay because candidate Hedge weight advantage is too small: margin=nan, threshold=0.0100."
99071,773,sgd_lr_0_0005,sgd_lr_0_0001,stay,False,hedge_margin_too_small,nan,0.01,"Stay because candidate Hedge weight advantage is too small: margin=nan, threshold=0.0100."
99199,774,sgd_lr_0_0005,sgd_lr_0_0001,stay,False,hedge_margin_too_small,nan,0.01,"Stay because candidate Hedge weight advantage is too small: margin=nan, threshold=0.0100."
99327,775,sgd_lr_0_0005,sgd_lr_0_0001,stay,False,hedge_margin_too_small,nan,0.01,"Stay because candidate Hedge weight advantage is too small: margin=nan, threshold=0.0100."
99455,776,sgd_lr_0_0005,sgd_lr_0_0001,stay,False,hedge_margin_too_small,nan,0.01,"Stay because candidate Hedge weight advantage is too small: margin=nan, threshold=0.0100."
99583,777,sgd_lr_0_0005,sgd_lr_0_0001,stay,False,hedge_margin_too_small,nan,0.01,"Stay because candidate Hedge weight advantage is too small: margin=nan, threshold=0.0100."
99711,778,sgd_lr_0_0005,sgd_lr_0_0001,stay,False,hedge_margin_too_small,nan,0.01,"Stay because candidate Hedge weight advantage is too small: margin=nan, threshold=0.0100."
99839,779,sgd_lr_0_0005,sgd_lr_0_0001,stay,False,hedge_margin_too_small,nan,0.01,"Stay because candidate Hedge weight advantage is too small: margin=nan, threshold=0.0100."
99967,780,sgd_lr_0_0005,sgd_lr_0_0001,stay,False,hedge_margin_too_small,nan,0.01,"Stay because candidate Hedge weight advantage is too small: margin=nan, threshold=0.0100."
100095,781,sgd_lr_0_0005,sgd_lr_0_0001,stay,False,hedge_margin_too_small,nan,0.01,"Stay because candidate Hedge weight advantage is too small: margin=nan, threshold=0.0100."
100223,782,sgd_lr_0_0005,sgd_lr_0_0001,stay,False,hedge_margin_too_small,nan,0.01,"Stay because candidate Hedge weight advantage is too small: margin=nan, threshold=0.0100."
100351,783,sgd_lr_0_0005,sgd_lr_0_0001,stay,False,hedge_margin_too_small,nan,0.01,"Stay because candidate Hedge weight advantage is too small: margin=nan, threshold=0.0100."
100479,784,sgd_lr_0_0005,sgd_lr_0_0001,stay,False,hedge_margin_too_small,nan,0.01,"Stay because candidate Hedge weight advantage is too small: margin=nan, threshold=0.0100."
100607,785,sgd_lr_0_0005,sgd_lr_0_0001,stay,False,hedge_margin_too_small,nan,0.01,"Stay because candidate Hedge weight advantage is too small: margin=nan, threshold=0.0100."
100735,786,sgd_lr_0_0005,sgd_lr_0_0001,stay,False,hedge_margin_too_small,nan,0.01,"Stay because candidate Hedge weight advantage is too small: margin=nan, threshold=0.0100."
100863,787,sgd_lr_0_0005,sgd_lr_0_0001,stay,False,hedge_margin_too_small,nan,0.01,"Stay because candidate Hedge weight advantage is too small: margin=nan, threshold=0.0100."
100991,788,sgd_lr_0_0005,sgd_lr_0_0001,stay,False,hedge_margin_too_small,nan,0.01,"Stay because candidate Hedge weight advantage is too small: margin=nan, threshold=0.0100."
101119,789,sgd_lr_0_0005,sgd_lr_0_0001,stay,False,hedge_margin_too_small,nan,0.01,"Stay because candidate Hedge weight advantage is too small: margin=nan, threshold=0.0100."
101247,790,sgd_lr_0_0005,sgd_lr_0_0001,stay,False,hedge_margin_too_small,nan,0.01,"Stay because candidate Hedge weight advantage is too small: margin=nan, threshold=0.0100."
101375,791,sgd_lr_0_0005,sgd_lr_0_0001,stay,False,hedge_margin_too_small,nan,0.01,"Stay because candidate Hedge weight advantage is too small: margin=nan, threshold=0.0100."
101503,792,sgd_lr_0_0005,sgd_lr_0_0001,stay,False,hedge_margin_too_small,nan,0.01,"Stay because candidate Hedge weight advantage is too small: margin=nan, threshold=0.0100."
101631,793,sgd_lr_0_0005,sgd_lr_0_0001,stay,False,hedge_margin_too_small,nan,0.01,"Stay because candidate Hedge weight advantage is too small: margin=nan, threshold=0.0100."
101759,794,sgd_lr_0_0005,sgd_lr_0_0001,stay,False,hedge_margin_too_small,nan,0.01,"Stay because candidate Hedge weight advantage is too small: margin=nan, threshold=0.0100."
101887,795,sgd_lr_0_0005,sgd_lr_0_0001,stay,False,hedge_margin_too_small,nan,0.01,"Stay because candidate Hedge weight advantage is too small: margin=nan, threshold=0.0100."
102015,796,sgd_lr_0_0005,sgd_lr_0_0001,stay,False,hedge_margin_too_small,nan,0.01,"Stay because candidate Hedge weight advantage is too small: margin=nan, threshold=0.0100."
102143,797,sgd_lr_0_0005,sgd_lr_0_0001,stay,False,hedge_margin_too_small,nan,0.01,"Stay because candidate Hedge weight advantage is too small: margin=nan, threshold=0.0100."
102271,798,sgd_lr_0_0005,sgd_lr_0_0001,stay,False,hedge_margin_too_small,nan,0.01,"Stay because candidate Hedge weight advantage is too small: margin=nan, threshold=0.0100."
102399,799,sgd_lr_0_0005,sgd_lr_0_0001,stay,False,hedge_margin_too_small,nan,0.01,"Stay because candidate Hedge weight advantage is too small: margin=nan, threshold=0.0100."
102527,800,sgd_lr_0_0005,sgd_lr_0_0001,stay,False,hedge_margin_too_small,nan,0.01,"Stay because candidate Hedge weight advantage is too small: margin=nan, threshold=0.0100."
102655,801,sgd_lr_0_0005,sgd_lr_0_0001,stay,False,hedge_margin_too_small,nan,0.01,"Stay because candidate Hedge weight advantage is too small: margin=nan, threshold=0.0100."
102783,802,sgd_lr_0_0005,sgd_lr_0_0001,stay,False,hedge_margin_too_small,nan,0.01,"Stay because candidate Hedge weight advantage is too small: margin=nan, threshold=0.0100."
102911,803,sgd_lr_0_0005,sgd_lr_0_0001,stay,False,hedge_margin_too_small,nan,0.01,"Stay because candidate Hedge weight advantage is too small: margin=nan, threshold=0.0100."
103039,804,sgd_lr_0_0005,sgd_lr_0_0001,stay,False,hedge_margin_too_small,nan,0.01,"Stay because candidate Hedge weight advantage is too small: margin=nan, threshold=0.0100."
103167,805,sgd_lr_0_0005,sgd_lr_0_0001,stay,False,hedge_margin_too_small,nan,0.01,"Stay because candidate Hedge weight advantage is too small: margin=nan, threshold=0.0100."
103295,806,sgd_lr_0_0005,sgd_lr_0_0001,stay,False,hedge_margin_too_small,nan,0.01,"Stay because candidate Hedge weight advantage is too small: margin=nan, threshold=0.0100."
103423,807,sgd_lr_0_0005,sgd_lr_0_0001,stay,False,hedge_margin_too_small,nan,0.01,"Stay because candidate Hedge weight advantage is too small: margin=nan, threshold=0.0100."
103551,808,sgd_lr_0_0005,sgd_lr_0_0001,stay,False,hedge_margin_too_small,nan,0.01,"Stay because candidate Hedge weight advantage is too small: margin=nan, threshold=0.0100."
103679,809,sgd_lr_0_0005,sgd_lr_0_0001,stay,False,hedge_margin_too_small,nan,0.01,"Stay because candidate Hedge weight advantage is too small: margin=nan, threshold=0.0100."
103807,810,sgd_lr_0_0005,sgd_lr_0_0001,stay,False,hedge_margin_too_small,nan,0.01,"Stay because candidate Hedge weight advantage is too small: margin=nan, threshold=0.0100."
103935,811,sgd_lr_0_0005,sgd_lr_0_0001,stay,False,hedge_margin_too_small,nan,0.01,"Stay because candidate Hedge weight advantage is too small: margin=nan, threshold=0.0100."
104063,812,sgd_lr_0_0005,sgd_lr_0_0001,stay,False,hedge_margin_too_small,nan,0.01,"Stay because candidate Hedge weight advantage is too small: margin=nan, threshold=0.0100."
104191,813,sgd_lr_0_0005,sgd_lr_0_0001,stay,False,hedge_margin_too_small,nan,0.01,"Stay because candidate Hedge weight advantage is too small: margin=nan, threshold=0.0100."
104319,814,sgd_lr_0_0005,sgd_lr_0_0001,stay,False,hedge_margin_too_small,nan,0.01,"Stay because candidate Hedge weight advantage is too small: margin=nan, threshold=0.0100."
104447,815,sgd_lr_0_0005,sgd_lr_0_0001,stay,False,hedge_margin_too_small,nan,0.01,"Stay because candidate Hedge weight advantage is too small: margin=nan, threshold=0.0100."
104575,816,sgd_lr_0_0005,sgd_lr_0_0001,stay,False,hedge_margin_too_small,nan,0.01,"Stay because candidate Hedge weight advantage is too small: margin=nan, threshold=0.0100."
104703,817,sgd_lr_0_0005,sgd_lr_0_0001,stay,False,hedge_margin_too_small,nan,0.01,"Stay because candidate Hedge weight advantage is too small: margin=nan, threshold=0.0100."
104831,818,sgd_lr_0_0005,sgd_lr_0_0001,stay,False,hedge_margin_too_small,nan,0.01,"Stay because candidate Hedge weight advantage is too small: margin=nan, threshold=0.0100."
104959,819,sgd_lr_0_0005,sgd_lr_0_0001,stay,False,hedge_margin_too_small,nan,0.01,"Stay because candidate Hedge weight advantage is too small: margin=nan, threshold=0.0100."
105087,820,sgd_lr_0_0005,sgd_lr_0_0001,stay,False,hedge_margin_too_small,nan,0.01,"Stay because candidate Hedge weight advantage is too small: margin=nan, threshold=0.0100."
105215,821,sgd_lr_0_0005,sgd_lr_0_0001,stay,False,hedge_margin_too_small,nan,0.01,"Stay because candidate Hedge weight advantage is too small: margin=nan, threshold=0.0100."
105343,822,sgd_lr_0_0005,sgd_lr_0_0001,stay,False,hedge_margin_too_small,nan,0.01,"Stay because candidate Hedge weight advantage is too small: margin=nan, threshold=0.0100."
105471,823,sgd_lr_0_0005,sgd_lr_0_0001,stay,False,hedge_margin_too_small,nan,0.01,"Stay because candidate Hedge weight advantage is too small: margin=nan, threshold=0.0100."
105599,824,sgd_lr_0_0005,sgd_lr_0_0001,stay,False,hedge_margin_too_small,nan,0.01,"Stay because candidate Hedge weight advantage is too small: margin=nan, threshold=0.0100."
105727,825,sgd_lr_0_0005,sgd_lr_0_0001,stay,False,hedge_margin_too_small,nan,0.01,"Stay because candidate Hedge weight advantage is too small: margin=nan, threshold=0.0100."
105855,826,sgd_lr_0_0005,sgd_lr_0_0001,stay,False,hedge_margin_too_small,nan,0.01,"Stay because candidate Hedge weight advantage is too small: margin=nan, threshold=0.0100."
105983,827,sgd_lr_0_0005,sgd_lr_0_0001,stay,False,hedge_margin_too_small,nan,0.01,"Stay because candidate Hedge weight advantage is too small: margin=nan, threshold=0.0100."
106111,828,sgd_lr_0_0005,sgd_lr_0_0001,stay,False,hedge_margin_too_small,nan,0.01,"Stay because candidate Hedge weight advantage is too small: margin=nan, threshold=0.0100."
106239,829,sgd_lr_0_0005,sgd_lr_0_0001,stay,False,hedge_margin_too_small,nan,0.01,"Stay because candidate Hedge weight advantage is too small: margin=nan, threshold=0.0100."
106367,830,sgd_lr_0_0005,sgd_lr_0_0001,stay,False,hedge_margin_too_small,nan,0.01,"Stay because candidate Hedge weight advantage is too small: margin=nan, threshold=0.0100."
106495,831,sgd_lr_0_0005,sgd_lr_0_0001,stay,False,hedge_margin_too_small,nan,0.01,"Stay because candidate Hedge weight advantage is too small: margin=nan, threshold=0.0100."
106623,832,sgd_lr_0_0005,sgd_lr_0_0001,stay,False,hedge_margin_too_small,nan,0.01,"Stay because candidate Hedge weight advantage is too small: margin=nan, threshold=0.0100."
106751,833,sgd_lr_0_0005,sgd_lr_0_0001,stay,False,hedge_margin_too_small,nan,0.01,"Stay because candidate Hedge weight advantage is too small: margin=nan, threshold=0.0100."
106879,834,sgd_lr_0_0005,sgd_lr_0_0001,stay,False,hedge_margin_too_small,nan,0.01,"Stay because candidate Hedge weight advantage is too small: margin=nan, threshold=0.0100."
107007,835,sgd_lr_0_0005,sgd_lr_0_0001,stay,False,hedge_margin_too_small,nan,0.01,"Stay because candidate Hedge weight advantage is too small: margin=nan, threshold=0.0100."
107135,836,sgd_lr_0_0005,sgd_lr_0_0001,stay,False,hedge_margin_too_small,nan,0.01,"Stay because candidate Hedge weight advantage is too small: margin=nan, threshold=0.0100."
107263,837,sgd_lr_0_0005,sgd_lr_0_0001,stay,False,hedge_margin_too_small,nan,0.01,"Stay because candidate Hedge weight advantage is too small: margin=nan, threshold=0.0100."
107391,838,sgd_lr_0_0005,sgd_lr_0_0001,stay,False,hedge_margin_too_small,nan,0.01,"Stay because candidate Hedge weight advantage is too small: margin=nan, threshold=0.0100."
107519,839,sgd_lr_0_0005,sgd_lr_0_0001,stay,False,hedge_margin_too_small,nan,0.01,"Stay because candidate Hedge weight advantage is too small: margin=nan, threshold=0.0100."
107647,840,sgd_lr_0_0005,sgd_lr_0_0001,stay,False,hedge_margin_too_small,nan,0.01,"Stay because candidate Hedge weight advantage is too small: margin=nan, threshold=0.0100."
107775,841,sgd_lr_0_0005,sgd_lr_0_0001,stay,False,hedge_margin_too_small,nan,0.01,"Stay because candidate Hedge weight advantage is too small: margin=nan, threshold=0.0100."
107903,842,sgd_lr_0_0005,sgd_lr_0_0001,stay,False,hedge_margin_too_small,nan,0.01,"Stay because candidate Hedge weight advantage is too small: margin=nan, threshold=0.0100."
108031,843,sgd_lr_0_0005,sgd_lr_0_0001,stay,False,hedge_margin_too_small,nan,0.01,"Stay because candidate Hedge weight advantage is too small: margin=nan, threshold=0.0100."
108159,844,sgd_lr_0_0005,sgd_lr_0_0001,stay,False,hedge_margin_too_small,nan,0.01,"Stay because candidate Hedge weight advantage is too small: margin=nan, threshold=0.0100."
108287,845,sgd_lr_0_0005,sgd_lr_0_0001,stay,False,hedge_margin_too_small,nan,0.01,"Stay because candidate Hedge weight advantage is too small: margin=nan, threshold=0.0100."
108415,846,sgd_lr_0_0005,sgd_lr_0_0001,stay,False,hedge_margin_too_small,nan,0.01,"Stay because candidate Hedge weight advantage is too small: margin=nan, threshold=0.0100."
108543,847,sgd_lr_0_0005,sgd_lr_0_0001,stay,False,hedge_margin_too_small,nan,0.01,"Stay because candidate Hedge weight advantage is too small: margin=nan, threshold=0.0100."
108671,848,sgd_lr_0_0005,sgd_lr_0_0001,stay,False,hedge_margin_too_small,nan,0.01,"Stay because candidate Hedge weight advantage is too small: margin=nan, threshold=0.0100."
108799,849,sgd_lr_0_0005,sgd_lr_0_0001,stay,False,hedge_margin_too_small,nan,0.01,"Stay because candidate Hedge weight advantage is too small: margin=nan, threshold=0.0100."
108927,850,sgd_lr_0_0005,sgd_lr_0_0001,stay,False,hedge_margin_too_small,nan,0.01,"Stay because candidate Hedge weight advantage is too small: margin=nan, threshold=0.0100."
109055,851,sgd_lr_0_0005,sgd_lr_0_0001,stay,False,hedge_margin_too_small,nan,0.01,"Stay because candidate Hedge weight advantage is too small: margin=nan, threshold=0.0100."
109183,852,sgd_lr_0_0005,sgd_lr_0_0001,stay,False,hedge_margin_too_small,nan,0.01,"Stay because candidate Hedge weight advantage is too small: margin=nan, threshold=0.0100."
109311,853,sgd_lr_0_0005,sgd_lr_0_0001,stay,False,hedge_margin_too_small,nan,0.01,"Stay because candidate Hedge weight advantage is too small: margin=nan, threshold=0.0100."
109439,854,sgd_lr_0_0005,sgd_lr_0_0001,stay,False,hedge_margin_too_small,nan,0.01,"Stay because candidate Hedge weight advantage is too small: margin=nan, threshold=0.0100."
109567,855,sgd_lr_0_0005,sgd_lr_0_0001,stay,False,hedge_margin_too_small,nan,0.01,"Stay because candidate Hedge weight advantage is too small: margin=nan, threshold=0.0100."
109695,856,sgd_lr_0_0005,sgd_lr_0_0001,stay,False,hedge_margin_too_small,nan,0.01,"Stay because candidate Hedge weight advantage is too small: margin=nan, threshold=0.0100."
109823,857,sgd_lr_0_0005,sgd_lr_0_0001,stay,False,hedge_margin_too_small,nan,0.01,"Stay because candidate Hedge weight advantage is too small: margin=nan, threshold=0.0100."
109951,858,sgd_lr_0_0005,sgd_lr_0_0001,stay,False,hedge_margin_too_small,nan,0.01,"Stay because candidate Hedge weight advantage is too small: margin=nan, threshold=0.0100."
110079,859,sgd_lr_0_0005,sgd_lr_0_0001,stay,False,hedge_margin_too_small,nan,0.01,"Stay because candidate Hedge weight advantage is too small: margin=nan, threshold=0.0100."
110207,860,sgd_lr_0_0005,sgd_lr_0_0001,stay,False,hedge_margin_too_small,nan,0.01,"Stay because candidate Hedge weight advantage is too small: margin=nan, threshold=0.0100."
110335,861,sgd_lr_0_0005,sgd_lr_0_0001,stay,False,hedge_margin_too_small,nan,0.01,"Stay because candidate Hedge weight advantage is too small: margin=nan, threshold=0.0100."
110463,862,sgd_lr_0_0005,sgd_lr_0_0001,stay,False,hedge_margin_too_small,nan,0.01,"Stay because candidate Hedge weight advantage is too small: margin=nan, threshold=0.0100."
110591,863,sgd_lr_0_0005,sgd_lr_0_0001,stay,False,hedge_margin_too_small,nan,0.01,"Stay because candidate Hedge weight advantage is too small: margin=nan, threshold=0.0100."
110719,864,sgd_lr_0_0005,sgd_lr_0_0001,stay,False,hedge_margin_too_small,nan,0.01,"Stay because candidate Hedge weight advantage is too small: margin=nan, threshold=0.0100."
110847,865,sgd_lr_0_0005,sgd_lr_0_0001,stay,False,hedge_margin_too_small,nan,0.01,"Stay because candidate Hedge weight advantage is too small: margin=nan, threshold=0.0100."
110975,866,sgd_lr_0_0005,sgd_lr_0_0001,stay,False,hedge_margin_too_small,nan,0.01,"Stay because candidate Hedge weight advantage is too small: margin=nan, threshold=0.0100."
111103,867,sgd_lr_0_0005,sgd_lr_0_0001,stay,False,hedge_margin_too_small,nan,0.01,"Stay because candidate Hedge weight advantage is too small: margin=nan, threshold=0.0100."
111231,868,sgd_lr_0_0005,sgd_lr_0_0001,stay,False,hedge_margin_too_small,nan,0.01,"Stay because candidate Hedge weight advantage is too small: margin=nan, threshold=0.0100."
111359,869,sgd_lr_0_0005,sgd_lr_0_0001,stay,False,hedge_margin_too_small,nan,0.01,"Stay because candidate Hedge weight advantage is too small: margin=nan, threshold=0.0100."
111487,870,sgd_lr_0_0005,sgd_lr_0_0001,stay,False,hedge_margin_too_small,nan,0.01,"Stay because candidate Hedge weight advantage is too small: margin=nan, threshold=0.0100."
111615,871,sgd_lr_0_0005,sgd_lr_0_0001,stay,False,hedge_margin_too_small,nan,0.01,"Stay because candidate Hedge weight advantage is too small: margin=nan, threshold=0.0100."
111743,872,sgd_lr_0_0005,sgd_lr_0_0001,stay,False,hedge_margin_too_small,nan,0.01,"Stay because candidate Hedge weight advantage is too small: margin=nan, threshold=0.0100."
111871,873,sgd_lr_0_0005,sgd_lr_0_0001,stay,False,hedge_margin_too_small,nan,0.01,"Stay because candidate Hedge weight advantage is too small: margin=nan, threshold=0.0100."
111999,874,sgd_lr_0_0005,sgd_lr_0_0001,stay,False,hedge_margin_too_small,nan,0.01,"Stay because candidate Hedge weight advantage is too small: margin=nan, threshold=0.0100."
112127,875,sgd_lr_0_0005,sgd_lr_0_0001,stay,False,hedge_margin_too_small,nan,0.01,"Stay because candidate Hedge weight advantage is too small: margin=nan, threshold=0.0100."
112255,876,sgd_lr_0_0005,sgd_lr_0_0001,stay,False,hedge_margin_too_small,nan,0.01,"Stay because candidate Hedge weight advantage is too small: margin=nan, threshold=0.0100."
112383,877,sgd_lr_0_0005,sgd_lr_0_0001,stay,False,hedge_margin_too_small,nan,0.01,"Stay because candidate Hedge weight advantage is too small: margin=nan, threshold=0.0100."
112511,878,sgd_lr_0_0005,sgd_lr_0_0001,stay,False,hedge_margin_too_small,nan,0.01,"Stay because candidate Hedge weight advantage is too small: margin=nan, threshold=0.0100."
112639,879,sgd_lr_0_0005,sgd_lr_0_0001,stay,False,hedge_margin_too_small,nan,0.01,"Stay because candidate Hedge weight advantage is too small: margin=nan, threshold=0.0100."
112767,880,sgd_lr_0_0005,sgd_lr_0_0001,stay,False,hedge_margin_too_small,nan,0.01,"Stay because candidate Hedge weight advantage is too small: margin=nan, threshold=0.0100."
112895,881,sgd_lr_0_0005,sgd_lr_0_0001,stay,False,hedge_margin_too_small,nan,0.01,"Stay because candidate Hedge weight advantage is too small: margin=nan, threshold=0.0100."
113023,882,sgd_lr_0_0005,sgd_lr_0_0001,stay,False,hedge_margin_too_small,nan,0.01,"Stay because candidate Hedge weight advantage is too small: margin=nan, threshold=0.0100."
113151,883,sgd_lr_0_0005,sgd_lr_0_0001,stay,False,hedge_margin_too_small,nan,0.01,"Stay because candidate Hedge weight advantage is too small: margin=nan, threshold=0.0100."
113279,884,sgd_lr_0_0005,sgd_lr_0_0001,stay,False,hedge_margin_too_small,nan,0.01,"Stay because candidate Hedge weight advantage is too small: margin=nan, threshold=0.0100."
113407,885,sgd_lr_0_0005,sgd_lr_0_0001,stay,False,hedge_margin_too_small,nan,0.01,"Stay because candidate Hedge weight advantage is too small: margin=nan, threshold=0.0100."
113535,886,sgd_lr_0_0005,sgd_lr_0_0001,stay,False,hedge_margin_too_small,nan,0.01,"Stay because candidate Hedge weight advantage is too small: margin=nan, threshold=0.0100."
113663,887,sgd_lr_0_0005,sgd_lr_0_0001,stay,False,hedge_margin_too_small,nan,0.01,"Stay because candidate Hedge weight advantage is too small: margin=nan, threshold=0.0100."
113791,888,sgd_lr_0_0005,sgd_lr_0_0001,stay,False,hedge_margin_too_small,nan,0.01,"Stay because candidate Hedge weight advantage is too small: margin=nan, threshold=0.0100."
113919,889,sgd_lr_0_0005,sgd_lr_0_0001,stay,False,hedge_margin_too_small,nan,0.01,"Stay because candidate Hedge weight advantage is too small: margin=nan, threshold=0.0100."
114047,890,sgd_lr_0_0005,sgd_lr_0_0001,stay,False,hedge_margin_too_small,nan,0.01,"Stay because candidate Hedge weight advantage is too small: margin=nan, threshold=0.0100."
114175,891,sgd_lr_0_0005,sgd_lr_0_0001,stay,False,hedge_margin_too_small,nan,0.01,"Stay because candidate Hedge weight advantage is too small: margin=nan, threshold=0.0100."
114303,892,sgd_lr_0_0005,sgd_lr_0_0001,stay,False,hedge_margin_too_small,nan,0.01,"Stay because candidate Hedge weight advantage is too small: margin=nan, threshold=0.0100."
114431,893,sgd_lr_0_0005,sgd_lr_0_0001,stay,False,hedge_margin_too_small,nan,0.01,"Stay because candidate Hedge weight advantage is too small: margin=nan, threshold=0.0100."
114559,894,sgd_lr_0_0005,sgd_lr_0_0001,stay,False,hedge_margin_too_small,nan,0.01,"Stay because candidate Hedge weight advantage is too small: margin=nan, threshold=0.0100."
114687,895,sgd_lr_0_0005,sgd_lr_0_0001,stay,False,hedge_margin_too_small,nan,0.01,"Stay because candidate Hedge weight advantage is too small: margin=nan, threshold=0.0100."
114815,896,sgd_lr_0_0005,sgd_lr_0_0001,stay,False,hedge_margin_too_small,nan,0.01,"Stay because candidate Hedge weight advantage is too small: margin=nan, threshold=0.0100."
114943,897,sgd_lr_0_0005,sgd_lr_0_0001,stay,False,hedge_margin_too_small,nan,0.01,"Stay because candidate Hedge weight advantage is too small: margin=nan, threshold=0.0100."
115071,898,sgd_lr_0_0005,sgd_lr_0_0001,stay,False,hedge_margin_too_small,nan,0.01,"Stay because candidate Hedge weight advantage is too small: margin=nan, threshold=0.0100."
115199,899,sgd_lr_0_0005,sgd_lr_0_0001,stay,False,hedge_margin_too_small,nan,0.01,"Stay because candidate Hedge weight advantage is too small: margin=nan, threshold=0.0100."
115327,900,sgd_lr_0_0005,sgd_lr_0_0001,stay,False,hedge_margin_too_small,nan,0.01,"Stay because candidate Hedge weight advantage is too small: margin=nan, threshold=0.0100."
115455,901,sgd_lr_0_0005,sgd_lr_0_0001,stay,False,hedge_margin_too_small,nan,0.01,"Stay because candidate Hedge weight advantage is too small: margin=nan, threshold=0.0100."
115583,902,sgd_lr_0_0005,sgd_lr_0_0001,stay,False,hedge_margin_too_small,nan,0.01,"Stay because candidate Hedge weight advantage is too small: margin=nan, threshold=0.0100."
115711,903,sgd_lr_0_0005,sgd_lr_0_0001,stay,False,hedge_margin_too_small,nan,0.01,"Stay because candidate Hedge weight advantage is too small: margin=nan, threshold=0.0100."
115839,904,sgd_lr_0_0005,sgd_lr_0_0001,stay,False,hedge_margin_too_small,nan,0.01,"Stay because candidate Hedge weight advantage is too small: margin=nan, threshold=0.0100."
115967,905,sgd_lr_0_0005,sgd_lr_0_0001,stay,False,hedge_margin_too_small,nan,0.01,"Stay because candidate Hedge weight advantage is too small: margin=nan, threshold=0.0100."
116095,906,sgd_lr_0_0005,sgd_lr_0_0001,stay,False,hedge_margin_too_small,nan,0.01,"Stay because candidate Hedge weight advantage is too small: margin=nan, threshold=0.0100."
116223,907,sgd_lr_0_0005,sgd_lr_0_0001,stay,False,hedge_margin_too_small,nan,0.01,"Stay because candidate Hedge weight advantage is too small: margin=nan, threshold=0.0100."
116351,908,sgd_lr_0_0005,sgd_lr_0_0001,stay,False,hedge_margin_too_small,nan,0.01,"Stay because candidate Hedge weight advantage is too small: margin=nan, threshold=0.0100."
116479,909,sgd_lr_0_0005,sgd_lr_0_0001,stay,False,hedge_margin_too_small,nan,0.01,"Stay because candidate Hedge weight advantage is too small: margin=nan, threshold=0.0100."
116607,910,sgd_lr_0_0005,sgd_lr_0_0001,stay,False,hedge_margin_too_small,nan,0.01,"Stay because candidate Hedge weight advantage is too small: margin=nan, threshold=0.0100."
116735,911,sgd_lr_0_0005,sgd_lr_0_0001,stay,False,hedge_margin_too_small,nan,0.01,"Stay because candidate Hedge weight advantage is too small: margin=nan, threshold=0.0100."
116863,912,sgd_lr_0_0005,sgd_lr_0_0001,stay,False,hedge_margin_too_small,nan,0.01,"Stay because candidate Hedge weight advantage is too small: margin=nan, threshold=0.0100."
116991,913,sgd_lr_0_0005,sgd_lr_0_0001,stay,False,hedge_margin_too_small,nan,0.01,"Stay because candidate Hedge weight advantage is too small: margin=nan, threshold=0.0100."
117119,914,sgd_lr_0_0005,sgd_lr_0_0001,stay,False,hedge_margin_too_small,nan,0.01,"Stay because candidate Hedge weight advantage is too small: margin=nan, threshold=0.0100."
117247,915,sgd_lr_0_0005,sgd_lr_0_0001,stay,False,hedge_margin_too_small,nan,0.01,"Stay because candidate Hedge weight advantage is too small: margin=nan, threshold=0.0100."
117375,916,sgd_lr_0_0005,sgd_lr_0_0001,stay,False,hedge_margin_too_small,nan,0.01,"Stay because candidate Hedge weight advantage is too small: margin=nan, threshold=0.0100."
117503,917,sgd_lr_0_0005,sgd_lr_0_0001,stay,False,hedge_margin_too_small,nan,0.01,"Stay because candidate Hedge weight advantage is too small: margin=nan, threshold=0.0100."
117631,918,sgd_lr_0_0005,sgd_lr_0_0001,stay,False,hedge_margin_too_small,nan,0.01,"Stay because candidate Hedge weight advantage is too small: margin=nan, threshold=0.0100."
117759,919,sgd_lr_0_0005,sgd_lr_0_0001,stay,False,hedge_margin_too_small,nan,0.01,"Stay because candidate Hedge weight advantage is too small: margin=nan, threshold=0.0100."
117887,920,sgd_lr_0_0005,sgd_lr_0_0001,stay,False,hedge_margin_too_small,nan,0.01,"Stay because candidate Hedge weight advantage is too small: margin=nan, threshold=0.0100."
118015,921,sgd_lr_0_0005,sgd_lr_0_0001,stay,False,hedge_margin_too_small,nan,0.01,"Stay because candidate Hedge weight advantage is too small: margin=nan, threshold=0.0100."
118143,922,sgd_lr_0_0005,sgd_lr_0_0001,stay,False,hedge_margin_too_small,nan,0.01,"Stay because candidate Hedge weight advantage is too small: margin=nan, threshold=0.0100."
118271,923,sgd_lr_0_0005,sgd_lr_0_0001,stay,False,hedge_margin_too_small,nan,0.01,"Stay because candidate Hedge weight advantage is too small: margin=nan, threshold=0.0100."
118399,924,sgd_lr_0_0005,sgd_lr_0_0001,stay,False,hedge_margin_too_small,nan,0.01,"Stay because candidate Hedge weight advantage is too small: margin=nan, threshold=0.0100."
118527,925,sgd_lr_0_0005,sgd_lr_0_0001,stay,False,hedge_margin_too_small,nan,0.01,"Stay because candidate Hedge weight advantage is too small: margin=nan, threshold=0.0100."
118655,926,sgd_lr_0_0005,sgd_lr_0_0001,stay,False,hedge_margin_too_small,nan,0.01,"Stay because candidate Hedge weight advantage is too small: margin=nan, threshold=0.0100."
118783,927,sgd_lr_0_0005,sgd_lr_0_0001,stay,False,hedge_margin_too_small,nan,0.01,"Stay because candidate Hedge weight advantage is too small: margin=nan, threshold=0.0100."
118911,928,sgd_lr_0_0005,sgd_lr_0_0001,stay,False,hedge_margin_too_small,nan,0.01,"Stay because candidate Hedge weight advantage is too small: margin=nan, threshold=0.0100."
119039,929,sgd_lr_0_0005,sgd_lr_0_0001,stay,False,hedge_margin_too_small,nan,0.01,"Stay because candidate Hedge weight advantage is too small: margin=nan, threshold=0.0100."
119167,930,sgd_lr_0_0005,sgd_lr_0_0001,stay,False,hedge_margin_too_small,nan,0.01,"Stay because candidate Hedge weight advantage is too small: margin=nan, threshold=0.0100."
119295,931,sgd_lr_0_0005,sgd_lr_0_0001,stay,False,hedge_margin_too_small,nan,0.01,"Stay because candidate Hedge weight advantage is too small: margin=nan, threshold=0.0100."
119423,932,sgd_lr_0_0005,sgd_lr_0_0001,stay,False,hedge_margin_too_small,nan,0.01,"Stay because candidate Hedge weight advantage is too small: margin=nan, threshold=0.0100."
119551,933,sgd_lr_0_0005,sgd_lr_0_0001,stay,False,hedge_margin_too_small,nan,0.01,"Stay because candidate Hedge weight advantage is too small: margin=nan, threshold=0.0100."
119679,934,sgd_lr_0_0005,sgd_lr_0_0001,stay,False,hedge_margin_too_small,nan,0.01,"Stay because candidate Hedge weight advantage is too small: margin=nan, threshold=0.0100."
119807,935,sgd_lr_0_0005,sgd_lr_0_0001,stay,False,hedge_margin_too_small,nan,0.01,"Stay because candidate Hedge weight advantage is too small: margin=nan, threshold=0.0100."
119935,936,sgd_lr_0_0005,sgd_lr_0_0001,stay,False,hedge_margin_too_small,nan,0.01,"Stay because candidate Hedge weight advantage is too small: margin=nan, threshold=0.0100."
120063,937,sgd_lr_0_0005,sgd_lr_0_0001,stay,False,hedge_margin_too_small,nan,0.01,"Stay because candidate Hedge weight advantage is too small: margin=nan, threshold=0.0100."
120191,938,sgd_lr_0_0005,sgd_lr_0_0001,stay,False,hedge_margin_too_small,nan,0.01,"Stay because candidate Hedge weight advantage is too small: margin=nan, threshold=0.0100."
120319,939,sgd_lr_0_0005,sgd_lr_0_0001,stay,False,hedge_margin_too_small,nan,0.01,"Stay because candidate Hedge weight advantage is too small: margin=nan, threshold=0.0100."
120447,940,sgd_lr_0_0005,sgd_lr_0_0001,stay,False,hedge_margin_too_small,nan,0.01,"Stay because candidate Hedge weight advantage is too small: margin=nan, threshold=0.0100."
120575,941,sgd_lr_0_0005,sgd_lr_0_0001,stay,False,hedge_margin_too_small,nan,0.01,"Stay because candidate Hedge weight advantage is too small: margin=nan, threshold=0.0100."
120703,942,sgd_lr_0_0005,sgd_lr_0_0001,stay,False,hedge_margin_too_small,nan,0.01,"Stay because candidate Hedge weight advantage is too small: margin=nan, threshold=0.0100."
120831,943,sgd_lr_0_0005,sgd_lr_0_0001,stay,False,hedge_margin_too_small,nan,0.01,"Stay because candidate Hedge weight advantage is too small: margin=nan, threshold=0.0100."
120959,944,sgd_lr_0_0005,sgd_lr_0_0001,stay,False,hedge_margin_too_small,nan,0.01,"Stay because candidate Hedge weight advantage is too small: margin=nan, threshold=0.0100."
121087,945,sgd_lr_0_0005,sgd_lr_0_0001,stay,False,hedge_margin_too_small,nan,0.01,"Stay because candidate Hedge weight advantage is too small: margin=nan, threshold=0.0100."
121215,946,sgd_lr_0_0005,sgd_lr_0_0001,stay,False,hedge_margin_too_small,nan,0.01,"Stay because candidate Hedge weight advantage is too small: margin=nan, threshold=0.0100."
121343,947,sgd_lr_0_0005,sgd_lr_0_0001,stay,False,hedge_margin_too_small,nan,0.01,"Stay because candidate Hedge weight advantage is too small: margin=nan, threshold=0.0100."
121471,948,sgd_lr_0_0005,sgd_lr_0_0001,stay,False,hedge_margin_too_small,nan,0.01,"Stay because candidate Hedge weight advantage is too small: margin=nan, threshold=0.0100."
121599,949,sgd_lr_0_0005,sgd_lr_0_0001,stay,False,hedge_margin_too_small,nan,0.01,"Stay because candidate Hedge weight advantage is too small: margin=nan, threshold=0.0100."
121727,950,sgd_lr_0_0005,sgd_lr_0_0001,stay,False,hedge_margin_too_small,nan,0.01,"Stay because candidate Hedge weight advantage is too small: margin=nan, threshold=0.0100."
121855,951,sgd_lr_0_0005,sgd_lr_0_0001,stay,False,hedge_margin_too_small,nan,0.01,"Stay because candidate Hedge weight advantage is too small: margin=nan, threshold=0.0100."
121983,952,sgd_lr_0_0005,sgd_lr_0_0001,stay,False,hedge_margin_too_small,nan,0.01,"Stay because candidate Hedge weight advantage is too small: margin=nan, threshold=0.0100."
122111,953,sgd_lr_0_0005,sgd_lr_0_0001,stay,False,hedge_margin_too_small,nan,0.01,"Stay because candidate Hedge weight advantage is too small: margin=nan, threshold=0.0100."
122239,954,sgd_lr_0_0005,sgd_lr_0_0001,stay,False,hedge_margin_too_small,nan,0.01,"Stay because candidate Hedge weight advantage is too small: margin=nan, threshold=0.0100."
122367,955,sgd_lr_0_0005,sgd_lr_0_0001,stay,False,hedge_margin_too_small,nan,0.01,"Stay because candidate Hedge weight advantage is too small: margin=nan, threshold=0.0100."
122495,956,sgd_lr_0_0005,sgd_lr_0_0001,stay,False,hedge_margin_too_small,nan,0.01,"Stay because candidate Hedge weight advantage is too small: margin=nan, threshold=0.0100."
122623,957,sgd_lr_0_0005,sgd_lr_0_0001,stay,False,hedge_margin_too_small,nan,0.01,"Stay because candidate Hedge weight advantage is too small: margin=nan, threshold=0.0100."
122751,958,sgd_lr_0_0005,sgd_lr_0_0001,stay,False,hedge_margin_too_small,nan,0.01,"Stay because candidate Hedge weight advantage is too small: margin=nan, threshold=0.0100."
122879,959,sgd_lr_0_0005,sgd_lr_0_0001,stay,False,hedge_margin_too_small,nan,0.01,"Stay because candidate Hedge weight advantage is too small: margin=nan, threshold=0.0100."
123007,960,sgd_lr_0_0005,sgd_lr_0_0001,stay,False,hedge_margin_too_small,nan,0.01,"Stay because candidate Hedge weight advantage is too small: margin=nan, threshold=0.0100."
123135,961,sgd_lr_0_0005,sgd_lr_0_0001,stay,False,hedge_margin_too_small,nan,0.01,"Stay because candidate Hedge weight advantage is too small: margin=nan, threshold=0.0100."
123263,962,sgd_lr_0_0005,sgd_lr_0_0001,stay,False,hedge_margin_too_small,nan,0.01,"Stay because candidate Hedge weight advantage is too small: margin=nan, threshold=0.0100."
123391,963,sgd_lr_0_0005,sgd_lr_0_0001,stay,False,hedge_margin_too_small,nan,0.01,"Stay because candidate Hedge weight advantage is too small: margin=nan, threshold=0.0100."
123519,964,sgd_lr_0_0005,sgd_lr_0_0001,stay,False,hedge_margin_too_small,nan,0.01,"Stay because candidate Hedge weight advantage is too small: margin=nan, threshold=0.0100."
123647,965,sgd_lr_0_0005,sgd_lr_0_0001,stay,False,hedge_margin_too_small,nan,0.01,"Stay because candidate Hedge weight advantage is too small: margin=nan, threshold=0.0100."
123775,966,sgd_lr_0_0005,sgd_lr_0_0001,stay,False,hedge_margin_too_small,nan,0.01,"Stay because candidate Hedge weight advantage is too small: margin=nan, threshold=0.0100."
123903,967,sgd_lr_0_0005,sgd_lr_0_0001,stay,False,hedge_margin_too_small,nan,0.01,"Stay because candidate Hedge weight advantage is too small: margin=nan, threshold=0.0100."
124031,968,sgd_lr_0_0005,sgd_lr_0_0001,stay,False,hedge_margin_too_small,nan,0.01,"Stay because candidate Hedge weight advantage is too small: margin=nan, threshold=0.0100."
124159,969,sgd_lr_0_0005,sgd_lr_0_0001,stay,False,hedge_margin_too_small,nan,0.01,"Stay because candidate Hedge weight advantage is too small: margin=nan, threshold=0.0100."
124287,970,sgd_lr_0_0005,sgd_lr_0_0001,stay,False,hedge_margin_too_small,nan,0.01,"Stay because candidate Hedge weight advantage is too small: margin=nan, threshold=0.0100."
124415,971,sgd_lr_0_0005,sgd_lr_0_0001,stay,False,hedge_margin_too_small,nan,0.01,"Stay because candidate Hedge weight advantage is too small: margin=nan, threshold=0.0100."
124543,972,sgd_lr_0_0005,sgd_lr_0_0001,stay,False,hedge_margin_too_small,nan,0.01,"Stay because candidate Hedge weight advantage is too small: margin=nan, threshold=0.0100."
124671,973,sgd_lr_0_0005,sgd_lr_0_0001,stay,False,hedge_margin_too_small,nan,0.01,"Stay because candidate Hedge weight advantage is too small: margin=nan, threshold=0.0100."
124799,974,sgd_lr_0_0005,sgd_lr_0_0001,stay,False,hedge_margin_too_small,nan,0.01,"Stay because candidate Hedge weight advantage is too small: margin=nan, threshold=0.0100."
124927,975,sgd_lr_0_0005,sgd_lr_0_0001,stay,False,hedge_margin_too_small,nan,0.01,"Stay because candidate Hedge weight advantage is too small: margin=nan, threshold=0.0100."
125055,976,sgd_lr_0_0005,sgd_lr_0_0001,stay,False,hedge_margin_too_small,nan,0.01,"Stay because candidate Hedge weight advantage is too small: margin=nan, threshold=0.0100."
125183,977,sgd_lr_0_0005,sgd_lr_0_0001,stay,False,hedge_margin_too_small,nan,0.01,"Stay because candidate Hedge weight advantage is too small: margin=nan, threshold=0.0100."
125311,978,sgd_lr_0_0005,sgd_lr_0_0001,stay,False,hedge_margin_too_small,nan,0.01,"Stay because candidate Hedge weight advantage is too small: margin=nan, threshold=0.0100."
125439,979,sgd_lr_0_0005,sgd_lr_0_0001,stay,False,hedge_margin_too_small,nan,0.01,"Stay because candidate Hedge weight advantage is too small: margin=nan, threshold=0.0100."
125567,980,sgd_lr_0_0005,sgd_lr_0_0001,stay,False,hedge_margin_too_small,nan,0.01,"Stay because candidate Hedge weight advantage is too small: margin=nan, threshold=0.0100."
125695,981,sgd_lr_0_0005,sgd_lr_0_0001,stay,False,hedge_margin_too_small,nan,0.01,"Stay because candidate Hedge weight advantage is too small: margin=nan, threshold=0.0100."
125823,982,sgd_lr_0_0005,sgd_lr_0_0001,stay,False,hedge_margin_too_small,nan,0.01,"Stay because candidate Hedge weight advantage is too small: margin=nan, threshold=0.0100."
125951,983,sgd_lr_0_0005,sgd_lr_0_0001,stay,False,hedge_margin_too_small,nan,0.01,"Stay because candidate Hedge weight advantage is too small: margin=nan, threshold=0.0100."
126079,984,sgd_lr_0_0005,sgd_lr_0_0001,stay,False,hedge_margin_too_small,nan,0.01,"Stay because candidate Hedge weight advantage is too small: margin=nan, threshold=0.0100."
126207,985,sgd_lr_0_0005,sgd_lr_0_0001,stay,False,hedge_margin_too_small,nan,0.01,"Stay because candidate Hedge weight advantage is too small: margin=nan, threshold=0.0100."
126335,986,sgd_lr_0_0005,sgd_lr_0_0001,stay,False,hedge_margin_too_small,nan,0.01,"Stay because candidate Hedge weight advantage is too small: margin=nan, threshold=0.0100."
126463,987,sgd_lr_0_0005,sgd_lr_0_0001,stay,False,hedge_margin_too_small,nan,0.01,"Stay because candidate Hedge weight advantage is too small: margin=nan, threshold=0.0100."
126591,988,sgd_lr_0_0005,sgd_lr_0_0001,stay,False,hedge_margin_too_small,nan,0.01,"Stay because candidate Hedge weight advantage is too small: margin=nan, threshold=0.0100."
126719,989,sgd_lr_0_0005,sgd_lr_0_0001,stay,False,hedge_margin_too_small,nan,0.01,"Stay because candidate Hedge weight advantage is too small: margin=nan, threshold=0.0100."
126847,990,sgd_lr_0_0005,sgd_lr_0_0001,stay,False,hedge_margin_too_small,nan,0.01,"Stay because candidate Hedge weight advantage is too small: margin=nan, threshold=0.0100."
126975,991,sgd_lr_0_0005,sgd_lr_0_0001,stay,False,hedge_margin_too_small,nan,0.01,"Stay because candidate Hedge weight advantage is too small: margin=nan, threshold=0.0100."
127103,992,sgd_lr_0_0005,sgd_lr_0_0001,stay,False,hedge_margin_too_small,nan,0.01,"Stay because candidate Hedge weight advantage is too small: margin=nan, threshold=0.0100."
127231,993,sgd_lr_0_0005,sgd_lr_0_0001,stay,False,hedge_margin_too_small,nan,0.01,"Stay because candidate Hedge weight advantage is too small: margin=nan, threshold=0.0100."
127359,994,sgd_lr_0_0005,sgd_lr_0_0001,stay,False,hedge_margin_too_small,nan,0.01,"Stay because candidate Hedge weight advantage is too small: margin=nan, threshold=0.0100."
127487,995,sgd_lr_0_0005,sgd_lr_0_0001,stay,False,hedge_margin_too_small,nan,0.01,"Stay because candidate Hedge weight advantage is too small: margin=nan, threshold=0.0100."
127615,996,sgd_lr_0_0005,sgd_lr_0_0001,stay,False,hedge_margin_too_small,nan,0.01,"Stay because candidate Hedge weight advantage is too small: margin=nan, threshold=0.0100."
127743,997,sgd_lr_0_0005,sgd_lr_0_0001,stay,False,hedge_margin_too_small,nan,0.01,"Stay because candidate Hedge weight advantage is too small: margin=nan, threshold=0.0100."
127871,998,sgd_lr_0_0005,sgd_lr_0_0001,stay,False,hedge_margin_too_small,nan,0.01,"Stay because candidate Hedge weight advantage is too small: margin=nan, threshold=0.0100."
127999,999,sgd_lr_0_0005,sgd_lr_0_0001,stay,False,hedge_margin_too_small,nan,0.01,"Stay because candidate Hedge weight advantage is too small: margin=nan, threshold=0.0100."
128127,1000,sgd_lr_0_0005,sgd_lr_0_0001,stay,False,hedge_margin_too_small,nan,0.01,"Stay because candidate Hedge weight advantage is too small: margin=nan, threshold=0.0100."
128255,1001,sgd_lr_0_0005,sgd_lr_0_0001,stay,False,hedge_margin_too_small,nan,0.01,"Stay because candidate Hedge weight advantage is too small: margin=nan, threshold=0.0100."
128383,1002,sgd_lr_0_0005,sgd_lr_0_0001,stay,False,hedge_margin_too_small,nan,0.01,"Stay because candidate Hedge weight advantage is too small: margin=nan, threshold=0.0100."
128511,1003,sgd_lr_0_0005,sgd_lr_0_0001,stay,False,hedge_margin_too_small,nan,0.01,"Stay because candidate Hedge weight advantage is too small: margin=nan, threshold=0.0100."
128639,1004,sgd_lr_0_0005,sgd_lr_0_0001,stay,False,hedge_margin_too_small,nan,0.01,"Stay because candidate Hedge weight advantage is too small: margin=nan, threshold=0.0100."
128767,1005,sgd_lr_0_0005,sgd_lr_0_0001,stay,False,hedge_margin_too_small,nan,0.01,"Stay because candidate Hedge weight advantage is too small: margin=nan, threshold=0.0100."
128895,1006,sgd_lr_0_0005,sgd_lr_0_0001,stay,False,hedge_margin_too_small,nan,0.01,"Stay because candidate Hedge weight advantage is too small: margin=nan, threshold=0.0100."
129023,1007,sgd_lr_0_0005,sgd_lr_0_0001,stay,False,hedge_margin_too_small,nan,0.01,"Stay because candidate Hedge weight advantage is too small: margin=nan, threshold=0.0100."
129151,1008,sgd_lr_0_0005,sgd_lr_0_0001,stay,False,hedge_margin_too_small,nan,0.01,"Stay because candidate Hedge weight advantage is too small: margin=nan, threshold=0.0100."
129279,1009,sgd_lr_0_0005,sgd_lr_0_0001,stay,False,hedge_margin_too_small,nan,0.01,"Stay because candidate Hedge weight advantage is too small: margin=nan, threshold=0.0100."
129407,1010,sgd_lr_0_0005,sgd_lr_0_0001,stay,False,hedge_margin_too_small,nan,0.01,"Stay because candidate Hedge weight advantage is too small: margin=nan, threshold=0.0100."
129535,1011,sgd_lr_0_0005,sgd_lr_0_0001,stay,False,hedge_margin_too_small,nan,0.01,"Stay because candidate Hedge weight advantage is too small: margin=nan, threshold=0.0100."
129663,1012,sgd_lr_0_0005,sgd_lr_0_0001,stay,False,hedge_margin_too_small,nan,0.01,"Stay because candidate Hedge weight advantage is too small: margin=nan, threshold=0.0100."
129791,1013,sgd_lr_0_0005,sgd_lr_0_0001,stay,False,hedge_margin_too_small,nan,0.01,"Stay because candidate Hedge weight advantage is too small: margin=nan, threshold=0.0100."
129919,1014,sgd_lr_0_0005,sgd_lr_0_0001,stay,False,hedge_margin_too_small,nan,0.01,"Stay because candidate Hedge weight advantage is too small: margin=nan, threshold=0.0100."
130047,1015,sgd_lr_0_0005,sgd_lr_0_0001,stay,False,hedge_margin_too_small,nan,0.01,"Stay because candidate Hedge weight advantage is too small: margin=nan, threshold=0.0100."
130175,1016,sgd_lr_0_0005,sgd_lr_0_0001,stay,False,hedge_margin_too_small,nan,0.01,"Stay because candidate Hedge weight advantage is too small: margin=nan, threshold=0.0100."
130303,1017,sgd_lr_0_0005,sgd_lr_0_0001,stay,False,hedge_margin_too_small,nan,0.01,"Stay because candidate Hedge weight advantage is too small: margin=nan, threshold=0.0100."
130431,1018,sgd_lr_0_0005,sgd_lr_0_0001,stay,False,hedge_margin_too_small,nan,0.01,"Stay because candidate Hedge weight advantage is too small: margin=nan, threshold=0.0100."
130559,1019,sgd_lr_0_0005,sgd_lr_0_0001,stay,False,hedge_margin_too_small,nan,0.01,"Stay because candidate Hedge weight advantage is too small: margin=nan, threshold=0.0100."
130687,1020,sgd_lr_0_0005,sgd_lr_0_0001,stay,False,hedge_margin_too_small,nan,0.01,"Stay because candidate Hedge weight advantage is too small: margin=nan, threshold=0.0100."
130815,1021,sgd_lr_0_0005,sgd_lr_0_0001,stay,False,hedge_margin_too_small,nan,0.01,"Stay because candidate Hedge weight advantage is too small: margin=nan, threshold=0.0100."
130943,1022,sgd_lr_0_0005,sgd_lr_0_0001,stay,False,hedge_margin_too_small,nan,0.01,"Stay because candidate Hedge weight advantage is too small: margin=nan, threshold=0.0100."
131071,1023,sgd_lr_0_0005,sgd_lr_0_0001,stay,False,hedge_margin_too_small,nan,0.01,"Stay because candidate Hedge weight advantage is too small: margin=nan, threshold=0.0100."
131199,1024,sgd_lr_0_0005,sgd_lr_0_0001,stay,False,hedge_margin_too_small,nan,0.01,"Stay because candidate Hedge weight advantage is too small: margin=nan, threshold=0.0100."
131327,1025,sgd_lr_0_0005,sgd_lr_0_0001,stay,False,hedge_margin_too_small,nan,0.01,"Stay because candidate Hedge weight advantage is too small: margin=nan, threshold=0.0100."
131455,1026,sgd_lr_0_0005,sgd_lr_0_0001,stay,False,hedge_margin_too_small,nan,0.01,"Stay because candidate Hedge weight advantage is too small: margin=nan, threshold=0.0100."
131583,1027,sgd_lr_0_0005,sgd_lr_0_0001,stay,False,hedge_margin_too_small,nan,0.01,"Stay because candidate Hedge weight advantage is too small: margin=nan, threshold=0.0100."
131711,1028,sgd_lr_0_0005,sgd_lr_0_0001,stay,False,hedge_margin_too_small,nan,0.01,"Stay because candidate Hedge weight advantage is too small: margin=nan, threshold=0.0100."
131839,1029,sgd_lr_0_0005,sgd_lr_0_0001,stay,False,hedge_margin_too_small,nan,0.01,"Stay because candidate Hedge weight advantage is too small: margin=nan, threshold=0.0100."
131967,1030,sgd_lr_0_0005,sgd_lr_0_0001,stay,False,hedge_margin_too_small,nan,0.01,"Stay because candidate Hedge weight advantage is too small: margin=nan, threshold=0.0100."
132095,1031,sgd_lr_0_0005,sgd_lr_0_0001,stay,False,hedge_margin_too_small,nan,0.01,"Stay because candidate Hedge weight advantage is too small: margin=nan, threshold=0.0100."
132223,1032,sgd_lr_0_0005,sgd_lr_0_0001,stay,False,hedge_margin_too_small,nan,0.01,"Stay because candidate Hedge weight advantage is too small: margin=nan, threshold=0.0100."
132351,1033,sgd_lr_0_0005,sgd_lr_0_0001,stay,False,hedge_margin_too_small,nan,0.01,"Stay because candidate Hedge weight advantage is too small: margin=nan, threshold=0.0100."
132479,1034,sgd_lr_0_0005,sgd_lr_0_0001,stay,False,hedge_margin_too_small,nan,0.01,"Stay because candidate Hedge weight advantage is too small: margin=nan, threshold=0.0100."
132607,1035,sgd_lr_0_0005,sgd_lr_0_0001,stay,False,hedge_margin_too_small,nan,0.01,"Stay because candidate Hedge weight advantage is too small: margin=nan, threshold=0.0100."
132735,1036,sgd_lr_0_0005,sgd_lr_0_0001,stay,False,hedge_margin_too_small,nan,0.01,"Stay because candidate Hedge weight advantage is too small: margin=nan, threshold=0.0100."
132863,1037,sgd_lr_0_0005,sgd_lr_0_0001,stay,False,hedge_margin_too_small,nan,0.01,"Stay because candidate Hedge weight advantage is too small: margin=nan, threshold=0.0100."
132991,1038,sgd_lr_0_0005,sgd_lr_0_0001,stay,False,hedge_margin_too_small,nan,0.01,"Stay because candidate Hedge weight advantage is too small: margin=nan, threshold=0.0100."
133119,1039,sgd_lr_0_0005,sgd_lr_0_0001,stay,False,hedge_margin_too_small,nan,0.01,"Stay because candidate Hedge weight advantage is too small: margin=nan, threshold=0.0100."
133247,1040,sgd_lr_0_0005,sgd_lr_0_0001,stay,False,hedge_margin_too_small,nan,0.01,"Stay because candidate Hedge weight advantage is too small: margin=nan, threshold=0.0100."
133375,1041,sgd_lr_0_0005,sgd_lr_0_0001,stay,False,hedge_margin_too_small,nan,0.01,"Stay because candidate Hedge weight advantage is too small: margin=nan, threshold=0.0100."
133503,1042,sgd_lr_0_0005,sgd_lr_0_0001,stay,False,hedge_margin_too_small,nan,0.01,"Stay because candidate Hedge weight advantage is too small: margin=nan, threshold=0.0100."
133631,1043,sgd_lr_0_0005,sgd_lr_0_0001,stay,False,hedge_margin_too_small,nan,0.01,"Stay because candidate Hedge weight advantage is too small: margin=nan, threshold=0.0100."
133759,1044,sgd_lr_0_0005,sgd_lr_0_0001,stay,False,hedge_margin_too_small,nan,0.01,"Stay because candidate Hedge weight advantage is too small: margin=nan, threshold=0.0100."
133887,1045,sgd_lr_0_0005,sgd_lr_0_0001,stay,False,hedge_margin_too_small,nan,0.01,"Stay because candidate Hedge weight advantage is too small: margin=nan, threshold=0.0100."
134015,1046,sgd_lr_0_0005,sgd_lr_0_0001,stay,False,hedge_margin_too_small,nan,0.01,"Stay because candidate Hedge weight advantage is too small: margin=nan, threshold=0.0100."
134143,1047,sgd_lr_0_0005,sgd_lr_0_0001,stay,False,hedge_margin_too_small,nan,0.01,"Stay because candidate Hedge weight advantage is too small: margin=nan, threshold=0.0100."
134271,1048,sgd_lr_0_0005,sgd_lr_0_0001,stay,False,hedge_margin_too_small,nan,0.01,"Stay because candidate Hedge weight advantage is too small: margin=nan, threshold=0.0100."
134399,1049,sgd_lr_0_0005,sgd_lr_0_0001,stay,False,hedge_margin_too_small,nan,0.01,"Stay because candidate Hedge weight advantage is too small: margin=nan, threshold=0.0100."
134527,1050,sgd_lr_0_0005,sgd_lr_0_0001,stay,False,hedge_margin_too_small,nan,0.01,"Stay because candidate Hedge weight advantage is too small: margin=nan, threshold=0.0100."
134655,1051,sgd_lr_0_0005,sgd_lr_0_0001,stay,False,hedge_margin_too_small,nan,0.01,"Stay because candidate Hedge weight advantage is too small: margin=nan, threshold=0.0100."
134783,1052,sgd_lr_0_0005,sgd_lr_0_0001,stay,False,hedge_margin_too_small,nan,0.01,"Stay because candidate Hedge weight advantage is too small: margin=nan, threshold=0.0100."
134911,1053,sgd_lr_0_0005,sgd_lr_0_0001,stay,False,hedge_margin_too_small,nan,0.01,"Stay because candidate Hedge weight advantage is too small: margin=nan, threshold=0.0100."
135039,1054,sgd_lr_0_0005,sgd_lr_0_0001,stay,False,hedge_margin_too_small,nan,0.01,"Stay because candidate Hedge weight advantage is too small: margin=nan, threshold=0.0100."
135167,1055,sgd_lr_0_0005,sgd_lr_0_0001,stay,False,hedge_margin_too_small,nan,0.01,"Stay because candidate Hedge weight advantage is too small: margin=nan, threshold=0.0100."
135295,1056,sgd_lr_0_0005,sgd_lr_0_0001,stay,False,hedge_margin_too_small,nan,0.01,"Stay because candidate Hedge weight advantage is too small: margin=nan, threshold=0.0100."
135423,1057,sgd_lr_0_0005,sgd_lr_0_0001,stay,False,hedge_margin_too_small,nan,0.01,"Stay because candidate Hedge weight advantage is too small: margin=nan, threshold=0.0100."
135551,1058,sgd_lr_0_0005,sgd_lr_0_0001,stay,False,hedge_margin_too_small,nan,0.01,"Stay because candidate Hedge weight advantage is too small: margin=nan, threshold=0.0100."
135679,1059,sgd_lr_0_0005,sgd_lr_0_0001,stay,False,hedge_margin_too_small,nan,0.01,"Stay because candidate Hedge weight advantage is too small: margin=nan, threshold=0.0100."
135807,1060,sgd_lr_0_0005,sgd_lr_0_0001,stay,False,hedge_margin_too_small,nan,0.01,"Stay because candidate Hedge weight advantage is too small: margin=nan, threshold=0.0100."
135935,1061,sgd_lr_0_0005,sgd_lr_0_0001,stay,False,hedge_margin_too_small,nan,0.01,"Stay because candidate Hedge weight advantage is too small: margin=nan, threshold=0.0100."
136063,1062,sgd_lr_0_0005,sgd_lr_0_0001,stay,False,hedge_margin_too_small,nan,0.01,"Stay because candidate Hedge weight advantage is too small: margin=nan, threshold=0.0100."
136191,1063,sgd_lr_0_0005,sgd_lr_0_0001,stay,False,hedge_margin_too_small,nan,0.01,"Stay because candidate Hedge weight advantage is too small: margin=nan, threshold=0.0100."
136319,1064,sgd_lr_0_0005,sgd_lr_0_0001,stay,False,hedge_margin_too_small,nan,0.01,"Stay because candidate Hedge weight advantage is too small: margin=nan, threshold=0.0100."
136447,1065,sgd_lr_0_0005,sgd_lr_0_0001,stay,False,hedge_margin_too_small,nan,0.01,"Stay because candidate Hedge weight advantage is too small: margin=nan, threshold=0.0100."
136575,1066,sgd_lr_0_0005,sgd_lr_0_0001,stay,False,hedge_margin_too_small,nan,0.01,"Stay because candidate Hedge weight advantage is too small: margin=nan, threshold=0.0100."
136703,1067,sgd_lr_0_0005,sgd_lr_0_0001,stay,False,hedge_margin_too_small,nan,0.01,"Stay because candidate Hedge weight advantage is too small: margin=nan, threshold=0.0100."
136831,1068,sgd_lr_0_0005,sgd_lr_0_0001,stay,False,hedge_margin_too_small,nan,0.01,"Stay because candidate Hedge weight advantage is too small: margin=nan, threshold=0.0100."
136959,1069,sgd_lr_0_0005,sgd_lr_0_0001,stay,False,hedge_margin_too_small,nan,0.01,"Stay because candidate Hedge weight advantage is too small: margin=nan, threshold=0.0100."
137087,1070,sgd_lr_0_0005,sgd_lr_0_0001,stay,False,hedge_margin_too_small,nan,0.01,"Stay because candidate Hedge weight advantage is too small: margin=nan, threshold=0.0100."
137215,1071,sgd_lr_0_0005,sgd_lr_0_0001,stay,False,hedge_margin_too_small,nan,0.01,"Stay because candidate Hedge weight advantage is too small: margin=nan, threshold=0.0100."
137343,1072,sgd_lr_0_0005,sgd_lr_0_0001,stay,False,hedge_margin_too_small,nan,0.01,"Stay because candidate Hedge weight advantage is too small: margin=nan, threshold=0.0100."
137471,1073,sgd_lr_0_0005,sgd_lr_0_0001,stay,False,hedge_margin_too_small,nan,0.01,"Stay because candidate Hedge weight advantage is too small: margin=nan, threshold=0.0100."
137599,1074,sgd_lr_0_0005,sgd_lr_0_0001,stay,False,hedge_margin_too_small,nan,0.01,"Stay because candidate Hedge weight advantage is too small: margin=nan, threshold=0.0100."
137727,1075,sgd_lr_0_0005,sgd_lr_0_0001,stay,False,hedge_margin_too_small,nan,0.01,"Stay because candidate Hedge weight advantage is too small: margin=nan, threshold=0.0100."
137855,1076,sgd_lr_0_0005,sgd_lr_0_0001,stay,False,hedge_margin_too_small,nan,0.01,"Stay because candidate Hedge weight advantage is too small: margin=nan, threshold=0.0100."
137983,1077,sgd_lr_0_0005,sgd_lr_0_0001,stay,False,hedge_margin_too_small,nan,0.01,"Stay because candidate Hedge weight advantage is too small: margin=nan, threshold=0.0100."
138111,1078,sgd_lr_0_0005,sgd_lr_0_0001,stay,False,hedge_margin_too_small,nan,0.01,"Stay because candidate Hedge weight advantage is too small: margin=nan, threshold=0.0100."
138239,1079,sgd_lr_0_0005,sgd_lr_0_0001,stay,False,hedge_margin_too_small,nan,0.01,"Stay because candidate Hedge weight advantage is too small: margin=nan, threshold=0.0100."
138367,1080,sgd_lr_0_0005,sgd_lr_0_0001,stay,False,hedge_margin_too_small,nan,0.01,"Stay because candidate Hedge weight advantage is too small: margin=nan, threshold=0.0100."
138495,1081,sgd_lr_0_0005,sgd_lr_0_0001,stay,False,hedge_margin_too_small,nan,0.01,"Stay because candidate Hedge weight advantage is too small: margin=nan, threshold=0.0100."
138623,1082,sgd_lr_0_0005,sgd_lr_0_0001,stay,False,hedge_margin_too_small,nan,0.01,"Stay because candidate Hedge weight advantage is too small: margin=nan, threshold=0.0100."
138751,1083,sgd_lr_0_0005,sgd_lr_0_0001,stay,False,hedge_margin_too_small,nan,0.01,"Stay because candidate Hedge weight advantage is too small: margin=nan, threshold=0.0100."
138879,1084,sgd_lr_0_0005,sgd_lr_0_0001,stay,False,hedge_margin_too_small,nan,0.01,"Stay because candidate Hedge weight advantage is too small: margin=nan, threshold=0.0100."
139007,1085,sgd_lr_0_0005,sgd_lr_0_0001,stay,False,hedge_margin_too_small,nan,0.01,"Stay because candidate Hedge weight advantage is too small: margin=nan, threshold=0.0100."
139135,1086,sgd_lr_0_0005,sgd_lr_0_0001,stay,False,hedge_margin_too_small,nan,0.01,"Stay because candidate Hedge weight advantage is too small: margin=nan, threshold=0.0100."
139263,1087,sgd_lr_0_0005,sgd_lr_0_0001,stay,False,hedge_margin_too_small,nan,0.01,"Stay because candidate Hedge weight advantage is too small: margin=nan, threshold=0.0100."
139391,1088,sgd_lr_0_0005,sgd_lr_0_0001,stay,False,hedge_margin_too_small,nan,0.01,"Stay because candidate Hedge weight advantage is too small: margin=nan, threshold=0.0100."
139519,1089,sgd_lr_0_0005,sgd_lr_0_0001,stay,False,hedge_margin_too_small,nan,0.01,"Stay because candidate Hedge weight advantage is too small: margin=nan, threshold=0.0100."
139647,1090,sgd_lr_0_0005,sgd_lr_0_0001,stay,False,hedge_margin_too_small,nan,0.01,"Stay because candidate Hedge weight advantage is too small: margin=nan, threshold=0.0100."
139775,1091,sgd_lr_0_0005,sgd_lr_0_0001,stay,False,hedge_margin_too_small,nan,0.01,"Stay because candidate Hedge weight advantage is too small: margin=nan, threshold=0.0100."
139903,1092,sgd_lr_0_0005,sgd_lr_0_0001,stay,False,hedge_margin_too_small,nan,0.01,"Stay because candidate Hedge weight advantage is too small: margin=nan, threshold=0.0100."
140031,1093,sgd_lr_0_0005,sgd_lr_0_0001,stay,False,hedge_margin_too_small,nan,0.01,"Stay because candidate Hedge weight advantage is too small: margin=nan, threshold=0.0100."
140159,1094,sgd_lr_0_0005,sgd_lr_0_0001,stay,False,hedge_margin_too_small,nan,0.01,"Stay because candidate Hedge weight advantage is too small: margin=nan, threshold=0.0100."
140287,1095,sgd_lr_0_0005,sgd_lr_0_0001,stay,False,hedge_margin_too_small,nan,0.01,"Stay because candidate Hedge weight advantage is too small: margin=nan, threshold=0.0100."
140415,1096,sgd_lr_0_0005,sgd_lr_0_0001,stay,False,hedge_margin_too_small,nan,0.01,"Stay because candidate Hedge weight advantage is too small: margin=nan, threshold=0.0100."
140543,1097,sgd_lr_0_0005,sgd_lr_0_0001,stay,False,hedge_margin_too_small,nan,0.01,"Stay because candidate Hedge weight advantage is too small: margin=nan, threshold=0.0100."
140671,1098,sgd_lr_0_0005,sgd_lr_0_0001,stay,False,hedge_margin_too_small,nan,0.01,"Stay because candidate Hedge weight advantage is too small: margin=nan, threshold=0.0100."
140799,1099,sgd_lr_0_0005,sgd_lr_0_0001,stay,False,hedge_margin_too_small,nan,0.01,"Stay because candidate Hedge weight advantage is too small: margin=nan, threshold=0.0100."
140927,1100,sgd_lr_0_0005,sgd_lr_0_0001,stay,False,hedge_margin_too_small,nan,0.01,"Stay because candidate Hedge weight advantage is too small: margin=nan, threshold=0.0100."
141055,1101,sgd_lr_0_0005,sgd_lr_0_0001,stay,False,hedge_margin_too_small,nan,0.01,"Stay because candidate Hedge weight advantage is too small: margin=nan, threshold=0.0100."
141183,1102,sgd_lr_0_0005,sgd_lr_0_0001,stay,False,hedge_margin_too_small,nan,0.01,"Stay because candidate Hedge weight advantage is too small: margin=nan, threshold=0.0100."
141311,1103,sgd_lr_0_0005,sgd_lr_0_0001,stay,False,hedge_margin_too_small,nan,0.01,"Stay because candidate Hedge weight advantage is too small: margin=nan, threshold=0.0100."
141439,1104,sgd_lr_0_0005,sgd_lr_0_0001,stay,False,hedge_margin_too_small,nan,0.01,"Stay because candidate Hedge weight advantage is too small: margin=nan, threshold=0.0100."
141567,1105,sgd_lr_0_0005,sgd_lr_0_0001,stay,False,hedge_margin_too_small,nan,0.01,"Stay because candidate Hedge weight advantage is too small: margin=nan, threshold=0.0100."
141695,1106,sgd_lr_0_0005,sgd_lr_0_0001,stay,False,hedge_margin_too_small,nan,0.01,"Stay because candidate Hedge weight advantage is too small: margin=nan, threshold=0.0100."
141823,1107,sgd_lr_0_0005,sgd_lr_0_0001,stay,False,hedge_margin_too_small,nan,0.01,"Stay because candidate Hedge weight advantage is too small: margin=nan, threshold=0.0100."
141951,1108,sgd_lr_0_0005,sgd_lr_0_0001,stay,False,hedge_margin_too_small,nan,0.01,"Stay because candidate Hedge weight advantage is too small: margin=nan, threshold=0.0100."
142079,1109,sgd_lr_0_0005,sgd_lr_0_0001,stay,False,hedge_margin_too_small,nan,0.01,"Stay because candidate Hedge weight advantage is too small: margin=nan, threshold=0.0100."
142207,1110,sgd_lr_0_0005,sgd_lr_0_0001,stay,False,hedge_margin_too_small,nan,0.01,"Stay because candidate Hedge weight advantage is too small: margin=nan, threshold=0.0100."
142335,1111,sgd_lr_0_0005,sgd_lr_0_0001,stay,False,hedge_margin_too_small,nan,0.01,"Stay because candidate Hedge weight advantage is too small: margin=nan, threshold=0.0100."
142463,1112,sgd_lr_0_0005,sgd_lr_0_0001,stay,False,hedge_margin_too_small,nan,0.01,"Stay because candidate Hedge weight advantage is too small: margin=nan, threshold=0.0100."
142591,1113,sgd_lr_0_0005,sgd_lr_0_0001,stay,False,hedge_margin_too_small,nan,0.01,"Stay because candidate Hedge weight advantage is too small: margin=nan, threshold=0.0100."
142719,1114,sgd_lr_0_0005,sgd_lr_0_0001,stay,False,hedge_margin_too_small,nan,0.01,"Stay because candidate Hedge weight advantage is too small: margin=nan, threshold=0.0100."
142847,1115,sgd_lr_0_0005,sgd_lr_0_0001,stay,False,hedge_margin_too_small,nan,0.01,"Stay because candidate Hedge weight advantage is too small: margin=nan, threshold=0.0100."
142975,1116,sgd_lr_0_0005,sgd_lr_0_0001,stay,False,hedge_margin_too_small,nan,0.01,"Stay because candidate Hedge weight advantage is too small: margin=nan, threshold=0.0100."
143103,1117,sgd_lr_0_0005,sgd_lr_0_0001,stay,False,hedge_margin_too_small,nan,0.01,"Stay because candidate Hedge weight advantage is too small: margin=nan, threshold=0.0100."
143231,1118,sgd_lr_0_0005,sgd_lr_0_0001,stay,False,hedge_margin_too_small,nan,0.01,"Stay because candidate Hedge weight advantage is too small: margin=nan, threshold=0.0100."
143359,1119,sgd_lr_0_0005,sgd_lr_0_0001,stay,False,hedge_margin_too_small,nan,0.01,"Stay because candidate Hedge weight advantage is too small: margin=nan, threshold=0.0100."
143487,1120,sgd_lr_0_0005,sgd_lr_0_0001,stay,False,hedge_margin_too_small,nan,0.01,"Stay because candidate Hedge weight advantage is too small: margin=nan, threshold=0.0100."
143615,1121,sgd_lr_0_0005,sgd_lr_0_0001,stay,False,hedge_margin_too_small,nan,0.01,"Stay because candidate Hedge weight advantage is too small: margin=nan, threshold=0.0100."
143743,1122,sgd_lr_0_0005,sgd_lr_0_0001,stay,False,hedge_margin_too_small,nan,0.01,"Stay because candidate Hedge weight advantage is too small: margin=nan, threshold=0.0100."
143871,1123,sgd_lr_0_0005,sgd_lr_0_0001,stay,False,hedge_margin_too_small,nan,0.01,"Stay because candidate Hedge weight advantage is too small: margin=nan, threshold=0.0100."
143999,1124,sgd_lr_0_0005,sgd_lr_0_0001,stay,False,hedge_margin_too_small,nan,0.01,"Stay because candidate Hedge weight advantage is too small: margin=nan, threshold=0.0100."
144127,1125,sgd_lr_0_0005,sgd_lr_0_0001,stay,False,hedge_margin_too_small,nan,0.01,"Stay because candidate Hedge weight advantage is too small: margin=nan, threshold=0.0100."
144255,1126,sgd_lr_0_0005,sgd_lr_0_0001,stay,False,hedge_margin_too_small,nan,0.01,"Stay because candidate Hedge weight advantage is too small: margin=nan, threshold=0.0100."
144383,1127,sgd_lr_0_0005,sgd_lr_0_0001,stay,False,hedge_margin_too_small,nan,0.01,"Stay because candidate Hedge weight advantage is too small: margin=nan, threshold=0.0100."
144511,1128,sgd_lr_0_0005,sgd_lr_0_0001,stay,False,hedge_margin_too_small,nan,0.01,"Stay because candidate Hedge weight advantage is too small: margin=nan, threshold=0.0100."
144639,1129,sgd_lr_0_0005,sgd_lr_0_0001,stay,False,hedge_margin_too_small,nan,0.01,"Stay because candidate Hedge weight advantage is too small: margin=nan, threshold=0.0100."
144767,1130,sgd_lr_0_0005,sgd_lr_0_0001,stay,False,hedge_margin_too_small,nan,0.01,"Stay because candidate Hedge weight advantage is too small: margin=nan, threshold=0.0100."
144895,1131,sgd_lr_0_0005,sgd_lr_0_0001,stay,False,hedge_margin_too_small,nan,0.01,"Stay because candidate Hedge weight advantage is too small: margin=nan, threshold=0.0100."
145023,1132,sgd_lr_0_0005,sgd_lr_0_0001,stay,False,hedge_margin_too_small,nan,0.01,"Stay because candidate Hedge weight advantage is too small: margin=nan, threshold=0.0100."
145151,1133,sgd_lr_0_0005,sgd_lr_0_0001,stay,False,hedge_margin_too_small,nan,0.01,"Stay because candidate Hedge weight advantage is too small: margin=nan, threshold=0.0100."
145279,1134,sgd_lr_0_0005,sgd_lr_0_0001,stay,False,hedge_margin_too_small,nan,0.01,"Stay because candidate Hedge weight advantage is too small: margin=nan, threshold=0.0100."
145407,1135,sgd_lr_0_0005,sgd_lr_0_0001,stay,False,hedge_margin_too_small,nan,0.01,"Stay because candidate Hedge weight advantage is too small: margin=nan, threshold=0.0100."
145535,1136,sgd_lr_0_0005,sgd_lr_0_0001,stay,False,hedge_margin_too_small,nan,0.01,"Stay because candidate Hedge weight advantage is too small: margin=nan, threshold=0.0100."
145663,1137,sgd_lr_0_0005,sgd_lr_0_0001,stay,False,hedge_margin_too_small,nan,0.01,"Stay because candidate Hedge weight advantage is too small: margin=nan, threshold=0.0100."
145791,1138,sgd_lr_0_0005,sgd_lr_0_0001,stay,False,hedge_margin_too_small,nan,0.01,"Stay because candidate Hedge weight advantage is too small: margin=nan, threshold=0.0100."
145919,1139,sgd_lr_0_0005,sgd_lr_0_0001,stay,False,hedge_margin_too_small,nan,0.01,"Stay because candidate Hedge weight advantage is too small: margin=nan, threshold=0.0100."
146047,1140,sgd_lr_0_0005,sgd_lr_0_0001,stay,False,hedge_margin_too_small,nan,0.01,"Stay because candidate Hedge weight advantage is too small: margin=nan, threshold=0.0100."
146175,1141,sgd_lr_0_0005,sgd_lr_0_0001,stay,False,hedge_margin_too_small,nan,0.01,"Stay because candidate Hedge weight advantage is too small: margin=nan, threshold=0.0100."
146303,1142,sgd_lr_0_0005,sgd_lr_0_0001,stay,False,hedge_margin_too_small,nan,0.01,"Stay because candidate Hedge weight advantage is too small: margin=nan, threshold=0.0100."
146431,1143,sgd_lr_0_0005,sgd_lr_0_0001,stay,False,hedge_margin_too_small,nan,0.01,"Stay because candidate Hedge weight advantage is too small: margin=nan, threshold=0.0100."
146559,1144,sgd_lr_0_0005,sgd_lr_0_0001,stay,False,hedge_margin_too_small,nan,0.01,"Stay because candidate Hedge weight advantage is too small: margin=nan, threshold=0.0100."
146687,1145,sgd_lr_0_0005,sgd_lr_0_0001,stay,False,hedge_margin_too_small,nan,0.01,"Stay because candidate Hedge weight advantage is too small: margin=nan, threshold=0.0100."
146815,1146,sgd_lr_0_0005,sgd_lr_0_0001,stay,False,hedge_margin_too_small,nan,0.01,"Stay because candidate Hedge weight advantage is too small: margin=nan, threshold=0.0100."
146943,1147,sgd_lr_0_0005,sgd_lr_0_0001,stay,False,hedge_margin_too_small,nan,0.01,"Stay because candidate Hedge weight advantage is too small: margin=nan, threshold=0.0100."
147071,1148,sgd_lr_0_0005,sgd_lr_0_0001,stay,False,hedge_margin_too_small,nan,0.01,"Stay because candidate Hedge weight advantage is too small: margin=nan, threshold=0.0100."
147199,1149,sgd_lr_0_0005,sgd_lr_0_0001,stay,False,hedge_margin_too_small,nan,0.01,"Stay because candidate Hedge weight advantage is too small: margin=nan, threshold=0.0100."
147327,1150,sgd_lr_0_0005,sgd_lr_0_0001,stay,False,hedge_margin_too_small,nan,0.01,"Stay because candidate Hedge weight advantage is too small: margin=nan, threshold=0.0100."
147455,1151,sgd_lr_0_0005,sgd_lr_0_0001,stay,False,hedge_margin_too_small,nan,0.01,"Stay because candidate Hedge weight advantage is too small: margin=nan, threshold=0.0100."
147583,1152,sgd_lr_0_0005,sgd_lr_0_0001,stay,False,hedge_margin_too_small,nan,0.01,"Stay because candidate Hedge weight advantage is too small: margin=nan, threshold=0.0100."
147711,1153,sgd_lr_0_0005,sgd_lr_0_0001,stay,False,hedge_margin_too_small,nan,0.01,"Stay because candidate Hedge weight advantage is too small: margin=nan, threshold=0.0100."
147839,1154,sgd_lr_0_0005,sgd_lr_0_0001,stay,False,hedge_margin_too_small,nan,0.01,"Stay because candidate Hedge weight advantage is too small: margin=nan, threshold=0.0100."
147967,1155,sgd_lr_0_0005,sgd_lr_0_0001,stay,False,hedge_margin_too_small,nan,0.01,"Stay because candidate Hedge weight advantage is too small: margin=nan, threshold=0.0100."
148095,1156,sgd_lr_0_0005,sgd_lr_0_0001,stay,False,hedge_margin_too_small,nan,0.01,"Stay because candidate Hedge weight advantage is too small: margin=nan, threshold=0.0100."
148223,1157,sgd_lr_0_0005,sgd_lr_0_0001,stay,False,hedge_margin_too_small,nan,0.01,"Stay because candidate Hedge weight advantage is too small: margin=nan, threshold=0.0100."
148351,1158,sgd_lr_0_0005,sgd_lr_0_0001,stay,False,hedge_margin_too_small,nan,0.01,"Stay because candidate Hedge weight advantage is too small: margin=nan, threshold=0.0100."
148479,1159,sgd_lr_0_0005,sgd_lr_0_0001,stay,False,hedge_margin_too_small,nan,0.01,"Stay because candidate Hedge weight advantage is too small: margin=nan, threshold=0.0100."
148607,1160,sgd_lr_0_0005,sgd_lr_0_0001,stay,False,hedge_margin_too_small,nan,0.01,"Stay because candidate Hedge weight advantage is too small: margin=nan, threshold=0.0100."
148735,1161,sgd_lr_0_0005,sgd_lr_0_0001,stay,False,hedge_margin_too_small,nan,0.01,"Stay because candidate Hedge weight advantage is too small: margin=nan, threshold=0.0100."
148863,1162,sgd_lr_0_0005,sgd_lr_0_0001,stay,False,hedge_margin_too_small,nan,0.01,"Stay because candidate Hedge weight advantage is too small: margin=nan, threshold=0.0100."
148991,1163,sgd_lr_0_0005,sgd_lr_0_0001,stay,False,hedge_margin_too_small,nan,0.01,"Stay because candidate Hedge weight advantage is too small: margin=nan, threshold=0.0100."
149119,1164,sgd_lr_0_0005,sgd_lr_0_0001,stay,False,hedge_margin_too_small,nan,0.01,"Stay because candidate Hedge weight advantage is too small: margin=nan, threshold=0.0100."
149247,1165,sgd_lr_0_0005,sgd_lr_0_0001,stay,False,hedge_margin_too_small,nan,0.01,"Stay because candidate Hedge weight advantage is too small: margin=nan, threshold=0.0100."
149375,1166,sgd_lr_0_0005,sgd_lr_0_0001,stay,False,hedge_margin_too_small,nan,0.01,"Stay because candidate Hedge weight advantage is too small: margin=nan, threshold=0.0100."
149503,1167,sgd_lr_0_0005,sgd_lr_0_0001,stay,False,hedge_margin_too_small,nan,0.01,"Stay because candidate Hedge weight advantage is too small: margin=nan, threshold=0.0100."
149631,1168,sgd_lr_0_0005,sgd_lr_0_0001,stay,False,hedge_margin_too_small,nan,0.01,"Stay because candidate Hedge weight advantage is too small: margin=nan, threshold=0.0100."
149759,1169,sgd_lr_0_0005,sgd_lr_0_0001,stay,False,hedge_margin_too_small,nan,0.01,"Stay because candidate Hedge weight advantage is too small: margin=nan, threshold=0.0100."
149887,1170,sgd_lr_0_0005,sgd_lr_0_0001,stay,False,hedge_margin_too_small,nan,0.01,"Stay because candidate Hedge weight advantage is too small: margin=nan, threshold=0.0100."
150015,1171,sgd_lr_0_0005,sgd_lr_0_0001,stay,False,hedge_margin_too_small,nan,0.01,"Stay because candidate Hedge weight advantage is too small: margin=nan, threshold=0.0100."
150143,1172,sgd_lr_0_0005,sgd_lr_0_0001,stay,False,hedge_margin_too_small,nan,0.01,"Stay because candidate Hedge weight advantage is too small: margin=nan, threshold=0.0100."
150271,1173,sgd_lr_0_0005,sgd_lr_0_0001,stay,False,hedge_margin_too_small,nan,0.01,"Stay because candidate Hedge weight advantage is too small: margin=nan, threshold=0.0100."
150399,1174,sgd_lr_0_0005,sgd_lr_0_0001,stay,False,hedge_margin_too_small,nan,0.01,"Stay because candidate Hedge weight advantage is too small: margin=nan, threshold=0.0100."
150527,1175,sgd_lr_0_0005,sgd_lr_0_0001,stay,False,hedge_margin_too_small,nan,0.01,"Stay because candidate Hedge weight advantage is too small: margin=nan, threshold=0.0100."
150655,1176,sgd_lr_0_0005,sgd_lr_0_0001,stay,False,hedge_margin_too_small,nan,0.01,"Stay because candidate Hedge weight advantage is too small: margin=nan, threshold=0.0100."
150783,1177,sgd_lr_0_0005,sgd_lr_0_0001,stay,False,hedge_margin_too_small,nan,0.01,"Stay because candidate Hedge weight advantage is too small: margin=nan, threshold=0.0100."
150911,1178,sgd_lr_0_0005,sgd_lr_0_0001,stay,False,hedge_margin_too_small,nan,0.01,"Stay because candidate Hedge weight advantage is too small: margin=nan, threshold=0.0100."
151039,1179,sgd_lr_0_0005,sgd_lr_0_0001,stay,False,hedge_margin_too_small,nan,0.01,"Stay because candidate Hedge weight advantage is too small: margin=nan, threshold=0.0100."
151167,1180,sgd_lr_0_0005,sgd_lr_0_0001,stay,False,hedge_margin_too_small,nan,0.01,"Stay because candidate Hedge weight advantage is too small: margin=nan, threshold=0.0100."
151295,1181,sgd_lr_0_0005,sgd_lr_0_0001,stay,False,hedge_margin_too_small,nan,0.01,"Stay because candidate Hedge weight advantage is too small: margin=nan, threshold=0.0100."
151423,1182,sgd_lr_0_0005,sgd_lr_0_0001,stay,False,hedge_margin_too_small,nan,0.01,"Stay because candidate Hedge weight advantage is too small: margin=nan, threshold=0.0100."
151551,1183,sgd_lr_0_0005,sgd_lr_0_0001,stay,False,hedge_margin_too_small,nan,0.01,"Stay because candidate Hedge weight advantage is too small: margin=nan, threshold=0.0100."
151679,1184,sgd_lr_0_0005,sgd_lr_0_0001,stay,False,hedge_margin_too_small,nan,0.01,"Stay because candidate Hedge weight advantage is too small: margin=nan, threshold=0.0100."
151807,1185,sgd_lr_0_0005,sgd_lr_0_0001,stay,False,hedge_margin_too_small,nan,0.01,"Stay because candidate Hedge weight advantage is too small: margin=nan, threshold=0.0100."
151935,1186,sgd_lr_0_0005,sgd_lr_0_0001,stay,False,hedge_margin_too_small,nan,0.01,"Stay because candidate Hedge weight advantage is too small: margin=nan, threshold=0.0100."
152063,1187,sgd_lr_0_0005,sgd_lr_0_0001,stay,False,hedge_margin_too_small,nan,0.01,"Stay because candidate Hedge weight advantage is too small: margin=nan, threshold=0.0100."
152191,1188,sgd_lr_0_0005,sgd_lr_0_0001,stay,False,hedge_margin_too_small,nan,0.01,"Stay because candidate Hedge weight advantage is too small: margin=nan, threshold=0.0100."
152319,1189,sgd_lr_0_0005,sgd_lr_0_0001,stay,False,hedge_margin_too_small,nan,0.01,"Stay because candidate Hedge weight advantage is too small: margin=nan, threshold=0.0100."
152447,1190,sgd_lr_0_0005,sgd_lr_0_0001,stay,False,hedge_margin_too_small,nan,0.01,"Stay because candidate Hedge weight advantage is too small: margin=nan, threshold=0.0100."
152575,1191,sgd_lr_0_0005,sgd_lr_0_0001,stay,False,hedge_margin_too_small,nan,0.01,"Stay because candidate Hedge weight advantage is too small: margin=nan, threshold=0.0100."
152703,1192,sgd_lr_0_0005,sgd_lr_0_0001,stay,False,hedge_margin_too_small,nan,0.01,"Stay because candidate Hedge weight advantage is too small: margin=nan, threshold=0.0100."
152831,1193,sgd_lr_0_0005,sgd_lr_0_0001,stay,False,hedge_margin_too_small,nan,0.01,"Stay because candidate Hedge weight advantage is too small: margin=nan, threshold=0.0100."
152959,1194,sgd_lr_0_0005,sgd_lr_0_0001,stay,False,hedge_margin_too_small,nan,0.01,"Stay because candidate Hedge weight advantage is too small: margin=nan, threshold=0.0100."
153087,1195,sgd_lr_0_0005,sgd_lr_0_0001,stay,False,hedge_margin_too_small,nan,0.01,"Stay because candidate Hedge weight advantage is too small: margin=nan, threshold=0.0100."
153215,1196,sgd_lr_0_0005,sgd_lr_0_0001,stay,False,hedge_margin_too_small,nan,0.01,"Stay because candidate Hedge weight advantage is too small: margin=nan, threshold=0.0100."
153343,1197,sgd_lr_0_0005,sgd_lr_0_0001,stay,False,hedge_margin_too_small,nan,0.01,"Stay because candidate Hedge weight advantage is too small: margin=nan, threshold=0.0100."
153471,1198,sgd_lr_0_0005,sgd_lr_0_0001,stay,False,hedge_margin_too_small,nan,0.01,"Stay because candidate Hedge weight advantage is too small: margin=nan, threshold=0.0100."
153599,1199,sgd_lr_0_0005,sgd_lr_0_0001,stay,False,hedge_margin_too_small,nan,0.01,"Stay because candidate Hedge weight advantage is too small: margin=nan, threshold=0.0100."
153727,1200,sgd_lr_0_0005,sgd_lr_0_0001,stay,False,hedge_margin_too_small,nan,0.01,"Stay because candidate Hedge weight advantage is too small: margin=nan, threshold=0.0100."
153855,1201,sgd_lr_0_0005,sgd_lr_0_0001,stay,False,hedge_margin_too_small,nan,0.01,"Stay because candidate Hedge weight advantage is too small: margin=nan, threshold=0.0100."
153983,1202,sgd_lr_0_0005,sgd_lr_0_0001,stay,False,hedge_margin_too_small,nan,0.01,"Stay because candidate Hedge weight advantage is too small: margin=nan, threshold=0.0100."
154111,1203,sgd_lr_0_0005,sgd_lr_0_0001,stay,False,hedge_margin_too_small,nan,0.01,"Stay because candidate Hedge weight advantage is too small: margin=nan, threshold=0.0100."
154239,1204,sgd_lr_0_0005,sgd_lr_0_0001,stay,False,hedge_margin_too_small,nan,0.01,"Stay because candidate Hedge weight advantage is too small: margin=nan, threshold=0.0100."
154367,1205,sgd_lr_0_0005,sgd_lr_0_0001,stay,False,hedge_margin_too_small,nan,0.01,"Stay because candidate Hedge weight advantage is too small: margin=nan, threshold=0.0100."
154495,1206,sgd_lr_0_0005,sgd_lr_0_0001,stay,False,hedge_margin_too_small,nan,0.01,"Stay because candidate Hedge weight advantage is too small: margin=nan, threshold=0.0100."
154623,1207,sgd_lr_0_0005,sgd_lr_0_0001,stay,False,hedge_margin_too_small,nan,0.01,"Stay because candidate Hedge weight advantage is too small: margin=nan, threshold=0.0100."
154751,1208,sgd_lr_0_0005,sgd_lr_0_0001,stay,False,hedge_margin_too_small,nan,0.01,"Stay because candidate Hedge weight advantage is too small: margin=nan, threshold=0.0100."
154879,1209,sgd_lr_0_0005,sgd_lr_0_0001,stay,False,hedge_margin_too_small,nan,0.01,"Stay because candidate Hedge weight advantage is too small: margin=nan, threshold=0.0100."
155007,1210,sgd_lr_0_0005,sgd_lr_0_0001,stay,False,hedge_margin_too_small,nan,0.01,"Stay because candidate Hedge weight advantage is too small: margin=nan, threshold=0.0100."
155135,1211,sgd_lr_0_0005,sgd_lr_0_0001,stay,False,hedge_margin_too_small,nan,0.01,"Stay because candidate Hedge weight advantage is too small: margin=nan, threshold=0.0100."
155263,1212,sgd_lr_0_0005,sgd_lr_0_0001,stay,False,hedge_margin_too_small,nan,0.01,"Stay because candidate Hedge weight advantage is too small: margin=nan, threshold=0.0100."
155391,1213,sgd_lr_0_0005,sgd_lr_0_0001,stay,False,hedge_margin_too_small,nan,0.01,"Stay because candidate Hedge weight advantage is too small: margin=nan, threshold=0.0100."
155519,1214,sgd_lr_0_0005,sgd_lr_0_0001,stay,False,hedge_margin_too_small,nan,0.01,"Stay because candidate Hedge weight advantage is too small: margin=nan, threshold=0.0100."
155647,1215,sgd_lr_0_0005,sgd_lr_0_0001,stay,False,hedge_margin_too_small,nan,0.01,"Stay because candidate Hedge weight advantage is too small: margin=nan, threshold=0.0100."
155775,1216,sgd_lr_0_0005,sgd_lr_0_0001,stay,False,hedge_margin_too_small,nan,0.01,"Stay because candidate Hedge weight advantage is too small: margin=nan, threshold=0.0100."
155903,1217,sgd_lr_0_0005,sgd_lr_0_0001,stay,False,hedge_margin_too_small,nan,0.01,"Stay because candidate Hedge weight advantage is too small: margin=nan, threshold=0.0100."
156031,1218,sgd_lr_0_0005,sgd_lr_0_0001,stay,False,hedge_margin_too_small,nan,0.01,"Stay because candidate Hedge weight advantage is too small: margin=nan, threshold=0.0100."
156159,1219,sgd_lr_0_0005,sgd_lr_0_0001,stay,False,hedge_margin_too_small,nan,0.01,"Stay because candidate Hedge weight advantage is too small: margin=nan, threshold=0.0100."
156287,1220,sgd_lr_0_0005,sgd_lr_0_0001,stay,False,hedge_margin_too_small,nan,0.01,"Stay because candidate Hedge weight advantage is too small: margin=nan, threshold=0.0100."
156415,1221,sgd_lr_0_0005,sgd_lr_0_0001,stay,False,hedge_margin_too_small,nan,0.01,"Stay because candidate Hedge weight advantage is too small: margin=nan, threshold=0.0100."
156543,1222,sgd_lr_0_0005,sgd_lr_0_0001,stay,False,hedge_margin_too_small,nan,0.01,"Stay because candidate Hedge weight advantage is too small: margin=nan, threshold=0.0100."
156671,1223,sgd_lr_0_0005,sgd_lr_0_0001,stay,False,hedge_margin_too_small,nan,0.01,"Stay because candidate Hedge weight advantage is too small: margin=nan, threshold=0.0100."
156799,1224,sgd_lr_0_0005,sgd_lr_0_0001,stay,False,hedge_margin_too_small,nan,0.01,"Stay because candidate Hedge weight advantage is too small: margin=nan, threshold=0.0100."
156927,1225,sgd_lr_0_0005,sgd_lr_0_0001,stay,False,hedge_margin_too_small,nan,0.01,"Stay because candidate Hedge weight advantage is too small: margin=nan, threshold=0.0100."
157055,1226,sgd_lr_0_0005,sgd_lr_0_0001,stay,False,hedge_margin_too_small,nan,0.01,"Stay because candidate Hedge weight advantage is too small: margin=nan, threshold=0.0100."
157183,1227,sgd_lr_0_0005,sgd_lr_0_0001,stay,False,hedge_margin_too_small,nan,0.01,"Stay because candidate Hedge weight advantage is too small: margin=nan, threshold=0.0100."
157311,1228,sgd_lr_0_0005,sgd_lr_0_0001,stay,False,hedge_margin_too_small,nan,0.01,"Stay because candidate Hedge weight advantage is too small: margin=nan, threshold=0.0100."
157439,1229,sgd_lr_0_0005,sgd_lr_0_0001,stay,False,hedge_margin_too_small,nan,0.01,"Stay because candidate Hedge weight advantage is too small: margin=nan, threshold=0.0100."
157567,1230,sgd_lr_0_0005,sgd_lr_0_0001,stay,False,hedge_margin_too_small,nan,0.01,"Stay because candidate Hedge weight advantage is too small: margin=nan, threshold=0.0100."
157695,1231,sgd_lr_0_0005,sgd_lr_0_0001,stay,False,hedge_margin_too_small,nan,0.01,"Stay because candidate Hedge weight advantage is too small: margin=nan, threshold=0.0100."
157823,1232,sgd_lr_0_0005,sgd_lr_0_0001,stay,False,hedge_margin_too_small,nan,0.01,"Stay because candidate Hedge weight advantage is too small: margin=nan, threshold=0.0100."
157951,1233,sgd_lr_0_0005,sgd_lr_0_0001,stay,False,hedge_margin_too_small,nan,0.01,"Stay because candidate Hedge weight advantage is too small: margin=nan, threshold=0.0100."
158079,1234,sgd_lr_0_0005,sgd_lr_0_0001,stay,False,hedge_margin_too_small,nan,0.01,"Stay because candidate Hedge weight advantage is too small: margin=nan, threshold=0.0100."
158207,1235,sgd_lr_0_0005,sgd_lr_0_0001,stay,False,hedge_margin_too_small,nan,0.01,"Stay because candidate Hedge weight advantage is too small: margin=nan, threshold=0.0100."
158335,1236,sgd_lr_0_0005,sgd_lr_0_0001,stay,False,hedge_margin_too_small,nan,0.01,"Stay because candidate Hedge weight advantage is too small: margin=nan, threshold=0.0100."
158463,1237,sgd_lr_0_0005,sgd_lr_0_0001,stay,False,hedge_margin_too_small,nan,0.01,"Stay because candidate Hedge weight advantage is too small: margin=nan, threshold=0.0100."
158591,1238,sgd_lr_0_0005,sgd_lr_0_0001,stay,False,hedge_margin_too_small,nan,0.01,"Stay because candidate Hedge weight advantage is too small: margin=nan, threshold=0.0100."
158719,1239,sgd_lr_0_0005,sgd_lr_0_0001,stay,False,hedge_margin_too_small,nan,0.01,"Stay because candidate Hedge weight advantage is too small: margin=nan, threshold=0.0100."
158847,1240,sgd_lr_0_0005,sgd_lr_0_0001,stay,False,hedge_margin_too_small,nan,0.01,"Stay because candidate Hedge weight advantage is too small: margin=nan, threshold=0.0100."
158975,1241,sgd_lr_0_0005,sgd_lr_0_0001,stay,False,hedge_margin_too_small,nan,0.01,"Stay because candidate Hedge weight advantage is too small: margin=nan, threshold=0.0100."
159103,1242,sgd_lr_0_0005,sgd_lr_0_0001,stay,False,hedge_margin_too_small,nan,0.01,"Stay because candidate Hedge weight advantage is too small: margin=nan, threshold=0.0100."
159231,1243,sgd_lr_0_0005,sgd_lr_0_0001,stay,False,hedge_margin_too_small,nan,0.01,"Stay because candidate Hedge weight advantage is too small: margin=nan, threshold=0.0100."
159359,1244,sgd_lr_0_0005,sgd_lr_0_0001,stay,False,hedge_margin_too_small,nan,0.01,"Stay because candidate Hedge weight advantage is too small: margin=nan, threshold=0.0100."
159487,1245,sgd_lr_0_0005,sgd_lr_0_0001,stay,False,hedge_margin_too_small,nan,0.01,"Stay because candidate Hedge weight advantage is too small: margin=nan, threshold=0.0100."
159615,1246,sgd_lr_0_0005,sgd_lr_0_0001,stay,False,hedge_margin_too_small,nan,0.01,"Stay because candidate Hedge weight advantage is too small: margin=nan, threshold=0.0100."
159743,1247,sgd_lr_0_0005,sgd_lr_0_0001,stay,False,hedge_margin_too_small,nan,0.01,"Stay because candidate Hedge weight advantage is too small: margin=nan, threshold=0.0100."
159871,1248,sgd_lr_0_0005,sgd_lr_0_0001,stay,False,hedge_margin_too_small,nan,0.01,"Stay because candidate Hedge weight advantage is too small: margin=nan, threshold=0.0100."
159999,1249,sgd_lr_0_0005,sgd_lr_0_0001,stay,False,hedge_margin_too_small,nan,0.01,"Stay because candidate Hedge weight advantage is too small: margin=nan, threshold=0.0100."
160127,1250,sgd_lr_0_0005,sgd_lr_0_0001,stay,False,hedge_margin_too_small,nan,0.01,"Stay because candidate Hedge weight advantage is too small: margin=nan, threshold=0.0100."
160255,1251,sgd_lr_0_0005,sgd_lr_0_0001,stay,False,hedge_margin_too_small,nan,0.01,"Stay because candidate Hedge weight advantage is too small: margin=nan, threshold=0.0100."
160383,1252,sgd_lr_0_0005,sgd_lr_0_0001,stay,False,hedge_margin_too_small,nan,0.01,"Stay because candidate Hedge weight advantage is too small: margin=nan, threshold=0.0100."
160511,1253,sgd_lr_0_0005,sgd_lr_0_0001,stay,False,hedge_margin_too_small,nan,0.01,"Stay because candidate Hedge weight advantage is too small: margin=nan, threshold=0.0100."
160639,1254,sgd_lr_0_0005,sgd_lr_0_0001,stay,False,hedge_margin_too_small,nan,0.01,"Stay because candidate Hedge weight advantage is too small: margin=nan, threshold=0.0100."
160767,1255,sgd_lr_0_0005,sgd_lr_0_0001,stay,False,hedge_margin_too_small,nan,0.01,"Stay because candidate Hedge weight advantage is too small: margin=nan, threshold=0.0100."
160895,1256,sgd_lr_0_0005,sgd_lr_0_0001,stay,False,hedge_margin_too_small,nan,0.01,"Stay because candidate Hedge weight advantage is too small: margin=nan, threshold=0.0100."
161023,1257,sgd_lr_0_0005,sgd_lr_0_0001,stay,False,hedge_margin_too_small,nan,0.01,"Stay because candidate Hedge weight advantage is too small: margin=nan, threshold=0.0100."
161151,1258,sgd_lr_0_0005,sgd_lr_0_0001,stay,False,hedge_margin_too_small,nan,0.01,"Stay because candidate Hedge weight advantage is too small: margin=nan, threshold=0.0100."
161279,1259,sgd_lr_0_0005,sgd_lr_0_0001,stay,False,hedge_margin_too_small,nan,0.01,"Stay because candidate Hedge weight advantage is too small: margin=nan, threshold=0.0100."
161407,1260,sgd_lr_0_0005,sgd_lr_0_0001,stay,False,hedge_margin_too_small,nan,0.01,"Stay because candidate Hedge weight advantage is too small: margin=nan, threshold=0.0100."
161535,1261,sgd_lr_0_0005,sgd_lr_0_0001,stay,False,hedge_margin_too_small,nan,0.01,"Stay because candidate Hedge weight advantage is too small: margin=nan, threshold=0.0100."
161663,1262,sgd_lr_0_0005,sgd_lr_0_0001,stay,False,hedge_margin_too_small,nan,0.01,"Stay because candidate Hedge weight advantage is too small: margin=nan, threshold=0.0100."
161791,1263,sgd_lr_0_0005,sgd_lr_0_0001,stay,False,hedge_margin_too_small,nan,0.01,"Stay because candidate Hedge weight advantage is too small: margin=nan, threshold=0.0100."
161919,1264,sgd_lr_0_0005,sgd_lr_0_0001,stay,False,hedge_margin_too_small,nan,0.01,"Stay because candidate Hedge weight advantage is too small: margin=nan, threshold=0.0100."
162047,1265,sgd_lr_0_0005,sgd_lr_0_0001,stay,False,hedge_margin_too_small,nan,0.01,"Stay because candidate Hedge weight advantage is too small: margin=nan, threshold=0.0100."
162175,1266,sgd_lr_0_0005,sgd_lr_0_0001,stay,False,hedge_margin_too_small,nan,0.01,"Stay because candidate Hedge weight advantage is too small: margin=nan, threshold=0.0100."
162303,1267,sgd_lr_0_0005,sgd_lr_0_0001,stay,False,hedge_margin_too_small,nan,0.01,"Stay because candidate Hedge weight advantage is too small: margin=nan, threshold=0.0100."
162431,1268,sgd_lr_0_0005,sgd_lr_0_0001,stay,False,hedge_margin_too_small,nan,0.01,"Stay because candidate Hedge weight advantage is too small: margin=nan, threshold=0.0100."
162559,1269,sgd_lr_0_0005,sgd_lr_0_0001,stay,False,hedge_margin_too_small,nan,0.01,"Stay because candidate Hedge weight advantage is too small: margin=nan, threshold=0.0100."
162687,1270,sgd_lr_0_0005,sgd_lr_0_0001,stay,False,hedge_margin_too_small,nan,0.01,"Stay because candidate Hedge weight advantage is too small: margin=nan, threshold=0.0100."
162815,1271,sgd_lr_0_0005,sgd_lr_0_0001,stay,False,hedge_margin_too_small,nan,0.01,"Stay because candidate Hedge weight advantage is too small: margin=nan, threshold=0.0100."
162943,1272,sgd_lr_0_0005,sgd_lr_0_0001,stay,False,hedge_margin_too_small,nan,0.01,"Stay because candidate Hedge weight advantage is too small: margin=nan, threshold=0.0100."
163071,1273,sgd_lr_0_0005,sgd_lr_0_0001,stay,False,hedge_margin_too_small,nan,0.01,"Stay because candidate Hedge weight advantage is too small: margin=nan, threshold=0.0100."
163199,1274,sgd_lr_0_0005,sgd_lr_0_0001,stay,False,hedge_margin_too_small,nan,0.01,"Stay because candidate Hedge weight advantage is too small: margin=nan, threshold=0.0100."
163327,1275,sgd_lr_0_0005,sgd_lr_0_0001,stay,False,hedge_margin_too_small,nan,0.01,"Stay because candidate Hedge weight advantage is too small: margin=nan, threshold=0.0100."
163455,1276,sgd_lr_0_0005,sgd_lr_0_0001,stay,False,hedge_margin_too_small,nan,0.01,"Stay because candidate Hedge weight advantage is too small: margin=nan, threshold=0.0100."
163583,1277,sgd_lr_0_0005,sgd_lr_0_0001,stay,False,hedge_margin_too_small,nan,0.01,"Stay because candidate Hedge weight advantage is too small: margin=nan, threshold=0.0100."
163711,1278,sgd_lr_0_0005,sgd_lr_0_0001,stay,False,hedge_margin_too_small,nan,0.01,"Stay because candidate Hedge weight advantage is too small: margin=nan, threshold=0.0100."
163839,1279,sgd_lr_0_0005,sgd_lr_0_0001,stay,False,hedge_margin_too_small,nan,0.01,"Stay because candidate Hedge weight advantage is too small: margin=nan, threshold=0.0100."
163967,1280,sgd_lr_0_0005,sgd_lr_0_0001,stay,False,hedge_margin_too_small,nan,0.01,"Stay because candidate Hedge weight advantage is too small: margin=nan, threshold=0.0100."
164095,1281,sgd_lr_0_0005,sgd_lr_0_0001,stay,False,hedge_margin_too_small,nan,0.01,"Stay because candidate Hedge weight advantage is too small: margin=nan, threshold=0.0100."
164223,1282,sgd_lr_0_0005,sgd_lr_0_0001,stay,False,hedge_margin_too_small,nan,0.01,"Stay because candidate Hedge weight advantage is too small: margin=nan, threshold=0.0100."
164351,1283,sgd_lr_0_0005,sgd_lr_0_0001,stay,False,hedge_margin_too_small,nan,0.01,"Stay because candidate Hedge weight advantage is too small: margin=nan, threshold=0.0100."
164479,1284,sgd_lr_0_0005,sgd_lr_0_0001,stay,False,hedge_margin_too_small,nan,0.01,"Stay because candidate Hedge weight advantage is too small: margin=nan, threshold=0.0100."
164607,1285,sgd_lr_0_0005,sgd_lr_0_0001,stay,False,hedge_margin_too_small,nan,0.01,"Stay because candidate Hedge weight advantage is too small: margin=nan, threshold=0.0100."
164735,1286,sgd_lr_0_0005,sgd_lr_0_0001,stay,False,hedge_margin_too_small,nan,0.01,"Stay because candidate Hedge weight advantage is too small: margin=nan, threshold=0.0100."
164863,1287,sgd_lr_0_0005,sgd_lr_0_0001,stay,False,hedge_margin_too_small,nan,0.01,"Stay because candidate Hedge weight advantage is too small: margin=nan, threshold=0.0100."
164991,1288,sgd_lr_0_0005,sgd_lr_0_0001,stay,False,hedge_margin_too_small,nan,0.01,"Stay because candidate Hedge weight advantage is too small: margin=nan, threshold=0.0100."
165119,1289,sgd_lr_0_0005,sgd_lr_0_0001,stay,False,hedge_margin_too_small,nan,0.01,"Stay because candidate Hedge weight advantage is too small: margin=nan, threshold=0.0100."
165247,1290,sgd_lr_0_0005,sgd_lr_0_0001,stay,False,hedge_margin_too_small,nan,0.01,"Stay because candidate Hedge weight advantage is too small: margin=nan, threshold=0.0100."
165375,1291,sgd_lr_0_0005,sgd_lr_0_0001,stay,False,hedge_margin_too_small,nan,0.01,"Stay because candidate Hedge weight advantage is too small: margin=nan, threshold=0.0100."
165503,1292,sgd_lr_0_0005,sgd_lr_0_0001,stay,False,hedge_margin_too_small,nan,0.01,"Stay because candidate Hedge weight advantage is too small: margin=nan, threshold=0.0100."
165631,1293,sgd_lr_0_0005,sgd_lr_0_0001,stay,False,hedge_margin_too_small,nan,0.01,"Stay because candidate Hedge weight advantage is too small: margin=nan, threshold=0.0100."
165759,1294,sgd_lr_0_0005,sgd_lr_0_0001,stay,False,hedge_margin_too_small,nan,0.01,"Stay because candidate Hedge weight advantage is too small: margin=nan, threshold=0.0100."
165887,1295,sgd_lr_0_0005,sgd_lr_0_0001,stay,False,hedge_margin_too_small,nan,0.01,"Stay because candidate Hedge weight advantage is too small: margin=nan, threshold=0.0100."
166015,1296,sgd_lr_0_0005,sgd_lr_0_0001,stay,False,hedge_margin_too_small,nan,0.01,"Stay because candidate Hedge weight advantage is too small: margin=nan, threshold=0.0100."
166143,1297,sgd_lr_0_0005,sgd_lr_0_0001,stay,False,hedge_margin_too_small,nan,0.01,"Stay because candidate Hedge weight advantage is too small: margin=nan, threshold=0.0100."
166271,1298,sgd_lr_0_0005,sgd_lr_0_0001,stay,False,hedge_margin_too_small,nan,0.01,"Stay because candidate Hedge weight advantage is too small: margin=nan, threshold=0.0100."
166399,1299,sgd_lr_0_0005,sgd_lr_0_0001,stay,False,hedge_margin_too_small,nan,0.01,"Stay because candidate Hedge weight advantage is too small: margin=nan, threshold=0.0100."
166527,1300,sgd_lr_0_0005,sgd_lr_0_0001,stay,False,hedge_margin_too_small,nan,0.01,"Stay because candidate Hedge weight advantage is too small: margin=nan, threshold=0.0100."
166655,1301,sgd_lr_0_0005,sgd_lr_0_0001,stay,False,hedge_margin_too_small,nan,0.01,"Stay because candidate Hedge weight advantage is too small: margin=nan, threshold=0.0100."
166783,1302,sgd_lr_0_0005,sgd_lr_0_0001,stay,False,hedge_margin_too_small,nan,0.01,"Stay because candidate Hedge weight advantage is too small: margin=nan, threshold=0.0100."
166911,1303,sgd_lr_0_0005,sgd_lr_0_0001,stay,False,hedge_margin_too_small,nan,0.01,"Stay because candidate Hedge weight advantage is too small: margin=nan, threshold=0.0100."
167039,1304,sgd_lr_0_0005,sgd_lr_0_0001,stay,False,hedge_margin_too_small,nan,0.01,"Stay because candidate Hedge weight advantage is too small: margin=nan, threshold=0.0100."
167167,1305,sgd_lr_0_0005,sgd_lr_0_0001,stay,False,hedge_margin_too_small,nan,0.01,"Stay because candidate Hedge weight advantage is too small: margin=nan, threshold=0.0100."
167295,1306,sgd_lr_0_0005,sgd_lr_0_0001,stay,False,hedge_margin_too_small,nan,0.01,"Stay because candidate Hedge weight advantage is too small: margin=nan, threshold=0.0100."
167423,1307,sgd_lr_0_0005,sgd_lr_0_0001,stay,False,hedge_margin_too_small,nan,0.01,"Stay because candidate Hedge weight advantage is too small: margin=nan, threshold=0.0100."
167551,1308,sgd_lr_0_0005,sgd_lr_0_0001,stay,False,hedge_margin_too_small,nan,0.01,"Stay because candidate Hedge weight advantage is too small: margin=nan, threshold=0.0100."
167679,1309,sgd_lr_0_0005,sgd_lr_0_0001,stay,False,hedge_margin_too_small,nan,0.01,"Stay because candidate Hedge weight advantage is too small: margin=nan, threshold=0.0100."
167807,1310,sgd_lr_0_0005,sgd_lr_0_0001,stay,False,hedge_margin_too_small,nan,0.01,"Stay because candidate Hedge weight advantage is too small: margin=nan, threshold=0.0100."
167935,1311,sgd_lr_0_0005,sgd_lr_0_0001,stay,False,hedge_margin_too_small,nan,0.01,"Stay because candidate Hedge weight advantage is too small: margin=nan, threshold=0.0100."
168063,1312,sgd_lr_0_0005,sgd_lr_0_0001,stay,False,hedge_margin_too_small,nan,0.01,"Stay because candidate Hedge weight advantage is too small: margin=nan, threshold=0.0100."
168191,1313,sgd_lr_0_0005,sgd_lr_0_0001,stay,False,hedge_margin_too_small,nan,0.01,"Stay because candidate Hedge weight advantage is too small: margin=nan, threshold=0.0100."
168319,1314,sgd_lr_0_0005,sgd_lr_0_0001,stay,False,hedge_margin_too_small,nan,0.01,"Stay because candidate Hedge weight advantage is too small: margin=nan, threshold=0.0100."
168447,1315,sgd_lr_0_0005,sgd_lr_0_0001,stay,False,hedge_margin_too_small,nan,0.01,"Stay because candidate Hedge weight advantage is too small: margin=nan, threshold=0.0100."
168575,1316,sgd_lr_0_0005,sgd_lr_0_0001,stay,False,hedge_margin_too_small,nan,0.01,"Stay because candidate Hedge weight advantage is too small: margin=nan, threshold=0.0100."
168703,1317,sgd_lr_0_0005,sgd_lr_0_0001,stay,False,hedge_margin_too_small,nan,0.01,"Stay because candidate Hedge weight advantage is too small: margin=nan, threshold=0.0100."
168831,1318,sgd_lr_0_0005,sgd_lr_0_0001,stay,False,hedge_margin_too_small,nan,0.01,"Stay because candidate Hedge weight advantage is too small: margin=nan, threshold=0.0100."
168959,1319,sgd_lr_0_0005,sgd_lr_0_0001,stay,False,hedge_margin_too_small,nan,0.01,"Stay because candidate Hedge weight advantage is too small: margin=nan, threshold=0.0100."
169087,1320,sgd_lr_0_0005,sgd_lr_0_0001,stay,False,hedge_margin_too_small,nan,0.01,"Stay because candidate Hedge weight advantage is too small: margin=nan, threshold=0.0100."
169215,1321,sgd_lr_0_0005,sgd_lr_0_0001,stay,False,hedge_margin_too_small,nan,0.01,"Stay because candidate Hedge weight advantage is too small: margin=nan, threshold=0.0100."
169343,1322,sgd_lr_0_0005,sgd_lr_0_0001,stay,False,hedge_margin_too_small,nan,0.01,"Stay because candidate Hedge weight advantage is too small: margin=nan, threshold=0.0100."
169471,1323,sgd_lr_0_0005,sgd_lr_0_0001,stay,False,hedge_margin_too_small,nan,0.01,"Stay because candidate Hedge weight advantage is too small: margin=nan, threshold=0.0100."
169599,1324,sgd_lr_0_0005,sgd_lr_0_0001,stay,False,hedge_margin_too_small,nan,0.01,"Stay because candidate Hedge weight advantage is too small: margin=nan, threshold=0.0100."
169727,1325,sgd_lr_0_0005,sgd_lr_0_0001,stay,False,hedge_margin_too_small,nan,0.01,"Stay because candidate Hedge weight advantage is too small: margin=nan, threshold=0.0100."
169855,1326,sgd_lr_0_0005,sgd_lr_0_0001,stay,False,hedge_margin_too_small,nan,0.01,"Stay because candidate Hedge weight advantage is too small: margin=nan, threshold=0.0100."
169983,1327,sgd_lr_0_0005,sgd_lr_0_0001,stay,False,hedge_margin_too_small,nan,0.01,"Stay because candidate Hedge weight advantage is too small: margin=nan, threshold=0.0100."
170111,1328,sgd_lr_0_0005,sgd_lr_0_0001,stay,False,hedge_margin_too_small,nan,0.01,"Stay because candidate Hedge weight advantage is too small: margin=nan, threshold=0.0100."
170239,1329,sgd_lr_0_0005,sgd_lr_0_0001,stay,False,hedge_margin_too_small,nan,0.01,"Stay because candidate Hedge weight advantage is too small: margin=nan, threshold=0.0100."
170367,1330,sgd_lr_0_0005,sgd_lr_0_0001,stay,False,hedge_margin_too_small,nan,0.01,"Stay because candidate Hedge weight advantage is too small: margin=nan, threshold=0.0100."
170495,1331,sgd_lr_0_0005,sgd_lr_0_0001,stay,False,hedge_margin_too_small,nan,0.01,"Stay because candidate Hedge weight advantage is too small: margin=nan, threshold=0.0100."
170623,1332,sgd_lr_0_0005,sgd_lr_0_0001,stay,False,hedge_margin_too_small,nan,0.01,"Stay because candidate Hedge weight advantage is too small: margin=nan, threshold=0.0100."
170751,1333,sgd_lr_0_0005,sgd_lr_0_0001,stay,False,hedge_margin_too_small,nan,0.01,"Stay because candidate Hedge weight advantage is too small: margin=nan, threshold=0.0100."
170879,1334,sgd_lr_0_0005,sgd_lr_0_0001,stay,False,hedge_margin_too_small,nan,0.01,"Stay because candidate Hedge weight advantage is too small: margin=nan, threshold=0.0100."
171007,1335,sgd_lr_0_0005,sgd_lr_0_0001,stay,False,hedge_margin_too_small,nan,0.01,"Stay because candidate Hedge weight advantage is too small: margin=nan, threshold=0.0100."
171135,1336,sgd_lr_0_0005,sgd_lr_0_0001,stay,False,hedge_margin_too_small,nan,0.01,"Stay because candidate Hedge weight advantage is too small: margin=nan, threshold=0.0100."
171263,1337,sgd_lr_0_0005,sgd_lr_0_0001,stay,False,hedge_margin_too_small,nan,0.01,"Stay because candidate Hedge weight advantage is too small: margin=nan, threshold=0.0100."
171391,1338,sgd_lr_0_0005,sgd_lr_0_0001,stay,False,hedge_margin_too_small,nan,0.01,"Stay because candidate Hedge weight advantage is too small: margin=nan, threshold=0.0100."
171519,1339,sgd_lr_0_0005,sgd_lr_0_0001,stay,False,hedge_margin_too_small,nan,0.01,"Stay because candidate Hedge weight advantage is too small: margin=nan, threshold=0.0100."
171647,1340,sgd_lr_0_0005,sgd_lr_0_0001,stay,False,hedge_margin_too_small,nan,0.01,"Stay because candidate Hedge weight advantage is too small: margin=nan, threshold=0.0100."
171775,1341,sgd_lr_0_0005,sgd_lr_0_0001,stay,False,hedge_margin_too_small,nan,0.01,"Stay because candidate Hedge weight advantage is too small: margin=nan, threshold=0.0100."
171903,1342,sgd_lr_0_0005,sgd_lr_0_0001,stay,False,hedge_margin_too_small,nan,0.01,"Stay because candidate Hedge weight advantage is too small: margin=nan, threshold=0.0100."
172031,1343,sgd_lr_0_0005,sgd_lr_0_0001,stay,False,hedge_margin_too_small,nan,0.01,"Stay because candidate Hedge weight advantage is too small: margin=nan, threshold=0.0100."
172159,1344,sgd_lr_0_0005,sgd_lr_0_0001,stay,False,hedge_margin_too_small,nan,0.01,"Stay because candidate Hedge weight advantage is too small: margin=nan, threshold=0.0100."
172287,1345,sgd_lr_0_0005,sgd_lr_0_0001,stay,False,hedge_margin_too_small,nan,0.01,"Stay because candidate Hedge weight advantage is too small: margin=nan, threshold=0.0100."
172415,1346,sgd_lr_0_0005,sgd_lr_0_0001,stay,False,hedge_margin_too_small,nan,0.01,"Stay because candidate Hedge weight advantage is too small: margin=nan, threshold=0.0100."
172543,1347,sgd_lr_0_0005,sgd_lr_0_0001,stay,False,hedge_margin_too_small,nan,0.01,"Stay because candidate Hedge weight advantage is too small: margin=nan, threshold=0.0100."
172671,1348,sgd_lr_0_0005,sgd_lr_0_0001,stay,False,hedge_margin_too_small,nan,0.01,"Stay because candidate Hedge weight advantage is too small: margin=nan, threshold=0.0100."
172799,1349,sgd_lr_0_0005,sgd_lr_0_0001,stay,False,hedge_margin_too_small,nan,0.01,"Stay because candidate Hedge weight advantage is too small: margin=nan, threshold=0.0100."
172927,1350,sgd_lr_0_0005,sgd_lr_0_0001,stay,False,hedge_margin_too_small,nan,0.01,"Stay because candidate Hedge weight advantage is too small: margin=nan, threshold=0.0100."
173055,1351,sgd_lr_0_0005,sgd_lr_0_0001,stay,False,hedge_margin_too_small,nan,0.01,"Stay because candidate Hedge weight advantage is too small: margin=nan, threshold=0.0100."
173183,1352,sgd_lr_0_0005,sgd_lr_0_0001,stay,False,hedge_margin_too_small,nan,0.01,"Stay because candidate Hedge weight advantage is too small: margin=nan, threshold=0.0100."
173311,1353,sgd_lr_0_0005,sgd_lr_0_0001,stay,False,hedge_margin_too_small,nan,0.01,"Stay because candidate Hedge weight advantage is too small: margin=nan, threshold=0.0100."
173439,1354,sgd_lr_0_0005,sgd_lr_0_0001,stay,False,hedge_margin_too_small,nan,0.01,"Stay because candidate Hedge weight advantage is too small: margin=nan, threshold=0.0100."
173567,1355,sgd_lr_0_0005,sgd_lr_0_0001,stay,False,hedge_margin_too_small,nan,0.01,"Stay because candidate Hedge weight advantage is too small: margin=nan, threshold=0.0100."
173695,1356,sgd_lr_0_0005,sgd_lr_0_0001,stay,False,hedge_margin_too_small,nan,0.01,"Stay because candidate Hedge weight advantage is too small: margin=nan, threshold=0.0100."
173823,1357,sgd_lr_0_0005,sgd_lr_0_0001,stay,False,hedge_margin_too_small,nan,0.01,"Stay because candidate Hedge weight advantage is too small: margin=nan, threshold=0.0100."
173951,1358,sgd_lr_0_0005,sgd_lr_0_0001,stay,False,hedge_margin_too_small,nan,0.01,"Stay because candidate Hedge weight advantage is too small: margin=nan, threshold=0.0100."
174079,1359,sgd_lr_0_0005,sgd_lr_0_0001,stay,False,hedge_margin_too_small,nan,0.01,"Stay because candidate Hedge weight advantage is too small: margin=nan, threshold=0.0100."
174207,1360,sgd_lr_0_0005,sgd_lr_0_0001,stay,False,hedge_margin_too_small,nan,0.01,"Stay because candidate Hedge weight advantage is too small: margin=nan, threshold=0.0100."
174335,1361,sgd_lr_0_0005,sgd_lr_0_0001,stay,False,hedge_margin_too_small,nan,0.01,"Stay because candidate Hedge weight advantage is too small: margin=nan, threshold=0.0100."
174463,1362,sgd_lr_0_0005,sgd_lr_0_0001,stay,False,hedge_margin_too_small,nan,0.01,"Stay because candidate Hedge weight advantage is too small: margin=nan, threshold=0.0100."
174591,1363,sgd_lr_0_0005,sgd_lr_0_0001,stay,False,hedge_margin_too_small,nan,0.01,"Stay because candidate Hedge weight advantage is too small: margin=nan, threshold=0.0100."
174719,1364,sgd_lr_0_0005,sgd_lr_0_0001,stay,False,hedge_margin_too_small,nan,0.01,"Stay because candidate Hedge weight advantage is too small: margin=nan, threshold=0.0100."
174847,1365,sgd_lr_0_0005,sgd_lr_0_0001,stay,False,hedge_margin_too_small,nan,0.01,"Stay because candidate Hedge weight advantage is too small: margin=nan, threshold=0.0100."
174975,1366,sgd_lr_0_0005,sgd_lr_0_0001,stay,False,hedge_margin_too_small,nan,0.01,"Stay because candidate Hedge weight advantage is too small: margin=nan, threshold=0.0100."
175103,1367,sgd_lr_0_0005,sgd_lr_0_0001,stay,False,hedge_margin_too_small,nan,0.01,"Stay because candidate Hedge weight advantage is too small: margin=nan, threshold=0.0100."
175231,1368,sgd_lr_0_0005,sgd_lr_0_0001,stay,False,hedge_margin_too_small,nan,0.01,"Stay because candidate Hedge weight advantage is too small: margin=nan, threshold=0.0100."
175359,1369,sgd_lr_0_0005,sgd_lr_0_0001,stay,False,hedge_margin_too_small,nan,0.01,"Stay because candidate Hedge weight advantage is too small: margin=nan, threshold=0.0100."
175487,1370,sgd_lr_0_0005,sgd_lr_0_0001,stay,False,hedge_margin_too_small,nan,0.01,"Stay because candidate Hedge weight advantage is too small: margin=nan, threshold=0.0100."
175615,1371,sgd_lr_0_0005,sgd_lr_0_0001,stay,False,hedge_margin_too_small,nan,0.01,"Stay because candidate Hedge weight advantage is too small: margin=nan, threshold=0.0100."
175743,1372,sgd_lr_0_0005,sgd_lr_0_0001,stay,False,hedge_margin_too_small,nan,0.01,"Stay because candidate Hedge weight advantage is too small: margin=nan, threshold=0.0100."
175871,1373,sgd_lr_0_0005,sgd_lr_0_0001,stay,False,hedge_margin_too_small,nan,0.01,"Stay because candidate Hedge weight advantage is too small: margin=nan, threshold=0.0100."
175999,1374,sgd_lr_0_0005,sgd_lr_0_0001,stay,False,hedge_margin_too_small,nan,0.01,"Stay because candidate Hedge weight advantage is too small: margin=nan, threshold=0.0100."
176127,1375,sgd_lr_0_0005,sgd_lr_0_0001,stay,False,hedge_margin_too_small,nan,0.01,"Stay because candidate Hedge weight advantage is too small: margin=nan, threshold=0.0100."
176255,1376,sgd_lr_0_0005,sgd_lr_0_0001,stay,False,hedge_margin_too_small,nan,0.01,"Stay because candidate Hedge weight advantage is too small: margin=nan, threshold=0.0100."
176383,1377,sgd_lr_0_0005,sgd_lr_0_0001,stay,False,hedge_margin_too_small,nan,0.01,"Stay because candidate Hedge weight advantage is too small: margin=nan, threshold=0.0100."
176511,1378,sgd_lr_0_0005,sgd_lr_0_0001,stay,False,hedge_margin_too_small,nan,0.01,"Stay because candidate Hedge weight advantage is too small: margin=nan, threshold=0.0100."
176639,1379,sgd_lr_0_0005,sgd_lr_0_0001,stay,False,hedge_margin_too_small,nan,0.01,"Stay because candidate Hedge weight advantage is too small: margin=nan, threshold=0.0100."
176767,1380,sgd_lr_0_0005,sgd_lr_0_0001,stay,False,hedge_margin_too_small,nan,0.01,"Stay because candidate Hedge weight advantage is too small: margin=nan, threshold=0.0100."
176895,1381,sgd_lr_0_0005,sgd_lr_0_0001,stay,False,hedge_margin_too_small,nan,0.01,"Stay because candidate Hedge weight advantage is too small: margin=nan, threshold=0.0100."
177023,1382,sgd_lr_0_0005,sgd_lr_0_0001,stay,False,hedge_margin_too_small,nan,0.01,"Stay because candidate Hedge weight advantage is too small: margin=nan, threshold=0.0100."
177151,1383,sgd_lr_0_0005,sgd_lr_0_0001,stay,False,hedge_margin_too_small,nan,0.01,"Stay because candidate Hedge weight advantage is too small: margin=nan, threshold=0.0100."
177279,1384,sgd_lr_0_0005,sgd_lr_0_0001,stay,False,hedge_margin_too_small,nan,0.01,"Stay because candidate Hedge weight advantage is too small: margin=nan, threshold=0.0100."
177407,1385,sgd_lr_0_0005,sgd_lr_0_0001,stay,False,hedge_margin_too_small,nan,0.01,"Stay because candidate Hedge weight advantage is too small: margin=nan, threshold=0.0100."
177535,1386,sgd_lr_0_0005,sgd_lr_0_0001,stay,False,hedge_margin_too_small,nan,0.01,"Stay because candidate Hedge weight advantage is too small: margin=nan, threshold=0.0100."
177663,1387,sgd_lr_0_0005,sgd_lr_0_0001,stay,False,hedge_margin_too_small,nan,0.01,"Stay because candidate Hedge weight advantage is too small: margin=nan, threshold=0.0100."
177791,1388,sgd_lr_0_0005,sgd_lr_0_0001,stay,False,hedge_margin_too_small,nan,0.01,"Stay because candidate Hedge weight advantage is too small: margin=nan, threshold=0.0100."
177919,1389,sgd_lr_0_0005,sgd_lr_0_0001,stay,False,hedge_margin_too_small,nan,0.01,"Stay because candidate Hedge weight advantage is too small: margin=nan, threshold=0.0100."
178047,1390,sgd_lr_0_0005,sgd_lr_0_0001,stay,False,hedge_margin_too_small,nan,0.01,"Stay because candidate Hedge weight advantage is too small: margin=nan, threshold=0.0100."
178175,1391,sgd_lr_0_0005,sgd_lr_0_0001,stay,False,hedge_margin_too_small,nan,0.01,"Stay because candidate Hedge weight advantage is too small: margin=nan, threshold=0.0100."
178303,1392,sgd_lr_0_0005,sgd_lr_0_0001,stay,False,hedge_margin_too_small,nan,0.01,"Stay because candidate Hedge weight advantage is too small: margin=nan, threshold=0.0100."
178431,1393,sgd_lr_0_0005,sgd_lr_0_0001,stay,False,hedge_margin_too_small,nan,0.01,"Stay because candidate Hedge weight advantage is too small: margin=nan, threshold=0.0100."
178559,1394,sgd_lr_0_0005,sgd_lr_0_0001,stay,False,hedge_margin_too_small,nan,0.01,"Stay because candidate Hedge weight advantage is too small: margin=nan, threshold=0.0100."
178687,1395,sgd_lr_0_0005,sgd_lr_0_0001,stay,False,hedge_margin_too_small,nan,0.01,"Stay because candidate Hedge weight advantage is too small: margin=nan, threshold=0.0100."
178815,1396,sgd_lr_0_0005,sgd_lr_0_0001,stay,False,hedge_margin_too_small,nan,0.01,"Stay because candidate Hedge weight advantage is too small: margin=nan, threshold=0.0100."
178943,1397,sgd_lr_0_0005,sgd_lr_0_0001,stay,False,hedge_margin_too_small,nan,0.01,"Stay because candidate Hedge weight advantage is too small: margin=nan, threshold=0.0100."
179071,1398,sgd_lr_0_0005,sgd_lr_0_0001,stay,False,hedge_margin_too_small,nan,0.01,"Stay because candidate Hedge weight advantage is too small: margin=nan, threshold=0.0100."
179199,1399,sgd_lr_0_0005,sgd_lr_0_0001,stay,False,hedge_margin_too_small,nan,0.01,"Stay because candidate Hedge weight advantage is too small: margin=nan, threshold=0.0100."
179327,1400,sgd_lr_0_0005,sgd_lr_0_0001,stay,False,hedge_margin_too_small,nan,0.01,"Stay because candidate Hedge weight advantage is too small: margin=nan, threshold=0.0100."
179455,1401,sgd_lr_0_0005,sgd_lr_0_0001,stay,False,hedge_margin_too_small,nan,0.01,"Stay because candidate Hedge weight advantage is too small: margin=nan, threshold=0.0100."
179583,1402,sgd_lr_0_0005,sgd_lr_0_0001,stay,False,hedge_margin_too_small,nan,0.01,"Stay because candidate Hedge weight advantage is too small: margin=nan, threshold=0.0100."
179711,1403,sgd_lr_0_0005,sgd_lr_0_0001,stay,False,hedge_margin_too_small,nan,0.01,"Stay because candidate Hedge weight advantage is too small: margin=nan, threshold=0.0100."
179839,1404,sgd_lr_0_0005,sgd_lr_0_0001,stay,False,hedge_margin_too_small,nan,0.01,"Stay because candidate Hedge weight advantage is too small: margin=nan, threshold=0.0100."
179967,1405,sgd_lr_0_0005,sgd_lr_0_0001,stay,False,hedge_margin_too_small,nan,0.01,"Stay because candidate Hedge weight advantage is too small: margin=nan, threshold=0.0100."
180095,1406,sgd_lr_0_0005,sgd_lr_0_0001,stay,False,hedge_margin_too_small,nan,0.01,"Stay because candidate Hedge weight advantage is too small: margin=nan, threshold=0.0100."
180223,1407,sgd_lr_0_0005,sgd_lr_0_0001,stay,False,hedge_margin_too_small,nan,0.01,"Stay because candidate Hedge weight advantage is too small: margin=nan, threshold=0.0100."
180351,1408,sgd_lr_0_0005,sgd_lr_0_0001,stay,False,hedge_margin_too_small,nan,0.01,"Stay because candidate Hedge weight advantage is too small: margin=nan, threshold=0.0100."
180479,1409,sgd_lr_0_0005,sgd_lr_0_0001,stay,False,hedge_margin_too_small,nan,0.01,"Stay because candidate Hedge weight advantage is too small: margin=nan, threshold=0.0100."
180607,1410,sgd_lr_0_0005,sgd_lr_0_0001,stay,False,hedge_margin_too_small,nan,0.01,"Stay because candidate Hedge weight advantage is too small: margin=nan, threshold=0.0100."
180735,1411,sgd_lr_0_0005,sgd_lr_0_0001,stay,False,hedge_margin_too_small,nan,0.01,"Stay because candidate Hedge weight advantage is too small: margin=nan, threshold=0.0100."
180863,1412,sgd_lr_0_0005,sgd_lr_0_0001,stay,False,hedge_margin_too_small,nan,0.01,"Stay because candidate Hedge weight advantage is too small: margin=nan, threshold=0.0100."
180991,1413,sgd_lr_0_0005,sgd_lr_0_0001,stay,False,hedge_margin_too_small,nan,0.01,"Stay because candidate Hedge weight advantage is too small: margin=nan, threshold=0.0100."
181119,1414,sgd_lr_0_0005,sgd_lr_0_0001,stay,False,hedge_margin_too_small,nan,0.01,"Stay because candidate Hedge weight advantage is too small: margin=nan, threshold=0.0100."
181247,1415,sgd_lr_0_0005,sgd_lr_0_0001,stay,False,hedge_margin_too_small,nan,0.01,"Stay because candidate Hedge weight advantage is too small: margin=nan, threshold=0.0100."
181375,1416,sgd_lr_0_0005,sgd_lr_0_0001,stay,False,hedge_margin_too_small,nan,0.01,"Stay because candidate Hedge weight advantage is too small: margin=nan, threshold=0.0100."
181503,1417,sgd_lr_0_0005,sgd_lr_0_0001,stay,False,hedge_margin_too_small,nan,0.01,"Stay because candidate Hedge weight advantage is too small: margin=nan, threshold=0.0100."
181631,1418,sgd_lr_0_0005,sgd_lr_0_0001,stay,False,hedge_margin_too_small,nan,0.01,"Stay because candidate Hedge weight advantage is too small: margin=nan, threshold=0.0100."
181759,1419,sgd_lr_0_0005,sgd_lr_0_0001,stay,False,hedge_margin_too_small,nan,0.01,"Stay because candidate Hedge weight advantage is too small: margin=nan, threshold=0.0100."
181887,1420,sgd_lr_0_0005,sgd_lr_0_0001,stay,False,hedge_margin_too_small,nan,0.01,"Stay because candidate Hedge weight advantage is too small: margin=nan, threshold=0.0100."
182015,1421,sgd_lr_0_0005,sgd_lr_0_0001,stay,False,hedge_margin_too_small,nan,0.01,"Stay because candidate Hedge weight advantage is too small: margin=nan, threshold=0.0100."
182143,1422,sgd_lr_0_0005,sgd_lr_0_0001,stay,False,hedge_margin_too_small,nan,0.01,"Stay because candidate Hedge weight advantage is too small: margin=nan, threshold=0.0100."
182271,1423,sgd_lr_0_0005,sgd_lr_0_0001,stay,False,hedge_margin_too_small,nan,0.01,"Stay because candidate Hedge weight advantage is too small: margin=nan, threshold=0.0100."
182399,1424,sgd_lr_0_0005,sgd_lr_0_0001,stay,False,hedge_margin_too_small,nan,0.01,"Stay because candidate Hedge weight advantage is too small: margin=nan, threshold=0.0100."
